{
    "disease": "TX_hepatite_00_23",
    "cod_mun": 3509007,
    "mae": 0.3217889358534492,
    "rmse": 0.3548803379613539,
    "r2": -0.6028301862158318,
    "n_train": 251,
    "n_test": 12
}