{
    "disease": "hepatite",
    "cod_mun": 3507456,
    "mae": 1.211969359745328,
    "rmse": 4.364497044227809,
    "r2": 0.19387193987449047,
    "n_samples": 300
}