{
    "disease": "sifilis",
    "cod_mun": 3534708,
    "mae": 0.2775294531956443,
    "rmse": 0.6186577575782567,
    "r2": -0.0888228055990723,
    "n_samples": 300
}