{
    "disease": "sifilis",
    "cod_mun": 3536208,
    "mae": 0.2496155668718196,
    "rmse": 0.7704096733109396,
    "r2": 0.01553824937476056,
    "n_samples": 300
}