{
    "disease": "TX_hanseniase_00_23",
    "cod_mun": 3554300,
    "mae": 1.6064911773055377,
    "rmse": 3.1045210184828553,
    "r2": -0.2233043050931689,
    "n_train": 251,
    "n_test": 12
}