{
    "disease": "sifilis",
    "cod_mun": 3522703,
    "mae": 0.5523894140663057,
    "rmse": 1.4119524511591899,
    "r2": -0.1427165277134741,
    "n_samples": 300
}