{
    "disease": "TX_sifilis_00_23",
    "cod_mun": 3553500,
    "mae": 0.06589375684658687,
    "rmse": 0.1461428970976871,
    "r2": 0.0,
    "n_train": 251,
    "n_test": 12
}