{
    "disease": "TX_hiv_aids_00_23",
    "cod_mun": 3551801,
    "mae": 0.5710271596908569,
    "rmse": 0.5710271596908569,
    "r2": 0.0,
    "n_train": 251,
    "n_test": 12
}