{
    "disease": "hanseniase",
    "cod_mun": 3528205,
    "mae": 0.004336221982288182,
    "rmse": 0.014390760729064067,
    "r2": 0.9999824022668102,
    "n_samples": 300
}