{
    "disease": "TX_sifilis_00_23",
    "cod_mun": 3507159,
    "mae": 0.3323950519164403,
    "rmse": 0.38523927617753134,
    "r2": 0.0,
    "n_train": 251,
    "n_test": 12
}