{
    "disease": "TX_hanseniase_00_23",
    "cod_mun": 3529005,
    "mae": 0.03140750558425983,
    "rmse": 0.0316864940633285,
    "r2": 0.0,
    "n_train": 251,
    "n_test": 12
}