{
    "disease": "hiv_aids",
    "cod_mun": 3514205,
    "mae": 0.905305909642222,
    "rmse": 4.5374747317077055,
    "r2": 0.00014880471147205032,
    "n_samples": 300
}