{
    "disease": "sifilis",
    "cod_mun": 3546009,
    "mae": 0.16290269689566172,
    "rmse": 0.675066604749745,
    "r2": 0.248688506857898,
    "n_samples": 300
}