{
    "disease": "sifilis",
    "cod_mun": 3515301,
    "mae": 0.19016654945086833,
    "rmse": 1.8834145055302876,
    "r2": 0.28043087721448556,
    "n_samples": 300
}