{
    "disease": "hanseniase",
    "cod_mun": 3506201,
    "mae": 0.5224194543572042,
    "rmse": 3.0972957683650857,
    "r2": 0.0050901305263142405,
    "n_samples": 300
}