{
    "disease": "tuberculose",
    "cod_mun": 3552502,
    "mae": 0.9033487030010887,
    "rmse": 2.243593009885929,
    "r2": 0.9608720966346593,
    "n_samples": 300
}