{
    "disease": "sifilis",
    "cod_mun": 3531902,
    "mae": 0.04752456845252321,
    "rmse": 0.2895300849982259,
    "r2": 0.0021067263554452875,
    "n_samples": 300
}