{
    "disease": "sifilis",
    "cod_mun": 3556305,
    "mae": 0.36611905645509507,
    "rmse": 1.1220172124926224,
    "r2": 0.0003718879451201085,
    "n_samples": 300
}