{
    "disease": "TX_hepatite_00_23",
    "cod_mun": 3509700,
    "mae": 0.38616799238704935,
    "rmse": 0.7072827760540918,
    "r2": -0.3365670404001606,
    "n_train": 251,
    "n_test": 12
}