{
    "disease": "sifilis",
    "cod_mun": 3526803,
    "mae": 0.15028172180729069,
    "rmse": 0.4396580103033377,
    "r2": 0.8022299113995286,
    "n_samples": 300
}