{
    "disease": "TX_hanseniase_00_23",
    "cod_mun": 3521408,
    "mae": 0.039911650121212006,
    "rmse": 0.039911650121212006,
    "r2": 0.0,
    "n_train": 251,
    "n_test": 12
}