{
    "disease": "TX_sifilis_00_23",
    "cod_mun": 3543709,
    "mae": 1.7702209519263832,
    "rmse": 3.1791511473397414,
    "r2": -0.008602721728882656,
    "n_train": 251,
    "n_test": 12
}