{
    "disease": "tuberculose",
    "cod_mun": 3501103,
    "mae": 0.8153465698261215,
    "rmse": 3.207171068837025,
    "r2": 3.120674840484394e-05,
    "n_samples": 300
}