{
    "disease": "TX_sifilis_00_23",
    "cod_mun": 3500600,
    "mae": 0.2798800704379876,
    "rmse": 0.3401130212138299,
    "r2": 0.0,
    "n_train": 251,
    "n_test": 12
}