{
    "disease": "TX_hanseniase_00_23",
    "cod_mun": 3522158,
    "mae": 0.10767751932144165,
    "rmse": 0.10767751932144165,
    "r2": 0.0,
    "n_train": 251,
    "n_test": 12
}