{
    "disease": "sifilis",
    "cod_mun": 3541802,
    "mae": 0.4489265091257363,
    "rmse": 2.8303411748049494,
    "r2": 0.07059574422804826,
    "n_samples": 300
}