{
    "disease": "hanseniase",
    "cod_mun": 3518602,
    "mae": 0.22829030257392546,
    "rmse": 0.82927619433464,
    "r2": -0.07507328498120436,
    "n_samples": 300
}