{
    "disease": "TX_hanseniase_00_23",
    "cod_mun": 3554409,
    "mae": 0.04040732603364935,
    "rmse": 0.08808882985758207,
    "r2": 0.0,
    "n_train": 251,
    "n_test": 12
}