{
    "disease": "TX_hanseniase_00_23",
    "cod_mun": 3506409,
    "mae": 0.05955710634589195,
    "rmse": 0.05955710634589195,
    "r2": 0.0,
    "n_train": 251,
    "n_test": 12
}