{
    "disease": "TX_hiv_aids_00_23",
    "cod_mun": 3515129,
    "mae": 1.0586086958646774,
    "rmse": 1.5429947716405672,
    "r2": 0.0,
    "n_train": 251,
    "n_test": 12
}