{
    "disease": "TX_tuberculose_00_23",
    "cod_mun": 3518305,
    "mae": 0.7143979203343024,
    "rmse": 1.2062884575623467,
    "r2": -0.11201421859943173,
    "n_train": 251,
    "n_test": 12
}