{
    "disease": "TX_hanseniase_00_23",
    "cod_mun": 3527801,
    "mae": 0.003263438935391605,
    "rmse": 0.004335123088818807,
    "r2": 0.0,
    "n_train": 251,
    "n_test": 12
}