{
    "disease": "TX_hepatite_00_23",
    "cod_mun": 3541901,
    "mae": 0.4179261823495229,
    "rmse": 0.41792621033255517,
    "r2": 0.0,
    "n_train": 251,
    "n_test": 12
}