{
    "disease": "TX_hepatite_00_23",
    "cod_mun": 3557154,
    "mae": 0.9793314933776855,
    "rmse": 0.9793314933776855,
    "r2": 0.0,
    "n_train": 251,
    "n_test": 12
}