{
    "disease": "TX_sifilis_00_23",
    "cod_mun": 3509403,
    "mae": 0.6348525811599437,
    "rmse": 1.1663210717872887,
    "r2": -0.012513225186245425,
    "n_train": 251,
    "n_test": 12
}