{
    "disease": "TX_hepatite_00_23",
    "cod_mun": 3511102,
    "mae": 0.39616342046493686,
    "rmse": 0.5227906106798328,
    "r2": -0.625207027166292,
    "n_train": 251,
    "n_test": 12
}