{
    "disease": "TX_tuberculose_00_23",
    "cod_mun": 3518859,
    "mae": 1.3803959529152958,
    "rmse": 3.8160104455408264,
    "r2": -0.05378220947635115,
    "n_train": 251,
    "n_test": 12
}