{
    "disease": "TX_tuberculose_00_23",
    "cod_mun": 3508603,
    "mae": 1.261415007237521,
    "rmse": 1.3106200218409827,
    "r2": -0.2975018594091765,
    "n_train": 251,
    "n_test": 12
}