{
    "disease": "TX_tuberculose_00_23",
    "cod_mun": 3514809,
    "mae": 1.3916903062242838,
    "rmse": 2.9624340278656516,
    "r2": -0.13493005947255599,
    "n_train": 251,
    "n_test": 12
}