{
    "disease": "sifilis",
    "cod_mun": 3542107,
    "mae": 0.23170333615567354,
    "rmse": 1.1679208339465017,
    "r2": 0.0008045949779825756,
    "n_samples": 300
}