{
    "disease": "sifilis",
    "cod_mun": 3503802,
    "mae": 0.09067378923849487,
    "rmse": 0.3340122620626084,
    "r2": 0.0052379056088990295,
    "n_samples": 300
}