{
    "disease": "hepatite",
    "cod_mun": 3550407,
    "mae": 0.5603396604280535,
    "rmse": 1.2770059683169994,
    "r2": 0.8844231630163182,
    "n_samples": 300
}