{
    "disease": "tuberculose",
    "cod_mun": 3535200,
    "mae": 0.2714443873119208,
    "rmse": 1.176579258106813,
    "r2": 0.00039511229641475687,
    "n_samples": 300
}