{
    "disease": "TX_sifilis_00_23",
    "cod_mun": 3502754,
    "mae": 2.3775437652664264,
    "rmse": 3.769646714774277,
    "r2": -0.25228299585704184,
    "n_train": 251,
    "n_test": 12
}