{
    "disease": "TX_hepatite_00_23",
    "cod_mun": 3521606,
    "mae": 3.903348454423856,
    "rmse": 6.742140505442239,
    "r2": -0.21009274774413278,
    "n_train": 251,
    "n_test": 12
}