{
    "disease": "hiv_aids",
    "cod_mun": 3543501,
    "mae": 0.210973574796878,
    "rmse": 1.2390560944837443,
    "r2": 0.005472410290082275,
    "n_samples": 300
}