{
    "disease": "hiv_aids",
    "cod_mun": 3524402,
    "mae": 1.1171941272500783,
    "rmse": 1.5665245621694814,
    "r2": -0.014752202590485153,
    "n_samples": 300
}