{
    "disease": "sifilis",
    "cod_mun": 3541406,
    "mae": 0.3416969021785066,
    "rmse": 0.4809250871330464,
    "r2": -0.02871755647419527,
    "n_samples": 300
}