{
    "disease": "TX_hiv_aids_00_23",
    "cod_mun": 3514403,
    "mae": 0.7448889316568561,
    "rmse": 1.254420570639934,
    "r2": -0.05437457661284806,
    "n_train": 251,
    "n_test": 12
}