{
    "disease": "tuberculose",
    "cod_mun": 3556206,
    "mae": 0.2556746456413477,
    "rmse": 0.4343727825236587,
    "r2": 0.21062977375304648,
    "n_samples": 300
}