{
    "disease": "hiv_aids",
    "cod_mun": 3529203,
    "mae": 0.9428727401230318,
    "rmse": 1.5588254630131828,
    "r2": 0.05044771177231511,
    "n_samples": 300
}