{
    "disease": "TX_hepatite_00_23",
    "cod_mun": 3511201,
    "mae": 1.30489987451225,
    "rmse": 4.087040933425185,
    "r2": -0.07270438641754895,
    "n_train": 251,
    "n_test": 12
}