{
    "disease": "sifilis",
    "cod_mun": 3533106,
    "mae": 0.2953843688696736,
    "rmse": 2.4936199940439137,
    "r2": 0.0029809118302878135,
    "n_samples": 300
}