{
    "disease": "hepatite",
    "cod_mun": 3507506,
    "mae": 0.20078991021968565,
    "rmse": 0.34428926530481885,
    "r2": 0.3228038641630827,
    "n_samples": 300
}