{
    "disease": "hanseniase",
    "cod_mun": 3549706,
    "mae": 0.13672381311326037,
    "rmse": 0.3867405227586588,
    "r2": 0.13697809562260366,
    "n_samples": 300
}