{
    "disease": "hepatite",
    "cod_mun": 3508009,
    "mae": 0.6244326107307943,
    "rmse": 1.5584372534462194,
    "r2": 0.49817899471003324,
    "n_samples": 300
}