{
    "disease": "TX_tuberculose_00_23",
    "cod_mun": 3554953,
    "mae": 0.020934822503477335,
    "rmse": 0.04537264020077987,
    "r2": 0.0,
    "n_train": 251,
    "n_test": 12
}