{
    "disease": "TX_tuberculose_00_23",
    "cod_mun": 3503109,
    "mae": 0.5236374785502752,
    "rmse": 0.5236379414545989,
    "r2": 0.0,
    "n_train": 251,
    "n_test": 12
}