{
    "disease": "TX_hiv_aids_00_23",
    "cod_mun": 3521408,
    "mae": 0.3345530827840169,
    "rmse": 0.35960901904160014,
    "r2": 0.0,
    "n_train": 251,
    "n_test": 12
}