{
    "disease": "sifilis",
    "cod_mun": 3515004,
    "mae": 0.4614786566522247,
    "rmse": 0.6207693941185312,
    "r2": 0.20262986673708538,
    "n_samples": 300
}