{
    "disease": "hanseniase",
    "cod_mun": 3528502,
    "mae": 0.11771105029837242,
    "rmse": 0.28105942749311547,
    "r2": 0.2981344025048447,
    "n_samples": 300
}