{
    "disease": "TX_tuberculose_00_23",
    "cod_mun": 3519600,
    "mae": 0.8367358074238469,
    "rmse": 0.8367885886333083,
    "r2": -0.31637296337959375,
    "n_train": 251,
    "n_test": 12
}