{
    "disease": "TX_hepatite_00_23",
    "cod_mun": 3532843,
    "mae": 0.7411022981007894,
    "rmse": 0.741121375632373,
    "r2": 0.0,
    "n_train": 251,
    "n_test": 12
}