{
    "disease": "hiv_aids",
    "cod_mun": 3519105,
    "mae": 1.7278570877347825,
    "rmse": 2.921568976553525,
    "r2": -0.16381627219448247,
    "n_samples": 300
}