{
    "disease": "sifilis",
    "cod_mun": 3529906,
    "mae": 0.24087393316072706,
    "rmse": 1.1923400798470773,
    "r2": -0.025442449567619096,
    "n_samples": 300
}