{
    "disease": "TX_sifilis_00_23",
    "cod_mun": 3529401,
    "mae": 0.18331539230627888,
    "rmse": 0.24962828761240646,
    "r2": -0.26750319774058684,
    "n_train": 251,
    "n_test": 12
}