{
    "disease": "TX_hiv_aids_00_23",
    "cod_mun": 3532801,
    "mae": 3.6647799762589717,
    "rmse": 4.785397393797095,
    "r2": -0.35054705440639866,
    "n_train": 251,
    "n_test": 12
}