{
    "disease": "tuberculose",
    "cod_mun": 3507803,
    "mae": 1.2271724991118313,
    "rmse": 2.446473465374988,
    "r2": 0.1410764272552517,
    "n_samples": 300
}