{
    "disease": "hiv_aids",
    "cod_mun": 3515194,
    "mae": 0.7534280489743712,
    "rmse": 2.8103401238166845,
    "r2": 0.007078044643471726,
    "n_samples": 300
}