{
    "disease": "TX_hanseniase_00_23",
    "cod_mun": 3541505,
    "mae": 0.19160564988851547,
    "rmse": 0.19161029044028158,
    "r2": 0.0,
    "n_train": 251,
    "n_test": 12
}