{
    "disease": "hiv_aids",
    "cod_mun": 3541703,
    "mae": 1.2337389619064367,
    "rmse": 2.6215629519007453,
    "r2": 0.011762833508507597,
    "n_samples": 300
}