{
    "disease": "hiv_aids",
    "cod_mun": 3534005,
    "mae": 5.336686663690742,
    "rmse": 9.939271973820272,
    "r2": 0.14833867283859725,
    "n_samples": 300
}