{
    "disease": "hiv_aids",
    "cod_mun": 3527504,
    "mae": 2.591584831419654,
    "rmse": 8.432735241084444,
    "r2": 0.235435791157248,
    "n_samples": 300
}