{
    "disease": "hiv_aids",
    "cod_mun": 3553401,
    "mae": 1.9317205563971303,
    "rmse": 2.544235357727508,
    "r2": -0.009277661965967576,
    "n_samples": 300
}