{
    "disease": "hanseniase",
    "cod_mun": 3508207,
    "mae": 0.6258125786213974,
    "rmse": 2.6226077428023093,
    "r2": 0.01307628325713417,
    "n_samples": 300
}