{
    "disease": "hiv_aids",
    "cod_mun": 3506102,
    "mae": 1.3297760433982901,
    "rmse": 1.8078621874295004,
    "r2": 0.3144594466789903,
    "n_samples": 300
}