{
    "disease": "hiv_aids",
    "cod_mun": 3514601,
    "mae": 3.668984248352243,
    "rmse": 5.729111896223969,
    "r2": 0.09210529702264214,
    "n_samples": 300
}