{
    "disease": "hiv_aids",
    "cod_mun": 3532868,
    "mae": 2.5103478121207474,
    "rmse": 12.211381139274357,
    "r2": 0.06901215647766057,
    "n_samples": 300
}