{
    "disease": "sifilis",
    "cod_mun": 3511300,
    "mae": 0.38326398454337396,
    "rmse": 1.573082852737271,
    "r2": 0.27330594787096163,
    "n_samples": 300
}