{
    "disease": "TX_hepatite_00_23",
    "cod_mun": 3540002,
    "mae": 0.41976884193718433,
    "rmse": 0.5346747832008725,
    "r2": 0.0,
    "n_train": 251,
    "n_test": 12
}