{
    "disease": "tuberculose",
    "cod_mun": 3540754,
    "mae": 1.5645733396670138,
    "rmse": 2.310688343671109,
    "r2": 0.12930816906296905,
    "n_samples": 300
}