{
    "disease": "hiv_aids",
    "cod_mun": 3544806,
    "mae": 2.998999529404532,
    "rmse": 5.395005134116792,
    "r2": 0.027991106357326045,
    "n_samples": 300
}