{
    "disease": "TX_tuberculose_00_23",
    "cod_mun": 3543808,
    "mae": 0.7434280514717102,
    "rmse": 0.7434280514717102,
    "r2": 0.0,
    "n_train": 251,
    "n_test": 12
}