{
    "disease": "hiv_aids",
    "cod_mun": 3520400,
    "mae": 1.8615867222236833,
    "rmse": 3.0977742353858058,
    "r2": -1.3645307770283472,
    "n_samples": 300
}