{
    "disease": "hiv_aids",
    "cod_mun": 3534906,
    "mae": 2.291967793420848,
    "rmse": 3.256361038552292,
    "r2": 0.049760993331541825,
    "n_samples": 300
}