{
    "disease": "TX_tuberculose_00_23",
    "cod_mun": 3504107,
    "mae": 0.6193998564082556,
    "rmse": 0.6570227543597071,
    "r2": -8.159932029121663,
    "n_train": 251,
    "n_test": 12
}