{
    "disease": "sifilis",
    "cod_mun": 3548203,
    "mae": 0.10427056458295852,
    "rmse": 0.8441582009554579,
    "r2": 0.004959472659777364,
    "n_samples": 300
}