{
    "disease": "hanseniase",
    "cod_mun": 3549250,
    "mae": 0.7250115015978651,
    "rmse": 4.425609060499922,
    "r2": 0.0020597120668411906,
    "n_samples": 300
}