{
    "disease": "hanseniase",
    "cod_mun": 3520442,
    "mae": 0.30568721826898515,
    "rmse": 0.7361722429868758,
    "r2": 0.11510409536955657,
    "n_samples": 300
}