{
    "disease": "TX_hepatite_00_23",
    "cod_mun": 3514106,
    "mae": 0.8079798445013076,
    "rmse": 1.201138794973777,
    "r2": -0.10334033808631005,
    "n_train": 251,
    "n_test": 12
}