{
    "disease": "sifilis",
    "cod_mun": 3515905,
    "mae": 0.42087878044242777,
    "rmse": 2.2465757952203056,
    "r2": 0.29049130886122554,
    "n_samples": 300
}