{
    "disease": "sifilis",
    "cod_mun": 3509957,
    "mae": 0.5565009819673148,
    "rmse": 2.695961936786673,
    "r2": 0.16556443656515085,
    "n_samples": 300
}