{
    "disease": "TX_sifilis_00_23",
    "cod_mun": 3522406,
    "mae": 0.7713258523632626,
    "rmse": 1.1751690956457792,
    "r2": -0.00821250918297256,
    "n_train": 251,
    "n_test": 12
}