{
    "disease": "TX_sifilis_00_23",
    "cod_mun": 3549300,
    "mae": 7.487271638215034,
    "rmse": 25.936669774915803,
    "r2": -0.09090909090909083,
    "n_train": 251,
    "n_test": 12
}