{
    "disease": "hiv_aids",
    "cod_mun": 3509502,
    "mae": 1.907037896868222,
    "rmse": 2.446257431905504,
    "r2": 0.5784531600376882,
    "n_samples": 300
}