{
    "disease": "tuberculose",
    "cod_mun": 3549706,
    "mae": 0.42886840125018844,
    "rmse": 0.7424394078997545,
    "r2": 0.10385274684705958,
    "n_samples": 300
}