{
    "disease": "sifilis",
    "cod_mun": 3548807,
    "mae": 0.12588890675706016,
    "rmse": 0.23875989568565495,
    "r2": 0.17915986803252004,
    "n_samples": 300
}