{
    "disease": "TX_hepatite_00_23",
    "cod_mun": 3513306,
    "mae": 6.696153481801351,
    "rmse": 6.74492566252264,
    "r2": 0.0,
    "n_train": 251,
    "n_test": 12
}