{
    "disease": "hiv_aids",
    "cod_mun": 3529302,
    "mae": 1.2902298819571398,
    "rmse": 1.754750440329316,
    "r2": 0.01585253438081935,
    "n_samples": 300
}