{
    "disease": "sifilis",
    "cod_mun": 3509908,
    "mae": 0.15746114848917497,
    "rmse": 0.7949451453553755,
    "r2": 0.49407188502898436,
    "n_samples": 300
}