{
    "disease": "TX_tuberculose_00_23",
    "cod_mun": 3520103,
    "mae": 0.3376910562316577,
    "rmse": 0.3376912784531578,
    "r2": 0.0,
    "n_train": 251,
    "n_test": 12
}