{
    "disease": "tuberculose",
    "cod_mun": 3514601,
    "mae": 1.0491315004842199,
    "rmse": 3.3133393797604946,
    "r2": 0.012553946040298247,
    "n_samples": 300
}