{
    "disease": "TX_hepatite_00_23",
    "cod_mun": 3544103,
    "mae": 0.029240129981189966,
    "rmse": 0.040741065417535284,
    "r2": 0.0,
    "n_train": 251,
    "n_test": 12
}