{
    "disease": "TX_hiv_aids_00_23",
    "cod_mun": 3519303,
    "mae": 1.0788698520030917,
    "rmse": 1.488275305906873,
    "r2": -0.214811877380078,
    "n_train": 251,
    "n_test": 12
}