{
    "disease": "tuberculose",
    "cod_mun": 3501152,
    "mae": 0.2654509623428864,
    "rmse": 0.883145297833833,
    "r2": 0.00022592517382902244,
    "n_samples": 300
}