{
    "disease": "tuberculose",
    "cod_mun": 3534302,
    "mae": 0.44892014468023034,
    "rmse": 0.813112874558039,
    "r2": 0.06015006291232716,
    "n_samples": 300
}