{
    "disease": "hiv_aids",
    "cod_mun": 3501608,
    "mae": 0.6903311710865633,
    "rmse": 0.9867632519439553,
    "r2": 0.10592595826709439,
    "n_samples": 300
}