{
    "disease": "TX_sifilis_00_23",
    "cod_mun": 3536570,
    "mae": 0.020841498548785847,
    "rmse": 0.021365020634517357,
    "r2": 0.0,
    "n_train": 251,
    "n_test": 12
}