{
    "disease": "TX_hepatite_00_23",
    "cod_mun": 3506102,
    "mae": 0.23038716712617768,
    "rmse": 0.3774816206813976,
    "r2": -0.06919384159164621,
    "n_train": 251,
    "n_test": 12
}