{
    "disease": "sifilis",
    "cod_mun": 3550407,
    "mae": 0.31853295861253383,
    "rmse": 0.7794937780444398,
    "r2": 0.1316717600974303,
    "n_samples": 300
}