{
    "disease": "sifilis",
    "cod_mun": 3512407,
    "mae": 0.3177588770635861,
    "rmse": 0.8438250778881131,
    "r2": 0.056452939646915556,
    "n_samples": 300
}