{
    "disease": "hiv_aids",
    "cod_mun": 3527009,
    "mae": 1.447626501354366,
    "rmse": 3.682614479899257,
    "r2": 0.09765768129110497,
    "n_samples": 300
}