{
    "disease": "hanseniase",
    "cod_mun": 3518859,
    "mae": 0.777588402207969,
    "rmse": 2.3628937194019777,
    "r2": 0.0077448470422356586,
    "n_samples": 300
}