{
    "disease": "TX_hanseniase_00_23",
    "cod_mun": 3556909,
    "mae": 2.243892694911201,
    "rmse": 4.924251797665371,
    "r2": -0.1477319744212593,
    "n_train": 251,
    "n_test": 12
}