{
    "disease": "hiv_aids",
    "cod_mun": 3519808,
    "mae": 3.369766812368517,
    "rmse": 5.293026464000807,
    "r2": 0.21617940932801227,
    "n_samples": 300
}