{
    "disease": "sifilis",
    "cod_mun": 3529302,
    "mae": 0.17238696841978468,
    "rmse": 0.3543026772529689,
    "r2": 0.15784704436707886,
    "n_samples": 300
}