{
    "disease": "TX_tuberculose_00_23",
    "cod_mun": 3554656,
    "mae": 1.5459340810775757,
    "rmse": 1.5459340810775757,
    "r2": 0.0,
    "n_train": 251,
    "n_test": 12
}