{
    "disease": "TX_hepatite_00_23",
    "cod_mun": 3527009,
    "mae": 2.0927672000925157,
    "rmse": 3.8386643524346122,
    "r2": 0.05641431812697573,
    "n_train": 251,
    "n_test": 12
}