{
    "disease": "TX_tuberculose_00_23",
    "cod_mun": 3524006,
    "mae": 0.41442088741093785,
    "rmse": 0.5910737534464235,
    "r2": -0.329891105928779,
    "n_train": 251,
    "n_test": 12
}