{
    "disease": "hanseniase",
    "cod_mun": 3535101,
    "mae": 0.11325541820721417,
    "rmse": 0.75112135462285,
    "r2": 0.5018352094052582,
    "n_samples": 300
}