{
    "disease": "hepatite",
    "cod_mun": 3538303,
    "mae": 0.37916828068848835,
    "rmse": 2.313507448532667,
    "r2": 0.003391280906078431,
    "n_samples": 300
}