{
    "disease": "hiv_aids",
    "cod_mun": 3547205,
    "mae": 1.5855821065449938,
    "rmse": 6.810197078206306,
    "r2": 0.004497433628568248,
    "n_samples": 300
}