{
    "disease": "hepatite",
    "cod_mun": 3500709,
    "mae": 0.9850999170534988,
    "rmse": 1.6574700505770414,
    "r2": 0.12905559034003744,
    "n_samples": 300
}