{
    "disease": "TX_hiv_aids_00_23",
    "cod_mun": 3528908,
    "mae": 0.19371114919583002,
    "rmse": 0.19371125464767316,
    "r2": 0.0,
    "n_train": 251,
    "n_test": 12
}