{
    "disease": "TX_hiv_aids_00_23",
    "cod_mun": 3547908,
    "mae": 1.7742053841642793,
    "rmse": 4.089573651389796,
    "r2": -0.00495004534104404,
    "n_train": 251,
    "n_test": 12
}