{
    "disease": "hepatite",
    "cod_mun": 3532868,
    "mae": 4.212842745105736,
    "rmse": 15.031260972431735,
    "r2": 0.45036329088546745,
    "n_samples": 300
}