{
    "disease": "TX_sifilis_00_23",
    "cod_mun": 3501400,
    "mae": 0.4554462134838104,
    "rmse": 0.4554462134838104,
    "r2": 0.0,
    "n_train": 251,
    "n_test": 12
}