{
    "disease": "sifilis",
    "cod_mun": 3532009,
    "mae": 0.10589507073377079,
    "rmse": 0.6412141393510109,
    "r2": 0.001565909947734756,
    "n_samples": 300
}