{
    "disease": "hanseniase",
    "cod_mun": 3557105,
    "mae": 0.26837986106412276,
    "rmse": 0.5067127049973716,
    "r2": 0.0576029777539403,
    "n_samples": 300
}