{
    "disease": "TX_hepatite_00_23",
    "cod_mun": 3523701,
    "mae": 3.136057219915364,
    "rmse": 4.8496926423911475,
    "r2": -0.03324971595705173,
    "n_train": 251,
    "n_test": 12
}