{
    "disease": "hepatite",
    "cod_mun": 3540408,
    "mae": 6.402845242598674,
    "rmse": 10.550617654884062,
    "r2": 0.14076603892358763,
    "n_samples": 300
}