{
    "disease": "TX_sifilis_00_23",
    "cod_mun": 3507100,
    "mae": 0.277003953854243,
    "rmse": 0.28233840401526095,
    "r2": 0.0,
    "n_train": 251,
    "n_test": 12
}