{
    "disease": "TX_sifilis_00_23",
    "cod_mun": 3548203,
    "mae": 0.05081455782055855,
    "rmse": 0.05081455782055855,
    "r2": 0.0,
    "n_train": 251,
    "n_test": 12
}