{
    "disease": "tuberculose",
    "cod_mun": 3508009,
    "mae": 0.571068734566553,
    "rmse": 1.2357083863800837,
    "r2": 0.11751814047596765,
    "n_samples": 300
}