{
    "disease": "tuberculose",
    "cod_mun": 3547809,
    "mae": 0.27878613354244514,
    "rmse": 0.3512444668011351,
    "r2": 0.4228350804689466,
    "n_samples": 300
}