{
    "disease": "TX_hepatite_00_23",
    "cod_mun": 3550407,
    "mae": 0.22336086754997572,
    "rmse": 0.2959788256369348,
    "r2": 0.0,
    "n_train": 251,
    "n_test": 12
}