{
    "disease": "hiv_aids",
    "cod_mun": 3550605,
    "mae": 0.5147709824999133,
    "rmse": 0.6610448074545966,
    "r2": 0.05808740460980166,
    "n_samples": 300
}