{
    "disease": "TX_tuberculose_00_23",
    "cod_mun": 3505351,
    "mae": 0.29497510691483814,
    "rmse": 0.2968901379314622,
    "r2": 0.0,
    "n_train": 251,
    "n_test": 12
}