{
    "disease": "hanseniase",
    "cod_mun": 3532801,
    "mae": 0.6408468631963674,
    "rmse": 2.0648015975312717,
    "r2": 0.5067918347234723,
    "n_samples": 300
}