{
    "disease": "TX_hepatite_00_23",
    "cod_mun": 3551405,
    "mae": 0.39456253747145337,
    "rmse": 0.3948274639818656,
    "r2": 0.0,
    "n_train": 251,
    "n_test": 12
}