{
    "disease": "sifilis",
    "cod_mun": 3534906,
    "mae": 0.3810985735650087,
    "rmse": 1.0405926068379685,
    "r2": 0.21668182730698504,
    "n_samples": 300
}