{
    "disease": "sifilis",
    "cod_mun": 3526605,
    "mae": 0.38880364697319636,
    "rmse": 1.6798800846935054,
    "r2": 0.0023111975986684907,
    "n_samples": 300
}