{
    "disease": "hiv_aids",
    "cod_mun": 3550001,
    "mae": 0.12515732668900947,
    "rmse": 0.7596790607391598,
    "r2": 0.0003902512613593867,
    "n_samples": 300
}