{
    "disease": "hepatite",
    "cod_mun": 3542404,
    "mae": 1.7851501122382998,
    "rmse": 3.0011287215617553,
    "r2": 0.09366057389647475,
    "n_samples": 300
}