{
    "disease": "hepatite",
    "cod_mun": 3527900,
    "mae": 0.9388003453154211,
    "rmse": 4.959544582785077,
    "r2": 0.00019256239358034222,
    "n_samples": 300
}