{
    "disease": "hanseniase",
    "cod_mun": 3501004,
    "mae": 0.3103421500720602,
    "rmse": 0.9915618097934998,
    "r2": 0.26056290315478925,
    "n_samples": 300
}