{
    "disease": "hiv_aids",
    "cod_mun": 3500758,
    "mae": 0.6481582831210156,
    "rmse": 3.116189708282931,
    "r2": 0.7434812870840934,
    "n_samples": 300
}