{
    "disease": "TX_tuberculose_00_23",
    "cod_mun": 3533601,
    "mae": 0.0013143217086811394,
    "rmse": 0.0015698833024283278,
    "r2": 0.0,
    "n_train": 251,
    "n_test": 12
}