{
    "disease": "TX_hiv_aids_00_23",
    "cod_mun": 3551306,
    "mae": 0.7974350935934732,
    "rmse": 1.9254307865404547,
    "r2": 0.0,
    "n_train": 251,
    "n_test": 12
}