{
    "disease": "hiv_aids",
    "cod_mun": 3523909,
    "mae": 0.9163022282757854,
    "rmse": 1.1808085791833367,
    "r2": 0.3451103129489925,
    "n_samples": 300
}