{
    "disease": "hiv_aids",
    "cod_mun": 3502606,
    "mae": 0.29314093564120286,
    "rmse": 1.7541614990934347,
    "r2": 0.0035172281957552842,
    "n_samples": 300
}