{
    "disease": "sifilis",
    "cod_mun": 3546207,
    "mae": 0.3188618653291121,
    "rmse": 1.9306401935989865,
    "r2": 0.0010478461585552434,
    "n_samples": 300
}