{
    "disease": "sifilis",
    "cod_mun": 3530805,
    "mae": 0.3891089465329921,
    "rmse": 0.5935427595418771,
    "r2": 0.19380376628917506,
    "n_samples": 300
}