{
    "disease": "TX_hepatite_00_23",
    "cod_mun": 3520103,
    "mae": 0.9115874244069206,
    "rmse": 1.1832693109092134,
    "r2": -0.23199243781373102,
    "n_train": 251,
    "n_test": 12
}