{
    "disease": "hiv_aids",
    "cod_mun": 3545704,
    "mae": 0.7971335795066765,
    "rmse": 3.468402761641231,
    "r2": -0.0007172594792237419,
    "n_samples": 300
}