{
    "disease": "tuberculose",
    "cod_mun": 3515186,
    "mae": 0.7306292516013656,
    "rmse": 1.0194353286452527,
    "r2": 0.054583316588978525,
    "n_samples": 300
}