{
    "disease": "hanseniase",
    "cod_mun": 3540705,
    "mae": 0.07916238823961919,
    "rmse": 0.28104556868287284,
    "r2": 0.16428550618457072,
    "n_samples": 300
}