{
    "disease": "TX_hepatite_00_23",
    "cod_mun": 3528502,
    "mae": 0.0446048496135821,
    "rmse": 0.07349671708005101,
    "r2": 0.0,
    "n_train": 251,
    "n_test": 12
}