{
    "disease": "TX_sifilis_00_23",
    "cod_mun": 3504800,
    "mae": 0.18456764434813522,
    "rmse": 0.6307984279523036,
    "r2": 0.0,
    "n_train": 251,
    "n_test": 12
}