{
    "disease": "TX_hiv_aids_00_23",
    "cod_mun": 3525904,
    "mae": 0.7558626362113628,
    "rmse": 0.8398180914434001,
    "r2": -3.0434825854732903,
    "n_train": 251,
    "n_test": 12
}