{
    "disease": "TX_sifilis_00_23",
    "cod_mun": 3501806,
    "mae": 1.5888835983082785,
    "rmse": 4.976110100682427,
    "r2": -0.08669306682682287,
    "n_train": 251,
    "n_test": 12
}