{
    "disease": "hepatite",
    "cod_mun": 3549904,
    "mae": 0.09943849420841594,
    "rmse": 0.20914634041546123,
    "r2": 0.7726023599220199,
    "n_samples": 300
}