{
    "disease": "TX_sifilis_00_23",
    "cod_mun": 3556404,
    "mae": 0.15660549824436507,
    "rmse": 0.15903250216465936,
    "r2": 0.0,
    "n_train": 251,
    "n_test": 12
}