{
    "disease": "tuberculose",
    "cod_mun": 3504404,
    "mae": 3.413485751007714,
    "rmse": 4.560458693626117,
    "r2": 0.14700006604449922,
    "n_samples": 300
}