{
    "disease": "TX_hanseniase_00_23",
    "cod_mun": 3539806,
    "mae": 0.00961568687732021,
    "rmse": 0.009615689973494396,
    "r2": 0.0,
    "n_train": 251,
    "n_test": 12
}