{
    "disease": "TX_tuberculose_00_23",
    "cod_mun": 3502804,
    "mae": 0.35086111909987894,
    "rmse": 0.4559797768426265,
    "r2": -0.11400686259937176,
    "n_train": 251,
    "n_test": 12
}