{
    "disease": "hiv_aids",
    "cod_mun": 3556354,
    "mae": 0.3147175214117605,
    "rmse": 1.284483543086597,
    "r2": 0.055356355950627045,
    "n_samples": 300
}