{
    "disease": "tuberculose",
    "cod_mun": 3522703,
    "mae": 0.8844794308652388,
    "rmse": 1.2600917980225204,
    "r2": 0.38956846753226637,
    "n_samples": 300
}