{
    "disease": "TX_tuberculose_00_23",
    "cod_mun": 3503208,
    "mae": 0.36170414090156555,
    "rmse": 0.41806097299821615,
    "r2": -0.5161563412368135,
    "n_train": 251,
    "n_test": 12
}