{
    "disease": "hiv_aids",
    "cod_mun": 3520806,
    "mae": 4.3578632750691995,
    "rmse": 13.000613985973322,
    "r2": 0.9161738014660934,
    "n_samples": 300
}