{
    "disease": "TX_tuberculose_00_23",
    "cod_mun": 3502309,
    "mae": 1.5730759047389593,
    "rmse": 5.080528752570887,
    "r2": -0.08209906525869126,
    "n_train": 251,
    "n_test": 12
}