{
    "disease": "TX_hiv_aids_00_23",
    "cod_mun": 3509601,
    "mae": 0.5117002349402817,
    "rmse": 0.6831488115831047,
    "r2": -0.23554658448481214,
    "n_train": 251,
    "n_test": 12
}