{
    "disease": "hanseniase",
    "cod_mun": 3506607,
    "mae": 0.021794342896556355,
    "rmse": 0.17452389309430077,
    "r2": 0.005458720932747685,
    "n_samples": 300
}