{
    "disease": "TX_hanseniase_00_23",
    "cod_mun": 3544103,
    "mae": 0.04300575641294321,
    "rmse": 0.04300685428441268,
    "r2": 0.0,
    "n_train": 251,
    "n_test": 12
}