{
    "disease": "hepatite",
    "cod_mun": 3543303,
    "mae": 0.12494655495865177,
    "rmse": 0.2759961125299862,
    "r2": 0.1965568528517544,
    "n_samples": 300
}