{
    "disease": "hiv_aids",
    "cod_mun": 3522406,
    "mae": 0.12466296248792169,
    "rmse": 0.29033893855227905,
    "r2": 0.160944822800423,
    "n_samples": 300
}