{
    "disease": "sifilis",
    "cod_mun": 3503703,
    "mae": 0.27102810240269753,
    "rmse": 1.0898140127322427,
    "r2": 0.34488820412264387,
    "n_samples": 300
}