{
    "disease": "TX_hanseniase_00_23",
    "cod_mun": 3524600,
    "mae": 0.01724587380886078,
    "rmse": 0.01724587380886078,
    "r2": 0.0,
    "n_train": 251,
    "n_test": 12
}