{
    "disease": "hiv_aids",
    "cod_mun": 3519501,
    "mae": 0.7937232805739968,
    "rmse": 2.453086010282234,
    "r2": 0.0062904270009391805,
    "n_samples": 300
}