{
    "disease": "sifilis",
    "cod_mun": 3517703,
    "mae": 0.03414047452666096,
    "rmse": 0.28811268403719076,
    "r2": 0.007545340223387598,
    "n_samples": 300
}