{
    "disease": "TX_sifilis_00_23",
    "cod_mun": 3516002,
    "mae": 0.06392004589239757,
    "rmse": 0.06393469058133523,
    "r2": 0.0,
    "n_train": 251,
    "n_test": 12
}