{
    "disease": "hiv_aids",
    "cod_mun": 3509403,
    "mae": 2.655581074551248,
    "rmse": 3.399325084300063,
    "r2": 0.06194929207977695,
    "n_samples": 300
}