{
    "disease": "hepatite",
    "cod_mun": 3542206,
    "mae": 0.6102941212833309,
    "rmse": 1.2426798839760809,
    "r2": 0.24958508518492084,
    "n_samples": 300
}