{
    "disease": "TX_hiv_aids_00_23",
    "cod_mun": 3532058,
    "mae": 0.0919357178111871,
    "rmse": 0.09764560047236429,
    "r2": 0.0,
    "n_train": 251,
    "n_test": 12
}