{
    "disease": "tuberculose",
    "cod_mun": 3537008,
    "mae": 0.44231692645882353,
    "rmse": 1.2622697720663598,
    "r2": 0.006719801600203357,
    "n_samples": 300
}