{
    "disease": "TX_hepatite_00_23",
    "cod_mun": 3551504,
    "mae": 0.27973088609988134,
    "rmse": 0.6950028915702638,
    "r2": -0.25188792967546036,
    "n_train": 251,
    "n_test": 12
}