{
    "disease": "sifilis",
    "cod_mun": 3511003,
    "mae": 0.18205999357190145,
    "rmse": 0.8037943367557822,
    "r2": 0.09567575141615858,
    "n_samples": 300
}