{
    "disease": "hiv_aids",
    "cod_mun": 3555000,
    "mae": 1.673227203176759,
    "rmse": 3.0806166179574346,
    "r2": -0.17793419877624106,
    "n_samples": 300
}