{
    "disease": "hanseniase",
    "cod_mun": 3520004,
    "mae": 0.16614020888618347,
    "rmse": 0.5534261195479303,
    "r2": 0.14554445352458067,
    "n_samples": 300
}