{
    "disease": "sifilis",
    "cod_mun": 3532827,
    "mae": 0.4838088464520617,
    "rmse": 1.6214347400519245,
    "r2": 0.006373506545272911,
    "n_samples": 300
}