{
    "disease": "hepatite",
    "cod_mun": 3504909,
    "mae": 0.6668076141440097,
    "rmse": 1.7698794649390504,
    "r2": 0.06751156939207403,
    "n_samples": 300
}