{
    "disease": "tuberculose",
    "cod_mun": 3517406,
    "mae": 0.43424858595595156,
    "rmse": 0.9334590350723161,
    "r2": 0.459078947721538,
    "n_samples": 300
}