{
    "disease": "hanseniase",
    "cod_mun": 3518909,
    "mae": 0.013211500852680034,
    "rmse": 0.11352854173208683,
    "r2": 0.9969211859246926,
    "n_samples": 300
}