{
    "disease": "TX_sifilis_00_23",
    "cod_mun": 3543303,
    "mae": 0.01209035748615861,
    "rmse": 0.012106801446912568,
    "r2": 0.0,
    "n_train": 251,
    "n_test": 12
}