{
    "disease": "TX_tuberculose_00_23",
    "cod_mun": 3512100,
    "mae": 0.052905755626852624,
    "rmse": 0.17790988654187181,
    "r2": 0.0,
    "n_train": 251,
    "n_test": 12
}