{
    "disease": "TX_hiv_aids_00_23",
    "cod_mun": 3537503,
    "mae": 0.4443149680349355,
    "rmse": 1.0079956553402523,
    "r2": 0.0,
    "n_train": 251,
    "n_test": 12
}