{
    "disease": "TX_sifilis_00_23",
    "cod_mun": 3506003,
    "mae": 0.6523867010779886,
    "rmse": 1.0915566656228917,
    "r2": -0.5922030806709866,
    "n_train": 251,
    "n_test": 12
}