{
    "disease": "sifilis",
    "cod_mun": 3515301,
    "mae": 0.2781688788940685,
    "rmse": 1.5902157303332265,
    "r2": 0.48702903066558245,
    "n_samples": 300
}