{
    "disease": "tuberculose",
    "cod_mun": 3554201,
    "mae": 1.2971022830594452,
    "rmse": 4.318804028207939,
    "r2": 0.1937760383516749,
    "n_samples": 300
}