{
    "disease": "TX_tuberculose_00_23",
    "cod_mun": 3535101,
    "mae": 0.2839542031288147,
    "rmse": 0.2839542031288147,
    "r2": 0.0,
    "n_train": 251,
    "n_test": 12
}