{
    "disease": "hiv_aids",
    "cod_mun": 3549904,
    "mae": 0.8011061116829113,
    "rmse": 1.0860072685957154,
    "r2": 0.9312999872797465,
    "n_samples": 300
}