{
    "disease": "TX_hiv_aids_00_23",
    "cod_mun": 3545159,
    "mae": 0.27286325915095705,
    "rmse": 0.7678918337145484,
    "r2": 0.0,
    "n_train": 251,
    "n_test": 12
}