{
    "disease": "sifilis",
    "cod_mun": 3500303,
    "mae": 0.10168150468473035,
    "rmse": 0.35013724568178595,
    "r2": 0.15490033093054667,
    "n_samples": 300
}