{
    "disease": "hepatite",
    "cod_mun": 3541109,
    "mae": 3.9670051435302245,
    "rmse": 7.428339454768018,
    "r2": 0.11992859834519831,
    "n_samples": 300
}