{
    "disease": "hiv_aids",
    "cod_mun": 3549953,
    "mae": 1.027597207662075,
    "rmse": 1.8639872183655648,
    "r2": 0.12183839665696983,
    "n_samples": 300
}