{
    "disease": "tuberculose",
    "cod_mun": 3552205,
    "mae": 0.2145464087366058,
    "rmse": 0.28662346667630784,
    "r2": 0.7410572771366325,
    "n_samples": 300
}