{
    "disease": "sifilis",
    "cod_mun": 3501103,
    "mae": 0.3322563741898531,
    "rmse": 1.9634225925181632,
    "r2": 0.006180700631174596,
    "n_samples": 300
}