{
    "disease": "hiv_aids",
    "cod_mun": 3534708,
    "mae": 1.3393422401577417,
    "rmse": 1.9285891773223272,
    "r2": 0.2923761357555056,
    "n_samples": 300
}