{
    "disease": "sifilis",
    "cod_mun": 3550902,
    "mae": 0.16551213639661028,
    "rmse": 0.6642963893757794,
    "r2": 0.2551809765577647,
    "n_samples": 300
}