{
    "disease": "sifilis",
    "cod_mun": 3503307,
    "mae": 0.2100655805767563,
    "rmse": 0.5193253303033514,
    "r2": -0.14138886581841792,
    "n_samples": 300
}