{
    "disease": "hanseniase",
    "cod_mun": 3555703,
    "mae": 0.11238217026279412,
    "rmse": 0.7332069362352198,
    "r2": 0.9849297374503576,
    "n_samples": 300
}