{
    "disease": "hiv_aids",
    "cod_mun": 3551900,
    "mae": 0.7053991255442819,
    "rmse": 1.5990215002313535,
    "r2": 0.02729021967182721,
    "n_samples": 300
}