{
    "disease": "TX_hanseniase_00_23",
    "cod_mun": 3529302,
    "mae": 0.02379611444969972,
    "rmse": 0.02522352397666266,
    "r2": 0.0,
    "n_train": 251,
    "n_test": 12
}