{
    "disease": "TX_hepatite_00_23",
    "cod_mun": 3517307,
    "mae": 1.0075968901316326,
    "rmse": 1.0083106846619692,
    "r2": 0.0,
    "n_train": 251,
    "n_test": 12
}