{
    "disease": "TX_hanseniase_00_23",
    "cod_mun": 3520608,
    "mae": 0.05467125525077184,
    "rmse": 0.0752945071179287,
    "r2": 0.0,
    "n_train": 251,
    "n_test": 12
}