{
    "disease": "hepatite",
    "cod_mun": 3526605,
    "mae": 1.7007011023812497,
    "rmse": 3.414535573640172,
    "r2": 0.08277008669433594,
    "n_samples": 300
}