{
    "disease": "sifilis",
    "cod_mun": 3534757,
    "mae": 0.20366226134636303,
    "rmse": 0.9918608563595418,
    "r2": 0.00944513155325688,
    "n_samples": 300
}