{
    "disease": "tuberculose",
    "cod_mun": 3532603,
    "mae": 0.29467174963233483,
    "rmse": 1.061039984769661,
    "r2": 0.18059325915503155,
    "n_samples": 300
}