{
    "disease": "TX_hepatite_00_23",
    "cod_mun": 3547106,
    "mae": 7.831628018009199,
    "rmse": 12.934708383346072,
    "r2": -0.04973212097766844,
    "n_train": 251,
    "n_test": 12
}