{
    "disease": "hanseniase",
    "cod_mun": 3517703,
    "mae": 1.0898204374838114,
    "rmse": 2.0216203713901426,
    "r2": 0.16343778956381783,
    "n_samples": 300
}