{
    "disease": "TX_hepatite_00_23",
    "cod_mun": 3536505,
    "mae": 0.09975167192527391,
    "rmse": 0.24361038158000448,
    "r2": -0.043045863114669514,
    "n_train": 251,
    "n_test": 12
}