{
    "disease": "sifilis",
    "cod_mun": 3516853,
    "mae": 0.1670228550786654,
    "rmse": 1.1132784652347525,
    "r2": 0.13508880044034588,
    "n_samples": 300
}