{
    "disease": "TX_tuberculose_00_23",
    "cod_mun": 3537008,
    "mae": 0.6983173364007452,
    "rmse": 1.8079351654456681,
    "r2": -0.038652851827670975,
    "n_train": 251,
    "n_test": 12
}