{
    "disease": "TX_hanseniase_00_23",
    "cod_mun": 3508009,
    "mae": 0.21072607735792795,
    "rmse": 0.22013544954613065,
    "r2": 0.0,
    "n_train": 251,
    "n_test": 12
}