{
    "disease": "sifilis",
    "cod_mun": 3530300,
    "mae": 0.23242778920153795,
    "rmse": 0.44856265368324816,
    "r2": 0.010310415110254878,
    "n_samples": 300
}