{
    "disease": "hiv_aids",
    "cod_mun": 3554656,
    "mae": 0.29198733827204787,
    "rmse": 2.4399207269135736,
    "r2": 0.0070310444942894845,
    "n_samples": 300
}