{
    "disease": "TX_hepatite_00_23",
    "cod_mun": 3539103,
    "mae": 0.33834149191776913,
    "rmse": 0.3395438775857092,
    "r2": 0.0,
    "n_train": 251,
    "n_test": 12
}