{
    "disease": "tuberculose",
    "cod_mun": 3522653,
    "mae": 0.1537830837501594,
    "rmse": 1.0700893005423746,
    "r2": 0.3510807391828987,
    "n_samples": 300
}