{
    "disease": "TX_tuberculose_00_23",
    "cod_mun": 3509700,
    "mae": 4.91872664498935,
    "rmse": 8.912989871495542,
    "r2": -20.820279861312986,
    "n_train": 251,
    "n_test": 12
}