{
    "disease": "hanseniase",
    "cod_mun": 3502606,
    "mae": 0.22862878433219658,
    "rmse": 1.5570204987142073,
    "r2": 0.25134675672302464,
    "n_samples": 300
}