{
    "disease": "hiv_aids",
    "cod_mun": 3528502,
    "mae": 0.5865900818095906,
    "rmse": 0.8854317031813453,
    "r2": 0.08190520018943315,
    "n_samples": 300
}