{
    "disease": "hiv_aids",
    "cod_mun": 3549003,
    "mae": 0.45256034160489433,
    "rmse": 2.7763065416564463,
    "r2": 0.0016666137540390924,
    "n_samples": 300
}