{
    "disease": "sifilis",
    "cod_mun": 3547601,
    "mae": 0.35477259480817985,
    "rmse": 1.1785392847801215,
    "r2": -0.018382738942936516,
    "n_samples": 300
}