{
    "disease": "tuberculose",
    "cod_mun": 3512407,
    "mae": 0.9428721967345802,
    "rmse": 1.8709636653592063,
    "r2": 0.18971098457310565,
    "n_samples": 300
}