{
    "disease": "tuberculose",
    "cod_mun": 3540002,
    "mae": 0.5751337671824776,
    "rmse": 1.2920495527025808,
    "r2": 0.29446751216447575,
    "n_samples": 300
}