{
    "disease": "hepatite",
    "cod_mun": 3504404,
    "mae": 0.6016274412967728,
    "rmse": 1.520258310703107,
    "r2": 0.1462675278743072,
    "n_samples": 300
}