{
    "disease": "TX_sifilis_00_23",
    "cod_mun": 3511201,
    "mae": 0.5534459799528122,
    "rmse": 0.553523255692405,
    "r2": 0.0,
    "n_train": 251,
    "n_test": 12
}