{
    "disease": "hanseniase",
    "cod_mun": 3546801,
    "mae": 0.111423801937447,
    "rmse": 0.3184967199939479,
    "r2": 0.05816562073309506,
    "n_samples": 300
}