{
    "disease": "hiv_aids",
    "cod_mun": 3500808,
    "mae": 0.3774020881941647,
    "rmse": 2.4800816928755207,
    "r2": 0.28934000112801883,
    "n_samples": 300
}