{
    "disease": "hiv_aids",
    "cod_mun": 3540754,
    "mae": 1.2895542911054858,
    "rmse": 3.4771928124178917,
    "r2": -0.05816843363221813,
    "n_samples": 300
}