{
    "disease": "hepatite",
    "cod_mun": 3511607,
    "mae": 0.654136989641683,
    "rmse": 1.6602099623164133,
    "r2": 0.21008687997317588,
    "n_samples": 300
}