{
    "disease": "sifilis",
    "cod_mun": 3502309,
    "mae": 0.23185421808672502,
    "rmse": 1.4169943073366096,
    "r2": 0.001997160637480011,
    "n_samples": 300
}