{
    "disease": "hiv_aids",
    "cod_mun": 3506607,
    "mae": 0.8815420174969543,
    "rmse": 1.6733207496977813,
    "r2": 0.39844459887968153,
    "n_samples": 300
}