{
    "disease": "TX_hiv_aids_00_23",
    "cod_mun": 3555356,
    "mae": 2.269086601646023,
    "rmse": 5.285275953082847,
    "r2": -0.05255450523166938,
    "n_train": 251,
    "n_test": 12
}