{
    "disease": "TX_hanseniase_00_23",
    "cod_mun": 3516200,
    "mae": 0.06417170744785097,
    "rmse": 0.07665745005870436,
    "r2": -0.05528291954568054,
    "n_train": 251,
    "n_test": 12
}