{
    "disease": "TX_hepatite_00_23",
    "cod_mun": 3510807,
    "mae": 0.35413995385169983,
    "rmse": 0.35413995385169983,
    "r2": 0.0,
    "n_train": 251,
    "n_test": 12
}