{
    "disease": "TX_hepatite_00_23",
    "cod_mun": 3551306,
    "mae": 0.9067968179782232,
    "rmse": 1.3078781516023998,
    "r2": 0.0,
    "n_train": 251,
    "n_test": 12
}