{
    "disease": "TX_sifilis_00_23",
    "cod_mun": 3546207,
    "mae": 0.1355337705463171,
    "rmse": 0.1885842405367461,
    "r2": 0.0,
    "n_train": 251,
    "n_test": 12
}