{
    "disease": "hiv_aids",
    "cod_mun": 3524501,
    "mae": 8.829803957178898,
    "rmse": 11.838652537927954,
    "r2": 0.2302606117154622,
    "n_samples": 300
}