{
    "disease": "hiv_aids",
    "cod_mun": 3532702,
    "mae": 4.430728838236678,
    "rmse": 7.682936020451122,
    "r2": 0.023665252161562123,
    "n_samples": 300
}