{
    "disease": "hiv_aids",
    "cod_mun": 3507506,
    "mae": 0.8984177143167102,
    "rmse": 1.1991960961590393,
    "r2": -0.18119721240790998,
    "n_samples": 300
}