{
    "disease": "TX_sifilis_00_23",
    "cod_mun": 3549805,
    "mae": 0.25043068464787227,
    "rmse": 0.32361715053464957,
    "r2": -0.08312159999307922,
    "n_train": 251,
    "n_test": 12
}