{
    "disease": "sifilis",
    "cod_mun": 3542404,
    "mae": 0.3773918912239256,
    "rmse": 0.8948865165395842,
    "r2": 0.08661888160790021,
    "n_samples": 300
}