{
    "disease": "hanseniase",
    "cod_mun": 3529104,
    "mae": 0.3320344488363559,
    "rmse": 2.662616068422511,
    "r2": 0.00897874933574705,
    "n_samples": 300
}