{
    "disease": "hepatite",
    "cod_mun": 3527702,
    "mae": 0.5998509880871944,
    "rmse": 2.2156276606745955,
    "r2": 0.11311116735191185,
    "n_samples": 300
}