{
    "disease": "sifilis",
    "cod_mun": 3521101,
    "mae": 0.8611325326105695,
    "rmse": 2.7212182321132596,
    "r2": 0.01426742242276613,
    "n_samples": 300
}