{
    "disease": "TX_hepatite_00_23",
    "cod_mun": 3527801,
    "mae": 0.7763014684120814,
    "rmse": 0.7763014769843989,
    "r2": 0.0,
    "n_train": 251,
    "n_test": 12
}