{
    "disease": "sifilis",
    "cod_mun": 3501509,
    "mae": 1.0607020714624331,
    "rmse": 3.7156272682560894,
    "r2": 0.20828756521054992,
    "n_samples": 300
}