{
    "disease": "hiv_aids",
    "cod_mun": 3528403,
    "mae": 0.5092965107353683,
    "rmse": 0.8970004610887021,
    "r2": 0.018540832900062476,
    "n_samples": 300
}