{
    "disease": "hepatite",
    "cod_mun": 3554300,
    "mae": 1.6878012926131765,
    "rmse": 3.0252277104316323,
    "r2": 0.3247535414087158,
    "n_samples": 300
}