{
    "disease": "sifilis",
    "cod_mun": 3531506,
    "mae": 0.21847730136975968,
    "rmse": 0.9311181520446894,
    "r2": 0.23613171886053486,
    "n_samples": 300
}