{
    "disease": "hiv_aids",
    "cod_mun": 3528007,
    "mae": 0.9621403055964343,
    "rmse": 1.5542780427148852,
    "r2": -0.02761269138581457,
    "n_samples": 300
}