{
    "disease": "sifilis",
    "cod_mun": 3536570,
    "mae": 0.4629470743785844,
    "rmse": 2.8244770104114516,
    "r2": 0.19230745911383562,
    "n_samples": 300
}