{
    "disease": "hepatite",
    "cod_mun": 3543253,
    "mae": 9.46860670438185,
    "rmse": 14.265219797685273,
    "r2": 0.30205788324891836,
    "n_samples": 300
}