{
    "disease": "hiv_aids",
    "cod_mun": 3537404,
    "mae": 1.5835449293276747,
    "rmse": 2.3158162609142385,
    "r2": 0.06419655980969718,
    "n_samples": 300
}