{
    "disease": "TX_hepatite_00_23",
    "cod_mun": 3505302,
    "mae": 0.4219295233488083,
    "rmse": 0.4324873850913172,
    "r2": 0.0,
    "n_train": 251,
    "n_test": 12
}