{
    "disease": "hepatite",
    "cod_mun": 3522802,
    "mae": 0.5606426493910864,
    "rmse": 1.5509460182662045,
    "r2": 0.13843370615222195,
    "n_samples": 300
}