{
    "disease": "sifilis",
    "cod_mun": 3524709,
    "mae": 0.43320495502011114,
    "rmse": 0.7474896716361291,
    "r2": 0.1974468214073507,
    "n_samples": 300
}