{
    "disease": "TX_hepatite_00_23",
    "cod_mun": 3534906,
    "mae": 0.597832339660575,
    "rmse": 0.722471801259912,
    "r2": 0.0,
    "n_train": 251,
    "n_test": 12
}