{
    "disease": "TX_sifilis_00_23",
    "cod_mun": 3532603,
    "mae": 0.16929371654987335,
    "rmse": 0.16929371654987335,
    "r2": 0.0,
    "n_train": 251,
    "n_test": 12
}