{
    "disease": "TX_sifilis_00_23",
    "cod_mun": 3523404,
    "mae": 0.16237835783201962,
    "rmse": 0.2390987194344272,
    "r2": -0.011805424814229637,
    "n_train": 251,
    "n_test": 12
}