{
    "disease": "hepatite",
    "cod_mun": 3523503,
    "mae": 0.5230742808596108,
    "rmse": 1.217526254417003,
    "r2": 0.224225190966166,
    "n_samples": 300
}