{
    "disease": "sifilis",
    "cod_mun": 3554904,
    "mae": 0.3555559828027752,
    "rmse": 1.7208851558897733,
    "r2": 0.007501185299263136,
    "n_samples": 300
}