{
    "disease": "hiv_aids",
    "cod_mun": 3521903,
    "mae": 1.879794660145391,
    "rmse": 3.1918135958833256,
    "r2": -0.009776536332449126,
    "n_samples": 300
}