{
    "disease": "sifilis",
    "cod_mun": 3540259,
    "mae": 0.3600536804835734,
    "rmse": 2.1417456510915898,
    "r2": 0.25516575734266955,
    "n_samples": 300
}