{
    "disease": "TX_sifilis_00_23",
    "cod_mun": 3520905,
    "mae": 0.6080166218379254,
    "rmse": 1.9849036488776666,
    "r2": -0.07901005905759084,
    "n_train": 251,
    "n_test": 12
}