{
    "disease": "sifilis",
    "cod_mun": 3525706,
    "mae": 0.0862270689316873,
    "rmse": 0.23737121162006283,
    "r2": 0.42277062724667414,
    "n_samples": 300
}