{
    "disease": "TX_hanseniase_00_23",
    "cod_mun": 3549201,
    "mae": 0.01646666438318789,
    "rmse": 0.038347314976453675,
    "r2": 0.0,
    "n_train": 251,
    "n_test": 12
}