{
    "disease": "TX_hiv_aids_00_23",
    "cod_mun": 3533254,
    "mae": 2.835738047765947,
    "rmse": 6.697750607196652,
    "r2": -0.14210210164868364,
    "n_train": 251,
    "n_test": 12
}