{
    "disease": "hepatite",
    "cod_mun": 3529302,
    "mae": 0.18899004966779723,
    "rmse": 0.42456723946975994,
    "r2": 0.28342942549423034,
    "n_samples": 300
}