{
    "disease": "TX_hanseniase_00_23",
    "cod_mun": 3552809,
    "mae": 0.021141797148933012,
    "rmse": 0.021141807779450295,
    "r2": 0.0,
    "n_train": 251,
    "n_test": 12
}