{
    "disease": "hanseniase",
    "cod_mun": 3534807,
    "mae": 0.4916938208839785,
    "rmse": 2.15674193130168,
    "r2": 0.1386383649770755,
    "n_samples": 300
}