{
    "disease": "tuberculose",
    "cod_mun": 3522000,
    "mae": 0.9384295786338828,
    "rmse": 3.7886807677929792,
    "r2": 0.7968663733882797,
    "n_samples": 300
}