{
    "disease": "hanseniase",
    "cod_mun": 3507407,
    "mae": 0.04856115203692745,
    "rmse": 0.41857712924683627,
    "r2": 0.002635195170749949,
    "n_samples": 300
}