{
    "disease": "hanseniase",
    "cod_mun": 3536604,
    "mae": 0.23214209264205432,
    "rmse": 1.394677450355718,
    "r2": 0.0655429342405558,
    "n_samples": 300
}