{
    "disease": "TX_hanseniase_00_23",
    "cod_mun": 3525508,
    "mae": 0.004041064685831468,
    "rmse": 0.004825726964384251,
    "r2": 0.0,
    "n_train": 251,
    "n_test": 12
}