{
    "disease": "hiv_aids",
    "cod_mun": 3520103,
    "mae": 0.8274627579274516,
    "rmse": 1.510303945206315,
    "r2": 0.07117425678441403,
    "n_samples": 300
}