{
    "disease": "TX_hepatite_00_23",
    "cod_mun": 3530102,
    "mae": 1.284758153530467,
    "rmse": 1.566106472554048,
    "r2": -0.02086835310626145,
    "n_train": 251,
    "n_test": 12
}