{
    "disease": "sifilis",
    "cod_mun": 3504206,
    "mae": 0.34635862514346016,
    "rmse": 1.340658726397105,
    "r2": 0.1354555934041366,
    "n_samples": 300
}