{
    "disease": "hiv_aids",
    "cod_mun": 3506359,
    "mae": 0.7025278426233095,
    "rmse": 1.2069693358528393,
    "r2": 0.6063252401701222,
    "n_samples": 300
}