{
    "disease": "hiv_aids",
    "cod_mun": 3541505,
    "mae": 0.9068461978338377,
    "rmse": 1.6171640770626352,
    "r2": 0.0209065575043903,
    "n_samples": 300
}