{
    "disease": "hiv_aids",
    "cod_mun": 3512100,
    "mae": 5.873841739199338,
    "rmse": 6.8327325322594525,
    "r2": -0.4027440376312408,
    "n_samples": 300
}