{
    "disease": "hanseniase",
    "cod_mun": 3506508,
    "mae": 0.12763584595738603,
    "rmse": 0.38716543223956734,
    "r2": 0.23782755644050313,
    "n_samples": 300
}