{
    "disease": "tuberculose",
    "cod_mun": 3516903,
    "mae": 0.25892801173370367,
    "rmse": 1.0395697544022349,
    "r2": 0.062425526590327185,
    "n_samples": 300
}