{
    "disease": "tuberculose",
    "cod_mun": 3524303,
    "mae": 0.7445973430235429,
    "rmse": 0.9440810692655095,
    "r2": 0.1501468158671594,
    "n_samples": 300
}