{
    "disease": "tuberculose",
    "cod_mun": 3543709,
    "mae": 1.9751999075233362,
    "rmse": 3.2197849670864223,
    "r2": 0.1002244425775094,
    "n_samples": 300
}