{
    "disease": "TX_hiv_aids_00_23",
    "cod_mun": 3506904,
    "mae": 0.48884180188179016,
    "rmse": 0.5112416213318333,
    "r2": 0.0,
    "n_train": 251,
    "n_test": 12
}