{
    "disease": "TX_hepatite_00_23",
    "cod_mun": 3517406,
    "mae": 0.3904356159715445,
    "rmse": 0.705435113524928,
    "r2": -0.008777761902571735,
    "n_train": 251,
    "n_test": 12
}