{
    "disease": "sifilis",
    "cod_mun": 3541604,
    "mae": 0.26283137500560705,
    "rmse": 0.6433686241282638,
    "r2": 0.04481271485211946,
    "n_samples": 300
}