{
    "disease": "TX_hepatite_00_23",
    "cod_mun": 3545407,
    "mae": 0.7121401131153107,
    "rmse": 0.7317932885211317,
    "r2": 0.0,
    "n_train": 251,
    "n_test": 12
}