{
    "disease": "sifilis",
    "cod_mun": 3514106,
    "mae": 0.15407756474303833,
    "rmse": 0.5355716169202038,
    "r2": 0.0044547276866909735,
    "n_samples": 300
}