{
    "disease": "TX_sifilis_00_23",
    "cod_mun": 3504909,
    "mae": 1.7206812638952103,
    "rmse": 4.212762686673668,
    "r2": -0.19981431944815164,
    "n_train": 251,
    "n_test": 12
}