{
    "disease": "TX_tuberculose_00_23",
    "cod_mun": 3542404,
    "mae": 0.17605929538452378,
    "rmse": 0.18342544850561301,
    "r2": 0.0,
    "n_train": 251,
    "n_test": 12
}