{
    "disease": "sifilis",
    "cod_mun": 3535101,
    "mae": 0.5030489799549495,
    "rmse": 1.5149871877312509,
    "r2": 0.00024098095981983647,
    "n_samples": 300
}