{
    "disease": "tuberculose",
    "cod_mun": 3511201,
    "mae": 0.08881896572099729,
    "rmse": 0.7423452195228711,
    "r2": 0.0031939126337323653,
    "n_samples": 300
}