{
    "disease": "hiv_aids",
    "cod_mun": 3549508,
    "mae": 0.8636296217802667,
    "rmse": 2.652180834358675,
    "r2": 0.14872705219891635,
    "n_samples": 300
}