{
    "disease": "TX_hepatite_00_23",
    "cod_mun": 3500402,
    "mae": 0.5197711984316508,
    "rmse": 0.5204271029198428,
    "r2": 0.0,
    "n_train": 251,
    "n_test": 12
}