{
    "disease": "TX_hiv_aids_00_23",
    "cod_mun": 3519071,
    "mae": 0.8515869187628331,
    "rmse": 0.8815595907278966,
    "r2": -24.17423011484262,
    "n_train": 251,
    "n_test": 12
}