{
    "disease": "TX_hepatite_00_23",
    "cod_mun": 3522653,
    "mae": 0.24633167746166387,
    "rmse": 0.3536161385125434,
    "r2": 0.0,
    "n_train": 251,
    "n_test": 12
}