{
    "disease": "hanseniase",
    "cod_mun": 3522208,
    "mae": 0.04033765606667532,
    "rmse": 0.1131153542813117,
    "r2": 0.0005337488981471683,
    "n_samples": 300
}