{
    "disease": "TX_hepatite_00_23",
    "cod_mun": 3557204,
    "mae": 0.191592728990751,
    "rmse": 0.43814593290200277,
    "r2": 0.0,
    "n_train": 251,
    "n_test": 12
}