{
    "disease": "tuberculose",
    "cod_mun": 3503802,
    "mae": 0.330785532108478,
    "rmse": 0.6986651783846795,
    "r2": 0.3293518087482047,
    "n_samples": 300
}