{
    "disease": "TX_sifilis_00_23",
    "cod_mun": 3537206,
    "mae": 0.7635036697284162,
    "rmse": 2.5367886027486817,
    "r2": -0.09233790403655995,
    "n_train": 251,
    "n_test": 12
}