{
    "disease": "TX_hepatite_00_23",
    "cod_mun": 3536307,
    "mae": 0.7106727957725525,
    "rmse": 0.7106727957725525,
    "r2": 0.0,
    "n_train": 251,
    "n_test": 12
}