{
    "disease": "hepatite",
    "cod_mun": 3540903,
    "mae": 0.17539196337793933,
    "rmse": 0.7622031039783155,
    "r2": 0.7983754218085511,
    "n_samples": 300
}