{
    "disease": "TX_hepatite_00_23",
    "cod_mun": 3528304,
    "mae": 10.354468448681333,
    "rmse": 19.31667730630433,
    "r2": -0.05137202571874222,
    "n_train": 251,
    "n_test": 12
}