{
    "disease": "TX_sifilis_00_23",
    "cod_mun": 3534609,
    "mae": 0.1316478985051314,
    "rmse": 0.13164795722523354,
    "r2": 0.0,
    "n_train": 251,
    "n_test": 12
}