{
    "disease": "hepatite",
    "cod_mun": 3546801,
    "mae": 0.26205544613118176,
    "rmse": 0.6153304637503162,
    "r2": 0.20762868557570757,
    "n_samples": 300
}