{
    "disease": "TX_hanseniase_00_23",
    "cod_mun": 3525003,
    "mae": 0.1049891460748155,
    "rmse": 0.2190101103210073,
    "r2": -0.02036367636966263,
    "n_train": 251,
    "n_test": 12
}