{
    "disease": "hiv_aids",
    "cod_mun": 3536208,
    "mae": 0.648064727638205,
    "rmse": 1.652833356248666,
    "r2": 0.01750674224652793,
    "n_samples": 300
}