{
    "disease": "TX_hanseniase_00_23",
    "cod_mun": 3551900,
    "mae": 0.014812554923992138,
    "rmse": 0.04312339034859235,
    "r2": 0.0,
    "n_train": 251,
    "n_test": 12
}