{
    "disease": "TX_hanseniase_00_23",
    "cod_mun": 3554656,
    "mae": 0.08841305846969287,
    "rmse": 0.08857316297400382,
    "r2": 0.0,
    "n_train": 251,
    "n_test": 12
}