{
    "disease": "tuberculose",
    "cod_mun": 3526100,
    "mae": 0.5670530793502979,
    "rmse": 1.5059987894383142,
    "r2": 0.0948547703056174,
    "n_samples": 300
}