{
    "disease": "hiv_aids",
    "cod_mun": 3522406,
    "mae": 0.13188433676890898,
    "rmse": 0.3024562763316997,
    "r2": 0.08944715831090821,
    "n_samples": 300
}