{
    "disease": "TX_hiv_aids_00_23",
    "cod_mun": 3545704,
    "mae": 0.14147189383705458,
    "rmse": 0.2126411927633208,
    "r2": 0.0,
    "n_train": 251,
    "n_test": 12
}