{
    "disease": "sifilis",
    "cod_mun": 3547106,
    "mae": 0.700711572296619,
    "rmse": 3.524508604234242,
    "r2": 0.0013535133955027145,
    "n_samples": 300
}