{
    "disease": "sifilis",
    "cod_mun": 3501806,
    "mae": 0.4718865888063985,
    "rmse": 1.9227628791847786,
    "r2": 0.01747843788136183,
    "n_samples": 300
}