{
    "disease": "tuberculose",
    "cod_mun": 3542602,
    "mae": 0.8304429839962797,
    "rmse": 1.0929865083911883,
    "r2": 0.05822456714764468,
    "n_samples": 300
}