{
    "disease": "TX_hanseniase_00_23",
    "cod_mun": 3522109,
    "mae": 0.04473700402498556,
    "rmse": 0.0972007555934656,
    "r2": 0.0,
    "n_train": 251,
    "n_test": 12
}