{
    "disease": "TX_tuberculose_00_23",
    "cod_mun": 3540754,
    "mae": 0.6202913622061411,
    "rmse": 0.6731240042032721,
    "r2": 0.0,
    "n_train": 251,
    "n_test": 12
}