{
    "disease": "TX_hiv_aids_00_23",
    "cod_mun": 3552700,
    "mae": 0.5774334828045616,
    "rmse": 1.9759712941469358,
    "r2": -0.08728635050464995,
    "n_train": 251,
    "n_test": 12
}