{
    "disease": "TX_hanseniase_00_23",
    "cod_mun": 3553203,
    "mae": 0.0007764043596883615,
    "rmse": 0.0007772758733691343,
    "r2": 0.0,
    "n_train": 251,
    "n_test": 12
}