{
    "disease": "TX_tuberculose_00_23",
    "cod_mun": 3515186,
    "mae": 0.8718099185491589,
    "rmse": 1.1049194411711052,
    "r2": -0.026221175080827663,
    "n_train": 251,
    "n_test": 12
}