{
    "disease": "hepatite",
    "cod_mun": 3500808,
    "mae": 0.5657983239623788,
    "rmse": 2.6035319776193027,
    "r2": 0.013453714133426553,
    "n_samples": 300
}