{
    "disease": "hepatite",
    "cod_mun": 3553401,
    "mae": 0.5264286344353177,
    "rmse": 1.1138074514434626,
    "r2": 0.20657600782936547,
    "n_samples": 300
}