{
    "disease": "sifilis",
    "cod_mun": 3529104,
    "mae": 0.3446060308391661,
    "rmse": 1.6858056139319841,
    "r2": 0.6947538264723082,
    "n_samples": 300
}