{
    "disease": "TX_hanseniase_00_23",
    "cod_mun": 3540002,
    "mae": 0.4138883248384555,
    "rmse": 1.430939694665417,
    "r2": -0.09060460792270009,
    "n_train": 251,
    "n_test": 12
}