{
    "disease": "tuberculose",
    "cod_mun": 3542206,
    "mae": 0.23214258579114144,
    "rmse": 0.6935810688909143,
    "r2": 0.5302008564076466,
    "n_samples": 300
}