{
    "disease": "hepatite",
    "cod_mun": 3554003,
    "mae": 0.24892898093143803,
    "rmse": 0.46176763243996666,
    "r2": 0.2079190216448087,
    "n_samples": 300
}