{
    "disease": "TX_hiv_aids_00_23",
    "cod_mun": 3552551,
    "mae": 0.4512328232328097,
    "rmse": 0.874369314515262,
    "r2": 0.0,
    "n_train": 251,
    "n_test": 12
}