{
    "disease": "hiv_aids",
    "cod_mun": 3524204,
    "mae": 2.1448144615121003,
    "rmse": 4.411961682528781,
    "r2": 0.08158914985882504,
    "n_samples": 300
}