{
    "disease": "sifilis",
    "cod_mun": 3529203,
    "mae": 0.40808074993430077,
    "rmse": 0.9575807176955704,
    "r2": 0.21731675330474198,
    "n_samples": 300
}