{
    "disease": "sifilis",
    "cod_mun": 3521309,
    "mae": 0.2968438307527551,
    "rmse": 1.0089197685431242,
    "r2": 0.16894273608597832,
    "n_samples": 300
}