{
    "disease": "hanseniase",
    "cod_mun": 3519303,
    "mae": 0.0833045586760563,
    "rmse": 0.36897719773067933,
    "r2": 0.002551558157475653,
    "n_samples": 300
}