{
    "disease": "hanseniase",
    "cod_mun": 3539509,
    "mae": 0.33659238716730083,
    "rmse": 0.9229951992134537,
    "r2": 0.03812115386768922,
    "n_samples": 300
}