{
    "disease": "hiv_aids",
    "cod_mun": 3541406,
    "mae": 0.9923810151267617,
    "rmse": 1.328790394582562,
    "r2": 0.3337043415409806,
    "n_samples": 300
}