{
    "disease": "TX_hepatite_00_23",
    "cod_mun": 3505005,
    "mae": 0.018212354644977797,
    "rmse": 0.01985810799822304,
    "r2": 0.0,
    "n_train": 251,
    "n_test": 12
}