{
    "disease": "TX_hanseniase_00_23",
    "cod_mun": 3503406,
    "mae": 0.06426108504335086,
    "rmse": 0.06426143519600483,
    "r2": 0.0,
    "n_train": 251,
    "n_test": 12
}