{
    "disease": "hepatite",
    "cod_mun": 3554904,
    "mae": 5.625254083573574,
    "rmse": 8.777945709038795,
    "r2": 0.09275694054784422,
    "n_samples": 300
}