{
    "disease": "TX_hanseniase_00_23",
    "cod_mun": 3556453,
    "mae": 0.0012779435298095148,
    "rmse": 0.00128598295936477,
    "r2": 0.0,
    "n_train": 251,
    "n_test": 12
}