{
    "disease": "sifilis",
    "cod_mun": 3510807,
    "mae": 0.14338892614594284,
    "rmse": 0.46988479067722366,
    "r2": 0.019265489902229316,
    "n_samples": 300
}