{
    "disease": "hepatite",
    "cod_mun": 3504206,
    "mae": 1.7030970153919582,
    "rmse": 2.7965990413525,
    "r2": 0.09007725341679707,
    "n_samples": 300
}