{
    "disease": "sifilis",
    "cod_mun": 3546256,
    "mae": 0.9652151391890837,
    "rmse": 4.1498153860384885,
    "r2": 0.5689611213732289,
    "n_samples": 300
}