{
    "disease": "sifilis",
    "cod_mun": 3530805,
    "mae": 0.3951071579183409,
    "rmse": 0.6028336727328348,
    "r2": 0.16836693594659824,
    "n_samples": 300
}