{
    "disease": "TX_hepatite_00_23",
    "cod_mun": 3528700,
    "mae": 0.36887542709397775,
    "rmse": 1.2410878899655993,
    "r2": 0.0,
    "n_train": 251,
    "n_test": 12
}