{
    "disease": "hepatite",
    "cod_mun": 3546256,
    "mae": 6.472404567744689,
    "rmse": 15.868145866287236,
    "r2": 0.24669903994092524,
    "n_samples": 300
}