{
    "disease": "hepatite",
    "cod_mun": 3548500,
    "mae": 0.2374254957129822,
    "rmse": 0.3558160562505172,
    "r2": 0.3980426356870048,
    "n_samples": 300
}