{
    "disease": "tuberculose",
    "cod_mun": 3548708,
    "mae": 0.1816088547416019,
    "rmse": 0.24051001637290137,
    "r2": 0.44483473143847185,
    "n_samples": 300
}