{
    "disease": "hiv_aids",
    "cod_mun": 3555802,
    "mae": 0.863235413638767,
    "rmse": 2.100812595287949,
    "r2": 0.06945706301435295,
    "n_samples": 300
}