{
    "disease": "TX_hepatite_00_23",
    "cod_mun": 3513504,
    "mae": 0.05470842534365753,
    "rmse": 0.07882962306411832,
    "r2": 0.0,
    "n_train": 251,
    "n_test": 12
}