{
    "disease": "TX_hepatite_00_23",
    "cod_mun": 3512001,
    "mae": 0.6718370229636577,
    "rmse": 1.5183775462591005,
    "r2": -0.023019962998788612,
    "n_train": 251,
    "n_test": 12
}