{
    "disease": "sifilis",
    "cod_mun": 3531902,
    "mae": 0.047037436416897775,
    "rmse": 0.28947365688523685,
    "r2": 0.0024956582841475505,
    "n_samples": 300
}