{
    "disease": "TX_sifilis_00_23",
    "cod_mun": 3551801,
    "mae": 1.5403325006334583,
    "rmse": 2.2541303675174187,
    "r2": -0.24735052357096254,
    "n_train": 251,
    "n_test": 12
}