{
    "disease": "sifilis",
    "cod_mun": 3500402,
    "mae": 0.0869203378897312,
    "rmse": 0.7439756188786917,
    "r2": 0.0034546585928399987,
    "n_samples": 300
}