{
    "disease": "TX_tuberculose_00_23",
    "cod_mun": 3518206,
    "mae": 0.7332808314903435,
    "rmse": 1.2272629471779897,
    "r2": -0.0432954693708012,
    "n_train": 251,
    "n_test": 12
}