{
    "disease": "hiv_aids",
    "cod_mun": 3544004,
    "mae": 0.6136155657544465,
    "rmse": 1.2727014637003513,
    "r2": 0.3314893060505252,
    "n_samples": 300
}