{
    "disease": "hepatite",
    "cod_mun": 3513801,
    "mae": 0.0844618955762253,
    "rmse": 0.16128603616676873,
    "r2": 0.5416434218347106,
    "n_samples": 300
}