{
    "disease": "sifilis",
    "cod_mun": 3544806,
    "mae": 0.8139798290855543,
    "rmse": 3.293950217430059,
    "r2": 0.04936658081901335,
    "n_samples": 300
}