{
    "disease": "hepatite",
    "cod_mun": 3521705,
    "mae": 0.773697110872977,
    "rmse": 1.7082311480717247,
    "r2": 0.18279712506967682,
    "n_samples": 300
}