{
    "disease": "sifilis",
    "cod_mun": 3557105,
    "mae": 0.30467868024640293,
    "rmse": 0.5211306810753463,
    "r2": 0.23956602348737022,
    "n_samples": 300
}