{
    "disease": "hiv_aids",
    "cod_mun": 3505203,
    "mae": 0.38607232638110567,
    "rmse": 1.0534578825946712,
    "r2": 0.08397427175358774,
    "n_samples": 300
}