{
    "disease": "TX_hiv_aids_00_23",
    "cod_mun": 3543303,
    "mae": 0.311742331156499,
    "rmse": 0.4235190660445657,
    "r2": -0.291107922733554,
    "n_train": 251,
    "n_test": 12
}