{
    "disease": "TX_hiv_aids_00_23",
    "cod_mun": 3519402,
    "mae": 3.681161892426561,
    "rmse": 4.322668862353845,
    "r2": -0.04629848976040929,
    "n_train": 251,
    "n_test": 12
}