{
    "disease": "hanseniase",
    "cod_mun": 3554706,
    "mae": 0.4408322537837364,
    "rmse": 1.4690385346334092,
    "r2": 0.2131099681465023,
    "n_samples": 300
}