{
    "disease": "sifilis",
    "cod_mun": 3546603,
    "mae": 0.2807146916468807,
    "rmse": 0.667262531277297,
    "r2": 0.26087821960097013,
    "n_samples": 300
}