{
    "disease": "TX_hepatite_00_23",
    "cod_mun": 3507308,
    "mae": 0.06080104038119316,
    "rmse": 0.0897912055488735,
    "r2": 0.0,
    "n_train": 251,
    "n_test": 12
}