{
    "disease": "hepatite",
    "cod_mun": 3514502,
    "mae": 0.6397636947122829,
    "rmse": 1.5897919223260104,
    "r2": 0.20088387847699551,
    "n_samples": 300
}