{
    "disease": "TX_tuberculose_00_23",
    "cod_mun": 3510906,
    "mae": 0.31185218567649525,
    "rmse": 0.8874623103656022,
    "r2": 0.0,
    "n_train": 251,
    "n_test": 12
}