{
    "disease": "TX_tuberculose_00_23",
    "cod_mun": 3507308,
    "mae": 0.6096561749776205,
    "rmse": 0.609656433109584,
    "r2": 0.0,
    "n_train": 251,
    "n_test": 12
}