{
    "disease": "TX_hanseniase_00_23",
    "cod_mun": 3525904,
    "mae": 0.03261199539262422,
    "rmse": 0.05933460732816037,
    "r2": 0.025676660347720537,
    "n_train": 251,
    "n_test": 12
}