{
    "disease": "sifilis",
    "cod_mun": 3551405,
    "mae": 0.2858033994558058,
    "rmse": 1.0751986653890937,
    "r2": 0.06713049469350207,
    "n_samples": 300
}