{
    "disease": "hanseniase",
    "cod_mun": 3525805,
    "mae": 0.002044693172069798,
    "rmse": 0.015094343181342321,
    "r2": 0.99987885136069,
    "n_samples": 300
}