{
    "disease": "tuberculose",
    "cod_mun": 3533403,
    "mae": 0.2978430152479435,
    "rmse": 0.5675054982731468,
    "r2": 0.0699502472201945,
    "n_samples": 300
}