{
    "disease": "hepatite",
    "cod_mun": 3524402,
    "mae": 0.29589211972627777,
    "rmse": 0.5054286859910042,
    "r2": 0.3392452733841763,
    "n_samples": 300
}