{
    "disease": "hanseniase",
    "cod_mun": 3554300,
    "mae": 0.44591148181601037,
    "rmse": 1.0823491931301812,
    "r2": 0.16448233768933584,
    "n_samples": 300
}