{
    "disease": "TX_hiv_aids_00_23",
    "cod_mun": 3542206,
    "mae": 0.665915643175443,
    "rmse": 0.8672914082073276,
    "r2": 0.0,
    "n_train": 251,
    "n_test": 12
}