{
    "disease": "TX_hanseniase_00_23",
    "cod_mun": 3535200,
    "mae": 9.36090657432942e-07,
    "rmse": 9.36090657432942e-07,
    "r2": 0.0,
    "n_train": 251,
    "n_test": 12
}