{
    "disease": "hepatite",
    "cod_mun": 3536901,
    "mae": 2.511565247772744,
    "rmse": 7.1817453222605145,
    "r2": 0.23854491874783423,
    "n_samples": 300
}