{
    "disease": "TX_tuberculose_00_23",
    "cod_mun": 3538907,
    "mae": 1.536944545702246,
    "rmse": 1.7274945190830373,
    "r2": -0.08302188450875159,
    "n_train": 251,
    "n_test": 12
}