{
    "disease": "hanseniase",
    "cod_mun": 3551306,
    "mae": 0.9093685395473585,
    "rmse": 3.536727662368571,
    "r2": 0.17928304450940924,
    "n_samples": 300
}