{
    "disease": "TX_tuberculose_00_23",
    "cod_mun": 3509908,
    "mae": 2.0939762421715713,
    "rmse": 3.5028983371821463,
    "r2": -0.2130790030623313,
    "n_train": 251,
    "n_test": 12
}