{
    "disease": "TX_hanseniase_00_23",
    "cod_mun": 3527900,
    "mae": 0.0016053999521924804,
    "rmse": 0.0016702888952040194,
    "r2": 0.0,
    "n_train": 251,
    "n_test": 12
}