{
    "disease": "hiv_aids",
    "cod_mun": 3547304,
    "mae": 0.6052745821139041,
    "rmse": 0.7632667394084198,
    "r2": 0.07498123852010596,
    "n_samples": 300
}