{
    "disease": "TX_tuberculose_00_23",
    "cod_mun": 3517901,
    "mae": 0.1423764464755853,
    "rmse": 0.1458803660075172,
    "r2": 0.0,
    "n_train": 251,
    "n_test": 12
}