{
    "disease": "hanseniase",
    "cod_mun": 3526902,
    "mae": 0.1275099673341454,
    "rmse": 0.34456563426570413,
    "r2": -0.1255543828183352,
    "n_samples": 300
}