{
    "disease": "TX_sifilis_00_23",
    "cod_mun": 3539509,
    "mae": 0.9185417831002521,
    "rmse": 1.3406437871637524,
    "r2": -0.09064637688941968,
    "n_train": 251,
    "n_test": 12
}