{
    "disease": "hiv_aids",
    "cod_mun": 3545159,
    "mae": 0.08415849693663288,
    "rmse": 0.7037116167352548,
    "r2": 0.0035797904826979643,
    "n_samples": 300
}