{
    "disease": "TX_sifilis_00_23",
    "cod_mun": 3535507,
    "mae": 1.3220189598087935,
    "rmse": 2.0692406398797996,
    "r2": -0.23761453739902616,
    "n_train": 251,
    "n_test": 12
}