{
    "disease": "sifilis",
    "cod_mun": 3554409,
    "mae": 0.31894234193438287,
    "rmse": 1.3054813955265545,
    "r2": 0.15844599044162033,
    "n_samples": 300
}