{
    "disease": "tuberculose",
    "cod_mun": 3523305,
    "mae": 0.8764301329831585,
    "rmse": 1.7028937548974008,
    "r2": 0.0736877715662051,
    "n_samples": 300
}