{
    "disease": "TX_sifilis_00_23",
    "cod_mun": 3549904,
    "mae": 0.37058916397907726,
    "rmse": 0.45945865844650446,
    "r2": -0.09567151044965816,
    "n_train": 251,
    "n_test": 12
}