{
    "disease": "hanseniase",
    "cod_mun": 3516606,
    "mae": 0.19456292660451968,
    "rmse": 1.1915305748936782,
    "r2": 0.0002700487816760244,
    "n_samples": 300
}