{
    "disease": "sifilis",
    "cod_mun": 3500758,
    "mae": 0.1263268370720892,
    "rmse": 1.0528458190298793,
    "r2": 0.005313645403185019,
    "n_samples": 300
}