{
    "disease": "hepatite",
    "cod_mun": 3541208,
    "mae": 1.7530735898650476,
    "rmse": 3.027953534385673,
    "r2": 0.22752188078512015,
    "n_samples": 300
}