{
    "disease": "hiv_aids",
    "cod_mun": 3542909,
    "mae": 0.8245060059948167,
    "rmse": 2.5090281636327063,
    "r2": -0.07836792135215842,
    "n_samples": 300
}