{
    "disease": "hanseniase",
    "cod_mun": 3543006,
    "mae": 0.0016737981054590087,
    "rmse": 0.010334409596699862,
    "r2": 0.9984943034770476,
    "n_samples": 300
}