{
    "disease": "TX_tuberculose_00_23",
    "cod_mun": 3510500,
    "mae": 0.809849151158223,
    "rmse": 0.9557911170243083,
    "r2": -0.018297085257418688,
    "n_train": 251,
    "n_test": 12
}