{
    "disease": "hanseniase",
    "cod_mun": 3539905,
    "mae": 0.10016424194086421,
    "rmse": 0.8538530595429341,
    "r2": 0.3137664855026904,
    "n_samples": 300
}