{
    "disease": "hepatite",
    "cod_mun": 3512902,
    "mae": 4.5812162492199775,
    "rmse": 7.146487814883486,
    "r2": 0.1859453399195442,
    "n_samples": 300
}