{
    "disease": "TX_hepatite_00_23",
    "cod_mun": 3517703,
    "mae": 0.8295183926820755,
    "rmse": 0.8809376072592602,
    "r2": 0.0,
    "n_train": 251,
    "n_test": 12
}