{
    "disease": "TX_hanseniase_00_23",
    "cod_mun": 3503604,
    "mae": 0.11795503632553543,
    "rmse": 0.29766759887378036,
    "r2": 0.0,
    "n_train": 251,
    "n_test": 12
}