{
    "disease": "sifilis",
    "cod_mun": 3519709,
    "mae": 0.02165280359397209,
    "rmse": 0.1299828584683705,
    "r2": 0.1890958357648801,
    "n_samples": 300
}