{
    "disease": "hiv_aids",
    "cod_mun": 3519402,
    "mae": 3.67176639644451,
    "rmse": 4.6869143083798255,
    "r2": 0.04839555167853893,
    "n_samples": 300
}