{
    "disease": "hanseniase",
    "cod_mun": 3539806,
    "mae": 0.01871908282194239,
    "rmse": 0.09326960191255709,
    "r2": 0.003378336404060933,
    "n_samples": 300
}