{
    "disease": "hiv_aids",
    "cod_mun": 3528601,
    "mae": 1.8451612927557866,
    "rmse": 3.4142846506970193,
    "r2": 0.0985132621111563,
    "n_samples": 300
}