{
    "disease": "TX_tuberculose_00_23",
    "cod_mun": 3549003,
    "mae": 0.15369454274574915,
    "rmse": 0.15369464711213482,
    "r2": 0.0,
    "n_train": 251,
    "n_test": 12
}