{
    "disease": "hiv_aids",
    "cod_mun": 3521309,
    "mae": 0.47427667277019564,
    "rmse": 1.6932091983056279,
    "r2": 0.04727330020764009,
    "n_samples": 300
}