{
    "disease": "TX_tuberculose_00_23",
    "cod_mun": 3519006,
    "mae": 0.15018753707408905,
    "rmse": 0.15273632526039282,
    "r2": 0.0,
    "n_train": 251,
    "n_test": 12
}