{
    "disease": "TX_sifilis_00_23",
    "cod_mun": 3519105,
    "mae": 0.8554601836674295,
    "rmse": 2.8466204534610493,
    "r2": -0.08296797246602394,
    "n_train": 251,
    "n_test": 12
}