{
    "disease": "sifilis",
    "cod_mun": 3526704,
    "mae": 0.5126623533242266,
    "rmse": 0.6086139947803857,
    "r2": 0.12830689616493696,
    "n_samples": 300
}