{
    "disease": "hanseniase",
    "cod_mun": 3541208,
    "mae": 0.13841071823100787,
    "rmse": 0.8727967896525395,
    "r2": 0.004336918118126087,
    "n_samples": 300
}