{
    "disease": "TX_hepatite_00_23",
    "cod_mun": 3532868,
    "mae": 3.2956794699033103,
    "rmse": 3.298352704169989,
    "r2": 0.0,
    "n_train": 251,
    "n_test": 12
}