{
    "disease": "hiv_aids",
    "cod_mun": 3540309,
    "mae": 0.5195470853855845,
    "rmse": 3.1600240295311166,
    "r2": 0.0003046330249951712,
    "n_samples": 300
}