{
    "disease": "TX_hanseniase_00_23",
    "cod_mun": 3515657,
    "mae": 0.4121017927924792,
    "rmse": 0.41210283488146937,
    "r2": 0.0,
    "n_train": 251,
    "n_test": 12
}