{
    "disease": "hiv_aids",
    "cod_mun": 3514403,
    "mae": 0.7391988869327881,
    "rmse": 1.2046457543757094,
    "r2": 0.16544071597935428,
    "n_samples": 300
}