{
    "disease": "TX_hepatite_00_23",
    "cod_mun": 3500105,
    "mae": 0.2649381756782532,
    "rmse": 0.26501853350916643,
    "r2": 0.0,
    "n_train": 251,
    "n_test": 12
}