{
    "disease": "TX_sifilis_00_23",
    "cod_mun": 3538907,
    "mae": 0.11044511198997498,
    "rmse": 0.11044511198997498,
    "r2": 0.0,
    "n_train": 251,
    "n_test": 12
}