{
    "disease": "hiv_aids",
    "cod_mun": 3518305,
    "mae": 1.0533527803857152,
    "rmse": 1.694497496109688,
    "r2": 0.034470927839243104,
    "n_samples": 300
}