{
    "disease": "hiv_aids",
    "cod_mun": 3546207,
    "mae": 0.2890953138672515,
    "rmse": 1.6621942483539214,
    "r2": 0.3068923628775144,
    "n_samples": 300
}