{
    "disease": "TX_hiv_aids_00_23",
    "cod_mun": 3556909,
    "mae": 0.5350077698628107,
    "rmse": 0.5350991092854172,
    "r2": 0.0,
    "n_train": 251,
    "n_test": 12
}