{
    "disease": "TX_tuberculose_00_23",
    "cod_mun": 3516002,
    "mae": 0.891145186542527,
    "rmse": 2.1590592420464625,
    "r2": -0.03272990309919366,
    "n_train": 251,
    "n_test": 12
}