{
    "disease": "hanseniase",
    "cod_mun": 3516408,
    "mae": 0.056146823365151935,
    "rmse": 0.14332172771614482,
    "r2": 0.001319922409102725,
    "n_samples": 300
}