{
    "disease": "TX_tuberculose_00_23",
    "cod_mun": 3540705,
    "mae": 0.5600452570913071,
    "rmse": 0.608468457262401,
    "r2": -0.33846776201997963,
    "n_train": 251,
    "n_test": 12
}