{
    "disease": "TX_hanseniase_00_23",
    "cod_mun": 3542909,
    "mae": 0.43112463046175736,
    "rmse": 1.027893078340277,
    "r2": 0.0,
    "n_train": 251,
    "n_test": 12
}