{
    "disease": "tuberculose",
    "cod_mun": 3554805,
    "mae": 1.1577219980050013,
    "rmse": 2.0487624335416585,
    "r2": 0.536670849268492,
    "n_samples": 300
}