{
    "disease": "TX_hiv_aids_00_23",
    "cod_mun": 3535903,
    "mae": 0.6156589388847351,
    "rmse": 0.6156589388847351,
    "r2": 0.0,
    "n_train": 251,
    "n_test": 12
}