{
    "disease": "TX_sifilis_00_23",
    "cod_mun": 3553955,
    "mae": 0.7815316503096854,
    "rmse": 1.8994476345180333,
    "r2": -0.048428208636553505,
    "n_train": 251,
    "n_test": 12
}