{
    "disease": "TX_sifilis_00_23",
    "cod_mun": 3552205,
    "mae": 0.5184670342319186,
    "rmse": 0.6282609698027194,
    "r2": -1.2456483318636207,
    "n_train": 251,
    "n_test": 12
}