{
    "disease": "hiv_aids",
    "cod_mun": 3511904,
    "mae": 0.5279634957915204,
    "rmse": 2.0837884166386504,
    "r2": 0.009044235365972875,
    "n_samples": 300
}