{
    "disease": "TX_hepatite_00_23",
    "cod_mun": 3547908,
    "mae": 0.05379870533943176,
    "rmse": 0.0538038717838505,
    "r2": 0.0,
    "n_train": 251,
    "n_test": 12
}