{
    "disease": "hepatite",
    "cod_mun": 3528858,
    "mae": 15.70094804316243,
    "rmse": 27.54790770146793,
    "r2": 0.3300835513511049,
    "n_samples": 300
}