{
    "disease": "sifilis",
    "cod_mun": 3546405,
    "mae": 0.32130377374650504,
    "rmse": 0.6350791399281873,
    "r2": 0.07230897721510043,
    "n_samples": 300
}