{
    "disease": "TX_hepatite_00_23",
    "cod_mun": 3553401,
    "mae": 0.05379621442019319,
    "rmse": 0.09315918060377924,
    "r2": 0.0,
    "n_train": 251,
    "n_test": 12
}