{
    "disease": "sifilis",
    "cod_mun": 3532504,
    "mae": 0.11721429495248645,
    "rmse": 0.8554449822553178,
    "r2": 0.12916670397231356,
    "n_samples": 300
}