{
    "disease": "hepatite",
    "cod_mun": 3517109,
    "mae": 0.4301299276126656,
    "rmse": 2.149112618613411,
    "r2": 0.0026378711409565936,
    "n_samples": 300
}