{
    "disease": "hanseniase",
    "cod_mun": 3530607,
    "mae": 0.09071801017743239,
    "rmse": 0.14296737092464235,
    "r2": 0.24634773808869648,
    "n_samples": 300
}