{
    "disease": "sifilis",
    "cod_mun": 3517604,
    "mae": 0.20076770809271532,
    "rmse": 0.7491544510703045,
    "r2": 0.08864474620951124,
    "n_samples": 300
}