{
    "disease": "sifilis",
    "cod_mun": 3517802,
    "mae": 0.33463174025467773,
    "rmse": 1.6811747873314495,
    "r2": 0.1465770379907606,
    "n_samples": 300
}