{
    "disease": "TX_hiv_aids_00_23",
    "cod_mun": 3549003,
    "mae": 0.14728431403636932,
    "rmse": 0.14728431403636932,
    "r2": 0.0,
    "n_train": 251,
    "n_test": 12
}