{
    "disease": "TX_hiv_aids_00_23",
    "cod_mun": 3531704,
    "mae": 0.08136454969644547,
    "rmse": 0.08136454969644547,
    "r2": 0.0,
    "n_train": 251,
    "n_test": 12
}