{
    "disease": "sifilis",
    "cod_mun": 3537206,
    "mae": 0.1229300473886279,
    "rmse": 0.7325876228807154,
    "r2": 0.0056093494435977,
    "n_samples": 300
}