{
    "disease": "TX_hepatite_00_23",
    "cod_mun": 3513108,
    "mae": 0.004799631705585246,
    "rmse": 0.005063846141427515,
    "r2": 0.0,
    "n_train": 251,
    "n_test": 12
}