{
    "disease": "sifilis",
    "cod_mun": 3545308,
    "mae": 0.12411532928346107,
    "rmse": 0.46109070268420477,
    "r2": 0.012442898852854212,
    "n_samples": 300
}