{
    "disease": "TX_hepatite_00_23",
    "cod_mun": 3521200,
    "mae": 0.08368726074695587,
    "rmse": 0.08368726074695587,
    "r2": 0.0,
    "n_train": 251,
    "n_test": 12
}