{
    "disease": "TX_hiv_aids_00_23",
    "cod_mun": 3530607,
    "mae": 0.34153916684110736,
    "rmse": 0.38600247093728274,
    "r2": -3.4184524186694736,
    "n_train": 251,
    "n_test": 12
}