{
    "disease": "tuberculose",
    "cod_mun": 3545308,
    "mae": 0.860645895272231,
    "rmse": 1.9168257851976935,
    "r2": 0.1324826204762839,
    "n_samples": 300
}