{
    "disease": "sifilis",
    "cod_mun": 3509700,
    "mae": 0.31827111170481154,
    "rmse": 0.7772089633129518,
    "r2": 0.06864628628639335,
    "n_samples": 300
}