{
    "disease": "hanseniase",
    "cod_mun": 3549706,
    "mae": 0.09375904622109169,
    "rmse": 0.4086877115984727,
    "r2": 0.03624727736368161,
    "n_samples": 300
}