{
    "disease": "hanseniase",
    "cod_mun": 3547809,
    "mae": 0.025835892219891392,
    "rmse": 0.05178542175502792,
    "r2": 0.07166600748228014,
    "n_samples": 300
}