{
    "disease": "hiv_aids",
    "cod_mun": 3512209,
    "mae": 0.6031236304011066,
    "rmse": 1.1793988147250325,
    "r2": 0.03605001684129483,
    "n_samples": 300
}