{
    "disease": "TX_hiv_aids_00_23",
    "cod_mun": 3531001,
    "mae": 1.9366675118605297,
    "rmse": 1.9366705927371728,
    "r2": 0.0,
    "n_train": 251,
    "n_test": 12
}