{
    "disease": "hepatite",
    "cod_mun": 3553005,
    "mae": 0.6718824711529091,
    "rmse": 1.8907926644277675,
    "r2": 0.6657611269351258,
    "n_samples": 300
}