{
    "disease": "TX_tuberculose_00_23",
    "cod_mun": 3551801,
    "mae": 0.8486616015434265,
    "rmse": 0.8486616015434265,
    "r2": 0.0,
    "n_train": 251,
    "n_test": 12
}