{
    "disease": "TX_hepatite_00_23",
    "cod_mun": 3557006,
    "mae": 0.060240546241402626,
    "rmse": 0.069287641086124,
    "r2": 0.0,
    "n_train": 251,
    "n_test": 12
}