{
    "disease": "hiv_aids",
    "cod_mun": 3556503,
    "mae": 0.9220685594213603,
    "rmse": 1.2093442953598472,
    "r2": 0.23392639613907795,
    "n_samples": 300
}