{
    "disease": "TX_hepatite_00_23",
    "cod_mun": 3505500,
    "mae": 1.039519192820786,
    "rmse": 1.377990720826386,
    "r2": -5.964213830093004,
    "n_train": 251,
    "n_test": 12
}