{
    "disease": "TX_tuberculose_00_23",
    "cod_mun": 3526506,
    "mae": 6.773924302968678,
    "rmse": 8.724018349481964,
    "r2": -0.26149671647533546,
    "n_train": 251,
    "n_test": 12
}