{
    "disease": "hepatite",
    "cod_mun": 3535606,
    "mae": 0.44683543734705844,
    "rmse": 1.141799428984342,
    "r2": 0.11731431688800387,
    "n_samples": 300
}