{
    "disease": "hanseniase",
    "cod_mun": 3507753,
    "mae": 0.08797659755825368,
    "rmse": 0.5919971824078157,
    "r2": 0.9803132634967383,
    "n_samples": 300
}