{
    "disease": "tuberculose",
    "cod_mun": 3501301,
    "mae": 0.08392283978927603,
    "rmse": 0.4114847672715966,
    "r2": 0.0025354985364073324,
    "n_samples": 300
}