{
    "disease": "TX_tuberculose_00_23",
    "cod_mun": 3544004,
    "mae": 0.35828567792971927,
    "rmse": 0.3710886600973554,
    "r2": 0.0,
    "n_train": 251,
    "n_test": 12
}