{
    "disease": "tuberculose",
    "cod_mun": 3556305,
    "mae": 1.2381497771854986,
    "rmse": 2.0209810295821273,
    "r2": 0.030109888043161392,
    "n_samples": 300
}