{
    "disease": "hanseniase",
    "cod_mun": 3511607,
    "mae": 0.30285374622693395,
    "rmse": 0.990496899789427,
    "r2": 0.09645758599499943,
    "n_samples": 300
}