{
    "disease": "hepatite",
    "cod_mun": 3525409,
    "mae": 0.3714396591297219,
    "rmse": 1.93428245142815,
    "r2": 0.39031746294994185,
    "n_samples": 300
}