{
    "disease": "TX_hiv_aids_00_23",
    "cod_mun": 3503307,
    "mae": 0.7721582511773294,
    "rmse": 0.8580341901058847,
    "r2": -1.202029024225963,
    "n_train": 251,
    "n_test": 12
}