{
    "disease": "TX_hanseniase_00_23",
    "cod_mun": 3513405,
    "mae": 0.037995367383700795,
    "rmse": 0.06058850925116519,
    "r2": 0.0,
    "n_train": 251,
    "n_test": 12
}