{
    "disease": "sifilis",
    "cod_mun": 3522505,
    "mae": 0.43459147392096537,
    "rmse": 0.5558142328105645,
    "r2": 0.08340850349632434,
    "n_samples": 300
}