{
    "disease": "TX_tuberculose_00_23",
    "cod_mun": 3555000,
    "mae": 0.6541787499522895,
    "rmse": 0.7188967435411757,
    "r2": -0.11320856239615562,
    "n_train": 251,
    "n_test": 12
}