{
    "disease": "hanseniase",
    "cod_mun": 3509502,
    "mae": 0.08159976408843667,
    "rmse": 0.10569588716270256,
    "r2": 0.1772484741678918,
    "n_samples": 300
}