{
    "disease": "TX_sifilis_00_23",
    "cod_mun": 3507605,
    "mae": 0.2150734790908897,
    "rmse": 0.24301041773761822,
    "r2": -0.038172985226941236,
    "n_train": 251,
    "n_test": 12
}