{
    "disease": "TX_hanseniase_00_23",
    "cod_mun": 3549102,
    "mae": 0.09063654576812413,
    "rmse": 0.31244690312221557,
    "r2": -0.08919199016832802,
    "n_train": 251,
    "n_test": 12
}