{
    "disease": "TX_hanseniase_00_23",
    "cod_mun": 3533007,
    "mae": 0.028335521560317527,
    "rmse": 0.0456965110314865,
    "r2": 0.0,
    "n_train": 251,
    "n_test": 12
}