{
    "disease": "TX_hiv_aids_00_23",
    "cod_mun": 3501103,
    "mae": 0.028872642976542313,
    "rmse": 0.028943148729147484,
    "r2": 0.0,
    "n_train": 251,
    "n_test": 12
}