{
    "disease": "TX_hanseniase_00_23",
    "cod_mun": 3535804,
    "mae": 0.1543774058421453,
    "rmse": 0.15443056970873434,
    "r2": 0.0,
    "n_train": 251,
    "n_test": 12
}