{
    "disease": "hiv_aids",
    "cod_mun": 3534302,
    "mae": 0.4647377081249735,
    "rmse": 0.8608453967695944,
    "r2": 0.23505491337024398,
    "n_samples": 300
}