{
    "disease": "tuberculose",
    "cod_mun": 3516309,
    "mae": 0.39763104084724415,
    "rmse": 0.5800835643837654,
    "r2": 0.4462665058454105,
    "n_samples": 300
}