{
    "disease": "TX_tuberculose_00_23",
    "cod_mun": 3521101,
    "mae": 0.050323727540671825,
    "rmse": 0.05411614801378802,
    "r2": 0.0,
    "n_train": 251,
    "n_test": 12
}