{
    "disease": "TX_tuberculose_00_23",
    "cod_mun": 3511102,
    "mae": 0.6788965039643386,
    "rmse": 0.9137360820407922,
    "r2": -0.21275581532756682,
    "n_train": 251,
    "n_test": 12
}