{
    "disease": "hiv_aids",
    "cod_mun": 3553807,
    "mae": 1.708348042355091,
    "rmse": 1.9361913732933689,
    "r2": -0.07379713232273444,
    "n_samples": 300
}