{
    "disease": "TX_hanseniase_00_23",
    "cod_mun": 3510807,
    "mae": 0.0741905930141608,
    "rmse": 0.07419082858835963,
    "r2": 0.0,
    "n_train": 251,
    "n_test": 12
}