{
    "disease": "hanseniase",
    "cod_mun": 3535705,
    "mae": 0.004928589439981005,
    "rmse": 0.028190779355747653,
    "r2": 0.9992949414730304,
    "n_samples": 300
}