{
    "disease": "hiv_aids",
    "cod_mun": 3546256,
    "mae": 6.677801448117897,
    "rmse": 12.083265826604327,
    "r2": -0.03021818981346036,
    "n_samples": 300
}