{
    "disease": "tuberculose",
    "cod_mun": 3522208,
    "mae": 0.5169254536981572,
    "rmse": 0.6977765022418471,
    "r2": 0.4221229112441496,
    "n_samples": 300
}