{
    "disease": "sifilis",
    "cod_mun": 3523800,
    "mae": 0.09113426913392812,
    "rmse": 0.7332347300583157,
    "r2": 0.005052228611614917,
    "n_samples": 300
}