{
    "disease": "sifilis",
    "cod_mun": 3512902,
    "mae": 0.35331603626827784,
    "rmse": 1.5641474326784408,
    "r2": 0.0005914020954956856,
    "n_samples": 300
}