{
    "disease": "hanseniase",
    "cod_mun": 3523503,
    "mae": 0.10120908656450567,
    "rmse": 0.4890797322526932,
    "r2": 0.008303509611554905,
    "n_samples": 300
}