{
    "disease": "TX_tuberculose_00_23",
    "cod_mun": 3544251,
    "mae": 0.07925677796204884,
    "rmse": 0.07954845981869325,
    "r2": 0.0,
    "n_train": 251,
    "n_test": 12
}