{
    "disease": "sifilis",
    "cod_mun": 3510401,
    "mae": 0.2276102788473408,
    "rmse": 0.5177785386817726,
    "r2": 0.07713166188999154,
    "n_samples": 300
}