{
    "disease": "sifilis",
    "cod_mun": 3518602,
    "mae": 0.7854268364685572,
    "rmse": 1.7363458550114985,
    "r2": 0.1896323640417117,
    "n_samples": 300
}