{
    "disease": "TX_hiv_aids_00_23",
    "cod_mun": 3522307,
    "mae": 0.2230269444169715,
    "rmse": 0.28102824231752527,
    "r2": -0.174135804801558,
    "n_train": 251,
    "n_test": 12
}