{
    "disease": "TX_sifilis_00_23",
    "cod_mun": 3520301,
    "mae": 0.6642179740538504,
    "rmse": 1.3006855417517202,
    "r2": -0.10022544831323943,
    "n_train": 251,
    "n_test": 12
}