{
    "disease": "TX_hiv_aids_00_23",
    "cod_mun": 3528700,
    "mae": 1.0221712589263916,
    "rmse": 1.0221712589263916,
    "r2": 0.0,
    "n_train": 251,
    "n_test": 12
}