{
    "disease": "hanseniase",
    "cod_mun": 3549003,
    "mae": 0.2419389222420104,
    "rmse": 2.0589941408256816,
    "r2": 0.004540916049620702,
    "n_samples": 300
}