{
    "disease": "TX_hepatite_00_23",
    "cod_mun": 3534302,
    "mae": 0.045889473743348695,
    "rmse": 0.07718008979816698,
    "r2": 0.0,
    "n_train": 251,
    "n_test": 12
}