{
    "disease": "hiv_aids",
    "cod_mun": 3501400,
    "mae": 5.569827514541459,
    "rmse": 8.002902567444359,
    "r2": -0.035687943553529555,
    "n_samples": 300
}