{
    "disease": "TX_hepatite_00_23",
    "cod_mun": 3503356,
    "mae": 0.009873619545639182,
    "rmse": 0.011683585742531004,
    "r2": 0.0,
    "n_train": 251,
    "n_test": 12
}