{
    "disease": "TX_hiv_aids_00_23",
    "cod_mun": 3544400,
    "mae": 0.9747489541769028,
    "rmse": 0.9748264032085358,
    "r2": 0.0,
    "n_train": 251,
    "n_test": 12
}