{
    "disease": "sifilis",
    "cod_mun": 3528601,
    "mae": 0.5437503130739629,
    "rmse": 1.6430058375768866,
    "r2": 0.06801428480510974,
    "n_samples": 300
}