{
    "disease": "TX_hanseniase_00_23",
    "cod_mun": 3544004,
    "mae": 0.01972243222796048,
    "rmse": 0.05727600267778088,
    "r2": 0.0,
    "n_train": 251,
    "n_test": 12
}