{
    "disease": "sifilis",
    "cod_mun": 3502002,
    "mae": 0.4437094025383131,
    "rmse": 2.2235781680790807,
    "r2": 0.0003770706527729262,
    "n_samples": 300
}