{
    "disease": "hepatite",
    "cod_mun": 3532306,
    "mae": 0.48157849358902305,
    "rmse": 1.88566423037245,
    "r2": 0.0004101612915622388,
    "n_samples": 300
}