{
    "disease": "TX_hepatite_00_23",
    "cod_mun": 3522406,
    "mae": 0.18184986559698216,
    "rmse": 0.3049275855130633,
    "r2": -0.11077119131976731,
    "n_train": 251,
    "n_test": 12
}