{
    "disease": "hiv_aids",
    "cod_mun": 3515905,
    "mae": 2.494591211301391,
    "rmse": 6.971985380348136,
    "r2": 0.003894043052785845,
    "n_samples": 300
}