{
    "disease": "TX_hepatite_00_23",
    "cod_mun": 3522109,
    "mae": 0.5564421738442666,
    "rmse": 0.5598634263652839,
    "r2": -3.7796292806260414,
    "n_train": 251,
    "n_test": 12
}