{
    "disease": "hepatite",
    "cod_mun": 3542503,
    "mae": 0.5980709359075193,
    "rmse": 2.1267608930213573,
    "r2": 0.08664087753599392,
    "n_samples": 300
}