{
    "disease": "hanseniase",
    "cod_mun": 3549953,
    "mae": 0.04376108556291499,
    "rmse": 0.3673366987443223,
    "r2": 0.0030539768150900093,
    "n_samples": 300
}