{
    "disease": "hanseniase",
    "cod_mun": 3526704,
    "mae": 0.29683525712193026,
    "rmse": 0.49076559284841137,
    "r2": 0.07251921084792712,
    "n_samples": 300
}