{
    "disease": "TX_hepatite_00_23",
    "cod_mun": 3529609,
    "mae": 1.7012619972229004,
    "rmse": 1.7056155374076676,
    "r2": 0.0,
    "n_train": 251,
    "n_test": 12
}