{
    "disease": "hanseniase",
    "cod_mun": 3504107,
    "mae": 0.04010331634096449,
    "rmse": 0.12540990043004346,
    "r2": 0.003038197864544845,
    "n_samples": 300
}