{
    "disease": "hepatite",
    "cod_mun": 3548708,
    "mae": 0.11261905261212746,
    "rmse": 0.16116676431003937,
    "r2": 0.4046622394912348,
    "n_samples": 300
}