{
    "disease": "TX_hanseniase_00_23",
    "cod_mun": 3520103,
    "mae": 0.09458548823992412,
    "rmse": 0.09619866741185479,
    "r2": 0.0,
    "n_train": 251,
    "n_test": 12
}