{
    "disease": "TX_hepatite_00_23",
    "cod_mun": 3500907,
    "mae": 0.31165819863478345,
    "rmse": 0.31165895625950957,
    "r2": 0.0,
    "n_train": 251,
    "n_test": 12
}