{
    "disease": "TX_hanseniase_00_23",
    "cod_mun": 3551801,
    "mae": 0.00021997954111914927,
    "rmse": 0.0003449508830977864,
    "r2": 0.0,
    "n_train": 251,
    "n_test": 12
}