{
    "disease": "TX_hiv_aids_00_23",
    "cod_mun": 3533908,
    "mae": 0.7469638060830032,
    "rmse": 0.7769991042526996,
    "r2": -0.01108930796185148,
    "n_train": 251,
    "n_test": 12
}