{
    "disease": "hanseniase",
    "cod_mun": 3523602,
    "mae": 0.09122096942388636,
    "rmse": 0.6347152859092738,
    "r2": 0.646294578170683,
    "n_samples": 300
}