{
    "disease": "TX_sifilis_00_23",
    "cod_mun": 3550902,
    "mae": 0.08272629293302695,
    "rmse": 0.08272658191012833,
    "r2": 0.0,
    "n_train": 251,
    "n_test": 12
}