{
    "disease": "hanseniase",
    "cod_mun": 3511706,
    "mae": 0.0715962201607397,
    "rmse": 0.5370167952980294,
    "r2": 0.2055739822892989,
    "n_samples": 300
}