{
    "disease": "TX_hepatite_00_23",
    "cod_mun": 3525508,
    "mae": 1.572569904231926,
    "rmse": 2.203802443752938,
    "r2": -0.04493957595380893,
    "n_train": 251,
    "n_test": 12
}