{
    "disease": "TX_tuberculose_00_23",
    "cod_mun": 3531209,
    "mae": 0.08190136563886578,
    "rmse": 0.20753108678697674,
    "r2": 0.0,
    "n_train": 251,
    "n_test": 12
}