{
    "disease": "sifilis",
    "cod_mun": 3512001,
    "mae": 0.4175932703583686,
    "rmse": 1.0482665012622139,
    "r2": 0.04113989003134089,
    "n_samples": 300
}