{
    "disease": "TX_tuberculose_00_23",
    "cod_mun": 3549409,
    "mae": 0.3530240058588859,
    "rmse": 0.5766501812808669,
    "r2": -0.005370317240501521,
    "n_train": 251,
    "n_test": 12
}