{
    "disease": "hanseniase",
    "cod_mun": 3547650,
    "mae": 0.4667535355688754,
    "rmse": 3.9570058295780934,
    "r2": 0.00633971067462713,
    "n_samples": 300
}