{
    "disease": "sifilis",
    "cod_mun": 3513850,
    "mae": 0.43679414290518953,
    "rmse": 3.394223937654096,
    "r2": 0.010737368692300353,
    "n_samples": 300
}