{
    "disease": "hiv_aids",
    "cod_mun": 3538501,
    "mae": 1.1138663888146227,
    "rmse": 2.2315722834790304,
    "r2": 0.2677427140895028,
    "n_samples": 300
}