{
    "disease": "tuberculose",
    "cod_mun": 3552007,
    "mae": 0.44155947378164273,
    "rmse": 2.1890023910664267,
    "r2": 0.22959928049666967,
    "n_samples": 300
}