{
    "disease": "TX_tuberculose_00_23",
    "cod_mun": 3509254,
    "mae": 0.4836906615415324,
    "rmse": 0.9835145257151907,
    "r2": -0.052788548007831615,
    "n_train": 251,
    "n_test": 12
}