{
    "disease": "TX_sifilis_00_23",
    "cod_mun": 3529807,
    "mae": 0.14015096674362817,
    "rmse": 0.140164305200658,
    "r2": 0.0,
    "n_train": 251,
    "n_test": 12
}