{
    "disease": "tuberculose",
    "cod_mun": 3541307,
    "mae": 0.4540542338655096,
    "rmse": 0.8681894069340179,
    "r2": 0.1275219562512051,
    "n_samples": 300
}