{
    "disease": "TX_hiv_aids_00_23",
    "cod_mun": 3504701,
    "mae": 3.5679167062044144,
    "rmse": 5.705842543158318,
    "r2": 0.0,
    "n_train": 251,
    "n_test": 12
}