{
    "disease": "hepatite",
    "cod_mun": 3505203,
    "mae": 0.9159689372701311,
    "rmse": 1.496648475556774,
    "r2": 0.1840106004321579,
    "n_samples": 300
}