{
    "disease": "TX_hepatite_00_23",
    "cod_mun": 3511706,
    "mae": 0.14696350297890604,
    "rmse": 0.2779586027996659,
    "r2": 0.0,
    "n_train": 251,
    "n_test": 12
}