{
    "disease": "TX_hepatite_00_23",
    "cod_mun": 3508009,
    "mae": 0.1853778219471375,
    "rmse": 0.21096663833658746,
    "r2": 0.0,
    "n_train": 251,
    "n_test": 12
}