{
    "disease": "sifilis",
    "cod_mun": 3554607,
    "mae": 0.5066222775962621,
    "rmse": 3.068071652413773,
    "r2": 0.0006750109409461302,
    "n_samples": 300
}