{
    "disease": "sifilis",
    "cod_mun": 3520400,
    "mae": 0.3261659742108468,
    "rmse": 0.7321567761533521,
    "r2": 0.008960661702564265,
    "n_samples": 300
}