{
    "disease": "hiv_aids",
    "cod_mun": 3505807,
    "mae": 0.34609264053644434,
    "rmse": 0.8968191609564244,
    "r2": 0.00514320395377299,
    "n_samples": 300
}