{
    "disease": "sifilis",
    "cod_mun": 3504404,
    "mae": 0.4402164158407166,
    "rmse": 1.38408512430713,
    "r2": 0.0006405477043861518,
    "n_samples": 300
}