{
    "disease": "TX_tuberculose_00_23",
    "cod_mun": 3553906,
    "mae": 0.2557935247508188,
    "rmse": 0.6718995265732117,
    "r2": 0.0,
    "n_train": 251,
    "n_test": 12
}