{
    "disease": "TX_hiv_aids_00_23",
    "cod_mun": 3534302,
    "mae": 0.20380443086226782,
    "rmse": 0.23000351845184505,
    "r2": 0.0,
    "n_train": 251,
    "n_test": 12
}