{
    "disease": "hiv_aids",
    "cod_mun": 3503406,
    "mae": 0.00568719189757126,
    "rmse": 0.026762418448834355,
    "r2": 0.9993272237602993,
    "n_samples": 300
}