{
    "disease": "TX_sifilis_00_23",
    "cod_mun": 3528304,
    "mae": 2.7188753386248146,
    "rmse": 9.110658815655128,
    "r2": -0.08434785551816937,
    "n_train": 251,
    "n_test": 12
}