{
    "disease": "TX_hepatite_00_23",
    "cod_mun": 3515301,
    "mae": 0.09313615209733446,
    "rmse": 0.2571695659014968,
    "r2": 0.0,
    "n_train": 251,
    "n_test": 12
}