{
    "disease": "hanseniase",
    "cod_mun": 3551306,
    "mae": 0.6651726584704982,
    "rmse": 2.927701949182572,
    "r2": 0.4376018401797338,
    "n_samples": 300
}