{
    "disease": "hiv_aids",
    "cod_mun": 3503158,
    "mae": 0.004451677111557247,
    "rmse": 0.019036054723867914,
    "r2": 0.9999252408259173,
    "n_samples": 300
}