{
    "disease": "hiv_aids",
    "cod_mun": 3515608,
    "mae": 2.217376130967612,
    "rmse": 6.13329267451659,
    "r2": -0.1274726244807871,
    "n_samples": 300
}