{
    "disease": "TX_hiv_aids_00_23",
    "cod_mun": 3500303,
    "mae": 0.5504152253270149,
    "rmse": 0.6366074782321643,
    "r2": 0.0,
    "n_train": 251,
    "n_test": 12
}