{
    "disease": "hanseniase",
    "cod_mun": 3543303,
    "mae": 0.03545130057006116,
    "rmse": 0.1439836806942089,
    "r2": 0.00609415235090327,
    "n_samples": 300
}