{
    "disease": "TX_hepatite_00_23",
    "cod_mun": 3549201,
    "mae": 0.581990122795105,
    "rmse": 0.581990122795105,
    "r2": 0.0,
    "n_train": 251,
    "n_test": 12
}