{
    "disease": "TX_tuberculose_00_23",
    "cod_mun": 3509502,
    "mae": 0.5565352888441787,
    "rmse": 0.6695570048969399,
    "r2": -2.818929891760042,
    "n_train": 251,
    "n_test": 12
}