{
    "disease": "hiv_aids",
    "cod_mun": 3548302,
    "mae": 1.9895335390908353,
    "rmse": 6.204948293884205,
    "r2": 0.08384972811756852,
    "n_samples": 300
}