{
    "disease": "TX_hepatite_00_23",
    "cod_mun": 3519907,
    "mae": 2.1638293266296387,
    "rmse": 2.1638293266296387,
    "r2": 0.0,
    "n_train": 251,
    "n_test": 12
}