{
    "disease": "hepatite",
    "cod_mun": 3526506,
    "mae": 2.4651386318996886,
    "rmse": 4.778892232433915,
    "r2": 0.21629764232545767,
    "n_samples": 300
}