{
    "disease": "sifilis",
    "cod_mun": 3526001,
    "mae": 0.5108978748752937,
    "rmse": 1.1728089893164584,
    "r2": 0.09933284675431353,
    "n_samples": 300
}