{
    "disease": "TX_hiv_aids_00_23",
    "cod_mun": 3532405,
    "mae": 0.2867493974044919,
    "rmse": 0.49599950006853327,
    "r2": 0.0,
    "n_train": 251,
    "n_test": 12
}