{
    "disease": "hanseniase",
    "cod_mun": 3550506,
    "mae": 0.1844499230249162,
    "rmse": 1.1247579655896445,
    "r2": 0.004508013060109506,
    "n_samples": 300
}