{
    "disease": "sifilis",
    "cod_mun": 3512209,
    "mae": 0.34066706187617624,
    "rmse": 0.9916539027640467,
    "r2": 0.06873384646165703,
    "n_samples": 300
}