{
    "disease": "hiv_aids",
    "cod_mun": 3510500,
    "mae": 0.6845139604362933,
    "rmse": 1.069259000073313,
    "r2": 0.1684739251125581,
    "n_samples": 300
}