{
    "disease": "TX_hepatite_00_23",
    "cod_mun": 3508306,
    "mae": 0.20152959351738295,
    "rmse": 0.20290763416743474,
    "r2": 0.0,
    "n_train": 251,
    "n_test": 12
}