{
    "disease": "TX_hepatite_00_23",
    "cod_mun": 3519402,
    "mae": 1.5925049712291734,
    "rmse": 2.817207441237323,
    "r2": -0.2928454456605676,
    "n_train": 251,
    "n_test": 12
}