{
    "disease": "hanseniase",
    "cod_mun": 3526704,
    "mae": 0.30613509902184705,
    "rmse": 0.5078483635476037,
    "r2": 0.006827185554656667,
    "n_samples": 300
}