{
    "disease": "hanseniase",
    "cod_mun": 3532900,
    "mae": 0.14622265241306245,
    "rmse": 0.8960354195581556,
    "r2": 0.002515109229329404,
    "n_samples": 300
}