{
    "disease": "TX_hiv_aids_00_23",
    "cod_mun": 3515509,
    "mae": 0.8093525151837957,
    "rmse": 0.9366311894888,
    "r2": -0.10461534978618303,
    "n_train": 251,
    "n_test": 12
}