{
    "disease": "tuberculose",
    "cod_mun": 3557154,
    "mae": 0.2273286924005584,
    "rmse": 1.7120065109169853,
    "r2": 0.3663466530004107,
    "n_samples": 300
}