{
    "disease": "hanseniase",
    "cod_mun": 3523909,
    "mae": 0.4134102141677708,
    "rmse": 0.6178085250891399,
    "r2": 0.5640659113186397,
    "n_samples": 300
}