{
    "disease": "hiv_aids",
    "cod_mun": 3507605,
    "mae": 0.6241778952943358,
    "rmse": 0.891981371415634,
    "r2": 0.32387911834665584,
    "n_samples": 300
}