{
    "disease": "TX_hiv_aids_00_23",
    "cod_mun": 3553708,
    "mae": 1.3105161587397258,
    "rmse": 1.5448487456105813,
    "r2": -1.8853409161173404,
    "n_train": 251,
    "n_test": 12
}