{
    "disease": "tuberculose",
    "cod_mun": 3540200,
    "mae": 1.337982006710214,
    "rmse": 1.7476829617030099,
    "r2": 0.0773405528027612,
    "n_samples": 300
}