{
    "disease": "hiv_aids",
    "cod_mun": 3518206,
    "mae": 1.1585987736944003,
    "rmse": 1.535789306815248,
    "r2": -0.23179063825662527,
    "n_samples": 300
}