{
    "disease": "TX_hiv_aids_00_23",
    "cod_mun": 3528601,
    "mae": 0.8202363948027293,
    "rmse": 0.8210670370859892,
    "r2": 0.0,
    "n_train": 251,
    "n_test": 12
}