{
    "disease": "TX_hanseniase_00_23",
    "cod_mun": 3549003,
    "mae": 0.1107313750932614,
    "rmse": 0.11073218041960924,
    "r2": 0.0,
    "n_train": 251,
    "n_test": 12
}