{
    "disease": "TX_hanseniase_00_23",
    "cod_mun": 3554201,
    "mae": 0.013938109390437603,
    "rmse": 0.013940231418562944,
    "r2": 0.0,
    "n_train": 251,
    "n_test": 12
}