{
    "disease": "TX_sifilis_00_23",
    "cod_mun": 3501152,
    "mae": 1.0536075439228176,
    "rmse": 2.3296731047886996,
    "r2": -0.15202806342209452,
    "n_train": 251,
    "n_test": 12
}