{
    "disease": "tuberculose",
    "cod_mun": 3503505,
    "mae": 0.1753724816477072,
    "rmse": 1.500924838818112,
    "r2": 0.003233513055973747,
    "n_samples": 300
}