{
    "disease": "tuberculose",
    "cod_mun": 3544202,
    "mae": 0.4594176556976337,
    "rmse": 1.4042920472721971,
    "r2": 0.0786716971854714,
    "n_samples": 300
}