{
    "disease": "hanseniase",
    "cod_mun": 3504503,
    "mae": 0.02315185728523064,
    "rmse": 0.11613232239893574,
    "r2": 5.51083931308316e-05,
    "n_samples": 300
}