{
    "disease": "hepatite",
    "cod_mun": 3532207,
    "mae": 0.9484831164560923,
    "rmse": 3.0139823431397565,
    "r2": 0.04785893918254103,
    "n_samples": 300
}