{
    "disease": "tuberculose",
    "cod_mun": 3502903,
    "mae": 0.5797904383268421,
    "rmse": 1.33781191498389,
    "r2": 0.21321157756685472,
    "n_samples": 300
}