{
    "disease": "TX_tuberculose_00_23",
    "cod_mun": 3551207,
    "mae": 0.02730735158547759,
    "rmse": 0.027309213005442125,
    "r2": 0.0,
    "n_train": 251,
    "n_test": 12
}