{
    "disease": "hanseniase",
    "cod_mun": 3503802,
    "mae": 0.10564943221075518,
    "rmse": 0.35105130015994945,
    "r2": 0.049812251321062595,
    "n_samples": 300
}