{
    "disease": "TX_hiv_aids_00_23",
    "cod_mun": 3526308,
    "mae": 0.6120678335428238,
    "rmse": 0.6144861474824361,
    "r2": 0.0,
    "n_train": 251,
    "n_test": 12
}