{
    "disease": "TX_hepatite_00_23",
    "cod_mun": 3534104,
    "mae": 0.4085214187701543,
    "rmse": 0.46163483160251273,
    "r2": 0.0,
    "n_train": 251,
    "n_test": 12
}