{
    "disease": "hiv_aids",
    "cod_mun": 3520442,
    "mae": 0.27989653101581075,
    "rmse": 0.8101871051732255,
    "r2": 0.0013416092710640815,
    "n_samples": 300
}