{
    "disease": "hiv_aids",
    "cod_mun": 3554805,
    "mae": 0.7900019413652243,
    "rmse": 1.3168367041094706,
    "r2": 0.6442764976616473,
    "n_samples": 300
}