{
    "disease": "tuberculose",
    "cod_mun": 3520905,
    "mae": 0.5591268787023915,
    "rmse": 1.3305811887885775,
    "r2": 0.4648743944672197,
    "n_samples": 300
}