{
    "disease": "sifilis",
    "cod_mun": 3512308,
    "mae": 0.2204935456848701,
    "rmse": 0.9070389240070554,
    "r2": 0.05559563583312577,
    "n_samples": 300
}