{
    "disease": "hanseniase",
    "cod_mun": 3508108,
    "mae": 0.1318279121123508,
    "rmse": 0.6553239720277487,
    "r2": 0.0010253147636467563,
    "n_samples": 300
}