{
    "disease": "hepatite",
    "cod_mun": 3507100,
    "mae": 0.3824906343999,
    "rmse": 1.2041802939904618,
    "r2": 0.01124710616454161,
    "n_samples": 300
}