{
    "disease": "TX_tuberculose_00_23",
    "cod_mun": 3515400,
    "mae": 1.1707645283797896,
    "rmse": 2.3521415865835733,
    "r2": -0.12188114951955642,
    "n_train": 251,
    "n_test": 12
}