{
    "disease": "hanseniase",
    "cod_mun": 3515509,
    "mae": 0.6576448446960442,
    "rmse": 0.8754520760373253,
    "r2": 0.1343838353840089,
    "n_samples": 300
}