{
    "disease": "hanseniase",
    "cod_mun": 3505302,
    "mae": 0.1052087152337531,
    "rmse": 0.4260747936211264,
    "r2": 0.057974962009533115,
    "n_samples": 300
}