{
    "disease": "hanseniase",
    "cod_mun": 3539707,
    "mae": 0.017178523134673756,
    "rmse": 0.11057450949479751,
    "r2": 0.9969749207957765,
    "n_samples": 300
}