{
    "disease": "hanseniase",
    "cod_mun": 3517802,
    "mae": 0.22919399299102697,
    "rmse": 1.1459888341016358,
    "r2": 0.00036055315355154605,
    "n_samples": 300
}