{
    "disease": "TX_sifilis_00_23",
    "cod_mun": 3505609,
    "mae": 0.4208594121176994,
    "rmse": 0.853422666777233,
    "r2": -0.004914165769867029,
    "n_train": 251,
    "n_test": 12
}