{
    "disease": "hepatite",
    "cod_mun": 3554607,
    "mae": 0.2604607010036808,
    "rmse": 2.1806850656934467,
    "r2": 0.0069096517270029745,
    "n_samples": 300
}