{
    "disease": "TX_tuberculose_00_23",
    "cod_mun": 3532306,
    "mae": 1.858474607689132,
    "rmse": 3.9899434312363415,
    "r2": -0.010406366551119373,
    "n_train": 251,
    "n_test": 12
}