{
    "disease": "TX_tuberculose_00_23",
    "cod_mun": 3509601,
    "mae": 0.3697660884565425,
    "rmse": 0.4643115297394317,
    "r2": -0.02735356327826466,
    "n_train": 251,
    "n_test": 12
}