{
    "disease": "hanseniase",
    "cod_mun": 3515707,
    "mae": 0.06883757521056474,
    "rmse": 0.13291171481753314,
    "r2": 0.24462596381957358,
    "n_samples": 300
}