{
    "disease": "TX_hepatite_00_23",
    "cod_mun": 3517000,
    "mae": 0.5243532359600067,
    "rmse": 0.714036075368615,
    "r2": 0.0,
    "n_train": 251,
    "n_test": 12
}