{
    "disease": "TX_sifilis_00_23",
    "cod_mun": 3553658,
    "mae": 0.00011820682478476859,
    "rmse": 0.00016018185305221157,
    "r2": 0.0,
    "n_train": 251,
    "n_test": 12
}