{
    "disease": "TX_sifilis_00_23",
    "cod_mun": 3547502,
    "mae": 1.2371099426127328,
    "rmse": 2.51854458054116,
    "r2": -0.10668486020640655,
    "n_train": 251,
    "n_test": 12
}