{
    "disease": "TX_sifilis_00_23",
    "cod_mun": 3525607,
    "mae": 0.019069996662437916,
    "rmse": 0.019481945134565613,
    "r2": 0.0,
    "n_train": 251,
    "n_test": 12
}