{
    "disease": "sifilis",
    "cod_mun": 3513801,
    "mae": 0.33541066399962194,
    "rmse": 0.457295184189416,
    "r2": 0.4403559030820908,
    "n_samples": 300
}