{
    "disease": "hepatite",
    "cod_mun": 3539509,
    "mae": 0.20319144813523493,
    "rmse": 0.5153568156614748,
    "r2": 0.10035134684572944,
    "n_samples": 300
}