{
    "disease": "sifilis",
    "cod_mun": 3544301,
    "mae": 0.23115252883985873,
    "rmse": 0.8699227973405486,
    "r2": 0.8141598351567326,
    "n_samples": 300
}