{
    "disease": "TX_hanseniase_00_23",
    "cod_mun": 3528601,
    "mae": 0.038450755178928375,
    "rmse": 0.038450755178928375,
    "r2": 0.0,
    "n_train": 251,
    "n_test": 12
}