{
    "disease": "hepatite",
    "cod_mun": 3556800,
    "mae": 0.2782578251522431,
    "rmse": 0.9214543550512556,
    "r2": 0.1452368847688682,
    "n_samples": 300
}