{
    "disease": "sifilis",
    "cod_mun": 3511409,
    "mae": 0.591734510381533,
    "rmse": 1.372310387737787,
    "r2": 0.12137727864078807,
    "n_samples": 300
}