{
    "disease": "tuberculose",
    "cod_mun": 3518503,
    "mae": 1.1706198689142073,
    "rmse": 2.136200749833991,
    "r2": 0.1183644447052653,
    "n_samples": 300
}