{
    "disease": "hanseniase",
    "cod_mun": 3514007,
    "mae": 0.09410806325567797,
    "rmse": 0.8138775954631762,
    "r2": 0.0031009497245878537,
    "n_samples": 300
}