{
    "disease": "tuberculose",
    "cod_mun": 3539202,
    "mae": 0.0557897945498291,
    "rmse": 0.33276588754925457,
    "r2": 0.006658647323059652,
    "n_samples": 300
}