{
    "disease": "hepatite",
    "cod_mun": 3518701,
    "mae": 0.12844803768950513,
    "rmse": 0.233355958071907,
    "r2": 0.5054544698795483,
    "n_samples": 300
}