{
    "disease": "hiv_aids",
    "cod_mun": 3556354,
    "mae": 0.29831884835618866,
    "rmse": 1.3209378170959154,
    "r2": 0.0009765891400743687,
    "n_samples": 300
}