{
    "disease": "TX_sifilis_00_23",
    "cod_mun": 3552601,
    "mae": 0.8075353082834437,
    "rmse": 2.529378657392829,
    "r2": -0.0737928825409313,
    "n_train": 251,
    "n_test": 12
}