{
    "disease": "hepatite",
    "cod_mun": 3526902,
    "mae": 0.26476835800359166,
    "rmse": 0.47480369308323833,
    "r2": 0.6244770545359455,
    "n_samples": 300
}