{
    "disease": "TX_sifilis_00_23",
    "cod_mun": 3511409,
    "mae": 0.7494139835164321,
    "rmse": 1.4026126434403514,
    "r2": -0.18384506417959634,
    "n_train": 251,
    "n_test": 12
}