{
    "disease": "hiv_aids",
    "cod_mun": 3515707,
    "mae": 0.47316754017231677,
    "rmse": 0.6239585658953368,
    "r2": 0.2207423844482953,
    "n_samples": 300
}