{
    "disease": "TX_tuberculose_00_23",
    "cod_mun": 3535606,
    "mae": 0.9238368983341356,
    "rmse": 1.5294360636140343,
    "r2": -0.0039809285809770945,
    "n_train": 251,
    "n_test": 12
}