{
    "disease": "TX_sifilis_00_23",
    "cod_mun": 3554953,
    "mae": 0.2858949004051586,
    "rmse": 0.43184231627202035,
    "r2": 0.0,
    "n_train": 251,
    "n_test": 12
}