{
    "disease": "tuberculose",
    "cod_mun": 3509007,
    "mae": 0.3355413290388448,
    "rmse": 0.7047740035906069,
    "r2": 0.16512898358275852,
    "n_samples": 300
}