{
    "disease": "sifilis",
    "cod_mun": 3511300,
    "mae": 0.32219185321011956,
    "rmse": 1.71895571191034,
    "r2": 0.13228363897201545,
    "n_samples": 300
}