{
    "disease": "hiv_aids",
    "cod_mun": 3535101,
    "mae": 4.6825311658171405,
    "rmse": 7.944659807554514,
    "r2": 0.10557464729052768,
    "n_samples": 300
}