{
    "disease": "hiv_aids",
    "cod_mun": 3540705,
    "mae": 0.6580219140289557,
    "rmse": 1.0862872787653957,
    "r2": 0.10745592909737667,
    "n_samples": 300
}