{
    "disease": "sifilis",
    "cod_mun": 3550100,
    "mae": 0.5365553954264776,
    "rmse": 1.334702686054504,
    "r2": -0.06223431775213406,
    "n_samples": 300
}