{
    "disease": "sifilis",
    "cod_mun": 3539707,
    "mae": 0.3430006549000017,
    "rmse": 2.7851959720413966,
    "r2": 0.014050933103933572,
    "n_samples": 300
}