{
    "disease": "sifilis",
    "cod_mun": 3513009,
    "mae": 0.14957271449976564,
    "rmse": 0.2577877308809432,
    "r2": 0.05802388727020791,
    "n_samples": 300
}