{
    "disease": "TX_hiv_aids_00_23",
    "cod_mun": 3556404,
    "mae": 0.5454551830995328,
    "rmse": 0.7329568598522486,
    "r2": -0.0994563626317615,
    "n_train": 251,
    "n_test": 12
}