{
    "disease": "hanseniase",
    "cod_mun": 3518701,
    "mae": 0.19960743304399903,
    "rmse": 0.38117235429635127,
    "r2": 0.40977953952665225,
    "n_samples": 300
}