{
    "disease": "hanseniase",
    "cod_mun": 3557154,
    "mae": 0.6315253847342936,
    "rmse": 3.8231231866392905,
    "r2": 0.0038890027350481082,
    "n_samples": 300
}