{
    "disease": "TX_hanseniase_00_23",
    "cod_mun": 3504909,
    "mae": 0.31393899307780276,
    "rmse": 1.0179940126287057,
    "r2": 0.0,
    "n_train": 251,
    "n_test": 12
}