{
    "disease": "hepatite",
    "cod_mun": 3506805,
    "mae": 0.6597789334168933,
    "rmse": 1.9163942513954846,
    "r2": 0.06781655917518836,
    "n_samples": 300
}