{
    "disease": "TX_hanseniase_00_23",
    "cod_mun": 3531209,
    "mae": 0.08745847797642152,
    "rmse": 0.11674210967298831,
    "r2": 0.0,
    "n_train": 251,
    "n_test": 12
}