{
    "disease": "sifilis",
    "cod_mun": 3512605,
    "mae": 0.4887643416751278,
    "rmse": 1.921331670978265,
    "r2": 0.20433684768283988,
    "n_samples": 300
}