{
    "disease": "TX_sifilis_00_23",
    "cod_mun": 3522208,
    "mae": 0.34665501491388045,
    "rmse": 0.48751541009291727,
    "r2": 0.04382947993824615,
    "n_train": 251,
    "n_test": 12
}