{
    "disease": "sifilis",
    "cod_mun": 3529708,
    "mae": 0.30350827352744875,
    "rmse": 0.7258488844929121,
    "r2": 0.003627731293590064,
    "n_samples": 300
}