{
    "disease": "sifilis",
    "cod_mun": 3521606,
    "mae": 0.5634441645278382,
    "rmse": 2.2844814429742692,
    "r2": 0.10874036823147393,
    "n_samples": 300
}