{
    "disease": "TX_hanseniase_00_23",
    "cod_mun": 3502101,
    "mae": 0.17690129335118696,
    "rmse": 0.4956472969638746,
    "r2": -0.13716512122442648,
    "n_train": 251,
    "n_test": 12
}