{
    "disease": "hanseniase",
    "cod_mun": 3512407,
    "mae": 0.07303841258184435,
    "rmse": 0.4191508989884503,
    "r2": 0.009507158127490367,
    "n_samples": 300
}