{
    "disease": "sifilis",
    "cod_mun": 3554953,
    "mae": 0.14479461133113988,
    "rmse": 1.0852882764050789,
    "r2": 0.12419418943401772,
    "n_samples": 300
}