{
    "disease": "TX_hepatite_00_23",
    "cod_mun": 3541802,
    "mae": 0.5256551770338168,
    "rmse": 1.7426146028196239,
    "r2": 0.0,
    "n_train": 251,
    "n_test": 12
}