{
    "disease": "TX_sifilis_00_23",
    "cod_mun": 3519253,
    "mae": 0.00576853232147793,
    "rmse": 0.00577066329596363,
    "r2": 0.0,
    "n_train": 251,
    "n_test": 12
}