{
    "disease": "hiv_aids",
    "cod_mun": 3554656,
    "mae": 0.29660052419287725,
    "rmse": 2.438149831769107,
    "r2": 0.008471915702099042,
    "n_samples": 300
}