{
    "disease": "sifilis",
    "cod_mun": 3540200,
    "mae": 0.7374627030671455,
    "rmse": 1.5953843926734328,
    "r2": 0.009964304870253016,
    "n_samples": 300
}