{
    "disease": "hepatite",
    "cod_mun": 3514601,
    "mae": 0.14105481588664945,
    "rmse": 0.868803833705495,
    "r2": 0.003647414487236378,
    "n_samples": 300
}