{
    "disease": "hiv_aids",
    "cod_mun": 3550506,
    "mae": 1.0235246915460798,
    "rmse": 3.7871771110087247,
    "r2": 0.04259505774942063,
    "n_samples": 300
}