{
    "disease": "hiv_aids",
    "cod_mun": 3544905,
    "mae": 0.6014663223878961,
    "rmse": 3.5778344827583837,
    "r2": 0.9128135000490548,
    "n_samples": 300
}