{
    "disease": "hiv_aids",
    "cod_mun": 3553302,
    "mae": 1.0574309957843828,
    "rmse": 1.7292879636130702,
    "r2": 0.17681553122722427,
    "n_samples": 300
}