{
    "disease": "hiv_aids",
    "cod_mun": 3546256,
    "mae": 4.002557942738322,
    "rmse": 11.373382262167901,
    "r2": 0.0872752523918392,
    "n_samples": 300
}