{
    "disease": "hiv_aids",
    "cod_mun": 3501152,
    "mae": 0.8870278809115462,
    "rmse": 2.3115988044828306,
    "r2": -0.13841338655029167,
    "n_samples": 300
}