{
    "disease": "TX_hiv_aids_00_23",
    "cod_mun": 3519253,
    "mae": 4.509489573650247,
    "rmse": 4.969837920826149,
    "r2": -1.0740099963373186,
    "n_train": 251,
    "n_test": 12
}