{
    "disease": "hanseniase",
    "cod_mun": 3504206,
    "mae": 0.35591836975677016,
    "rmse": 1.2070374463850784,
    "r2": 0.19162779342346414,
    "n_samples": 300
}