{
    "disease": "TX_hepatite_00_23",
    "cod_mun": 3544004,
    "mae": 0.5702587923806526,
    "rmse": 0.9049322604327855,
    "r2": -0.06391216595425608,
    "n_train": 251,
    "n_test": 12
}