{
    "disease": "TX_sifilis_00_23",
    "cod_mun": 3535309,
    "mae": 0.6966044171947008,
    "rmse": 1.4167196715415833,
    "r2": -0.005150166206864704,
    "n_train": 251,
    "n_test": 12
}