{
    "disease": "TX_hanseniase_00_23",
    "cod_mun": 3535408,
    "mae": 0.005748844666716953,
    "rmse": 0.005748940305032562,
    "r2": 0.0,
    "n_train": 251,
    "n_test": 12
}