{
    "disease": "sifilis",
    "cod_mun": 3531605,
    "mae": 0.4856150145137939,
    "rmse": 3.080472380436431,
    "r2": 0.003896449147177794,
    "n_samples": 300
}