{
    "disease": "sifilis",
    "cod_mun": 3533254,
    "mae": 0.7699725024978789,
    "rmse": 2.8033186307291045,
    "r2": 0.007828174248497688,
    "n_samples": 300
}