{
    "disease": "sifilis",
    "cod_mun": 3533403,
    "mae": 0.14010653703165982,
    "rmse": 0.29799622295907385,
    "r2": 0.042322086017831384,
    "n_samples": 300
}