{
    "disease": "TX_hepatite_00_23",
    "cod_mun": 3541505,
    "mae": 0.09160859634478886,
    "rmse": 0.09185103455957988,
    "r2": 0.0,
    "n_train": 251,
    "n_test": 12
}