{
    "disease": "TX_hepatite_00_23",
    "cod_mun": 3502408,
    "mae": 0.025246357079595327,
    "rmse": 0.02551161987961401,
    "r2": 0.0,
    "n_train": 251,
    "n_test": 12
}