{
    "disease": "TX_hepatite_00_23",
    "cod_mun": 3533809,
    "mae": 0.08842902754743893,
    "rmse": 0.08844163530064508,
    "r2": 0.0,
    "n_train": 251,
    "n_test": 12
}