{
    "disease": "hiv_aids",
    "cod_mun": 3557204,
    "mae": 1.1467729723083573,
    "rmse": 1.9066125762676178,
    "r2": -0.015057117462300651,
    "n_samples": 300
}