{
    "disease": "TX_tuberculose_00_23",
    "cod_mun": 3548807,
    "mae": 0.7359842133112791,
    "rmse": 0.9071115652014867,
    "r2": -0.4530978069882827,
    "n_train": 251,
    "n_test": 12
}