{
    "disease": "TX_hanseniase_00_23",
    "cod_mun": 3502705,
    "mae": 0.06380380628009637,
    "rmse": 0.06380386753721569,
    "r2": 0.0,
    "n_train": 251,
    "n_test": 12
}