{
    "disease": "TX_hepatite_00_23",
    "cod_mun": 3548906,
    "mae": 0.04982640553498641,
    "rmse": 0.06576563899310955,
    "r2": 0.0,
    "n_train": 251,
    "n_test": 12
}