{
    "disease": "hiv_aids",
    "cod_mun": 3527306,
    "mae": 1.3338847324768965,
    "rmse": 1.6560044495612198,
    "r2": 0.027962204752680853,
    "n_samples": 300
}