{
    "disease": "TX_sifilis_00_23",
    "cod_mun": 3522653,
    "mae": 0.2504330550630887,
    "rmse": 0.2504549763512279,
    "r2": 0.0,
    "n_train": 251,
    "n_test": 12
}