{
    "disease": "sifilis",
    "cod_mun": 3514007,
    "mae": 0.3341044067248795,
    "rmse": 1.3597057346448638,
    "r2": 0.13198135984392845,
    "n_samples": 300
}