{
    "disease": "hiv_aids",
    "cod_mun": 3553203,
    "mae": 0.8564347979872362,
    "rmse": 3.164563298277184,
    "r2": 0.028896795119523477,
    "n_samples": 300
}