{
    "disease": "tuberculose",
    "cod_mun": 3519055,
    "mae": 0.4075211621813829,
    "rmse": 1.111749946249789,
    "r2": 0.8779093796141854,
    "n_samples": 300
}