{
    "disease": "tuberculose",
    "cod_mun": 3517109,
    "mae": 0.28427999497890144,
    "rmse": 1.7442672163040212,
    "r2": 0.00035905008951964135,
    "n_samples": 300
}