{
    "disease": "hanseniase",
    "cod_mun": 3507308,
    "mae": 0.006166961397520326,
    "rmse": 0.027608983239806057,
    "r2": 0.9995478917444488,
    "n_samples": 300
}