{
    "disease": "TX_hanseniase_00_23",
    "cod_mun": 3519600,
    "mae": 0.03228067695939293,
    "rmse": 0.04332280446860235,
    "r2": 0.0,
    "n_train": 251,
    "n_test": 12
}