{
    "disease": "hiv_aids",
    "cod_mun": 3526407,
    "mae": 0.4383995096964452,
    "rmse": 1.0615427163844622,
    "r2": 0.06303776488308965,
    "n_samples": 300
}