{
    "disease": "tuberculose",
    "cod_mun": 3556404,
    "mae": 0.7646803890506576,
    "rmse": 1.4282480754655826,
    "r2": 0.18974481095886486,
    "n_samples": 300
}