{
    "disease": "TX_hepatite_00_23",
    "cod_mun": 3546900,
    "mae": 1.296140370949005,
    "rmse": 4.097369577756298,
    "r2": -0.07813304849861136,
    "n_train": 251,
    "n_test": 12
}