{
    "disease": "hiv_aids",
    "cod_mun": 3526803,
    "mae": 0.7522533596648664,
    "rmse": 1.169288938237614,
    "r2": 0.3727362694594706,
    "n_samples": 300
}