{
    "disease": "tuberculose",
    "cod_mun": 3518800,
    "mae": 0.1949344642364389,
    "rmse": 0.2550567269024668,
    "r2": 0.8189451581314289,
    "n_samples": 300
}