{
    "disease": "tuberculose",
    "cod_mun": 3509601,
    "mae": 0.6962234268127319,
    "rmse": 1.0221912672669875,
    "r2": 0.266189565317856,
    "n_samples": 300
}