{
    "disease": "hiv_aids",
    "cod_mun": 3501806,
    "mae": 2.4183007569212416,
    "rmse": 4.5992470662106575,
    "r2": 0.0010304556087064043,
    "n_samples": 300
}