{
    "disease": "hanseniase",
    "cod_mun": 3547700,
    "mae": 0.4460678211226484,
    "rmse": 1.0547001330146155,
    "r2": 0.15348678349049705,
    "n_samples": 300
}