{
    "disease": "TX_sifilis_00_23",
    "cod_mun": 3541208,
    "mae": 0.12914200872182846,
    "rmse": 0.12914207852558707,
    "r2": 0.0,
    "n_train": 251,
    "n_test": 12
}