{
    "disease": "sifilis",
    "cod_mun": 3548005,
    "mae": 0.1865385929553077,
    "rmse": 0.7325558178766667,
    "r2": 0.13934936728109448,
    "n_samples": 300
}