{
    "disease": "TX_tuberculose_00_23",
    "cod_mun": 3543907,
    "mae": 0.388627031322557,
    "rmse": 0.45457113124025283,
    "r2": -0.38518962064088047,
    "n_train": 251,
    "n_test": 12
}