{
    "disease": "TX_sifilis_00_23",
    "cod_mun": 3500402,
    "mae": 0.023172027998953126,
    "rmse": 0.07670138529679715,
    "r2": 0.0,
    "n_train": 251,
    "n_test": 12
}