{
    "disease": "TX_hepatite_00_23",
    "cod_mun": 3511904,
    "mae": 3.4339710563392885,
    "rmse": 5.8792848592795535,
    "r2": -0.22123089141405705,
    "n_train": 251,
    "n_test": 12
}