{
    "disease": "sifilis",
    "cod_mun": 3514601,
    "mae": 0.2280097561362913,
    "rmse": 1.172963621572014,
    "r2": 0.00043474461988712854,
    "n_samples": 300
}