{
    "disease": "tuberculose",
    "cod_mun": 3550001,
    "mae": 1.0252911123609214,
    "rmse": 2.6861653989698335,
    "r2": 0.5779094496368711,
    "n_samples": 300
}