{
    "disease": "tuberculose",
    "cod_mun": 3502200,
    "mae": 0.18198145172451732,
    "rmse": 0.7830104164618953,
    "r2": 0.13941644312012758,
    "n_samples": 300
}