{
    "disease": "TX_hepatite_00_23",
    "cod_mun": 3505609,
    "mae": 0.1403215453028679,
    "rmse": 0.15393628011001423,
    "r2": 0.0,
    "n_train": 251,
    "n_test": 12
}