{
    "disease": "TX_hepatite_00_23",
    "cod_mun": 3538105,
    "mae": 0.5713922611143402,
    "rmse": 1.97856104031918,
    "r2": -0.09088582124743105,
    "n_train": 251,
    "n_test": 12
}