{
    "disease": "TX_sifilis_00_23",
    "cod_mun": 3533007,
    "mae": 0.07792397014175852,
    "rmse": 0.1390799523722618,
    "r2": 0.0,
    "n_train": 251,
    "n_test": 12
}