{
    "disease": "TX_hanseniase_00_23",
    "cod_mun": 3512209,
    "mae": 0.04428162006661296,
    "rmse": 0.07002847924562287,
    "r2": 0.0,
    "n_train": 251,
    "n_test": 12
}