{
    "disease": "hepatite",
    "cod_mun": 3512704,
    "mae": 1.7744006384247488,
    "rmse": 4.689277733231932,
    "r2": 0.001323625641297288,
    "n_samples": 300
}