{
    "disease": "sifilis",
    "cod_mun": 3530300,
    "mae": 0.22348021271562543,
    "rmse": 0.4429397752406055,
    "r2": 0.034967061159910884,
    "n_samples": 300
}