{
    "disease": "TX_hepatite_00_23",
    "cod_mun": 3553658,
    "mae": 2.6976561546325684,
    "rmse": 2.6976561546325684,
    "r2": 0.0,
    "n_train": 251,
    "n_test": 12
}