{
    "disease": "TX_sifilis_00_23",
    "cod_mun": 3552403,
    "mae": 0.11736070754398596,
    "rmse": 0.1452097115983395,
    "r2": 0.02711211934637714,
    "n_train": 251,
    "n_test": 12
}