{
    "disease": "TX_tuberculose_00_23",
    "cod_mun": 3521705,
    "mae": 0.6380564868450165,
    "rmse": 0.6457347600031185,
    "r2": 0.0,
    "n_train": 251,
    "n_test": 12
}