{
    "disease": "tuberculose",
    "cod_mun": 3522158,
    "mae": 2.3084843793269734,
    "rmse": 5.710920057597533,
    "r2": 0.5443767581009049,
    "n_samples": 300
}