{
    "disease": "TX_hepatite_00_23",
    "cod_mun": 3515350,
    "mae": 5.573910266347443,
    "rmse": 7.591913718876151,
    "r2": 0.0020028721548563944,
    "n_train": 251,
    "n_test": 12
}