{
    "disease": "sifilis",
    "cod_mun": 3512001,
    "mae": 0.422678333207843,
    "rmse": 1.0468472485802371,
    "r2": 0.04373454232755114,
    "n_samples": 300
}