{
    "disease": "hiv_aids",
    "cod_mun": 3508306,
    "mae": 3.3304299978548437,
    "rmse": 5.5286878752432775,
    "r2": 0.05186921960943658,
    "n_samples": 300
}