{
    "disease": "TX_sifilis_00_23",
    "cod_mun": 3506300,
    "mae": 0.07271984052689125,
    "rmse": 0.2365802752316151,
    "r2": 0.0,
    "n_train": 251,
    "n_test": 12
}