{
    "disease": "TX_sifilis_00_23",
    "cod_mun": 3557006,
    "mae": 0.8640406295326931,
    "rmse": 1.151722993388057,
    "r2": -0.6079473067914665,
    "n_train": 251,
    "n_test": 12
}