{
    "disease": "hepatite",
    "cod_mun": 3529500,
    "mae": 0.3459530610297235,
    "rmse": 2.0608436921320084,
    "r2": 0.006727381065962934,
    "n_samples": 300
}