{
    "disease": "sifilis",
    "cod_mun": 3515350,
    "mae": 0.47157858578380946,
    "rmse": 1.6732957656967133,
    "r2": 0.0808318343702239,
    "n_samples": 300
}