{
    "disease": "TX_hepatite_00_23",
    "cod_mun": 3515400,
    "mae": 0.027001600537914783,
    "rmse": 0.08537757404515432,
    "r2": 0.0,
    "n_train": 251,
    "n_test": 12
}