{
    "disease": "hanseniase",
    "cod_mun": 3551009,
    "mae": 0.0671889343419852,
    "rmse": 0.10750072811107021,
    "r2": 0.2524139403110661,
    "n_samples": 300
}