{
    "disease": "hepatite",
    "cod_mun": 3544608,
    "mae": 0.2544579953450891,
    "rmse": 1.5505188130213372,
    "r2": 0.0026871704958302267,
    "n_samples": 300
}