{
    "disease": "hiv_aids",
    "cod_mun": 3539400,
    "mae": 2.4612638433295833,
    "rmse": 3.7855732801698845,
    "r2": -0.0010872181425374272,
    "n_samples": 300
}