{
    "disease": "hiv_aids",
    "cod_mun": 3509254,
    "mae": 1.1737363132522312,
    "rmse": 1.5246294784356296,
    "r2": 0.042646135595521995,
    "n_samples": 300
}