{
    "disease": "hiv_aids",
    "cod_mun": 3553708,
    "mae": 1.6977050167446777,
    "rmse": 2.30183936656859,
    "r2": 0.4610927998321065,
    "n_samples": 300
}