{
    "disease": "TX_tuberculose_00_23",
    "cod_mun": 3555109,
    "mae": 1.2880887216683063,
    "rmse": 2.4277758069530098,
    "r2": -0.06464586746629086,
    "n_train": 251,
    "n_test": 12
}