{
    "disease": "sifilis",
    "cod_mun": 3553005,
    "mae": 0.2416552507559139,
    "rmse": 0.8724122448063165,
    "r2": 0.17127534051490922,
    "n_samples": 300
}