{
    "disease": "tuberculose",
    "cod_mun": 3546108,
    "mae": 0.3147302889641028,
    "rmse": 2.686410377251349,
    "r2": 0.004252170218633999,
    "n_samples": 300
}