{
    "disease": "TX_tuberculose_00_23",
    "cod_mun": 3542503,
    "mae": 2.6582479659158147,
    "rmse": 3.703122385958731,
    "r2": -0.045641138386539604,
    "n_train": 251,
    "n_test": 12
}