{
    "disease": "TX_tuberculose_00_23",
    "cod_mun": 3552007,
    "mae": 0.31069883704185486,
    "rmse": 0.31069883704185486,
    "r2": 0.0,
    "n_train": 251,
    "n_test": 12
}