{
    "disease": "TX_hepatite_00_23",
    "cod_mun": 3527405,
    "mae": 0.06820317668219407,
    "rmse": 0.16918092358186718,
    "r2": 0.0,
    "n_train": 251,
    "n_test": 12
}