{
    "disease": "TX_hiv_aids_00_23",
    "cod_mun": 3514908,
    "mae": 0.43541489479442436,
    "rmse": 0.5327678720496626,
    "r2": 0.0,
    "n_train": 251,
    "n_test": 12
}