{
    "disease": "hiv_aids",
    "cod_mun": 3516903,
    "mae": 4.51848683316251,
    "rmse": 4.630002589822884,
    "r2": -0.5093562478370712,
    "n_samples": 300
}