{
    "disease": "tuberculose",
    "cod_mun": 3548005,
    "mae": 1.986750025318874,
    "rmse": 3.6969961205961765,
    "r2": 0.3963362016121781,
    "n_samples": 300
}