{
    "disease": "hepatite",
    "cod_mun": 3557006,
    "mae": 0.11236862755088306,
    "rmse": 0.2570696479370992,
    "r2": 0.22957279063656744,
    "n_samples": 300
}