{
    "disease": "TX_sifilis_00_23",
    "cod_mun": 3508108,
    "mae": 0.9923135563305404,
    "rmse": 2.3629209487522997,
    "r2": -0.189704927432095,
    "n_train": 251,
    "n_test": 12
}