{
    "disease": "TX_sifilis_00_23",
    "cod_mun": 3535903,
    "mae": 0.26770833879709244,
    "rmse": 0.26770858266211156,
    "r2": 0.0,
    "n_train": 251,
    "n_test": 12
}