{
    "disease": "TX_tuberculose_00_23",
    "cod_mun": 3500600,
    "mae": 0.2004753053188324,
    "rmse": 0.20047531091793644,
    "r2": 0.0,
    "n_train": 251,
    "n_test": 12
}