{
    "disease": "TX_hanseniase_00_23",
    "cod_mun": 3549706,
    "mae": 0.01617034963176896,
    "rmse": 0.02235988285949341,
    "r2": 0.0,
    "n_train": 251,
    "n_test": 12
}