{
    "disease": "TX_tuberculose_00_23",
    "cod_mun": 3511607,
    "mae": 0.04499192240958413,
    "rmse": 0.04678923841254957,
    "r2": 0.0,
    "n_train": 251,
    "n_test": 12
}