{
    "disease": "hiv_aids",
    "cod_mun": 3503703,
    "mae": 2.2492641051512523,
    "rmse": 3.5939943384445128,
    "r2": 0.020010660730717444,
    "n_samples": 300
}