{
    "disease": "TX_hiv_aids_00_23",
    "cod_mun": 3505401,
    "mae": 0.18252393479148546,
    "rmse": 0.1825725432560322,
    "r2": 0.0,
    "n_train": 251,
    "n_test": 12
}