{
    "disease": "TX_hepatite_00_23",
    "cod_mun": 3551009,
    "mae": 0.033574694682172175,
    "rmse": 0.08774780110640552,
    "r2": -0.12869663287900157,
    "n_train": 251,
    "n_test": 12
}