{
    "disease": "TX_hiv_aids_00_23",
    "cod_mun": 3540200,
    "mae": 1.2251309598502307,
    "rmse": 1.3004074874095153,
    "r2": -0.7145729495248265,
    "n_train": 251,
    "n_test": 12
}