{
    "disease": "hanseniase",
    "cod_mun": 3516853,
    "mae": 0.652310491278947,
    "rmse": 2.7248320536003443,
    "r2": 0.013082918994383852,
    "n_samples": 300
}