{
    "disease": "hanseniase",
    "cod_mun": 3552551,
    "mae": 0.520053007997775,
    "rmse": 2.422880917389406,
    "r2": 0.19194091953612336,
    "n_samples": 300
}