{
    "disease": "TX_sifilis_00_23",
    "cod_mun": 3509957,
    "mae": 3.4140769434543103,
    "rmse": 8.2105849794072,
    "r2": -0.19122198947293612,
    "n_train": 251,
    "n_test": 12
}