{
    "disease": "TX_sifilis_00_23",
    "cod_mun": 3520707,
    "mae": 0.21309814477960268,
    "rmse": 0.27591659711225625,
    "r2": 0.0,
    "n_train": 251,
    "n_test": 12
}