{
    "disease": "sifilis",
    "cod_mun": 3545506,
    "mae": 0.6892056995842766,
    "rmse": 3.011523267892662,
    "r2": 0.00011482815676056024,
    "n_samples": 300
}