{
    "disease": "tuberculose",
    "cod_mun": 3548609,
    "mae": 0.6221536764892664,
    "rmse": 1.9072381308010469,
    "r2": 0.9087069846678832,
    "n_samples": 300
}