{
    "disease": "hanseniase",
    "cod_mun": 3545407,
    "mae": 0.2217882878943067,
    "rmse": 1.1105371791344527,
    "r2": 0.003316289963364749,
    "n_samples": 300
}