{
    "disease": "sifilis",
    "cod_mun": 3524402,
    "mae": 0.14247394743809957,
    "rmse": 0.21746727085539225,
    "r2": 0.3194300095708449,
    "n_samples": 300
}