{
    "disease": "hepatite",
    "cod_mun": 3556305,
    "mae": 1.2439515114925193,
    "rmse": 1.9942065883688764,
    "r2": 0.0821008368372127,
    "n_samples": 300
}