{
    "disease": "hepatite",
    "cod_mun": 3515004,
    "mae": 0.14203228982695135,
    "rmse": 0.2285045289729616,
    "r2": 0.3498308528180113,
    "n_samples": 300
}