{
    "disease": "tuberculose",
    "cod_mun": 3519600,
    "mae": 1.0813078227017976,
    "rmse": 1.569743170217516,
    "r2": 0.02359273086536373,
    "n_samples": 300
}