{
    "disease": "TX_sifilis_00_23",
    "cod_mun": 3519402,
    "mae": 0.2706306067605813,
    "rmse": 0.3242971464161574,
    "r2": 0.0,
    "n_train": 251,
    "n_test": 12
}