{
    "disease": "sifilis",
    "cod_mun": 3553609,
    "mae": 0.15352863042368128,
    "rmse": 0.7754280918694537,
    "r2": -2.9205706722157387e-05,
    "n_samples": 300
}