{
    "disease": "hanseniase",
    "cod_mun": 3553609,
    "mae": 0.4119631074545219,
    "rmse": 1.1614767558158678,
    "r2": 0.3990706242151685,
    "n_samples": 300
}