{
    "disease": "hiv_aids",
    "cod_mun": 3500600,
    "mae": 2.7577170731426257,
    "rmse": 7.54343041837531,
    "r2": 0.33541271036824205,
    "n_samples": 300
}