{
    "disease": "sifilis",
    "cod_mun": 3529609,
    "mae": 0.17766040658010712,
    "rmse": 1.4953083944262855,
    "r2": 0.0034410574599993415,
    "n_samples": 300
}