{
    "disease": "TX_hiv_aids_00_23",
    "cod_mun": 3531902,
    "mae": 0.5508612021803856,
    "rmse": 0.5959934957429842,
    "r2": 0.0,
    "n_train": 251,
    "n_test": 12
}