{
    "disease": "TX_sifilis_00_23",
    "cod_mun": 3502309,
    "mae": 0.21205407017259859,
    "rmse": 0.7146157604952402,
    "r2": 0.0,
    "n_train": 251,
    "n_test": 12
}