{
    "disease": "sifilis",
    "cod_mun": 3544004,
    "mae": 0.1753008328406141,
    "rmse": 0.5335013243055058,
    "r2": 0.26356159489290254,
    "n_samples": 300
}