{
    "disease": "hanseniase",
    "cod_mun": 3509304,
    "mae": 0.038104220941675086,
    "rmse": 0.2486867569660522,
    "r2": 0.9058654867305274,
    "n_samples": 300
}