{
    "disease": "sifilis",
    "cod_mun": 3530706,
    "mae": 0.41191425813935123,
    "rmse": 0.6684182689752989,
    "r2": 0.01854258193480951,
    "n_samples": 300
}