{
    "disease": "TX_hepatite_00_23",
    "cod_mun": 3545803,
    "mae": 0.03353594800379748,
    "rmse": 0.07227894113999486,
    "r2": 0.0,
    "n_train": 251,
    "n_test": 12
}