{
    "disease": "TX_sifilis_00_23",
    "cod_mun": 3520103,
    "mae": 0.40124099188001433,
    "rmse": 1.0923223660217245,
    "r2": -0.0498868417834033,
    "n_train": 251,
    "n_test": 12
}