{
    "disease": "TX_tuberculose_00_23",
    "cod_mun": 3556404,
    "mae": 0.0463924242418822,
    "rmse": 0.058887213497459234,
    "r2": 0.0,
    "n_train": 251,
    "n_test": 12
}