{
    "disease": "hanseniase",
    "cod_mun": 3514106,
    "mae": 0.10313985931487243,
    "rmse": 0.4571691090087361,
    "r2": -3.934757705925662e-05,
    "n_samples": 300
}