{
    "disease": "TX_tuberculose_00_23",
    "cod_mun": 3525706,
    "mae": 1.676730520484065,
    "rmse": 2.499185116486274,
    "r2": -0.4438250515399771,
    "n_train": 251,
    "n_test": 12
}