{
    "disease": "sifilis",
    "cod_mun": 3554508,
    "mae": 0.08579569591366892,
    "rmse": 0.30370560682031406,
    "r2": 0.14693845809029193,
    "n_samples": 300
}