{
    "disease": "TX_tuberculose_00_23",
    "cod_mun": 3523909,
    "mae": 0.3294857820760524,
    "rmse": 0.3710514926052853,
    "r2": -0.10349008449724728,
    "n_train": 251,
    "n_test": 12
}