{
    "disease": "sifilis",
    "cod_mun": 3507704,
    "mae": 0.2582446321350963,
    "rmse": 1.5679212843351062,
    "r2": 0.003404548173597255,
    "n_samples": 300
}