{
    "disease": "hanseniase",
    "cod_mun": 3506805,
    "mae": 0.23943985449694044,
    "rmse": 1.2803841099830164,
    "r2": 0.0026702139962893057,
    "n_samples": 300
}