{
    "disease": "sifilis",
    "cod_mun": 3551009,
    "mae": 0.2527974156699731,
    "rmse": 0.43295856557316015,
    "r2": 0.6471372175413861,
    "n_samples": 300
}