{
    "disease": "sifilis",
    "cod_mun": 3545209,
    "mae": 0.15953975284984936,
    "rmse": 0.3128753977517906,
    "r2": 0.11102837191686854,
    "n_samples": 300
}