{
    "disease": "sifilis",
    "cod_mun": 3551900,
    "mae": 0.27571543520553604,
    "rmse": 1.0431890483629085,
    "r2": 0.05881906060848663,
    "n_samples": 300
}