{
    "disease": "sifilis",
    "cod_mun": 3539608,
    "mae": 0.3054978472148998,
    "rmse": 1.9101133701708266,
    "r2": 0.0008593215317104219,
    "n_samples": 300
}