{
    "disease": "hepatite",
    "cod_mun": 3531704,
    "mae": 0.4109930315893859,
    "rmse": 1.7778522681404059,
    "r2": 0.1675213365446745,
    "n_samples": 300
}