{
    "disease": "hepatite",
    "cod_mun": 3512209,
    "mae": 0.3074420347641576,
    "rmse": 0.8483471479333964,
    "r2": 0.053431152260007386,
    "n_samples": 300
}