{
    "disease": "TX_sifilis_00_23",
    "cod_mun": 3545308,
    "mae": 0.09913861006498337,
    "rmse": 0.09913861006498337,
    "r2": 0.0,
    "n_train": 251,
    "n_test": 12
}