{
    "disease": "hanseniase",
    "cod_mun": 3517505,
    "mae": 0.11253141788911568,
    "rmse": 0.5709697723267432,
    "r2": 0.0010937903088263923,
    "n_samples": 300
}