{
    "disease": "hanseniase",
    "cod_mun": 3513108,
    "mae": 0.22888454780180092,
    "rmse": 0.7253333006879634,
    "r2": 0.18752807352948908,
    "n_samples": 300
}