{
    "disease": "TX_sifilis_00_23",
    "cod_mun": 3549607,
    "mae": 0.4333328033487002,
    "rmse": 0.4864411191272378,
    "r2": 0.0,
    "n_train": 251,
    "n_test": 12
}