{
    "disease": "TX_hiv_aids_00_23",
    "cod_mun": 3534807,
    "mae": 1.1462522812711498,
    "rmse": 3.6927672473990176,
    "r2": -0.07663489032174087,
    "n_train": 251,
    "n_test": 12
}