{
    "disease": "TX_tuberculose_00_23",
    "cod_mun": 3538808,
    "mae": 1.1279965304831165,
    "rmse": 1.5467470872063924,
    "r2": -0.075082140857202,
    "n_train": 251,
    "n_test": 12
}