{
    "disease": "hepatite",
    "cod_mun": 3514304,
    "mae": 4.310698261233853,
    "rmse": 5.982346080364399,
    "r2": 0.07682850512631223,
    "n_samples": 300
}