{
    "disease": "sifilis",
    "cod_mun": 3553104,
    "mae": 0.2919081531304431,
    "rmse": 1.9285838988817838,
    "r2": 0.10465968567369355,
    "n_samples": 300
}