{
    "disease": "sifilis",
    "cod_mun": 3528700,
    "mae": 0.3142996254796352,
    "rmse": 2.1833346591276324,
    "r2": 0.1873780349648977,
    "n_samples": 300
}