{
    "disease": "sifilis",
    "cod_mun": 3556909,
    "mae": 0.17283856458392405,
    "rmse": 0.6275806426302342,
    "r2": 0.04207135303762777,
    "n_samples": 300
}