{
    "disease": "hiv_aids",
    "cod_mun": 3537206,
    "mae": 0.9847418522478972,
    "rmse": 3.2017491178179833,
    "r2": -0.02026878392060305,
    "n_samples": 300
}