{
    "disease": "TX_hepatite_00_23",
    "cod_mun": 3504909,
    "mae": 0.3986469383041064,
    "rmse": 0.40553281896091975,
    "r2": 0.0,
    "n_train": 251,
    "n_test": 12
}