{
    "disease": "hiv_aids",
    "cod_mun": 3521002,
    "mae": 2.33629742763057,
    "rmse": 2.95925513394708,
    "r2": -0.453907206599208,
    "n_samples": 300
}