{
    "disease": "hanseniase",
    "cod_mun": 3529658,
    "mae": 0.35908408864719094,
    "rmse": 3.04962465791574,
    "r2": 0.004256502799363626,
    "n_samples": 300
}