{
    "disease": "hepatite",
    "cod_mun": 3503703,
    "mae": 0.41595907082484634,
    "rmse": 1.8848899513999298,
    "r2": 0.10826764116194532,
    "n_samples": 300
}