{
    "disease": "TX_tuberculose_00_23",
    "cod_mun": 3543501,
    "mae": 0.637793704867363,
    "rmse": 0.6888480501106622,
    "r2": 0.0,
    "n_train": 251,
    "n_test": 12
}