{
    "disease": "TX_sifilis_00_23",
    "cod_mun": 3546603,
    "mae": 0.1929520902534326,
    "rmse": 0.19295402848946278,
    "r2": 0.0,
    "n_train": 251,
    "n_test": 12
}