{
    "disease": "TX_hiv_aids_00_23",
    "cod_mun": 3511409,
    "mae": 1.2995944619178772,
    "rmse": 1.3109267962566655,
    "r2": 0.0,
    "n_train": 251,
    "n_test": 12
}