{
    "disease": "hiv_aids",
    "cod_mun": 3544608,
    "mae": 0.12415505461957942,
    "rmse": 1.0698507480461605,
    "r2": 0.002429277683124287,
    "n_samples": 300
}