{
    "disease": "TX_hepatite_00_23",
    "cod_mun": 3551702,
    "mae": 0.06990764910976092,
    "rmse": 0.06992540733983567,
    "r2": 0.0,
    "n_train": 251,
    "n_test": 12
}