{
    "disease": "TX_hepatite_00_23",
    "cod_mun": 3512803,
    "mae": 0.14036646325426322,
    "rmse": 0.4270013062200163,
    "r2": 0.14887158967879954,
    "n_train": 251,
    "n_test": 12
}