{
    "disease": "TX_hepatite_00_23",
    "cod_mun": 3544608,
    "mae": 1.6357499950584948,
    "rmse": 5.644902083228013,
    "r2": -0.09009493889265885,
    "n_train": 251,
    "n_test": 12
}