{
    "disease": "TX_hepatite_00_23",
    "cod_mun": 3515129,
    "mae": 3.096322150016172,
    "rmse": 9.5095996732713,
    "r2": -0.06688019282444557,
    "n_train": 251,
    "n_test": 12
}