{
    "disease": "sifilis",
    "cod_mun": 3545001,
    "mae": 0.276065815693289,
    "rmse": 0.9141512574683536,
    "r2": 0.2075034986298443,
    "n_samples": 300
}