{
    "disease": "hiv_aids",
    "cod_mun": 3540408,
    "mae": 0.9532425297473761,
    "rmse": 3.8348736855103223,
    "r2": 0.0014800052541220632,
    "n_samples": 300
}