{
    "disease": "TX_hanseniase_00_23",
    "cod_mun": 3518800,
    "mae": 0.05452251931303545,
    "rmse": 0.0634738248807197,
    "r2": -0.38764065717494156,
    "n_train": 251,
    "n_test": 12
}