{
    "disease": "hanseniase",
    "cod_mun": 3543907,
    "mae": 0.11785335465162637,
    "rmse": 0.19270326536185392,
    "r2": 0.008859811465369627,
    "n_samples": 300
}