{
    "disease": "TX_hepatite_00_23",
    "cod_mun": 3516903,
    "mae": 0.22801218430201212,
    "rmse": 0.2604206003800032,
    "r2": 0.0,
    "n_train": 251,
    "n_test": 12
}