{
    "disease": "TX_tuberculose_00_23",
    "cod_mun": 3504909,
    "mae": 1.3803348466958993,
    "rmse": 2.9244400415659104,
    "r2": -0.05124224333230365,
    "n_train": 251,
    "n_test": 12
}