{
    "disease": "sifilis",
    "cod_mun": 3519907,
    "mae": 0.2128764989997101,
    "rmse": 1.5037999948830996,
    "r2": 0.4339538401494296,
    "n_samples": 300
}