{
    "disease": "TX_hepatite_00_23",
    "cod_mun": 3532405,
    "mae": 0.44012944644214547,
    "rmse": 1.3454904740784035,
    "r2": -0.06653764884282465,
    "n_train": 251,
    "n_test": 12
}