{
    "disease": "hepatite",
    "cod_mun": 3503158,
    "mae": 0.5152174083522872,
    "rmse": 3.1513209977933916,
    "r2": 0.0029426980509311695,
    "n_samples": 300
}