{
    "disease": "TX_hanseniase_00_23",
    "cod_mun": 3546801,
    "mae": 0.10762882325798273,
    "rmse": 0.10986165276073617,
    "r2": 0.0,
    "n_train": 251,
    "n_test": 12
}