{
    "disease": "hiv_aids",
    "cod_mun": 3534609,
    "mae": 0.9008447121043559,
    "rmse": 1.4601270083793985,
    "r2": 0.2221180855293038,
    "n_samples": 300
}