{
    "disease": "hanseniase",
    "cod_mun": 3554607,
    "mae": 0.2549036515472311,
    "rmse": 1.9833972092941594,
    "r2": 0.1703429663766588,
    "n_samples": 300
}