{
    "disease": "hanseniase",
    "cod_mun": 3529104,
    "mae": 0.3173637322408504,
    "rmse": 2.6669768604545325,
    "r2": 0.005729932068515464,
    "n_samples": 300
}