{
    "disease": "tuberculose",
    "cod_mun": 3503604,
    "mae": 1.1746406823902251,
    "rmse": 2.484961758749718,
    "r2": 0.08535169347355465,
    "n_samples": 300
}