{
    "disease": "TX_hepatite_00_23",
    "cod_mun": 3545159,
    "mae": 0.9212196369965872,
    "rmse": 0.9216015708037119,
    "r2": 0.0,
    "n_train": 251,
    "n_test": 12
}