{
    "disease": "hepatite",
    "cod_mun": 3510609,
    "mae": 0.24618311886000707,
    "rmse": 0.38969682335095357,
    "r2": 0.2121653948943426,
    "n_samples": 300
}