{
    "disease": "tuberculose",
    "cod_mun": 3515400,
    "mae": 0.44709062533711585,
    "rmse": 1.1662336128361754,
    "r2": 0.026511525443645434,
    "n_samples": 300
}