{
    "disease": "hanseniase",
    "cod_mun": 3518859,
    "mae": 0.6947019080140028,
    "rmse": 2.297589497906604,
    "r2": 0.06183362780909074,
    "n_samples": 300
}