{
    "disease": "hiv_aids",
    "cod_mun": 3510807,
    "mae": 1.40138108879218,
    "rmse": 2.5980416670594084,
    "r2": -0.3990601854131999,
    "n_samples": 300
}