{
    "disease": "hepatite",
    "cod_mun": 3545407,
    "mae": 0.9363032917676261,
    "rmse": 2.6466446282388283,
    "r2": 0.21499546238170408,
    "n_samples": 300
}