{
    "disease": "hepatite",
    "cod_mun": 3539004,
    "mae": 0.5563645202444497,
    "rmse": 1.8155850466961856,
    "r2": 0.29439339604000025,
    "n_samples": 300
}