{
    "disease": "tuberculose",
    "cod_mun": 3555356,
    "mae": 0.30222028573039184,
    "rmse": 1.2858698971809746,
    "r2": 0.328901050343948,
    "n_samples": 300
}