{
    "disease": "TX_hepatite_00_23",
    "cod_mun": 3531407,
    "mae": 0.32084688544273376,
    "rmse": 0.32084688544273376,
    "r2": 0.0,
    "n_train": 251,
    "n_test": 12
}