{
    "disease": "hanseniase",
    "cod_mun": 3510708,
    "mae": 0.4718107592797502,
    "rmse": 1.5717146609792638,
    "r2": 0.035158517389914934,
    "n_samples": 300
}