{
    "disease": "TX_hiv_aids_00_23",
    "cod_mun": 3543600,
    "mae": 2.1149947204168575,
    "rmse": 7.295048796282893,
    "r2": -0.09138451893324095,
    "n_train": 251,
    "n_test": 12
}