{
    "disease": "TX_tuberculose_00_23",
    "cod_mun": 3516408,
    "mae": 0.5819609034687859,
    "rmse": 0.6735127404286979,
    "r2": -0.43018733689592414,
    "n_train": 251,
    "n_test": 12
}