{
    "disease": "sifilis",
    "cod_mun": 3509601,
    "mae": 0.17007697172391134,
    "rmse": 0.3502481458991465,
    "r2": 0.07445048082973393,
    "n_samples": 300
}