{
    "disease": "hiv_aids",
    "cod_mun": 3515301,
    "mae": 2.8235901499252956,
    "rmse": 6.522479148242319,
    "r2": 0.1776161069212422,
    "n_samples": 300
}