{
    "disease": "hiv_aids",
    "cod_mun": 3531803,
    "mae": 7.950023838607602,
    "rmse": 10.365965269073513,
    "r2": -2.481457343468823,
    "n_samples": 300
}