{
    "disease": "TX_sifilis_00_23",
    "cod_mun": 3543006,
    "mae": 0.34252916524807614,
    "rmse": 0.4069954245280361,
    "r2": 0.0,
    "n_train": 251,
    "n_test": 12
}