{
    "disease": "hiv_aids",
    "cod_mun": 3542107,
    "mae": 3.876637539548675,
    "rmse": 8.355131392719946,
    "r2": -0.03785196237963406,
    "n_samples": 300
}