{
    "disease": "hepatite",
    "cod_mun": 3521408,
    "mae": 0.669089658605523,
    "rmse": 1.4864342199041316,
    "r2": 0.0738438202551791,
    "n_samples": 300
}