{
    "disease": "tuberculose",
    "cod_mun": 3551900,
    "mae": 0.7326521801674498,
    "rmse": 1.708717349262538,
    "r2": 0.024170501292021696,
    "n_samples": 300
}