{
    "disease": "TX_sifilis_00_23",
    "cod_mun": 3522109,
    "mae": 0.5186438275645832,
    "rmse": 0.6049193172611721,
    "r2": -0.753676834206068,
    "n_train": 251,
    "n_test": 12
}