{
    "disease": "TX_sifilis_00_23",
    "cod_mun": 3509601,
    "mae": 0.26172538437508663,
    "rmse": 0.4734475572345627,
    "r2": -0.0681807706207298,
    "n_train": 251,
    "n_test": 12
}