{
    "disease": "hiv_aids",
    "cod_mun": 3542404,
    "mae": 1.4936459067562822,
    "rmse": 1.9295877788060378,
    "r2": -0.11056637679545278,
    "n_samples": 300
}