{
    "disease": "TX_hanseniase_00_23",
    "cod_mun": 3536604,
    "mae": 0.21336890757083893,
    "rmse": 0.213368940858781,
    "r2": 0.0,
    "n_train": 251,
    "n_test": 12
}