{
    "disease": "hanseniase",
    "cod_mun": 3523008,
    "mae": 0.34034655077581905,
    "rmse": 2.096669481487299,
    "r2": 0.004745534034000909,
    "n_samples": 300
}