{
    "disease": "TX_hiv_aids_00_23",
    "cod_mun": 3553856,
    "mae": 0.0006732194186345927,
    "rmse": 0.0015015458066153392,
    "r2": 0.0,
    "n_train": 251,
    "n_test": 12
}