{
    "disease": "TX_hepatite_00_23",
    "cod_mun": 3537909,
    "mae": 0.16632021715243658,
    "rmse": 0.17667312081998432,
    "r2": 0.0,
    "n_train": 251,
    "n_test": 12
}