{
    "disease": "TX_hanseniase_00_23",
    "cod_mun": 3552551,
    "mae": 0.990903894106547,
    "rmse": 2.6737591339548104,
    "r2": 0.0,
    "n_train": 251,
    "n_test": 12
}