{
    "disease": "hiv_aids",
    "cod_mun": 3547700,
    "mae": 0.7894402977132321,
    "rmse": 1.4485912584438518,
    "r2": 0.10201078051986934,
    "n_samples": 300
}