{
    "disease": "hepatite",
    "cod_mun": 3523305,
    "mae": 0.2495310141490638,
    "rmse": 0.9050242724542886,
    "r2": 0.1604151873959866,
    "n_samples": 300
}