{
    "disease": "hanseniase",
    "cod_mun": 3512100,
    "mae": 0.22029251643204376,
    "rmse": 1.302242644054239,
    "r2": 0.004125134471764991,
    "n_samples": 300
}