{
    "disease": "TX_tuberculose_00_23",
    "cod_mun": 3532009,
    "mae": 1.1824054343792718,
    "rmse": 2.7975715705350934,
    "r2": -0.19951447213519202,
    "n_train": 251,
    "n_test": 12
}