{
    "disease": "sifilis",
    "cod_mun": 3555901,
    "mae": 0.5988234610160482,
    "rmse": 4.936851505759144,
    "r2": 0.004311936818067852,
    "n_samples": 300
}