{
    "disease": "tuberculose",
    "cod_mun": 3514304,
    "mae": 0.3852298596663211,
    "rmse": 1.4655545503354843,
    "r2": 0.0008366604246852205,
    "n_samples": 300
}