{
    "disease": "TX_sifilis_00_23",
    "cod_mun": 3540606,
    "mae": 0.1550258994102478,
    "rmse": 0.1550258994102478,
    "r2": 0.0,
    "n_train": 251,
    "n_test": 12
}