{
    "disease": "hepatite",
    "cod_mun": 3521606,
    "mae": 1.717578247422174,
    "rmse": 3.4947990715930644,
    "r2": 0.08623699166074739,
    "n_samples": 300
}