{
    "disease": "TX_hanseniase_00_23",
    "cod_mun": 3526902,
    "mae": 0.06403481401503086,
    "rmse": 0.06427101805085961,
    "r2": 0.0,
    "n_train": 251,
    "n_test": 12
}