{
    "disease": "hiv_aids",
    "cod_mun": 3539806,
    "mae": 0.8505084869927582,
    "rmse": 1.2827557407536847,
    "r2": -0.3201906563214123,
    "n_samples": 300
}