{
    "disease": "TX_sifilis_00_23",
    "cod_mun": 3502200,
    "mae": 0.32308944314718246,
    "rmse": 0.3290891611802281,
    "r2": 0.0,
    "n_train": 251,
    "n_test": 12
}