{
    "disease": "hiv_aids",
    "cod_mun": 3539004,
    "mae": 2.9184762280031142,
    "rmse": 4.397819265996794,
    "r2": 0.07425127864852554,
    "n_samples": 300
}