{
    "disease": "TX_tuberculose_00_23",
    "cod_mun": 3556701,
    "mae": 0.6535694278715821,
    "rmse": 0.7791394278138591,
    "r2": 0.0030447172753554907,
    "n_train": 251,
    "n_test": 12
}