{
    "disease": "hiv_aids",
    "cod_mun": 3523404,
    "mae": 1.4036108191254726,
    "rmse": 1.741581981024937,
    "r2": -0.2908794225339666,
    "n_samples": 300
}