{
    "disease": "hepatite",
    "cod_mun": 3501707,
    "mae": 0.572596036062711,
    "rmse": 1.179628601237717,
    "r2": 0.07291020163543172,
    "n_samples": 300
}