{
    "disease": "TX_hepatite_00_23",
    "cod_mun": 3539806,
    "mae": 0.07898386257390182,
    "rmse": 0.07915298095296473,
    "r2": 0.0,
    "n_train": 251,
    "n_test": 12
}