{
    "disease": "TX_sifilis_00_23",
    "cod_mun": 3554201,
    "mae": 0.20449629426002502,
    "rmse": 0.20449629426002502,
    "r2": 0.0,
    "n_train": 251,
    "n_test": 12
}