{
    "disease": "TX_hiv_aids_00_23",
    "cod_mun": 3537909,
    "mae": 0.03516811120789498,
    "rmse": 0.05465281689749078,
    "r2": 0.0,
    "n_train": 251,
    "n_test": 12
}