{
    "disease": "hiv_aids",
    "cod_mun": 3534906,
    "mae": 1.6631639304830557,
    "rmse": 2.9277671219444934,
    "r2": 0.23185923589931812,
    "n_samples": 300
}