{
    "disease": "tuberculose",
    "cod_mun": 3500600,
    "mae": 0.4165827360398588,
    "rmse": 2.513542898974139,
    "r2": 0.0035315212280164765,
    "n_samples": 300
}