{
    "disease": "hanseniase",
    "cod_mun": 3540408,
    "mae": 0.3080485097050587,
    "rmse": 1.9030413048016508,
    "r2": 0.0033816782975493176,
    "n_samples": 300
}