{
    "disease": "hiv_aids",
    "cod_mun": 3505351,
    "mae": 0.13709819931912176,
    "rmse": 0.8847057451973123,
    "r2": 0.2090919462493822,
    "n_samples": 300
}