{
    "disease": "TX_tuberculose_00_23",
    "cod_mun": 3518800,
    "mae": 0.1261332548156616,
    "rmse": 0.15054065656273774,
    "r2": -0.7943453434935579,
    "n_train": 251,
    "n_test": 12
}