{
    "disease": "hepatite",
    "cod_mun": 3524105,
    "mae": 1.060730676273356,
    "rmse": 1.3837181967913903,
    "r2": 0.17150067447189965,
    "n_samples": 300
}