{
    "disease": "hiv_aids",
    "cod_mun": 3521101,
    "mae": 0.18869200340945344,
    "rmse": 1.1430547984846717,
    "r2": 0.004018797927306417,
    "n_samples": 300
}