{
    "disease": "hepatite",
    "cod_mun": 3513405,
    "mae": 0.5955336913165291,
    "rmse": 0.9297086016006632,
    "r2": 0.19603195919144356,
    "n_samples": 300
}