{
    "disease": "hanseniase",
    "cod_mun": 3533205,
    "mae": 0.6602473857134126,
    "rmse": 3.1599127159127334,
    "r2": 0.3451499694831336,
    "n_samples": 300
}