{
    "disease": "TX_hanseniase_00_23",
    "cod_mun": 3509957,
    "mae": 0.011651942040771246,
    "rmse": 0.012788333009461894,
    "r2": 0.0,
    "n_train": 251,
    "n_test": 12
}