{
    "disease": "hiv_aids",
    "cod_mun": 3504206,
    "mae": 0.22808511154549835,
    "rmse": 0.8897496068113221,
    "r2": 0.0013255129583056302,
    "n_samples": 300
}