{
    "disease": "TX_hiv_aids_00_23",
    "cod_mun": 3542503,
    "mae": 0.14185909616450468,
    "rmse": 0.17336079541077296,
    "r2": 0.0,
    "n_train": 251,
    "n_test": 12
}