{
    "disease": "TX_hiv_aids_00_23",
    "cod_mun": 3519600,
    "mae": 0.4341142326593399,
    "rmse": 0.46997087560917483,
    "r2": 0.0,
    "n_train": 251,
    "n_test": 12
}