{
    "disease": "TX_tuberculose_00_23",
    "cod_mun": 3519907,
    "mae": 0.13141395741452774,
    "rmse": 0.3536568604685793,
    "r2": 0.0,
    "n_train": 251,
    "n_test": 12
}