{
    "disease": "hanseniase",
    "cod_mun": 3527405,
    "mae": 0.2079954877569228,
    "rmse": 0.6250510628977938,
    "r2": 0.09338736688593474,
    "n_samples": 300
}