{
    "disease": "TX_hanseniase_00_23",
    "cod_mun": 3507753,
    "mae": 0.01804659793075795,
    "rmse": 0.04903987937081015,
    "r2": 0.0,
    "n_train": 251,
    "n_test": 12
}