{
    "disease": "sifilis",
    "cod_mun": 3539301,
    "mae": 0.2838671447362664,
    "rmse": 0.638405551851079,
    "r2": 0.01794713344315746,
    "n_samples": 300
}