{
    "disease": "hiv_aids",
    "cod_mun": 3517604,
    "mae": 0.10383370243341022,
    "rmse": 0.5135201213751275,
    "r2": 0.3127928537407726,
    "n_samples": 300
}