{
    "disease": "sifilis",
    "cod_mun": 3528502,
    "mae": 0.22634268873674246,
    "rmse": 0.37438614546970583,
    "r2": 0.48796312715512624,
    "n_samples": 300
}