{
    "disease": "hanseniase",
    "cod_mun": 3508702,
    "mae": 0.5981582424704558,
    "rmse": 1.3608932497943629,
    "r2": 0.30559028991664716,
    "n_samples": 300
}