{
    "disease": "tuberculose",
    "cod_mun": 3532058,
    "mae": 0.3333211397222781,
    "rmse": 1.8047057488466154,
    "r2": 0.09399421491104953,
    "n_samples": 300
}