{
    "disease": "TX_hepatite_00_23",
    "cod_mun": 3512209,
    "mae": 0.2980029500142958,
    "rmse": 1.0237267230450575,
    "r2": -0.08979082573290231,
    "n_train": 251,
    "n_test": 12
}