{
    "disease": "hiv_aids",
    "cod_mun": 3521903,
    "mae": 2.2288220965136647,
    "rmse": 3.0183106484907536,
    "r2": 0.09702005226014143,
    "n_samples": 300
}