{
    "disease": "TX_hanseniase_00_23",
    "cod_mun": 3520905,
    "mae": 0.08058000355958939,
    "rmse": 0.11097765165261056,
    "r2": 0.0,
    "n_train": 251,
    "n_test": 12
}