{
    "disease": "hepatite",
    "cod_mun": 3507803,
    "mae": 0.40606443340610154,
    "rmse": 1.0681691429515183,
    "r2": 0.18102199599792346,
    "n_samples": 300
}