{
    "disease": "TX_sifilis_00_23",
    "cod_mun": 3519006,
    "mae": 2.1327816474489647,
    "rmse": 4.46858869698035,
    "r2": -0.1929291910037818,
    "n_train": 251,
    "n_test": 12
}