{
    "disease": "hiv_aids",
    "cod_mun": 3528007,
    "mae": 0.6528791458617945,
    "rmse": 1.4056050986682167,
    "r2": 0.15957554060280477,
    "n_samples": 300
}