{
    "disease": "sifilis",
    "cod_mun": 3518305,
    "mae": 0.6115186032704752,
    "rmse": 1.161706536419841,
    "r2": 0.16274749505969632,
    "n_samples": 300
}