{
    "disease": "hanseniase",
    "cod_mun": 3556503,
    "mae": 0.2569169478556865,
    "rmse": 0.48292827375074915,
    "r2": 0.1163777711578674,
    "n_samples": 300
}