{
    "disease": "sifilis",
    "cod_mun": 3544202,
    "mae": 0.6018662220630155,
    "rmse": 1.715906024261144,
    "r2": 0.0011470464563477778,
    "n_samples": 300
}