{
    "disease": "tuberculose",
    "cod_mun": 3509452,
    "mae": 0.11169808382487269,
    "rmse": 0.9706465688575241,
    "r2": 0.002079709321684775,
    "n_samples": 300
}