{
    "disease": "TX_tuberculose_00_23",
    "cod_mun": 3503406,
    "mae": 1.1058938413101893,
    "rmse": 3.5484169436980233,
    "r2": -0.07585641029345092,
    "n_train": 251,
    "n_test": 12
}