{
    "disease": "hepatite",
    "cod_mun": 3516804,
    "mae": 2.366141076717011,
    "rmse": 6.288242448185957,
    "r2": 0.11109431945227344,
    "n_samples": 300
}