{
    "disease": "TX_sifilis_00_23",
    "cod_mun": 3525706,
    "mae": 0.03920244767020146,
    "rmse": 0.03920245139917762,
    "r2": 0.0,
    "n_train": 251,
    "n_test": 12
}