{
    "disease": "TX_sifilis_00_23",
    "cod_mun": 3515004,
    "mae": 0.4567069162415926,
    "rmse": 0.5600859830422619,
    "r2": -0.26263895173405727,
    "n_train": 251,
    "n_test": 12
}