{
    "disease": "hanseniase",
    "cod_mun": 3519303,
    "mae": 0.08323744597339529,
    "rmse": 0.36897340681671537,
    "r2": 0.002572053851113587,
    "n_samples": 300
}