{
    "disease": "tuberculose",
    "cod_mun": 3531506,
    "mae": 0.32582933538465064,
    "rmse": 0.9029830923392292,
    "r2": 0.0878454949691636,
    "n_samples": 300
}