{
    "disease": "hanseniase",
    "cod_mun": 3530508,
    "mae": 0.3195492150554657,
    "rmse": 0.5421733384726611,
    "r2": 0.10162317365422036,
    "n_samples": 300
}