{
    "disease": "hiv_aids",
    "cod_mun": 3554706,
    "mae": 1.2522206466559824,
    "rmse": 2.639036190595126,
    "r2": 0.5577483812530977,
    "n_samples": 300
}