{
    "disease": "hiv_aids",
    "cod_mun": 3551405,
    "mae": 4.713883017930183,
    "rmse": 6.286472639646319,
    "r2": 0.12609444878296128,
    "n_samples": 300
}