{
    "disease": "sifilis",
    "cod_mun": 3504503,
    "mae": 0.2976855384655824,
    "rmse": 0.4924540181954192,
    "r2": 0.14893429812791836,
    "n_samples": 300
}