{
    "disease": "hiv_aids",
    "cod_mun": 3557154,
    "mae": 2.488658937709613,
    "rmse": 7.507618507313728,
    "r2": 0.0003197072106244647,
    "n_samples": 300
}