{
    "disease": "tuberculose",
    "cod_mun": 3529807,
    "mae": 0.46882411241726063,
    "rmse": 1.3239020496931193,
    "r2": 0.07467086408856372,
    "n_samples": 300
}