{
    "disease": "sifilis",
    "cod_mun": 3545100,
    "mae": 0.22711020489258066,
    "rmse": 1.6080366307132825,
    "r2": 0.45828137851048134,
    "n_samples": 300
}