{
    "disease": "hiv_aids",
    "cod_mun": 3512803,
    "mae": 3.310563004727109,
    "rmse": 4.213055253002899,
    "r2": 0.48723546455789934,
    "n_samples": 300
}