{
    "disease": "TX_hiv_aids_00_23",
    "cod_mun": 3549201,
    "mae": 0.5239239355238775,
    "rmse": 1.7507392617675033,
    "r2": 0.0,
    "n_train": 251,
    "n_test": 12
}