{
    "disease": "tuberculose",
    "cod_mun": 3507001,
    "mae": 0.688344585125252,
    "rmse": 1.2597541794425706,
    "r2": 0.38499356303726895,
    "n_samples": 300
}