{
    "disease": "TX_hanseniase_00_23",
    "cod_mun": 3505104,
    "mae": 0.04233376491993113,
    "rmse": 0.13739095805708018,
    "r2": 0.0,
    "n_train": 251,
    "n_test": 12
}