{
    "disease": "hiv_aids",
    "cod_mun": 3536802,
    "mae": 0.25967024775971465,
    "rmse": 1.317175176046624,
    "r2": 0.4292958876139713,
    "n_samples": 300
}