{
    "disease": "hiv_aids",
    "cod_mun": 3522703,
    "mae": 1.2373246755480936,
    "rmse": 1.4683608967103612,
    "r2": -0.034810725179614366,
    "n_samples": 300
}