{
    "disease": "TX_hepatite_00_23",
    "cod_mun": 3507506,
    "mae": 0.020185405906280113,
    "rmse": 0.028964984550241928,
    "r2": 0.0,
    "n_train": 251,
    "n_test": 12
}