{
    "disease": "hepatite",
    "cod_mun": 3541604,
    "mae": 0.6611806218306643,
    "rmse": 1.1941719316561663,
    "r2": 0.21576789806488228,
    "n_samples": 300
}