{
    "disease": "sifilis",
    "cod_mun": 3509601,
    "mae": 0.17809950635959287,
    "rmse": 0.3524647035384535,
    "r2": 0.0626986672470019,
    "n_samples": 300
}