{
    "disease": "hepatite",
    "cod_mun": 3535002,
    "mae": 0.5645814023103541,
    "rmse": 1.5662213480354463,
    "r2": 0.07318482430940043,
    "n_samples": 300
}