{
    "disease": "TX_hiv_aids_00_23",
    "cod_mun": 3506003,
    "mae": 0.5949730205464561,
    "rmse": 0.6717117768601432,
    "r2": -12.087748787950568,
    "n_train": 251,
    "n_test": 12
}