{
    "disease": "sifilis",
    "cod_mun": 3556602,
    "mae": 0.6100188816269264,
    "rmse": 1.8028538333001247,
    "r2": 0.10245740599033215,
    "n_samples": 300
}