{
    "disease": "hepatite",
    "cod_mun": 3511102,
    "mae": 0.502895356803692,
    "rmse": 0.6658368063419368,
    "r2": 0.21871310659844223,
    "n_samples": 300
}