{
    "disease": "TX_hiv_aids_00_23",
    "cod_mun": 3552304,
    "mae": 0.1748027391731739,
    "rmse": 0.20792123263991008,
    "r2": 0.0,
    "n_train": 251,
    "n_test": 12
}