{
    "disease": "hanseniase",
    "cod_mun": 3548104,
    "mae": 0.11240652332099677,
    "rmse": 0.9475986229356212,
    "r2": 0.005781652628731204,
    "n_samples": 300
}