{
    "disease": "TX_hiv_aids_00_23",
    "cod_mun": 3554003,
    "mae": 0.632379242705179,
    "rmse": 0.6751736494382163,
    "r2": -0.18211802642212382,
    "n_train": 251,
    "n_test": 12
}