{
    "disease": "sifilis",
    "cod_mun": 3506607,
    "mae": 0.3593275928226394,
    "rmse": 0.748289918405279,
    "r2": 0.07732606240616346,
    "n_samples": 300
}