{
    "disease": "TX_hepatite_00_23",
    "cod_mun": 3543808,
    "mae": 0.8675604164600372,
    "rmse": 0.8675704005971064,
    "r2": 0.0,
    "n_train": 251,
    "n_test": 12
}