{
    "disease": "hanseniase",
    "cod_mun": 3549508,
    "mae": 0.37643461876488493,
    "rmse": 1.4032257013016474,
    "r2": 0.7753628023371023,
    "n_samples": 300
}