{
    "disease": "TX_hanseniase_00_23",
    "cod_mun": 3545803,
    "mae": 0.08477001540813256,
    "rmse": 0.15091876978316485,
    "r2": -0.003407972918175961,
    "n_train": 251,
    "n_test": 12
}