{
    "disease": "TX_hepatite_00_23",
    "cod_mun": 3501509,
    "mae": 0.21136003360152245,
    "rmse": 0.21136004790477447,
    "r2": 0.0,
    "n_train": 251,
    "n_test": 12
}