{
    "disease": "sifilis",
    "cod_mun": 3522604,
    "mae": 0.13345096234495324,
    "rmse": 0.3241616598092489,
    "r2": 0.008325169657933063,
    "n_samples": 300
}