{
    "disease": "TX_tuberculose_00_23",
    "cod_mun": 3544608,
    "mae": 0.09884809943226476,
    "rmse": 0.15478448501921044,
    "r2": 0.0,
    "n_train": 251,
    "n_test": 12
}