{
    "disease": "TX_sifilis_00_23",
    "cod_mun": 3534708,
    "mae": 0.4043423812078289,
    "rmse": 0.43646167997257035,
    "r2": -0.012483673139928486,
    "n_train": 251,
    "n_test": 12
}