{
    "disease": "TX_tuberculose_00_23",
    "cod_mun": 3547007,
    "mae": 1.5628978467062211,
    "rmse": 4.9799314836046,
    "r2": -0.07449720493096468,
    "n_train": 251,
    "n_test": 12
}