{
    "disease": "hanseniase",
    "cod_mun": 3528601,
    "mae": 0.07240624009273013,
    "rmse": 0.5838456794339538,
    "r2": 0.005311434801329673,
    "n_samples": 300
}