{
    "disease": "hepatite",
    "cod_mun": 3523701,
    "mae": 2.8803254523562978,
    "rmse": 5.274202988553185,
    "r2": 0.16426893000061715,
    "n_samples": 300
}