{
    "disease": "hepatite",
    "cod_mun": 3548203,
    "mae": 0.7166620038713134,
    "rmse": 2.2063448665066003,
    "r2": 0.09072757351492122,
    "n_samples": 300
}