{
    "disease": "hanseniase",
    "cod_mun": 3542206,
    "mae": 0.04836540788173839,
    "rmse": 0.16208342696490216,
    "r2": 0.9598915806350143,
    "n_samples": 300
}