{
    "disease": "hanseniase",
    "cod_mun": 3527504,
    "mae": 0.6128205288141554,
    "rmse": 3.7726509160435433,
    "r2": 0.005238884115531306,
    "n_samples": 300
}