{
    "disease": "hiv_aids",
    "cod_mun": 3503000,
    "mae": 0.12647009073250082,
    "rmse": 1.0900869439203693,
    "r2": 0.0028478216098949405,
    "n_samples": 300
}