{
    "disease": "TX_sifilis_00_23",
    "cod_mun": 3520004,
    "mae": 1.4999783248036929,
    "rmse": 2.4948638237887324,
    "r2": -0.44877755078308645,
    "n_train": 251,
    "n_test": 12
}