{
    "disease": "hiv_aids",
    "cod_mun": 3513702,
    "mae": 0.613754232918619,
    "rmse": 0.9464407260201051,
    "r2": 0.08020625418843197,
    "n_samples": 300
}