{
    "disease": "TX_hepatite_00_23",
    "cod_mun": 3524303,
    "mae": 0.0859828605268073,
    "rmse": 0.1339709830624972,
    "r2": 0.0,
    "n_train": 251,
    "n_test": 12
}