{
    "disease": "TX_hanseniase_00_23",
    "cod_mun": 3528809,
    "mae": 0.05279032366039852,
    "rmse": 0.10338475023206735,
    "r2": 0.0,
    "n_train": 251,
    "n_test": 12
}