{
    "disease": "hanseniase",
    "cod_mun": 3551801,
    "mae": 0.05431247376005957,
    "rmse": 0.4433120818053297,
    "r2": 0.007804934375030159,
    "n_samples": 300
}