{
    "disease": "TX_tuberculose_00_23",
    "cod_mun": 3534906,
    "mae": 2.0881360455848488,
    "rmse": 2.7952271663077117,
    "r2": 0.09522162689536362,
    "n_train": 251,
    "n_test": 12
}