{
    "disease": "hanseniase",
    "cod_mun": 3537404,
    "mae": 0.4315981836421967,
    "rmse": 0.9205725960715012,
    "r2": 0.04069715002912255,
    "n_samples": 300
}