{
    "disease": "TX_tuberculose_00_23",
    "cod_mun": 3519055,
    "mae": 0.5431165826483811,
    "rmse": 1.7849791654106175,
    "r2": -0.09381627110478741,
    "n_train": 251,
    "n_test": 12
}