{
    "disease": "hepatite",
    "cod_mun": 3518909,
    "mae": 1.1687874589850185,
    "rmse": 3.624444640420013,
    "r2": 0.0718672509824565,
    "n_samples": 300
}