{
    "disease": "TX_tuberculose_00_23",
    "cod_mun": 3519709,
    "mae": 0.4547763644248202,
    "rmse": 0.47926250192535336,
    "r2": -0.18980539510030536,
    "n_train": 251,
    "n_test": 12
}