{
    "disease": "sifilis",
    "cod_mun": 3539202,
    "mae": 0.6388653268543423,
    "rmse": 1.2154003299776543,
    "r2": 0.030058447794025556,
    "n_samples": 300
}