{
    "disease": "hanseniase",
    "cod_mun": 3526605,
    "mae": 0.09698346495734866,
    "rmse": 0.8215583261641446,
    "r2": 0.00392431951101202,
    "n_samples": 300
}