{
    "disease": "tuberculose",
    "cod_mun": 3539905,
    "mae": 0.11559213328980142,
    "rmse": 0.9490797353265357,
    "r2": 0.004643568345729654,
    "n_samples": 300
}