{
    "disease": "sifilis",
    "cod_mun": 3532009,
    "mae": 0.1038200623295396,
    "rmse": 0.6410835249915264,
    "r2": 0.0019726275761020595,
    "n_samples": 300
}