{
    "disease": "hiv_aids",
    "cod_mun": 3551108,
    "mae": 0.5446520243528886,
    "rmse": 2.2543039553465207,
    "r2": 0.15170668764517614,
    "n_samples": 300
}