{
    "disease": "TX_hanseniase_00_23",
    "cod_mun": 3515509,
    "mae": 0.28258338432369806,
    "rmse": 0.41394614040166205,
    "r2": -0.15723309308344002,
    "n_train": 251,
    "n_test": 12
}