{
    "disease": "hanseniase",
    "cod_mun": 3517109,
    "mae": 0.3249435498261352,
    "rmse": 1.8287576459774586,
    "r2": 0.01182899922413172,
    "n_samples": 300
}