{
    "disease": "TX_hanseniase_00_23",
    "cod_mun": 3530607,
    "mae": 0.08954992518494582,
    "rmse": 0.09479928820096094,
    "r2": -0.06600724729857865,
    "n_train": 251,
    "n_test": 12
}