{
    "disease": "sifilis",
    "cod_mun": 3508603,
    "mae": 0.4845739938608911,
    "rmse": 1.0052721168154342,
    "r2": 0.19970048370590843,
    "n_samples": 300
}