{
    "disease": "sifilis",
    "cod_mun": 3506359,
    "mae": 0.5994345963834298,
    "rmse": 0.8768473676693571,
    "r2": 0.1010254062092758,
    "n_samples": 300
}