{
    "disease": "TX_hanseniase_00_23",
    "cod_mun": 3547700,
    "mae": 0.18481641759475073,
    "rmse": 0.20284692431424628,
    "r2": 0.0,
    "n_train": 251,
    "n_test": 12
}