{
    "disease": "sifilis",
    "cod_mun": 3519303,
    "mae": 0.5757973620445594,
    "rmse": 1.043162928565088,
    "r2": 0.16455110350950009,
    "n_samples": 300
}