{
    "disease": "TX_hiv_aids_00_23",
    "cod_mun": 3507001,
    "mae": 0.4214907263076007,
    "rmse": 0.48602806215351363,
    "r2": -0.29846158259882394,
    "n_train": 251,
    "n_test": 12
}