{
    "disease": "sifilis",
    "cod_mun": 3554003,
    "mae": 0.37179096233665215,
    "rmse": 0.5028316301792491,
    "r2": 0.10485542460554498,
    "n_samples": 300
}