{
    "disease": "tuberculose",
    "cod_mun": 3519907,
    "mae": 0.18201383544993702,
    "rmse": 1.1141204081411697,
    "r2": 0.002936733629933297,
    "n_samples": 300
}