{
    "disease": "TX_tuberculose_00_23",
    "cod_mun": 3507902,
    "mae": 0.14102561275164285,
    "rmse": 0.17415409292141817,
    "r2": 0.0,
    "n_train": 251,
    "n_test": 12
}