{
    "disease": "hepatite",
    "cod_mun": 3527504,
    "mae": 1.1384890711080031,
    "rmse": 4.8774611744190475,
    "r2": 0.005046640768782695,
    "n_samples": 300
}