{
    "disease": "TX_tuberculose_00_23",
    "cod_mun": 3526100,
    "mae": 0.3700111086169879,
    "rmse": 0.38650826843290476,
    "r2": 0.0,
    "n_train": 251,
    "n_test": 12
}