{
    "disease": "TX_hiv_aids_00_23",
    "cod_mun": 3548708,
    "mae": 0.09883055775501243,
    "rmse": 0.12665176006911003,
    "r2": -0.21232722197363074,
    "n_train": 251,
    "n_test": 12
}