{
    "disease": "hanseniase",
    "cod_mun": 3531308,
    "mae": 0.23648134404354862,
    "rmse": 0.4478660727924263,
    "r2": 0.03324185038847882,
    "n_samples": 300
}