{
    "disease": "TX_hepatite_00_23",
    "cod_mun": 3531902,
    "mae": 0.03373386293727284,
    "rmse": 0.07973949298709929,
    "r2": 0.0,
    "n_train": 251,
    "n_test": 12
}