{
    "disease": "hiv_aids",
    "cod_mun": 3544509,
    "mae": 0.23312096611059274,
    "rmse": 2.0177845545840403,
    "r2": 0.0031726387006421053,
    "n_samples": 300
}