{
    "disease": "tuberculose",
    "cod_mun": 3529708,
    "mae": 0.42654416605019907,
    "rmse": 1.137590801081411,
    "r2": 0.043705313056567996,
    "n_samples": 300
}