{
    "disease": "hanseniase",
    "cod_mun": 3549102,
    "mae": 0.024202043818057427,
    "rmse": 0.11780405807173311,
    "r2": 0.0010163938952502116,
    "n_samples": 300
}