{
    "disease": "hanseniase",
    "cod_mun": 3507605,
    "mae": 0.06168323596061318,
    "rmse": 0.21588564608739463,
    "r2": -0.08655624612860002,
    "n_samples": 300
}