{
    "disease": "TX_tuberculose_00_23",
    "cod_mun": 3549706,
    "mae": 0.12179191720982392,
    "rmse": 0.12634231797474713,
    "r2": 0.0,
    "n_train": 251,
    "n_test": 12
}