{
    "disease": "tuberculose",
    "cod_mun": 3532504,
    "mae": 0.1620257957913001,
    "rmse": 0.7999036551038873,
    "r2": 0.23061914484333013,
    "n_samples": 300
}