{
    "disease": "hiv_aids",
    "cod_mun": 3503802,
    "mae": 5.7150175955956986,
    "rmse": 6.897737688603444,
    "r2": -2.5590152049557573,
    "n_samples": 300
}