{
    "disease": "sifilis",
    "cod_mun": 3508207,
    "mae": 0.3527506687237432,
    "rmse": 1.967115768009622,
    "r2": 0.019661666542194145,
    "n_samples": 300
}