{
    "disease": "hiv_aids",
    "cod_mun": 3522505,
    "mae": 0.5355559129473092,
    "rmse": 0.6949238928859535,
    "r2": 0.18646529500521514,
    "n_samples": 300
}