{
    "disease": "TX_tuberculose_00_23",
    "cod_mun": 3531100,
    "mae": 1.5873889720899472,
    "rmse": 1.8925270428469578,
    "r2": -0.07432504154326125,
    "n_train": 251,
    "n_test": 12
}