{
    "disease": "TX_hanseniase_00_23",
    "cod_mun": 3532827,
    "mae": 0.007289052164802949,
    "rmse": 0.007319789340484271,
    "r2": 0.0,
    "n_train": 251,
    "n_test": 12
}