{
    "disease": "TX_hepatite_00_23",
    "cod_mun": 3548401,
    "mae": 1.0062123537063599,
    "rmse": 1.0062123537063599,
    "r2": 0.0,
    "n_train": 251,
    "n_test": 12
}