{
    "disease": "TX_hanseniase_00_23",
    "cod_mun": 3534757,
    "mae": 0.17486401305844387,
    "rmse": 0.49462760599865196,
    "r2": 0.0,
    "n_train": 251,
    "n_test": 12
}