{
    "disease": "hiv_aids",
    "cod_mun": 3516853,
    "mae": 0.16406658060105528,
    "rmse": 1.4135331867462155,
    "r2": 0.0032516064616423535,
    "n_samples": 300
}