{
    "disease": "TX_hepatite_00_23",
    "cod_mun": 3554904,
    "mae": 4.3641585520373996,
    "rmse": 4.675267764530899,
    "r2": -0.3239026158725764,
    "n_train": 251,
    "n_test": 12
}