{
    "disease": "tuberculose",
    "cod_mun": 3534609,
    "mae": 0.5367839509201645,
    "rmse": 0.979923421621289,
    "r2": 0.06730430254560382,
    "n_samples": 300
}