{
    "disease": "hanseniase",
    "cod_mun": 3519253,
    "mae": 0.17875905133724093,
    "rmse": 1.5480599016599255,
    "r2": 0.00283824084968598,
    "n_samples": 300
}