{
    "disease": "sifilis",
    "cod_mun": 3533502,
    "mae": 0.3045104424465468,
    "rmse": 0.7490345682567887,
    "r2": 0.10355278938489776,
    "n_samples": 300
}