{
    "disease": "hiv_aids",
    "cod_mun": 3503604,
    "mae": 0.666045518718279,
    "rmse": 1.84455238328392,
    "r2": 0.029445824157078304,
    "n_samples": 300
}