{
    "disease": "hiv_aids",
    "cod_mun": 3535804,
    "mae": 0.7356828283744827,
    "rmse": 1.4780981995780893,
    "r2": 0.04054978047801616,
    "n_samples": 300
}