{
    "disease": "sifilis",
    "cod_mun": 3541604,
    "mae": 0.21065547491549838,
    "rmse": 0.649469945091607,
    "r2": 0.026609967140068247,
    "n_samples": 300
}