{
    "disease": "TX_sifilis_00_23",
    "cod_mun": 3519303,
    "mae": 1.6866686892045222,
    "rmse": 3.007535534793414,
    "r2": -0.240235108428849,
    "n_train": 251,
    "n_test": 12
}