{
    "disease": "sifilis",
    "cod_mun": 3550001,
    "mae": 0.06773930277273195,
    "rmse": 0.5522346800620731,
    "r2": 0.008482168551773084,
    "n_samples": 300
}