{
    "disease": "hiv_aids",
    "cod_mun": 3519600,
    "mae": 0.8893639142997213,
    "rmse": 1.1767486385498447,
    "r2": 0.19410261012287144,
    "n_samples": 300
}