{
    "disease": "TX_sifilis_00_23",
    "cod_mun": 3530706,
    "mae": 0.6716612698673602,
    "rmse": 0.9106536597035804,
    "r2": 0.02060054746486084,
    "n_train": 251,
    "n_test": 12
}