{
    "disease": "TX_hepatite_00_23",
    "cod_mun": 3538006,
    "mae": 0.047724236423770584,
    "rmse": 0.04792625853024959,
    "r2": 0.0,
    "n_train": 251,
    "n_test": 12
}