{
    "disease": "hiv_aids",
    "cod_mun": 3543105,
    "mae": 0.40625931984426317,
    "rmse": 2.5218646454918074,
    "r2": 0.7933853847591572,
    "n_samples": 300
}