{
    "disease": "TX_hiv_aids_00_23",
    "cod_mun": 3555307,
    "mae": 4.934108227575816,
    "rmse": 17.091444289497517,
    "r2": -0.09090424964829191,
    "n_train": 251,
    "n_test": 12
}