{
    "disease": "TX_hanseniase_00_23",
    "cod_mun": 3533205,
    "mae": 0.023724439709136885,
    "rmse": 0.02375515651718613,
    "r2": 0.0,
    "n_train": 251,
    "n_test": 12
}