{
    "disease": "sifilis",
    "cod_mun": 3553708,
    "mae": 0.37141189962858695,
    "rmse": 0.6340450742716899,
    "r2": 0.2786146746032707,
    "n_samples": 300
}