{
    "disease": "tuberculose",
    "cod_mun": 3525904,
    "mae": 0.4741782683725006,
    "rmse": 0.6918853568491842,
    "r2": 0.5625513378435614,
    "n_samples": 300
}