{
    "disease": "tuberculose",
    "cod_mun": 3506904,
    "mae": 1.0361786653080303,
    "rmse": 2.694814885859683,
    "r2": 0.18717092886740527,
    "n_samples": 300
}