{
    "disease": "hiv_aids",
    "cod_mun": 3505500,
    "mae": 3.989430172121335,
    "rmse": 5.518114831955805,
    "r2": -1.1496229700598963,
    "n_samples": 300
}