{
    "disease": "hanseniase",
    "cod_mun": 3519808,
    "mae": 0.23372664197448847,
    "rmse": 0.870669550624223,
    "r2": 0.2221899286803224,
    "n_samples": 300
}