{
    "disease": "TX_tuberculose_00_23",
    "cod_mun": 3507001,
    "mae": 0.5331583767489294,
    "rmse": 0.5560206075921668,
    "r2": -0.6993709518729656,
    "n_train": 251,
    "n_test": 12
}