{
    "disease": "TX_hiv_aids_00_23",
    "cod_mun": 3549607,
    "mae": 0.8690892507632574,
    "rmse": 0.8690896905791838,
    "r2": 0.0,
    "n_train": 251,
    "n_test": 12
}