{
    "disease": "TX_hiv_aids_00_23",
    "cod_mun": 3547205,
    "mae": 0.0639462429486836,
    "rmse": 0.06885764378641519,
    "r2": 0.0,
    "n_train": 251,
    "n_test": 12
}