{
    "disease": "TX_tuberculose_00_23",
    "cod_mun": 3529302,
    "mae": 0.4347579777240753,
    "rmse": 0.435088888023714,
    "r2": 0.0,
    "n_train": 251,
    "n_test": 12
}