{
    "disease": "TX_sifilis_00_23",
    "cod_mun": 3540507,
    "mae": 0.061788441923757396,
    "rmse": 0.061788805000589093,
    "r2": 0.0,
    "n_train": 251,
    "n_test": 12
}