{
    "disease": "TX_tuberculose_00_23",
    "cod_mun": 3506805,
    "mae": 0.13727002358064055,
    "rmse": 0.28066629562289946,
    "r2": 0.0,
    "n_train": 251,
    "n_test": 12
}