{
    "disease": "TX_hiv_aids_00_23",
    "cod_mun": 3539509,
    "mae": 1.5162678149089348,
    "rmse": 1.5773070172745722,
    "r2": -0.2738063745490906,
    "n_train": 251,
    "n_test": 12
}