{
    "disease": "TX_hepatite_00_23",
    "cod_mun": 3549607,
    "mae": 19.596025305430388,
    "rmse": 22.679200404945913,
    "r2": -1.2962841882260374,
    "n_train": 251,
    "n_test": 12
}