{
    "disease": "hanseniase",
    "cod_mun": 3555604,
    "mae": 0.0010368666061239399,
    "rmse": 0.004009203095884041,
    "r2": 0.9999597670510082,
    "n_samples": 300
}