{
    "disease": "TX_hiv_aids_00_23",
    "cod_mun": 3522901,
    "mae": 0.07163797225803137,
    "rmse": 0.10534794861464605,
    "r2": 0.0,
    "n_train": 251,
    "n_test": 12
}