{
    "disease": "sifilis",
    "cod_mun": 3529401,
    "mae": 0.08019128055891969,
    "rmse": 0.11621580966773823,
    "r2": 0.1332590685104884,
    "n_samples": 300
}