{
    "disease": "TX_hepatite_00_23",
    "cod_mun": 3506508,
    "mae": 0.18632623210774804,
    "rmse": 0.2634171054341714,
    "r2": -0.2726364509834245,
    "n_train": 251,
    "n_test": 12
}