{
    "disease": "tuberculose",
    "cod_mun": 3517208,
    "mae": 1.940937903898634,
    "rmse": 4.2597069441187685,
    "r2": 0.5010302838551586,
    "n_samples": 300
}