{
    "disease": "hiv_aids",
    "cod_mun": 3541653,
    "mae": 0.8504469913399099,
    "rmse": 4.516360882192007,
    "r2": 0.003113672799831213,
    "n_samples": 300
}