{
    "disease": "sifilis",
    "cod_mun": 3550902,
    "mae": 0.1034091223448006,
    "rmse": 0.7518630024187727,
    "r2": 0.04587691036209429,
    "n_samples": 300
}