{
    "disease": "TX_hepatite_00_23",
    "cod_mun": 3534609,
    "mae": 0.08833237520108621,
    "rmse": 0.09705610749787245,
    "r2": 0.0,
    "n_train": 251,
    "n_test": 12
}