{
    "disease": "tuberculose",
    "cod_mun": 3556958,
    "mae": 0.3685630897665119,
    "rmse": 3.1515099704984753,
    "r2": 0.0021028397964947265,
    "n_samples": 300
}