{
    "disease": "hepatite",
    "cod_mun": 3510500,
    "mae": 0.7047505555403907,
    "rmse": 1.2570942116449448,
    "r2": 0.4207262350093116,
    "n_samples": 300
}