{
    "disease": "TX_tuberculose_00_23",
    "cod_mun": 3501707,
    "mae": 2.056652976137035,
    "rmse": 2.4025037070851303,
    "r2": -0.025188932014726495,
    "n_train": 251,
    "n_test": 12
}