{
    "disease": "hanseniase",
    "cod_mun": 3556404,
    "mae": 0.11322298208041029,
    "rmse": 0.3745269801621061,
    "r2": 0.0012289298243318703,
    "n_samples": 300
}