{
    "disease": "hiv_aids",
    "cod_mun": 3525508,
    "mae": 0.3803884536595813,
    "rmse": 1.240385720690465,
    "r2": 0.11034611058822086,
    "n_samples": 300
}