{
    "disease": "sifilis",
    "cod_mun": 3502200,
    "mae": 0.4169764681756371,
    "rmse": 1.0098009229608902,
    "r2": 0.20476897951452055,
    "n_samples": 300
}