{
    "disease": "tuberculose",
    "cod_mun": 3537107,
    "mae": 0.3277003467240698,
    "rmse": 0.7951268007224308,
    "r2": 0.6033462374858612,
    "n_samples": 300
}