{
    "disease": "sifilis",
    "cod_mun": 3549003,
    "mae": 0.25779065453401884,
    "rmse": 1.9114319873541648,
    "r2": 0.12730454497018806,
    "n_samples": 300
}