{
    "disease": "TX_hiv_aids_00_23",
    "cod_mun": 3501152,
    "mae": 0.5146993791724149,
    "rmse": 1.677912197313363,
    "r2": -0.08654785666860798,
    "n_train": 251,
    "n_test": 12
}