{
    "disease": "TX_tuberculose_00_23",
    "cod_mun": 3527603,
    "mae": 0.3209928671518962,
    "rmse": 0.3223879550736932,
    "r2": 0.0,
    "n_train": 251,
    "n_test": 12
}