{
    "disease": "hanseniase",
    "cod_mun": 3530201,
    "mae": 0.044266081707663774,
    "rmse": 0.34976758196315816,
    "r2": 0.005835109571232122,
    "n_samples": 300
}