{
    "disease": "sifilis",
    "cod_mun": 3527405,
    "mae": 0.5155039132971929,
    "rmse": 1.2024967640937276,
    "r2": 0.10566983922358342,
    "n_samples": 300
}