{
    "disease": "hanseniase",
    "cod_mun": 3537800,
    "mae": 0.0388779133909009,
    "rmse": 0.19458847419541653,
    "r2": 0.004584518352889311,
    "n_samples": 300
}