{
    "disease": "TX_hiv_aids_00_23",
    "cod_mun": 3510807,
    "mae": 1.178023636341095,
    "rmse": 1.1972439700983546,
    "r2": 0.0,
    "n_train": 251,
    "n_test": 12
}