{
    "disease": "hiv_aids",
    "cod_mun": 3521507,
    "mae": 3.376107309381156,
    "rmse": 6.045978510915263,
    "r2": 0.29188059458111926,
    "n_samples": 300
}