{
    "disease": "hiv_aids",
    "cod_mun": 3550100,
    "mae": 0.9014019283530729,
    "rmse": 1.3117538142313379,
    "r2": 0.07052414861266887,
    "n_samples": 300
}