{
    "disease": "hiv_aids",
    "cod_mun": 3502507,
    "mae": 0.5756653007194212,
    "rmse": 1.2996747358738676,
    "r2": 0.9381285006474707,
    "n_samples": 300
}