{
    "disease": "TX_tuberculose_00_23",
    "cod_mun": 3554706,
    "mae": 0.1157254297286272,
    "rmse": 0.11572543177748765,
    "r2": 0.0,
    "n_train": 251,
    "n_test": 12
}