{
    "disease": "TX_hepatite_00_23",
    "cod_mun": 3542404,
    "mae": 1.59692757796513,
    "rmse": 2.2549074474722075,
    "r2": -0.10115733476689215,
    "n_train": 251,
    "n_test": 12
}