{
    "disease": "TX_sifilis_00_23",
    "cod_mun": 3552700,
    "mae": 0.0012455029257883627,
    "rmse": 0.001264328953960854,
    "r2": 0.0,
    "n_train": 251,
    "n_test": 12
}