{
    "disease": "hepatite",
    "cod_mun": 3552205,
    "mae": 0.11742618311892658,
    "rmse": 0.21448923786286928,
    "r2": 0.5326273274454609,
    "n_samples": 300
}