{
    "disease": "TX_hanseniase_00_23",
    "cod_mun": 3531100,
    "mae": 0.00663217855617404,
    "rmse": 0.006632180508523345,
    "r2": 0.0,
    "n_train": 251,
    "n_test": 12
}