{
    "disease": "hiv_aids",
    "cod_mun": 3530102,
    "mae": 1.2490141880959313,
    "rmse": 2.6767008528296024,
    "r2": -0.18271607458947425,
    "n_samples": 300
}