{
    "disease": "TX_hepatite_00_23",
    "cod_mun": 3541703,
    "mae": 0.2299639197687308,
    "rmse": 0.28217522304705245,
    "r2": 0.0,
    "n_train": 251,
    "n_test": 12
}