{
    "disease": "sifilis",
    "cod_mun": 3522158,
    "mae": 0.6043621969386409,
    "rmse": 2.969316516247922,
    "r2": 0.008880469095792987,
    "n_samples": 300
}