{
    "disease": "hiv_aids",
    "cod_mun": 3533205,
    "mae": 3.0418892146043164,
    "rmse": 7.474115021296624,
    "r2": 0.10795689221759164,
    "n_samples": 300
}