{
    "disease": "hanseniase",
    "cod_mun": 3551504,
    "mae": 0.3254654592650155,
    "rmse": 1.1496606919286214,
    "r2": 0.03593620536898212,
    "n_samples": 300
}