{
    "disease": "TX_hiv_aids_00_23",
    "cod_mun": 3513108,
    "mae": 1.9454764108288531,
    "rmse": 2.1158311426966194,
    "r2": -1.6399535282853503,
    "n_train": 251,
    "n_test": 12
}