{
    "disease": "TX_sifilis_00_23",
    "cod_mun": 3501202,
    "mae": 0.663907004830738,
    "rmse": 0.6978941112065938,
    "r2": 0.0,
    "n_train": 251,
    "n_test": 12
}