{
    "disease": "TX_hiv_aids_00_23",
    "cod_mun": 3556602,
    "mae": 2.122004992458376,
    "rmse": 3.475633291912649,
    "r2": 0.09616396543921679,
    "n_train": 251,
    "n_test": 12
}