{
    "disease": "tuberculose",
    "cod_mun": 3526704,
    "mae": 0.32436653488414974,
    "rmse": 0.5897713383569118,
    "r2": 0.759431534317147,
    "n_samples": 300
}