{
    "disease": "TX_hiv_aids_00_23",
    "cod_mun": 3531100,
    "mae": 0.5390684066156834,
    "rmse": 0.6529878391391004,
    "r2": -1.081239421124637,
    "n_train": 251,
    "n_test": 12
}