{
    "disease": "hanseniase",
    "cod_mun": 3541901,
    "mae": 0.19948375842430485,
    "rmse": 0.9968268469013974,
    "r2": 0.009491218381505573,
    "n_samples": 300
}