{
    "disease": "TX_tuberculose_00_23",
    "cod_mun": 3539301,
    "mae": 0.024076645631187905,
    "rmse": 0.03198706977337146,
    "r2": 0.0,
    "n_train": 251,
    "n_test": 12
}