{
    "disease": "hanseniase",
    "cod_mun": 3523800,
    "mae": 0.13902197446079842,
    "rmse": 0.9846139700027502,
    "r2": 0.16838681025548596,
    "n_samples": 300
}