{
    "disease": "sifilis",
    "cod_mun": 3527801,
    "mae": 1.2110530838926428,
    "rmse": 3.426695716153932,
    "r2": 0.09234054745433418,
    "n_samples": 300
}