{
    "disease": "hiv_aids",
    "cod_mun": 3534302,
    "mae": 0.5130003241256169,
    "rmse": 0.8999008878361887,
    "r2": 0.1640711828293051,
    "n_samples": 300
}