{
    "disease": "TX_hiv_aids_00_23",
    "cod_mun": 3538600,
    "mae": 0.1558928626279036,
    "rmse": 0.1560692178570038,
    "r2": 0.0,
    "n_train": 251,
    "n_test": 12
}