{
    "disease": "hiv_aids",
    "cod_mun": 3551306,
    "mae": 1.9775858798303363,
    "rmse": 5.956329284719975,
    "r2": 0.18100302938206403,
    "n_samples": 300
}