{
    "disease": "sifilis",
    "cod_mun": 3528304,
    "mae": 0.4337280702007018,
    "rmse": 2.5600519684626626,
    "r2": 0.004898006024404045,
    "n_samples": 300
}