{
    "disease": "hepatite",
    "cod_mun": 3509403,
    "mae": 0.5122707519162918,
    "rmse": 1.2605405628851518,
    "r2": 0.48723731955570904,
    "n_samples": 300
}