{
    "disease": "hepatite",
    "cod_mun": 3552403,
    "mae": 0.08168583026436303,
    "rmse": 0.1779473245950183,
    "r2": 0.3632788436992642,
    "n_samples": 300
}