{
    "disease": "sifilis",
    "cod_mun": 3515608,
    "mae": 0.12255501026807439,
    "rmse": 1.0396890791374807,
    "r2": 0.0035475138019233077,
    "n_samples": 300
}