{
    "disease": "TX_hiv_aids_00_23",
    "cod_mun": 3515103,
    "mae": 0.436308604437678,
    "rmse": 0.4901416323340877,
    "r2": -0.2533455180364137,
    "n_train": 251,
    "n_test": 12
}