{
    "disease": "TX_hiv_aids_00_23",
    "cod_mun": 3539905,
    "mae": 4.54653514773151,
    "rmse": 6.734389491250673,
    "r2": -0.0210882609699925,
    "n_train": 251,
    "n_test": 12
}