{
    "disease": "hiv_aids",
    "cod_mun": 3513603,
    "mae": 0.21378133000807728,
    "rmse": 0.7024124634838897,
    "r2": 0.05741310175627812,
    "n_samples": 300
}