{
    "disease": "TX_hanseniase_00_23",
    "cod_mun": 3546603,
    "mae": 0.8626548977982011,
    "rmse": 1.2945714232467007,
    "r2": -0.08009080902406729,
    "n_train": 251,
    "n_test": 12
}