{
    "disease": "tuberculose",
    "cod_mun": 3540408,
    "mae": 0.1610846009547215,
    "rmse": 1.3576573610467833,
    "r2": 0.0025677834611538275,
    "n_samples": 300
}