{
    "disease": "TX_hanseniase_00_23",
    "cod_mun": 3508207,
    "mae": 2.175617279431291,
    "rmse": 6.7172603434085545,
    "r2": -0.06842719531580732,
    "n_train": 251,
    "n_test": 12
}