{
    "disease": "TX_sifilis_00_23",
    "cod_mun": 3507902,
    "mae": 0.08327921324719985,
    "rmse": 0.16554050496715858,
    "r2": 0.0,
    "n_train": 251,
    "n_test": 12
}