{
    "disease": "tuberculose",
    "cod_mun": 3534708,
    "mae": 0.5306565879331167,
    "rmse": 0.7031984044790449,
    "r2": 0.07844683968256516,
    "n_samples": 300
}