{
    "disease": "hanseniase",
    "cod_mun": 3502309,
    "mae": 0.0036994961750867503,
    "rmse": 0.016100821398878067,
    "r2": 0.9996896061925719,
    "n_samples": 300
}