{
    "disease": "hiv_aids",
    "cod_mun": 3507753,
    "mae": 0.006036020724040574,
    "rmse": 0.04138616973763236,
    "r2": 0.999653353496609,
    "n_samples": 300
}