{
    "disease": "tuberculose",
    "cod_mun": 3554300,
    "mae": 0.3462629080020756,
    "rmse": 0.9622371172557996,
    "r2": 0.03945116599726428,
    "n_samples": 300
}