{
    "disease": "TX_hepatite_00_23",
    "cod_mun": 3522802,
    "mae": 0.5001295904318491,
    "rmse": 0.5001393413346485,
    "r2": 0.0,
    "n_train": 251,
    "n_test": 12
}