{
    "disease": "hiv_aids",
    "cod_mun": 3550100,
    "mae": 0.7498162510542736,
    "rmse": 1.351566010545814,
    "r2": 0.01324811988164487,
    "n_samples": 300
}