{
    "disease": "hepatite",
    "cod_mun": 3557105,
    "mae": 0.3958554284298419,
    "rmse": 0.6331267421434368,
    "r2": 0.28631689187501386,
    "n_samples": 300
}