{
    "disease": "TX_sifilis_00_23",
    "cod_mun": 3503802,
    "mae": 0.002447996972477995,
    "rmse": 0.004858942640847602,
    "r2": 0.0,
    "n_train": 251,
    "n_test": 12
}