{
    "disease": "hepatite",
    "cod_mun": 3541059,
    "mae": 1.3024508858205661,
    "rmse": 3.6533450122709414,
    "r2": 0.05977613378118407,
    "n_samples": 300
}