{
    "disease": "sifilis",
    "cod_mun": 3532157,
    "mae": 0.665438221282502,
    "rmse": 3.2749928221787252,
    "r2": 0.00634937843584038,
    "n_samples": 300
}