{
    "disease": "TX_hiv_aids_00_23",
    "cod_mun": 3555802,
    "mae": 0.42176419248183566,
    "rmse": 0.4612425346651959,
    "r2": 0.0,
    "n_train": 251,
    "n_test": 12
}