{
    "disease": "sifilis",
    "cod_mun": 3500402,
    "mae": 0.08618734360684242,
    "rmse": 0.7439146058648096,
    "r2": 0.003618104114516685,
    "n_samples": 300
}