{
    "disease": "hepatite",
    "cod_mun": 3555208,
    "mae": 3.8785062705678333,
    "rmse": 9.46108306437283,
    "r2": 0.0820099230603002,
    "n_samples": 300
}