{
    "disease": "hanseniase",
    "cod_mun": 3553856,
    "mae": 0.12229028007292526,
    "rmse": 1.0384100852725748,
    "r2": 0.0034813836861421477,
    "n_samples": 300
}