{
    "disease": "TX_tuberculose_00_23",
    "cod_mun": 3534203,
    "mae": 0.160800039768219,
    "rmse": 0.160800039768219,
    "r2": 0.0,
    "n_train": 251,
    "n_test": 12
}