{
    "disease": "TX_sifilis_00_23",
    "cod_mun": 3554607,
    "mae": 0.14256901542345682,
    "rmse": 0.14256902192966828,
    "r2": 0.0,
    "n_train": 251,
    "n_test": 12
}