{
    "disease": "sifilis",
    "cod_mun": 3536406,
    "mae": 0.4693113170200388,
    "rmse": 1.7054394951668033,
    "r2": 0.16556021317346292,
    "n_samples": 300
}