{
    "disease": "hanseniase",
    "cod_mun": 3531803,
    "mae": 0.09160646131389714,
    "rmse": 0.311696372255221,
    "r2": 0.00016637749816894587,
    "n_samples": 300
}