{
    "disease": "TX_hepatite_00_23",
    "cod_mun": 3547403,
    "mae": 1.8245498339335124,
    "rmse": 1.8637989429814517,
    "r2": 0.0,
    "n_train": 251,
    "n_test": 12
}