{
    "disease": "hiv_aids",
    "cod_mun": 3535200,
    "mae": 0.6291629791361522,
    "rmse": 2.146932101903051,
    "r2": 0.1296393702067632,
    "n_samples": 300
}