{
    "disease": "TX_hepatite_00_23",
    "cod_mun": 3554805,
    "mae": 0.042948067809144654,
    "rmse": 0.04294860649167849,
    "r2": 0.0,
    "n_train": 251,
    "n_test": 12
}