{
    "disease": "TX_hiv_aids_00_23",
    "cod_mun": 3547304,
    "mae": 0.5612431831888438,
    "rmse": 0.5923639956739294,
    "r2": -1.6436092735847936,
    "n_train": 251,
    "n_test": 12
}