{
    "disease": "sifilis",
    "cod_mun": 3518107,
    "mae": 1.2977681518768216,
    "rmse": 3.194842292505874,
    "r2": 0.11709173304715337,
    "n_samples": 300
}