{
    "disease": "sifilis",
    "cod_mun": 3510005,
    "mae": 0.28971664615271164,
    "rmse": 0.7991152624855943,
    "r2": 0.07379268898070834,
    "n_samples": 300
}