{
    "disease": "hanseniase",
    "cod_mun": 3546405,
    "mae": 0.07542140218096868,
    "rmse": 0.28960506922066165,
    "r2": 0.002131206339326397,
    "n_samples": 300
}