{
    "disease": "TX_tuberculose_00_23",
    "cod_mun": 3549904,
    "mae": 0.2190953208484928,
    "rmse": 0.280075118860014,
    "r2": -1.286209655958209,
    "n_train": 251,
    "n_test": 12
}