{
    "disease": "TX_hepatite_00_23",
    "cod_mun": 3514700,
    "mae": 0.22382777060071626,
    "rmse": 0.22774017727467244,
    "r2": 0.0,
    "n_train": 251,
    "n_test": 12
}