{
    "disease": "hiv_aids",
    "cod_mun": 3550308,
    "mae": 0.26015718184794884,
    "rmse": 0.3551526276363886,
    "r2": 0.767576773449554,
    "n_samples": 300
}