{
    "disease": "TX_tuberculose_00_23",
    "cod_mun": 3510005,
    "mae": 1.1372591237322998,
    "rmse": 1.9327105423925126,
    "r2": -0.06603224372084782,
    "n_train": 251,
    "n_test": 12
}