{
    "disease": "hanseniase",
    "cod_mun": 3507753,
    "mae": 0.12835185339755723,
    "rmse": 0.8657468275352518,
    "r2": 0.9578966873897526,
    "n_samples": 300
}