{
    "disease": "sifilis",
    "cod_mun": 3501806,
    "mae": 0.47344163538447814,
    "rmse": 1.9209848049552218,
    "r2": 0.019294770536238626,
    "n_samples": 300
}