{
    "disease": "TX_hiv_aids_00_23",
    "cod_mun": 3556354,
    "mae": 0.1727345809340477,
    "rmse": 0.17273459211000597,
    "r2": 0.0,
    "n_train": 251,
    "n_test": 12
}