{
    "disease": "tuberculose",
    "cod_mun": 3538105,
    "mae": 0.17836642950743833,
    "rmse": 0.7669293151002349,
    "r2": 0.0030976874875172644,
    "n_samples": 300
}