{
    "disease": "hepatite",
    "cod_mun": 3557154,
    "mae": 1.5183312556579018,
    "rmse": 5.900715861937098,
    "r2": 0.3372821572579793,
    "n_samples": 300
}