{
    "disease": "TX_sifilis_00_23",
    "cod_mun": 3541604,
    "mae": 0.45838602226269803,
    "rmse": 0.9127359878437091,
    "r2": -0.34683100217901863,
    "n_train": 251,
    "n_test": 12
}