{
    "disease": "TX_hanseniase_00_23",
    "cod_mun": 3553708,
    "mae": 0.11715677318473657,
    "rmse": 0.13196027016508347,
    "r2": 0.0,
    "n_train": 251,
    "n_test": 12
}