{
    "disease": "hiv_aids",
    "cod_mun": 3506300,
    "mae": 0.5865594083214087,
    "rmse": 1.7922859780423135,
    "r2": 0.006314933521299526,
    "n_samples": 300
}