{
    "disease": "sifilis",
    "cod_mun": 3554755,
    "mae": 0.7960770304989243,
    "rmse": 4.773795038292321,
    "r2": 0.005447590948116421,
    "n_samples": 300
}