{
    "disease": "TX_hanseniase_00_23",
    "cod_mun": 3536208,
    "mae": 0.03832252696156502,
    "rmse": 0.03832252696156502,
    "r2": 0.0,
    "n_train": 251,
    "n_test": 12
}