{
    "disease": "sifilis",
    "cod_mun": 3519907,
    "mae": 0.22749512255798854,
    "rmse": 1.348121546433593,
    "r2": 0.5450854891430973,
    "n_samples": 300
}