{
    "disease": "TX_hiv_aids_00_23",
    "cod_mun": 3516200,
    "mae": 0.6308068277335285,
    "rmse": 0.713351292956251,
    "r2": -3.004848027741412,
    "n_train": 251,
    "n_test": 12
}