{
    "disease": "TX_hiv_aids_00_23",
    "cod_mun": 3527603,
    "mae": 0.2785162647875647,
    "rmse": 0.41999623714727113,
    "r2": 0.0,
    "n_train": 251,
    "n_test": 12
}