{
    "disease": "TX_hiv_aids_00_23",
    "cod_mun": 3518800,
    "mae": 0.25605928857080534,
    "rmse": 0.2993631813135467,
    "r2": -4.463060376732382,
    "n_train": 251,
    "n_test": 12
}