{
    "disease": "TX_sifilis_00_23",
    "cod_mun": 3504107,
    "mae": 0.3423036998710858,
    "rmse": 0.4217946617820441,
    "r2": -1.097302540347557,
    "n_train": 251,
    "n_test": 12
}