{
    "disease": "hiv_aids",
    "cod_mun": 3504602,
    "mae": 3.500498939394136,
    "rmse": 4.686841074962782,
    "r2": 0.05147902860334308,
    "n_samples": 300
}