{
    "disease": "hanseniase",
    "cod_mun": 3517604,
    "mae": 0.13067545642031622,
    "rmse": 0.5397154816312404,
    "r2": 0.09852165223121678,
    "n_samples": 300
}