{
    "disease": "TX_tuberculose_00_23",
    "cod_mun": 3532405,
    "mae": 0.9578413366381692,
    "rmse": 1.8344567773551361,
    "r2": -0.09041694701288239,
    "n_train": 251,
    "n_test": 12
}