{
    "disease": "TX_hepatite_00_23",
    "cod_mun": 3555000,
    "mae": 0.002384334739569264,
    "rmse": 0.003664554434373551,
    "r2": 0.0,
    "n_train": 251,
    "n_test": 12
}