{
    "disease": "TX_hiv_aids_00_23",
    "cod_mun": 3548302,
    "mae": 6.391560665472742,
    "rmse": 13.05619214047157,
    "r2": -0.10755529710824119,
    "n_train": 251,
    "n_test": 12
}