{
    "disease": "hepatite",
    "cod_mun": 3525607,
    "mae": 0.7666937142383627,
    "rmse": 3.4630686933369987,
    "r2": 0.003977893829963164,
    "n_samples": 300
}