{
    "disease": "hanseniase",
    "cod_mun": 3540804,
    "mae": 0.7902647133282665,
    "rmse": 1.7115443036357496,
    "r2": 0.10354374874478922,
    "n_samples": 300
}