{
    "disease": "TX_hiv_aids_00_23",
    "cod_mun": 3540705,
    "mae": 0.4424883950596719,
    "rmse": 0.6659061004126905,
    "r2": 0.11830078761881802,
    "n_train": 251,
    "n_test": 12
}