{
    "disease": "sifilis",
    "cod_mun": 3548807,
    "mae": 0.17579070011474124,
    "rmse": 0.2620361552830826,
    "r2": 0.011314288343056256,
    "n_samples": 300
}