{
    "disease": "TX_tuberculose_00_23",
    "cod_mun": 3521309,
    "mae": 1.351955711399501,
    "rmse": 3.929482402271335,
    "r2": -0.0570542687012785,
    "n_train": 251,
    "n_test": 12
}