{
    "disease": "hepatite",
    "cod_mun": 3500402,
    "mae": 0.8716377209228398,
    "rmse": 2.3559017209295794,
    "r2": 0.00406560689681168,
    "n_samples": 300
}