{
    "disease": "hanseniase",
    "cod_mun": 3534203,
    "mae": 0.7442598340345741,
    "rmse": 2.379171120099777,
    "r2": 0.11535466155655916,
    "n_samples": 300
}