{
    "disease": "hiv_aids",
    "cod_mun": 3536570,
    "mae": 0.8172997248225699,
    "rmse": 4.0037395831736475,
    "r2": 0.11739348464839983,
    "n_samples": 300
}