{
    "disease": "sifilis",
    "cod_mun": 3540903,
    "mae": 0.39737760674808126,
    "rmse": 1.0696811198016556,
    "r2": 0.12223957573693844,
    "n_samples": 300
}