{
    "disease": "hepatite",
    "cod_mun": 3513603,
    "mae": 0.6051579990110105,
    "rmse": 1.1389689833197347,
    "r2": 0.3601056804457381,
    "n_samples": 300
}