{
    "disease": "TX_hepatite_00_23",
    "cod_mun": 3536901,
    "mae": 2.3795642952124276,
    "rmse": 2.4542649030691406,
    "r2": 0.0,
    "n_train": 251,
    "n_test": 12
}