{
    "disease": "tuberculose",
    "cod_mun": 3538600,
    "mae": 1.259005278138195,
    "rmse": 1.9547455941564549,
    "r2": 0.23206173619118176,
    "n_samples": 300
}