{
    "disease": "sifilis",
    "cod_mun": 3536000,
    "mae": 0.18582673683850814,
    "rmse": 0.9108501782152612,
    "r2": 0.0032207031239726014,
    "n_samples": 300
}