{
    "disease": "TX_hiv_aids_00_23",
    "cod_mun": 3520426,
    "mae": 1.287813425064087,
    "rmse": 1.287813425064087,
    "r2": 0.0,
    "n_train": 251,
    "n_test": 12
}