{
    "disease": "TX_tuberculose_00_23",
    "cod_mun": 3545704,
    "mae": 1.0479474067687988,
    "rmse": 1.0665780921644723,
    "r2": 0.0,
    "n_train": 251,
    "n_test": 12
}