{
    "disease": "TX_sifilis_00_23",
    "cod_mun": 3557105,
    "mae": 0.6105289135831214,
    "rmse": 0.6810716352867401,
    "r2": -1.3178758111307975,
    "n_train": 251,
    "n_test": 12
}