{
    "disease": "TX_sifilis_00_23",
    "cod_mun": 3516606,
    "mae": 1.4717923675145543,
    "rmse": 4.736613209980947,
    "r2": -0.07644162675118538,
    "n_train": 251,
    "n_test": 12
}