{
    "disease": "hiv_aids",
    "cod_mun": 3500105,
    "mae": 0.8012655626364608,
    "rmse": 1.1614803761188215,
    "r2": 0.09986863841718285,
    "n_samples": 300
}