{
    "disease": "sifilis",
    "cod_mun": 3537909,
    "mae": 0.36574504120247603,
    "rmse": 0.9944787941305901,
    "r2": 0.12390571472994283,
    "n_samples": 300
}