{
    "disease": "TX_hanseniase_00_23",
    "cod_mun": 3543709,
    "mae": 0.29083731522162753,
    "rmse": 0.290837334376863,
    "r2": 0.0,
    "n_train": 251,
    "n_test": 12
}