{
    "disease": "hepatite",
    "cod_mun": 3545506,
    "mae": 1.5940638071528996,
    "rmse": 4.6378330313719465,
    "r2": 0.6395046934113134,
    "n_samples": 300
}