{
    "disease": "hiv_aids",
    "cod_mun": 3514106,
    "mae": 1.0013331968738408,
    "rmse": 1.4816626406428701,
    "r2": 0.05977192208911031,
    "n_samples": 300
}