{
    "disease": "tuberculose",
    "cod_mun": 3510609,
    "mae": 0.5270076782406825,
    "rmse": 0.6995988678314788,
    "r2": 0.7621847685559731,
    "n_samples": 300
}