{
    "disease": "TX_hanseniase_00_23",
    "cod_mun": 3520004,
    "mae": 0.04988198609013731,
    "rmse": 0.11775302517441723,
    "r2": 0.0,
    "n_train": 251,
    "n_test": 12
}