{
    "disease": "hanseniase",
    "cod_mun": 3520202,
    "mae": 0.07011173858101019,
    "rmse": 0.6028904898187316,
    "r2": 0.003218307154496447,
    "n_samples": 300
}