{
    "disease": "sifilis",
    "cod_mun": 3528403,
    "mae": 0.30189793793599584,
    "rmse": 0.6030820913736656,
    "r2": 0.09584467182715561,
    "n_samples": 300
}