{
    "disease": "hanseniase",
    "cod_mun": 3536901,
    "mae": 0.2591820033168138,
    "rmse": 2.21837623206188,
    "r2": 0.0024918504685588205,
    "n_samples": 300
}