{
    "disease": "TX_hepatite_00_23",
    "cod_mun": 3514007,
    "mae": 1.1604299545288086,
    "rmse": 1.1604299545288086,
    "r2": 0.0,
    "n_train": 251,
    "n_test": 12
}