{
    "disease": "TX_hanseniase_00_23",
    "cod_mun": 3511300,
    "mae": 0.770135391253699,
    "rmse": 2.3981149086845712,
    "r2": -0.07005972900177815,
    "n_train": 251,
    "n_test": 12
}