{
    "disease": "TX_hepatite_00_23",
    "cod_mun": 3521804,
    "mae": 0.11360877488429348,
    "rmse": 0.18617528271493514,
    "r2": 0.0,
    "n_train": 251,
    "n_test": 12
}