{
    "disease": "TX_tuberculose_00_23",
    "cod_mun": 3548104,
    "mae": 0.001944524827801312,
    "rmse": 0.002113883641945555,
    "r2": 0.0,
    "n_train": 251,
    "n_test": 12
}