{
    "disease": "hiv_aids",
    "cod_mun": 3513306,
    "mae": 2.210479201620191,
    "rmse": 8.752660929653374,
    "r2": -0.05156166715637145,
    "n_samples": 300
}