{
    "disease": "hiv_aids",
    "cod_mun": 3547304,
    "mae": 0.6785783530177127,
    "rmse": 0.83921673553723,
    "r2": -0.11826861867542005,
    "n_samples": 300
}