{
    "disease": "hanseniase",
    "cod_mun": 3542404,
    "mae": 0.04191250088122562,
    "rmse": 0.3297854934849572,
    "r2": 0.005900542688410337,
    "n_samples": 300
}