{
    "disease": "hanseniase",
    "cod_mun": 3515707,
    "mae": 0.06543604095486036,
    "rmse": 0.14181901427045018,
    "r2": 0.13998811027934355,
    "n_samples": 300
}