{
    "disease": "hiv_aids",
    "cod_mun": 3532058,
    "mae": 0.5920443265977912,
    "rmse": 3.0628795928808334,
    "r2": 0.5974272484287844,
    "n_samples": 300
}