{
    "disease": "hiv_aids",
    "cod_mun": 3513405,
    "mae": 2.8902628032171966,
    "rmse": 4.647704629631929,
    "r2": -0.6314683434524697,
    "n_samples": 300
}