{
    "disease": "hanseniase",
    "cod_mun": 3540903,
    "mae": 0.047733131619691796,
    "rmse": 0.39742844094070146,
    "r2": 0.004121557484120131,
    "n_samples": 300
}