{
    "disease": "sifilis",
    "cod_mun": 3537701,
    "mae": 0.12486924973742577,
    "rmse": 0.8814018745966009,
    "r2": 0.14747822954387135,
    "n_samples": 300
}