{
    "disease": "TX_tuberculose_00_23",
    "cod_mun": 3523701,
    "mae": 0.0003335375295137055,
    "rmse": 0.00035463124987812866,
    "r2": 0.0,
    "n_train": 251,
    "n_test": 12
}