{
    "disease": "sifilis",
    "cod_mun": 3525300,
    "mae": 0.18740496184979577,
    "rmse": 0.30047322025473094,
    "r2": 0.304860294734591,
    "n_samples": 300
}