{
    "disease": "TX_hiv_aids_00_23",
    "cod_mun": 3523701,
    "mae": 0.15825925030124685,
    "rmse": 0.2785860620075202,
    "r2": 0.0,
    "n_train": 251,
    "n_test": 12
}