{
    "disease": "sifilis",
    "cod_mun": 3537107,
    "mae": 0.15509512314620497,
    "rmse": 0.4632372503663328,
    "r2": 0.16874795783127383,
    "n_samples": 300
}