{
    "disease": "hiv_aids",
    "cod_mun": 3503950,
    "mae": 1.0962031053076133,
    "rmse": 5.484961750449222,
    "r2": 0.0008000153084851691,
    "n_samples": 300
}