{
    "disease": "hanseniase",
    "cod_mun": 3505708,
    "mae": 0.09498883489146781,
    "rmse": 0.14757657507217284,
    "r2": 0.05453875064378522,
    "n_samples": 300
}