{
    "disease": "hiv_aids",
    "cod_mun": 3516408,
    "mae": 0.6715949259853186,
    "rmse": 0.9299971428884926,
    "r2": 0.12559752257608292,
    "n_samples": 300
}