{
    "disease": "TX_hepatite_00_23",
    "cod_mun": 3519105,
    "mae": 0.2214065765341123,
    "rmse": 0.2226755035425448,
    "r2": 0.0,
    "n_train": 251,
    "n_test": 12
}