{
    "disease": "sifilis",
    "cod_mun": 3551108,
    "mae": 0.0015501498763462456,
    "rmse": 0.004479254450732018,
    "r2": 0.9999716071478756,
    "n_samples": 300
}