{
    "disease": "tuberculose",
    "cod_mun": 3505906,
    "mae": 0.8960877773311657,
    "rmse": 1.135860071440462,
    "r2": 0.07622787008937737,
    "n_samples": 300
}