{
    "disease": "sifilis",
    "cod_mun": 3521101,
    "mae": 0.8634115827580121,
    "rmse": 2.719247396454385,
    "r2": 0.01569473419592382,
    "n_samples": 300
}