{
    "disease": "hanseniase",
    "cod_mun": 3509007,
    "mae": 0.05067736576235578,
    "rmse": 0.18525983315292407,
    "r2": 0.14341611668106602,
    "n_samples": 300
}