{
    "disease": "sifilis",
    "cod_mun": 3542909,
    "mae": 0.14723560630111254,
    "rmse": 0.7753354440811556,
    "r2": 0.11675589432931688,
    "n_samples": 300
}