{
    "disease": "sifilis",
    "cod_mun": 3518602,
    "mae": 0.8375911505884139,
    "rmse": 1.552696071466629,
    "r2": 0.35198877759449687,
    "n_samples": 300
}