{
    "disease": "sifilis",
    "cod_mun": 3534302,
    "mae": 0.046960798839767094,
    "rmse": 0.23431141374810543,
    "r2": 0.004575357145910397,
    "n_samples": 300
}