{
    "disease": "sifilis",
    "cod_mun": 3533700,
    "mae": 1.5492295305507855,
    "rmse": 3.861387020332887,
    "r2": 0.22062466047821305,
    "n_samples": 300
}