{
    "disease": "TX_tuberculose_00_23",
    "cod_mun": 3521507,
    "mae": 0.09739997982978821,
    "rmse": 0.09739997982978821,
    "r2": 0.0,
    "n_train": 251,
    "n_test": 12
}