{
    "disease": "TX_hiv_aids_00_23",
    "cod_mun": 3538105,
    "mae": 2.805273490407463,
    "rmse": 2.9546121576598927,
    "r2": -1.4326596507861082,
    "n_train": 251,
    "n_test": 12
}