{
    "disease": "TX_hiv_aids_00_23",
    "cod_mun": 3526605,
    "mae": 1.3052373329798381,
    "rmse": 1.3053276050728906,
    "r2": 0.0,
    "n_train": 251,
    "n_test": 12
}