{
    "disease": "TX_tuberculose_00_23",
    "cod_mun": 3514601,
    "mae": 0.6054371496041616,
    "rmse": 0.6286400508573982,
    "r2": 0.0,
    "n_train": 251,
    "n_test": 12
}