{
    "disease": "sifilis",
    "cod_mun": 3511706,
    "mae": 0.544371494823851,
    "rmse": 1.3785000550722064,
    "r2": 0.2563945130512866,
    "n_samples": 300
}