{
    "disease": "sifilis",
    "cod_mun": 3521903,
    "mae": 0.41833323246845855,
    "rmse": 1.1051859338315968,
    "r2": 0.1443093449572629,
    "n_samples": 300
}