{
    "disease": "TX_hepatite_00_23",
    "cod_mun": 3556107,
    "mae": 0.685112381974856,
    "rmse": 0.7673460523640345,
    "r2": 0.0,
    "n_train": 251,
    "n_test": 12
}