{
    "disease": "hiv_aids",
    "cod_mun": 3505104,
    "mae": 0.5655268574238554,
    "rmse": 2.6557744931410836,
    "r2": 0.020012733351843504,
    "n_samples": 300
}