{
    "disease": "sifilis",
    "cod_mun": 3519501,
    "mae": 0.40603558868587203,
    "rmse": 1.5003678595216174,
    "r2": 0.03143546386300511,
    "n_samples": 300
}