{
    "disease": "TX_hepatite_00_23",
    "cod_mun": 3522208,
    "mae": 0.039407220940726496,
    "rmse": 0.06053156859368681,
    "r2": 0.0,
    "n_train": 251,
    "n_test": 12
}