{
    "disease": "TX_tuberculose_00_23",
    "cod_mun": 3533502,
    "mae": 0.326919749379158,
    "rmse": 0.32697245834323335,
    "r2": 0.0,
    "n_train": 251,
    "n_test": 12
}