{
    "disease": "TX_sifilis_00_23",
    "cod_mun": 3532827,
    "mae": 0.270127239326636,
    "rmse": 0.28061870487249496,
    "r2": 0.0,
    "n_train": 251,
    "n_test": 12
}