{
    "disease": "TX_sifilis_00_23",
    "cod_mun": 3525300,
    "mae": 0.27658065644096125,
    "rmse": 0.3737718398263086,
    "r2": 0.19910159960637386,
    "n_train": 251,
    "n_test": 12
}