{
    "disease": "sifilis",
    "cod_mun": 3546900,
    "mae": 0.4747700291752407,
    "rmse": 1.685452638883449,
    "r2": 0.010649338511629303,
    "n_samples": 300
}