{
    "disease": "TX_tuberculose_00_23",
    "cod_mun": 3500402,
    "mae": 0.9676758088171482,
    "rmse": 1.3939114465996854,
    "r2": 0.0,
    "n_train": 251,
    "n_test": 12
}