{
    "disease": "hiv_aids",
    "cod_mun": 3521705,
    "mae": 0.5483831374717153,
    "rmse": 1.2303950608901497,
    "r2": 0.2634954307860111,
    "n_samples": 300
}