{
    "disease": "TX_hanseniase_00_23",
    "cod_mun": 3509601,
    "mae": 0.07370715588331223,
    "rmse": 0.0738586490398737,
    "r2": 0.0,
    "n_train": 251,
    "n_test": 12
}