{
    "disease": "hepatite",
    "cod_mun": 3516408,
    "mae": 0.2371467320906882,
    "rmse": 0.46133677159493564,
    "r2": 0.3570091940124108,
    "n_samples": 300
}