{
    "disease": "sifilis",
    "cod_mun": 3532801,
    "mae": 0.20210128802309096,
    "rmse": 1.2098350038116208,
    "r2": 0.005054814710407807,
    "n_samples": 300
}