{
    "disease": "TX_hiv_aids_00_23",
    "cod_mun": 3513702,
    "mae": 0.1469961484350885,
    "rmse": 0.26892756756228553,
    "r2": 0.0,
    "n_train": 251,
    "n_test": 12
}