{
    "disease": "TX_hepatite_00_23",
    "cod_mun": 3555505,
    "mae": 0.35908343891302746,
    "rmse": 0.35908350606989736,
    "r2": 0.0,
    "n_train": 251,
    "n_test": 12
}