{
    "disease": "TX_hepatite_00_23",
    "cod_mun": 3557105,
    "mae": 0.02260710291254024,
    "rmse": 0.02825272782514681,
    "r2": 0.0,
    "n_train": 251,
    "n_test": 12
}