{
    "disease": "TX_hanseniase_00_23",
    "cod_mun": 3505906,
    "mae": 0.08214800929029782,
    "rmse": 0.0896134124972539,
    "r2": 0.0,
    "n_train": 251,
    "n_test": 12
}