{
    "disease": "TX_hanseniase_00_23",
    "cod_mun": 3551504,
    "mae": 0.32759837061166763,
    "rmse": 0.32772129733390726,
    "r2": 0.0,
    "n_train": 251,
    "n_test": 12
}