{
    "disease": "tuberculose",
    "cod_mun": 3533502,
    "mae": 0.4866222335158536,
    "rmse": 0.8340962736813377,
    "r2": 0.10302913567495664,
    "n_samples": 300
}