{
    "disease": "TX_tuberculose_00_23",
    "cod_mun": 3519808,
    "mae": 2.1523243288199105,
    "rmse": 2.1719752034381545,
    "r2": 0.0,
    "n_train": 251,
    "n_test": 12
}