{
    "disease": "sifilis",
    "cod_mun": 3535903,
    "mae": 0.49864476440410177,
    "rmse": 2.4615837627266366,
    "r2": 0.005007681671796882,
    "n_samples": 300
}