{
    "disease": "hanseniase",
    "cod_mun": 3525003,
    "mae": 0.08200149249844725,
    "rmse": 0.19139348439198006,
    "r2": 0.051169771435602085,
    "n_samples": 300
}