{
    "disease": "TX_hiv_aids_00_23",
    "cod_mun": 3553609,
    "mae": 0.3737122714519501,
    "rmse": 0.3737122714519501,
    "r2": 0.0,
    "n_train": 251,
    "n_test": 12
}