{
    "disease": "TX_hiv_aids_00_23",
    "cod_mun": 3521002,
    "mae": 0.8592227831518285,
    "rmse": 1.061092708771012,
    "r2": -0.30563193525950094,
    "n_train": 251,
    "n_test": 12
}