{
    "disease": "hiv_aids",
    "cod_mun": 3552403,
    "mae": 1.2885384558667055,
    "rmse": 1.7458127256546827,
    "r2": 0.610160216771152,
    "n_samples": 300
}