{
    "disease": "hanseniase",
    "cod_mun": 3504404,
    "mae": 0.11517012288845618,
    "rmse": 0.812334053808893,
    "r2": 0.21440202374151252,
    "n_samples": 300
}