{
    "disease": "sifilis",
    "cod_mun": 3503307,
    "mae": 0.2573715387292583,
    "rmse": 0.43930844284813536,
    "r2": 0.1832413937249786,
    "n_samples": 300
}