{
    "disease": "hiv_aids",
    "cod_mun": 3534609,
    "mae": 0.9966825385707428,
    "rmse": 1.5637015027611079,
    "r2": 0.10784541279182258,
    "n_samples": 300
}