{
    "disease": "TX_sifilis_00_23",
    "cod_mun": 3514601,
    "mae": 0.335788841242902,
    "rmse": 1.1357381971753973,
    "r2": 0.0,
    "n_train": 251,
    "n_test": 12
}