{
    "disease": "hanseniase",
    "cod_mun": 3511904,
    "mae": 0.1731338119262403,
    "rmse": 1.0597688198668045,
    "r2": 0.0014503009706425818,
    "n_samples": 300
}