{
    "disease": "hiv_aids",
    "cod_mun": 3502200,
    "mae": 0.12040160601367646,
    "rmse": 0.5189223255322559,
    "r2": 0.0026564094961640805,
    "n_samples": 300
}