{
    "disease": "TX_sifilis_00_23",
    "cod_mun": 3528106,
    "mae": 1.117068811438785,
    "rmse": 3.8696398739251068,
    "r2": -0.0909090909090906,
    "n_train": 251,
    "n_test": 12
}