{
    "disease": "tuberculose",
    "cod_mun": 3504602,
    "mae": 0.5180066888232991,
    "rmse": 1.1121458444259242,
    "r2": 0.33403848287072446,
    "n_samples": 300
}