{
    "disease": "tuberculose",
    "cod_mun": 3531308,
    "mae": 0.9281635288599176,
    "rmse": 1.2008184821848005,
    "r2": 0.05225790283778753,
    "n_samples": 300
}