{
    "disease": "hanseniase",
    "cod_mun": 3550605,
    "mae": 0.13370422478281582,
    "rmse": 0.2538297997846264,
    "r2": 0.03993701694209295,
    "n_samples": 300
}