{
    "disease": "hanseniase",
    "cod_mun": 3532827,
    "mae": 0.08219431692211296,
    "rmse": 0.37103734838476476,
    "r2": 0.9194697621221014,
    "n_samples": 300
}