{
    "disease": "TX_hepatite_00_23",
    "cod_mun": 3515194,
    "mae": 0.5347169960538546,
    "rmse": 0.9979533596994666,
    "r2": 0.0,
    "n_train": 251,
    "n_test": 12
}