{
    "disease": "hepatite",
    "cod_mun": 3519204,
    "mae": 0.840342921870966,
    "rmse": 3.2083171611686856,
    "r2": 0.6790386986731063,
    "n_samples": 300
}