{
    "disease": "hepatite",
    "cod_mun": 3515129,
    "mae": 1.0884851441913246,
    "rmse": 5.006529885334679,
    "r2": 0.0013150914374319145,
    "n_samples": 300
}