{
    "disease": "hiv_aids",
    "cod_mun": 3520905,
    "mae": 1.224928174780525,
    "rmse": 2.306373158147261,
    "r2": 0.03607227867052398,
    "n_samples": 300
}