{
    "disease": "TX_hepatite_00_23",
    "cod_mun": 3540507,
    "mae": 3.0430086494145887,
    "rmse": 4.824608076551903,
    "r2": -0.15222180831488252,
    "n_train": 251,
    "n_test": 12
}