{
    "disease": "TX_hepatite_00_23",
    "cod_mun": 3509908,
    "mae": 0.8738600331302635,
    "rmse": 2.083741701239594,
    "r2": -0.053641492152755044,
    "n_train": 251,
    "n_test": 12
}