{
    "disease": "hiv_aids",
    "cod_mun": 3512605,
    "mae": 0.1525845244120827,
    "rmse": 1.2282104763568502,
    "r2": 0.005066169428457834,
    "n_samples": 300
}