{
    "disease": "hiv_aids",
    "cod_mun": 3533700,
    "mae": 1.0498003307335884,
    "rmse": 3.858623709932087,
    "r2": 0.38998379608576594,
    "n_samples": 300
}