{
    "disease": "hiv_aids",
    "cod_mun": 3525904,
    "mae": 2.1192782114348137,
    "rmse": 2.9870233290828865,
    "r2": -0.9749093296559037,
    "n_samples": 300
}