{
    "disease": "tuberculose",
    "cod_mun": 3515301,
    "mae": 0.005057870819673841,
    "rmse": 0.017304966940615108,
    "r2": 0.9999317331713383,
    "n_samples": 300
}