{
    "disease": "hiv_aids",
    "cod_mun": 3538907,
    "mae": 2.061061447231016,
    "rmse": 2.90844120177178,
    "r2": 0.1917731476399639,
    "n_samples": 300
}