{
    "disease": "tuberculose",
    "cod_mun": 3552601,
    "mae": 0.23104569514706844,
    "rmse": 0.9146697168534761,
    "r2": 0.06834655158198477,
    "n_samples": 300
}