{
    "disease": "hiv_aids",
    "cod_mun": 3503208,
    "mae": 0.9665713076951378,
    "rmse": 1.3480204041584636,
    "r2": 0.7951211838008607,
    "n_samples": 300
}