{
    "disease": "TX_hiv_aids_00_23",
    "cod_mun": 3512506,
    "mae": 0.410145382086436,
    "rmse": 0.4101565134392366,
    "r2": 0.0,
    "n_train": 251,
    "n_test": 12
}