{
    "disease": "hepatite",
    "cod_mun": 3500105,
    "mae": 0.41555167559001965,
    "rmse": 0.8623776543633718,
    "r2": 0.09788432762511123,
    "n_samples": 300
}