{
    "disease": "sifilis",
    "cod_mun": 3530904,
    "mae": 0.577882095272751,
    "rmse": 2.863639206030208,
    "r2": 0.004553150138828843,
    "n_samples": 300
}