{
    "disease": "hiv_aids",
    "cod_mun": 3529906,
    "mae": 0.9781550710679237,
    "rmse": 1.6188087406950447,
    "r2": 0.06084319105042979,
    "n_samples": 300
}