{
    "disease": "tuberculose",
    "cod_mun": 3547502,
    "mae": 0.626079310226006,
    "rmse": 1.24615309633265,
    "r2": 0.02357711850201827,
    "n_samples": 300
}