{
    "disease": "hiv_aids",
    "cod_mun": 3544608,
    "mae": 0.12473562070354272,
    "rmse": 1.0697764567967052,
    "r2": 0.0025678170118336174,
    "n_samples": 300
}