{
    "disease": "hepatite",
    "cod_mun": 3505401,
    "mae": 0.42471279072422696,
    "rmse": 1.4780106554627266,
    "r2": 0.13219119082173147,
    "n_samples": 300
}