{
    "disease": "TX_hepatite_00_23",
    "cod_mun": 3542800,
    "mae": 0.04380306042730808,
    "rmse": 0.044097182882378926,
    "r2": 0.0,
    "n_train": 251,
    "n_test": 12
}