{
    "disease": "tuberculose",
    "cod_mun": 3556503,
    "mae": 0.7560317486671979,
    "rmse": 0.9594824126846295,
    "r2": 0.2627911683866736,
    "n_samples": 300
}