{
    "disease": "sifilis",
    "cod_mun": 3514809,
    "mae": 0.13142293060409246,
    "rmse": 0.6404689827094183,
    "r2": 0.010276966469031978,
    "n_samples": 300
}