{
    "disease": "tuberculose",
    "cod_mun": 3536208,
    "mae": 1.1408438830899021,
    "rmse": 1.9312447474111212,
    "r2": 0.2510072019871924,
    "n_samples": 300
}