{
    "disease": "hiv_aids",
    "cod_mun": 3531902,
    "mae": 0.4639199029711962,
    "rmse": 1.0943606142844808,
    "r2": 0.05163667380594239,
    "n_samples": 300
}