{
    "disease": "hiv_aids",
    "cod_mun": 3536257,
    "mae": 3.15233155097222,
    "rmse": 9.397876414539713,
    "r2": 0.8176771999556363,
    "n_samples": 300
}