{
    "disease": "hanseniase",
    "cod_mun": 3556800,
    "mae": 0.07699097631216886,
    "rmse": 0.4676911879950329,
    "r2": 0.004574776989633156,
    "n_samples": 300
}