{
    "disease": "sifilis",
    "cod_mun": 3505708,
    "mae": 0.2731522365756321,
    "rmse": 0.3434362369953534,
    "r2": 0.4888772882260084,
    "n_samples": 300
}