{
    "disease": "hepatite",
    "cod_mun": 3512100,
    "mae": 1.5002439847825852,
    "rmse": 3.4668431579615473,
    "r2": 0.0007730094012735611,
    "n_samples": 300
}