{
    "disease": "tuberculose",
    "cod_mun": 3556909,
    "mae": 0.3314106425879542,
    "rmse": 1.7011776208650822,
    "r2": 0.004634598697238812,
    "n_samples": 300
}