{
    "disease": "TX_tuberculose_00_23",
    "cod_mun": 3506359,
    "mae": 1.9567244856603399,
    "rmse": 2.1328608807377267,
    "r2": -0.8263096726067227,
    "n_train": 251,
    "n_test": 12
}