{
    "disease": "tuberculose",
    "cod_mun": 3517000,
    "mae": 2.140437806296475,
    "rmse": 3.6085420183360872,
    "r2": 0.20050673020989207,
    "n_samples": 300
}