{
    "disease": "TX_hepatite_00_23",
    "cod_mun": 3512506,
    "mae": 0.030047633704574157,
    "rmse": 0.09438304751320503,
    "r2": 0.0,
    "n_train": 251,
    "n_test": 12
}