{
    "disease": "hiv_aids",
    "cod_mun": 3535804,
    "mae": 0.7615178743737987,
    "rmse": 1.4943580192840287,
    "r2": 0.01932481156186361,
    "n_samples": 300
}