{
    "disease": "TX_hepatite_00_23",
    "cod_mun": 3553906,
    "mae": 7.114188036606099,
    "rmse": 10.581833275259104,
    "r2": -0.16714145159787908,
    "n_train": 251,
    "n_test": 12
}