{
    "disease": "TX_tuberculose_00_23",
    "cod_mun": 3513009,
    "mae": 0.3262180166982582,
    "rmse": 0.36774265668181655,
    "r2": -0.23748423761519,
    "n_train": 251,
    "n_test": 12
}