{
    "disease": "TX_hanseniase_00_23",
    "cod_mun": 3511201,
    "mae": 0.09092141602498789,
    "rmse": 0.1934504239813368,
    "r2": 0.0,
    "n_train": 251,
    "n_test": 12
}