{
    "disease": "hanseniase",
    "cod_mun": 3537909,
    "mae": 0.10146559970954143,
    "rmse": 0.4367344532623082,
    "r2": 0.0031184691682130117,
    "n_samples": 300
}