{
    "disease": "sifilis",
    "cod_mun": 3555604,
    "mae": 0.4610860590997971,
    "rmse": 1.7100342338389152,
    "r2": 0.012622019171230292,
    "n_samples": 300
}