{
    "disease": "hanseniase",
    "cod_mun": 3503604,
    "mae": 0.13449917764610267,
    "rmse": 0.7782424281494006,
    "r2": 0.009696796488670278,
    "n_samples": 300
}