{
    "disease": "tuberculose",
    "cod_mun": 3535903,
    "mae": 0.4636262955564316,
    "rmse": 2.866804579805204,
    "r2": 0.16948653169313188,
    "n_samples": 300
}