{
    "disease": "hiv_aids",
    "cod_mun": 3545308,
    "mae": 0.7721778988534722,
    "rmse": 1.1358251585691896,
    "r2": 0.09069155762278347,
    "n_samples": 300
}