{
    "disease": "hiv_aids",
    "cod_mun": 3526209,
    "mae": 0.5432462867738432,
    "rmse": 1.0038252081915517,
    "r2": 0.06664377248298314,
    "n_samples": 300
}