{
    "disease": "TX_sifilis_00_23",
    "cod_mun": 3530201,
    "mae": 0.2465414504210154,
    "rmse": 0.25233722489413785,
    "r2": 0.0,
    "n_train": 251,
    "n_test": 12
}