{
    "disease": "hiv_aids",
    "cod_mun": 3533502,
    "mae": 1.2489176256000025,
    "rmse": 1.5950222964797574,
    "r2": 0.2555365506753823,
    "n_samples": 300
}