{
    "disease": "sifilis",
    "cod_mun": 3535309,
    "mae": 0.33064051169205466,
    "rmse": 0.8403948207303056,
    "r2": 0.18440095886434837,
    "n_samples": 300
}