{
    "disease": "hiv_aids",
    "cod_mun": 3519501,
    "mae": 0.801987668736136,
    "rmse": 2.452223834659573,
    "r2": 0.006988813936210203,
    "n_samples": 300
}