{
    "disease": "hanseniase",
    "cod_mun": 3555703,
    "mae": 0.41446544224442194,
    "rmse": 2.5271644698235414,
    "r2": 0.8209663346443151,
    "n_samples": 300
}