{
    "disease": "hanseniase",
    "cod_mun": 3534302,
    "mae": 0.12127915798427177,
    "rmse": 0.5018096685188493,
    "r2": 0.1606335448328423,
    "n_samples": 300
}