{
    "disease": "sifilis",
    "cod_mun": 3530102,
    "mae": 0.3150380406537638,
    "rmse": 0.8894996123383532,
    "r2": 0.09373837464697898,
    "n_samples": 300
}