{
    "disease": "TX_hepatite_00_23",
    "cod_mun": 3523909,
    "mae": 0.11378689855337143,
    "rmse": 0.1146909391509274,
    "r2": 0.0,
    "n_train": 251,
    "n_test": 12
}