{
    "disease": "sifilis",
    "cod_mun": 3518503,
    "mae": 0.06383472044975987,
    "rmse": 0.3671801610498994,
    "r2": 0.3160685127597028,
    "n_samples": 300
}