{
    "disease": "tuberculose",
    "cod_mun": 3539707,
    "mae": 0.44670724778183096,
    "rmse": 2.69000634225202,
    "r2": 0.005581800419671823,
    "n_samples": 300
}