{
    "disease": "TX_hepatite_00_23",
    "cod_mun": 3501905,
    "mae": 0.161536306142807,
    "rmse": 0.17365007604106664,
    "r2": 0.0,
    "n_train": 251,
    "n_test": 12
}