{
    "disease": "hiv_aids",
    "cod_mun": 3506706,
    "mae": 0.69728241271405,
    "rmse": 1.7624388287741162,
    "r2": 0.05632788210759676,
    "n_samples": 300
}