{
    "disease": "TX_hiv_aids_00_23",
    "cod_mun": 3503000,
    "mae": 0.016336129667858284,
    "rmse": 0.016336168482305465,
    "r2": 0.0,
    "n_train": 251,
    "n_test": 12
}