{
    "disease": "hanseniase",
    "cod_mun": 3503208,
    "mae": 0.09843366407887631,
    "rmse": 0.1670699674807693,
    "r2": 0.15200493744958254,
    "n_samples": 300
}