{
    "disease": "hanseniase",
    "cod_mun": 3500402,
    "mae": 0.023812089979756215,
    "rmse": 0.11321620939891353,
    "r2": 0.988764059851717,
    "n_samples": 300
}