{
    "disease": "TX_hepatite_00_23",
    "cod_mun": 3509304,
    "mae": 7.364042642215888,
    "rmse": 7.7010263651197555,
    "r2": 0.0,
    "n_train": 251,
    "n_test": 12
}