{
    "disease": "hiv_aids",
    "cod_mun": 3539202,
    "mae": 1.8954911426170642,
    "rmse": 2.5352137363877616,
    "r2": 0.12103602713351624,
    "n_samples": 300
}