{
    "disease": "hiv_aids",
    "cod_mun": 3545209,
    "mae": 2.5012886178783402,
    "rmse": 3.1130946407736695,
    "r2": -10.710993830157838,
    "n_samples": 300
}