{
    "disease": "hiv_aids",
    "cod_mun": 3517307,
    "mae": 0.8638759971540556,
    "rmse": 2.624364283130809,
    "r2": 0.07710012001082589,
    "n_samples": 300
}