{
    "disease": "TX_hanseniase_00_23",
    "cod_mun": 3529807,
    "mae": 0.12150509529722815,
    "rmse": 0.4143696682252295,
    "r2": 0.0,
    "n_train": 251,
    "n_test": 12
}