{
    "disease": "hiv_aids",
    "cod_mun": 3554953,
    "mae": 0.3973905724044877,
    "rmse": 1.4812035043102338,
    "r2": 0.22687374597139898,
    "n_samples": 300
}