{
    "disease": "hanseniase",
    "cod_mun": 3520426,
    "mae": 0.06607598593274391,
    "rmse": 0.46916397265876564,
    "r2": 0.144676900532964,
    "n_samples": 300
}