{
    "disease": "hanseniase",
    "cod_mun": 3509601,
    "mae": 0.23424346664912468,
    "rmse": 0.6372762170996501,
    "r2": 0.18105685391105542,
    "n_samples": 300
}