{
    "disease": "TX_sifilis_00_23",
    "cod_mun": 3513702,
    "mae": 0.06916442513465881,
    "rmse": 0.06916442513465881,
    "r2": 0.0,
    "n_train": 251,
    "n_test": 12
}