{
    "disease": "tuberculose",
    "cod_mun": 3510401,
    "mae": 0.6941226232439416,
    "rmse": 1.1213697399633074,
    "r2": 0.34749920989874716,
    "n_samples": 300
}