{
    "disease": "hiv_aids",
    "cod_mun": 3505302,
    "mae": 0.757374848016313,
    "rmse": 1.205130692634386,
    "r2": 0.2669738389791857,
    "n_samples": 300
}