{
    "disease": "hanseniase",
    "cod_mun": 3546504,
    "mae": 0.11738191709869956,
    "rmse": 1.0134887713881644,
    "r2": 0.0021648865424075403,
    "n_samples": 300
}