{
    "disease": "hanseniase",
    "cod_mun": 3544905,
    "mae": 0.6019084874137819,
    "rmse": 2.5004205478718147,
    "r2": 0.1628082872517307,
    "n_samples": 300
}