{
    "disease": "TX_hiv_aids_00_23",
    "cod_mun": 3527108,
    "mae": 0.2503415023287137,
    "rmse": 0.262400817528893,
    "r2": 0.0,
    "n_train": 251,
    "n_test": 12
}