{
    "disease": "sifilis",
    "cod_mun": 3532108,
    "mae": 0.105221778612945,
    "rmse": 1.2185305734841905,
    "r2": 0.09254195229178386,
    "n_samples": 300
}