{
    "disease": "hiv_aids",
    "cod_mun": 3515186,
    "mae": 0.273273490396414,
    "rmse": 0.7052378239476326,
    "r2": 0.09085613813761961,
    "n_samples": 300
}