{
    "disease": "hanseniase",
    "cod_mun": 3519501,
    "mae": 0.2198257249672351,
    "rmse": 1.3514955202177774,
    "r2": 0.0008639481570444918,
    "n_samples": 300
}