{
    "disease": "TX_sifilis_00_23",
    "cod_mun": 3502903,
    "mae": 0.09345815392831962,
    "rmse": 0.09349109828672157,
    "r2": 0.0,
    "n_train": 251,
    "n_test": 12
}