{
    "disease": "TX_hiv_aids_00_23",
    "cod_mun": 3541703,
    "mae": 0.9280659556388855,
    "rmse": 0.9280659556388855,
    "r2": 0.0,
    "n_train": 251,
    "n_test": 12
}