{
    "disease": "TX_tuberculose_00_23",
    "cod_mun": 3536208,
    "mae": 2.6902990011700134,
    "rmse": 2.7214800062707596,
    "r2": -0.23633275505378237,
    "n_train": 251,
    "n_test": 12
}