{
    "disease": "tuberculose",
    "cod_mun": 3523107,
    "mae": 0.2940396201997588,
    "rmse": 0.3945220485161705,
    "r2": 0.19214982412215365,
    "n_samples": 300
}