{
    "disease": "sifilis",
    "cod_mun": 3516903,
    "mae": 0.12743963825571886,
    "rmse": 0.887664996582745,
    "r2": 0.05558545268652637,
    "n_samples": 300
}