{
    "disease": "hiv_aids",
    "cod_mun": 3547700,
    "mae": 1.0185266818960177,
    "rmse": 1.4900020232924451,
    "r2": 0.04993543790213739,
    "n_samples": 300
}