{
    "disease": "TX_hiv_aids_00_23",
    "cod_mun": 3533106,
    "mae": 0.5895237632406255,
    "rmse": 1.600653400428933,
    "r2": 0.0,
    "n_train": 251,
    "n_test": 12
}