{
    "disease": "TX_hepatite_00_23",
    "cod_mun": 3510104,
    "mae": 0.007719653357829277,
    "rmse": 0.021547924857877678,
    "r2": 0.0,
    "n_train": 251,
    "n_test": 12
}