{
    "disease": "hiv_aids",
    "cod_mun": 3515202,
    "mae": 0.3037427596139622,
    "rmse": 1.328754104249248,
    "r2": 0.0005873949193366812,
    "n_samples": 300
}