{
    "disease": "TX_hepatite_00_23",
    "cod_mun": 3540101,
    "mae": 0.15060817946990332,
    "rmse": 0.15080324352875268,
    "r2": 0.0,
    "n_train": 251,
    "n_test": 12
}