{
    "disease": "TX_hepatite_00_23",
    "cod_mun": 3530706,
    "mae": 0.0005106482155194195,
    "rmse": 0.0006495145584733762,
    "r2": 0.0,
    "n_train": 251,
    "n_test": 12
}