{
    "disease": "sifilis",
    "cod_mun": 3512704,
    "mae": 0.09588287317860274,
    "rmse": 1.0757167934853464,
    "r2": 0.2413476277570097,
    "n_samples": 300
}