{
    "disease": "TX_hiv_aids_00_23",
    "cod_mun": 3519055,
    "mae": 1.047709713379542,
    "rmse": 1.0707037611045918,
    "r2": 0.0,
    "n_train": 251,
    "n_test": 12
}