{
    "disease": "hanseniase",
    "cod_mun": 3541653,
    "mae": 0.18372254832525808,
    "rmse": 1.5327796355202103,
    "r2": 0.00393451051438054,
    "n_samples": 300
}