{
    "disease": "hanseniase",
    "cod_mun": 3500204,
    "mae": 0.53599285703797,
    "rmse": 2.678821696589117,
    "r2": 0.001072014746779093,
    "n_samples": 300
}