{
    "disease": "sifilis",
    "cod_mun": 3508504,
    "mae": 0.2991573495758852,
    "rmse": 0.5461163608609265,
    "r2": 0.35339159928530617,
    "n_samples": 300
}