{
    "disease": "sifilis",
    "cod_mun": 3532306,
    "mae": 0.11328923609955899,
    "rmse": 0.8991808606471775,
    "r2": 0.901146145474802,
    "n_samples": 300
}