{
    "disease": "sifilis",
    "cod_mun": 3550100,
    "mae": 0.6825411203329335,
    "rmse": 1.1093360417810394,
    "r2": 0.26620034094193423,
    "n_samples": 300
}