{
    "disease": "sifilis",
    "cod_mun": 3541307,
    "mae": 0.29869231170605076,
    "rmse": 0.6258335939487679,
    "r2": 0.08614691665509677,
    "n_samples": 300
}