{
    "disease": "hanseniase",
    "cod_mun": 3515186,
    "mae": 0.031960956857112865,
    "rmse": 0.17521413186058207,
    "r2": 0.8856192544784602,
    "n_samples": 300
}