{
    "disease": "TX_hiv_aids_00_23",
    "cod_mun": 3503406,
    "mae": 0.09122695028781891,
    "rmse": 0.09122695028781891,
    "r2": 0.0,
    "n_train": 251,
    "n_test": 12
}