{
    "disease": "TX_tuberculose_00_23",
    "cod_mun": 3546009,
    "mae": 1.6072690874301934,
    "rmse": 2.8498488042986683,
    "r2": -0.05642652683606886,
    "n_train": 251,
    "n_test": 12
}