{
    "disease": "TX_hepatite_00_23",
    "cod_mun": 3533304,
    "mae": 0.7702533006668091,
    "rmse": 0.8710691788800862,
    "r2": 0.0,
    "n_train": 251,
    "n_test": 12
}