{
    "disease": "TX_hepatite_00_23",
    "cod_mun": 3537701,
    "mae": 1.826461113010769,
    "rmse": 5.154228230239336,
    "r2": -0.056228591855423726,
    "n_train": 251,
    "n_test": 12
}