{
    "disease": "sifilis",
    "cod_mun": 3515152,
    "mae": 0.39423839483500006,
    "rmse": 0.9760480507851199,
    "r2": 0.507988272934627,
    "n_samples": 300
}