{
    "disease": "hanseniase",
    "cod_mun": 3543402,
    "mae": 0.13720634309602853,
    "rmse": 0.18647666954193692,
    "r2": 0.1553068277754197,
    "n_samples": 300
}