{
    "disease": "TX_tuberculose_00_23",
    "cod_mun": 3512902,
    "mae": 0.0076162930733213825,
    "rmse": 0.009314906516269164,
    "r2": 0.0,
    "n_train": 251,
    "n_test": 12
}