{
    "disease": "hepatite",
    "cod_mun": 3525102,
    "mae": 0.5943165882689685,
    "rmse": 1.5467138634965663,
    "r2": 0.1900108417295916,
    "n_samples": 300
}