{
    "disease": "TX_sifilis_00_23",
    "cod_mun": 3540002,
    "mae": 0.5754602157157437,
    "rmse": 1.388398984521643,
    "r2": -0.026722880596863563,
    "n_train": 251,
    "n_test": 12
}