{
    "disease": "TX_hepatite_00_23",
    "cod_mun": 3547502,
    "mae": 0.06834208282331626,
    "rmse": 0.07194454698957993,
    "r2": 0.0,
    "n_train": 251,
    "n_test": 12
}