{
    "disease": "TX_hiv_aids_00_23",
    "cod_mun": 3525201,
    "mae": 1.0318957963627808,
    "rmse": 1.056624749595875,
    "r2": -0.3056514395745673,
    "n_train": 251,
    "n_test": 12
}