{
    "disease": "sifilis",
    "cod_mun": 3541802,
    "mae": 0.6026196099668217,
    "rmse": 2.793174385000128,
    "r2": 0.09484453189799025,
    "n_samples": 300
}