{
    "disease": "sifilis",
    "cod_mun": 3544004,
    "mae": 0.17902994797722213,
    "rmse": 0.5627240104354906,
    "r2": 0.18067479102944195,
    "n_samples": 300
}