{
    "disease": "TX_hanseniase_00_23",
    "cod_mun": 3547650,
    "mae": 0.02561836470461761,
    "rmse": 0.02646636956218395,
    "r2": 0.0,
    "n_train": 251,
    "n_test": 12
}