{
    "disease": "hiv_aids",
    "cod_mun": 3509809,
    "mae": 0.2773400891646198,
    "rmse": 1.6686729150940172,
    "r2": 0.0032529516869719277,
    "n_samples": 300
}