{
    "disease": "TX_hiv_aids_00_23",
    "cod_mun": 3517802,
    "mae": 0.07429730570099007,
    "rmse": 0.1277787115964304,
    "r2": 0.0,
    "n_train": 251,
    "n_test": 12
}