{
    "disease": "TX_hepatite_00_23",
    "cod_mun": 3519253,
    "mae": 0.10443182072291772,
    "rmse": 0.162004318689746,
    "r2": 0.0,
    "n_train": 251,
    "n_test": 12
}