{
    "disease": "hiv_aids",
    "cod_mun": 3505906,
    "mae": 1.4525245034525893,
    "rmse": 1.9510897567458239,
    "r2": 0.23446334708074457,
    "n_samples": 300
}