{
    "disease": "sifilis",
    "cod_mun": 3524808,
    "mae": 0.3661067060554997,
    "rmse": 0.6557179229183511,
    "r2": 0.17766046629391974,
    "n_samples": 300
}