{
    "disease": "hiv_aids",
    "cod_mun": 3554409,
    "mae": 0.46433612222458454,
    "rmse": 1.6404874719859859,
    "r2": 0.004674696528875311,
    "n_samples": 300
}