{
    "disease": "hepatite",
    "cod_mun": 3506409,
    "mae": 0.185634364006236,
    "rmse": 1.1484433418445479,
    "r2": 2.7501081702130392e-05,
    "n_samples": 300
}