{
    "disease": "TX_tuberculose_00_23",
    "cod_mun": 3541109,
    "mae": 6.546216286986122,
    "rmse": 22.6767584127897,
    "r2": -0.09090909090909127,
    "n_train": 251,
    "n_test": 12
}