{
    "disease": "TX_hepatite_00_23",
    "cod_mun": 3534401,
    "mae": 0.060700085680695647,
    "rmse": 0.06443737108878156,
    "r2": -2.282019283901259,
    "n_train": 251,
    "n_test": 12
}