{
    "disease": "TX_tuberculose_00_23",
    "cod_mun": 3553401,
    "mae": 0.4421680306803106,
    "rmse": 1.1157692280141518,
    "r2": -0.04896138481249768,
    "n_train": 251,
    "n_test": 12
}