{
    "disease": "hiv_aids",
    "cod_mun": 3512704,
    "mae": 0.9507489859886702,
    "rmse": 4.429469090796525,
    "r2": 0.002842537179384541,
    "n_samples": 300
}