{
    "disease": "hiv_aids",
    "cod_mun": 3541406,
    "mae": 2.761957428075016,
    "rmse": 3.8180703989411473,
    "r2": -4.50100306479992,
    "n_samples": 300
}