{
    "disease": "hanseniase",
    "cod_mun": 3520301,
    "mae": 0.15446009962947532,
    "rmse": 0.5551928356987166,
    "r2": 0.12314201382232548,
    "n_samples": 300
}