{
    "disease": "sifilis",
    "cod_mun": 3518701,
    "mae": 0.1750285385756959,
    "rmse": 0.2838753197269873,
    "r2": 0.6473593317169665,
    "n_samples": 300
}