{
    "disease": "hanseniase",
    "cod_mun": 3539103,
    "mae": 0.00043551307710328323,
    "rmse": 0.002389620489408576,
    "r2": 0.9999574546331012,
    "n_samples": 300
}