{
    "disease": "sifilis",
    "cod_mun": 3549953,
    "mae": 0.12841532141486223,
    "rmse": 0.642360147637421,
    "r2": 0.0007961430639243927,
    "n_samples": 300
}