{
    "disease": "hiv_aids",
    "cod_mun": 3538105,
    "mae": 3.148490278827491,
    "rmse": 4.443033202576523,
    "r2": 0.21590226011657743,
    "n_samples": 300
}