{
    "disease": "TX_hiv_aids_00_23",
    "cod_mun": 3541604,
    "mae": 0.12290622340515256,
    "rmse": 0.13781734168938103,
    "r2": 0.0,
    "n_train": 251,
    "n_test": 12
}