{
    "disease": "TX_tuberculose_00_23",
    "cod_mun": 3512704,
    "mae": 0.07132953878802557,
    "rmse": 0.13562894749667528,
    "r2": 0.0,
    "n_train": 251,
    "n_test": 12
}