{
    "disease": "sifilis",
    "cod_mun": 3537404,
    "mae": 0.31702898151511166,
    "rmse": 0.7716468898454845,
    "r2": 0.13979716304814804,
    "n_samples": 300
}