{
    "disease": "hiv_aids",
    "cod_mun": 3526100,
    "mae": 0.4738759114394809,
    "rmse": 1.747561797824008,
    "r2": -0.00820063000250637,
    "n_samples": 300
}