{
    "disease": "sifilis",
    "cod_mun": 3516804,
    "mae": 0.33017068090423957,
    "rmse": 2.045975627113713,
    "r2": 0.00011531797900898866,
    "n_samples": 300
}