{
    "disease": "hepatite",
    "cod_mun": 3552908,
    "mae": 0.4483494905648315,
    "rmse": 1.7330572401999527,
    "r2": 0.08297666778027513,
    "n_samples": 300
}