{
    "disease": "hiv_aids",
    "cod_mun": 3546702,
    "mae": 0.2442591817450678,
    "rmse": 0.7578335904262847,
    "r2": 0.03964472923461371,
    "n_samples": 300
}