{
    "disease": "sifilis",
    "cod_mun": 3533007,
    "mae": 0.11943681516621306,
    "rmse": 0.5181024282057786,
    "r2": 0.29497883193350605,
    "n_samples": 300
}