{
    "disease": "hiv_aids",
    "cod_mun": 3509205,
    "mae": 1.0439578242591752,
    "rmse": 1.8594743060404624,
    "r2": 0.6615419762929222,
    "n_samples": 300
}