{
    "disease": "TX_tuberculose_00_23",
    "cod_mun": 3551702,
    "mae": 0.6305046847279255,
    "rmse": 0.7785171271849207,
    "r2": -0.32951356851599956,
    "n_train": 251,
    "n_test": 12
}