{
    "disease": "sifilis",
    "cod_mun": 3536257,
    "mae": 0.643982857420409,
    "rmse": 3.760768445667733,
    "r2": 0.007811311807512267,
    "n_samples": 300
}