{
    "disease": "sifilis",
    "cod_mun": 3553906,
    "mae": 0.9754887280985285,
    "rmse": 2.3751890983715414,
    "r2": 0.16131424671476002,
    "n_samples": 300
}