{
    "disease": "TX_hanseniase_00_23",
    "cod_mun": 3526407,
    "mae": 0.04442908459653457,
    "rmse": 0.05092545941880661,
    "r2": 0.0,
    "n_train": 251,
    "n_test": 12
}