{
    "disease": "TX_hiv_aids_00_23",
    "cod_mun": 3521705,
    "mae": 0.9168824056784312,
    "rmse": 0.9374402401587665,
    "r2": 0.0,
    "n_train": 251,
    "n_test": 12
}