{
    "disease": "hiv_aids",
    "cod_mun": 3530805,
    "mae": 1.0005011301361773,
    "rmse": 1.361670814275669,
    "r2": 0.2822391668622928,
    "n_samples": 300
}