{
    "disease": "hanseniase",
    "cod_mun": 3524204,
    "mae": 0.20638524048025347,
    "rmse": 1.2426211281231372,
    "r2": 0.0020135119957607195,
    "n_samples": 300
}