{
    "disease": "TX_hepatite_00_23",
    "cod_mun": 3553005,
    "mae": 0.029276837905248005,
    "rmse": 0.037100367908067665,
    "r2": 0.0,
    "n_train": 251,
    "n_test": 12
}