{
    "disease": "TX_hiv_aids_00_23",
    "cod_mun": 3510401,
    "mae": 1.2953402901791176,
    "rmse": 1.3399665027014276,
    "r2": -5.102590883417765,
    "n_train": 251,
    "n_test": 12
}