{
    "disease": "TX_sifilis_00_23",
    "cod_mun": 3538808,
    "mae": 0.4282555812265972,
    "rmse": 0.9458579095021238,
    "r2": 0.013207335239876272,
    "n_train": 251,
    "n_test": 12
}