{
    "disease": "TX_tuberculose_00_23",
    "cod_mun": 3523602,
    "mae": 2.7980845654767776,
    "rmse": 3.9390060399283504,
    "r2": -0.04152382400401744,
    "n_train": 251,
    "n_test": 12
}