{
    "disease": "TX_hanseniase_00_23",
    "cod_mun": 3510302,
    "mae": 0.2538595814245734,
    "rmse": 0.862403058310978,
    "r2": 0.0,
    "n_train": 251,
    "n_test": 12
}