{
    "disease": "TX_sifilis_00_23",
    "cod_mun": 3527405,
    "mae": 2.2140388738379717,
    "rmse": 3.6380018344809932,
    "r2": -0.2980510115195467,
    "n_train": 251,
    "n_test": 12
}