{
    "disease": "TX_hanseniase_00_23",
    "cod_mun": 3509205,
    "mae": 0.003479621334311863,
    "rmse": 0.0035848155361197483,
    "r2": 0.0,
    "n_train": 251,
    "n_test": 12
}