{
    "disease": "tuberculose",
    "cod_mun": 3530102,
    "mae": 2.314881890851395,
    "rmse": 3.040261842724309,
    "r2": 0.1480052747533468,
    "n_samples": 300
}