{
    "disease": "sifilis",
    "cod_mun": 3539806,
    "mae": 0.46112682870258254,
    "rmse": 0.6079990710556699,
    "r2": -0.12959779191404608,
    "n_samples": 300
}