{
    "disease": "TX_hiv_aids_00_23",
    "cod_mun": 3523008,
    "mae": 0.39496063732076436,
    "rmse": 1.1275246784512798,
    "r2": 0.0,
    "n_train": 251,
    "n_test": 12
}