{
    "disease": "hanseniase",
    "cod_mun": 3555406,
    "mae": 0.07376295677611595,
    "rmse": 0.2135117486490826,
    "r2": 0.0063710952000578525,
    "n_samples": 300
}