{
    "disease": "sifilis",
    "cod_mun": 3551801,
    "mae": 0.5127361554258134,
    "rmse": 1.4052828510515953,
    "r2": 0.1343406239539655,
    "n_samples": 300
}