{
    "disease": "hanseniase",
    "cod_mun": 3526605,
    "mae": 0.09616130743032242,
    "rmse": 0.8215401779504762,
    "r2": 0.003968325624865265,
    "n_samples": 300
}