{
    "disease": "hepatite",
    "cod_mun": 3519709,
    "mae": 0.1533649661262682,
    "rmse": 0.38588195880764026,
    "r2": 0.31845003759089185,
    "n_samples": 300
}