{
    "disease": "sifilis",
    "cod_mun": 3508801,
    "mae": 1.1170774712702023,
    "rmse": 1.731504756784147,
    "r2": -0.040108596991628165,
    "n_samples": 300
}