{
    "disease": "tuberculose",
    "cod_mun": 3542503,
    "mae": 2.281808213506723,
    "rmse": 4.029809823223715,
    "r2": 0.08097620993143484,
    "n_samples": 300
}