{
    "disease": "TX_hepatite_00_23",
    "cod_mun": 3554300,
    "mae": 2.8715504733099704,
    "rmse": 3.685018697356183,
    "r2": -0.7235531745103534,
    "n_train": 251,
    "n_test": 12
}