{
    "disease": "tuberculose",
    "cod_mun": 3530409,
    "mae": 0.44023344976601475,
    "rmse": 2.2756649282262207,
    "r2": 0.1288676414057417,
    "n_samples": 300
}