{
    "disease": "TX_hanseniase_00_23",
    "cod_mun": 3526803,
    "mae": 0.010804811080258029,
    "rmse": 0.015996432249086933,
    "r2": 0.0,
    "n_train": 251,
    "n_test": 12
}