{
    "disease": "TX_tuberculose_00_23",
    "cod_mun": 3512605,
    "mae": 0.011096152457563827,
    "rmse": 0.028122568548220744,
    "r2": 0.0,
    "n_train": 251,
    "n_test": 12
}