{
    "disease": "sifilis",
    "cod_mun": 3557204,
    "mae": 0.26407681018660495,
    "rmse": 1.0330743654534806,
    "r2": 0.0007233301728403196,
    "n_samples": 300
}