{
    "disease": "TX_tuberculose_00_23",
    "cod_mun": 3514007,
    "mae": 0.0022992598824203014,
    "rmse": 0.0022993683878918983,
    "r2": 0.0,
    "n_train": 251,
    "n_test": 12
}