{
    "disease": "hiv_aids",
    "cod_mun": 3506805,
    "mae": 1.1572319537906939,
    "rmse": 2.217605871103046,
    "r2": 0.33148328024460094,
    "n_samples": 300
}