{
    "disease": "TX_hanseniase_00_23",
    "cod_mun": 3520301,
    "mae": 0.10610244423151016,
    "rmse": 0.10610244423151016,
    "r2": 0.0,
    "n_train": 251,
    "n_test": 12
}