{
    "disease": "hiv_aids",
    "cod_mun": 3544400,
    "mae": 1.8867836578677695,
    "rmse": 5.626948983809209,
    "r2": 0.05895750266631372,
    "n_samples": 300
}