{
    "disease": "TX_tuberculose_00_23",
    "cod_mun": 3540903,
    "mae": 2.9938632915405687,
    "rmse": 4.585735721303914,
    "r2": -0.4645815621985505,
    "n_train": 251,
    "n_test": 12
}