{
    "disease": "hiv_aids",
    "cod_mun": 3500501,
    "mae": 2.5245181104700327,
    "rmse": 3.2758029640523483,
    "r2": -0.06550948991254768,
    "n_samples": 300
}