{
    "disease": "hiv_aids",
    "cod_mun": 3521408,
    "mae": 1.9508372334948005,
    "rmse": 8.894700458971862,
    "r2": 0.07650269879531302,
    "n_samples": 300
}