{
    "disease": "hiv_aids",
    "cod_mun": 3503000,
    "mae": 0.1283361015277087,
    "rmse": 1.089994734116746,
    "r2": 0.0030165114895145395,
    "n_samples": 300
}