{
    "disease": "sifilis",
    "cod_mun": 3552809,
    "mae": 0.3924149878255188,
    "rmse": 0.5133018678265628,
    "r2": 0.232463725154198,
    "n_samples": 300
}