{
    "disease": "sifilis",
    "cod_mun": 3518206,
    "mae": 0.1542031272496413,
    "rmse": 0.4672304125409608,
    "r2": 0.07681179374686087,
    "n_samples": 300
}