{
    "disease": "hepatite",
    "cod_mun": 3520202,
    "mae": 2.41293020021227,
    "rmse": 4.236785766004979,
    "r2": 0.059274674693193585,
    "n_samples": 300
}