{
    "disease": "sifilis",
    "cod_mun": 3545407,
    "mae": 0.14584386244555925,
    "rmse": 0.8995647533796519,
    "r2": 0.0012365338976327855,
    "n_samples": 300
}