{
    "disease": "TX_tuberculose_00_23",
    "cod_mun": 3516705,
    "mae": 0.8794180085895219,
    "rmse": 1.4418187094477,
    "r2": -0.00579484027180488,
    "n_train": 251,
    "n_test": 12
}