{
    "disease": "hepatite",
    "cod_mun": 3553906,
    "mae": 4.611587579354343,
    "rmse": 8.01435332731552,
    "r2": 0.3124458243181154,
    "n_samples": 300
}