{
    "disease": "hepatite",
    "cod_mun": 3515103,
    "mae": 0.1301788177079806,
    "rmse": 0.3393977825790111,
    "r2": 0.20187835773687224,
    "n_samples": 300
}