{
    "disease": "tuberculose",
    "cod_mun": 3527108,
    "mae": 0.6021213309329092,
    "rmse": 1.1121073834847262,
    "r2": 0.7806012689475952,
    "n_samples": 300
}