{
    "disease": "hiv_aids",
    "cod_mun": 3518503,
    "mae": 1.7730212662637483,
    "rmse": 2.4546937054999796,
    "r2": -0.2777251359068753,
    "n_samples": 300
}