{
    "disease": "sifilis",
    "cod_mun": 3552403,
    "mae": 0.07740939127329124,
    "rmse": 0.1339930313376071,
    "r2": 0.04178129778263029,
    "n_samples": 300
}