{
    "disease": "TX_hiv_aids_00_23",
    "cod_mun": 3548054,
    "mae": 1.009695331255595,
    "rmse": 1.0234780711844866,
    "r2": 0.0,
    "n_train": 251,
    "n_test": 12
}