{
    "disease": "TX_hanseniase_00_23",
    "cod_mun": 3524303,
    "mae": 0.005507162733313938,
    "rmse": 0.005507775212004408,
    "r2": 0.0,
    "n_train": 251,
    "n_test": 12
}