{
    "disease": "sifilis",
    "cod_mun": 3530201,
    "mae": 0.19870214892396662,
    "rmse": 0.959555599573281,
    "r2": 0.006397489030747883,
    "n_samples": 300
}