{
    "disease": "TX_hepatite_00_23",
    "cod_mun": 3535804,
    "mae": 0.2216488259534041,
    "rmse": 0.22168823187533213,
    "r2": 0.0,
    "n_train": 251,
    "n_test": 12
}