{
    "disease": "TX_hanseniase_00_23",
    "cod_mun": 3500303,
    "mae": 0.02442292625588986,
    "rmse": 0.039878997771612856,
    "r2": 0.0,
    "n_train": 251,
    "n_test": 12
}