{
    "disease": "hiv_aids",
    "cod_mun": 3542206,
    "mae": 0.6840834193848644,
    "rmse": 1.159740387884619,
    "r2": 0.0677179566884002,
    "n_samples": 300
}