{
    "disease": "TX_tuberculose_00_23",
    "cod_mun": 3540200,
    "mae": 1.2982977666002482,
    "rmse": 1.3224304626317946,
    "r2": -0.01322217447929308,
    "n_train": 251,
    "n_test": 12
}