{
    "disease": "TX_sifilis_00_23",
    "cod_mun": 3540259,
    "mae": 0.06143230820695559,
    "rmse": 0.12024891079183697,
    "r2": 0.0,
    "n_train": 251,
    "n_test": 12
}