{
    "disease": "tuberculose",
    "cod_mun": 3537206,
    "mae": 1.1931255406680656,
    "rmse": 2.5217467844174455,
    "r2": 0.5330526178514768,
    "n_samples": 300
}