{
    "disease": "hanseniase",
    "cod_mun": 3553708,
    "mae": 0.11025584638527093,
    "rmse": 0.4216304479965475,
    "r2": -0.04343371547970665,
    "n_samples": 300
}