{
    "disease": "TX_hiv_aids_00_23",
    "cod_mun": 3514957,
    "mae": 5.514917642589839,
    "rmse": 11.974008126370931,
    "r2": -0.019843309390007446,
    "n_train": 251,
    "n_test": 12
}