{
    "disease": "TX_hiv_aids_00_23",
    "cod_mun": 3500550,
    "mae": 0.21876568036774793,
    "rmse": 0.41470710484706513,
    "r2": 0.0,
    "n_train": 251,
    "n_test": 12
}