{
    "disease": "hanseniase",
    "cod_mun": 3502606,
    "mae": 0.32073487815656493,
    "rmse": 1.594650168463028,
    "r2": 0.21472296661289159,
    "n_samples": 300
}