{
    "disease": "hanseniase",
    "cod_mun": 3542404,
    "mae": 0.04143108286348015,
    "rmse": 0.32971880904051704,
    "r2": 0.006302526821362786,
    "n_samples": 300
}