{
    "disease": "TX_hepatite_00_23",
    "cod_mun": 3524204,
    "mae": 2.0504246155420938,
    "rmse": 2.087319853368272,
    "r2": 0.0,
    "n_train": 251,
    "n_test": 12
}