{
    "disease": "TX_hepatite_00_23",
    "cod_mun": 3510906,
    "mae": 0.2902787948648135,
    "rmse": 0.3833802724129559,
    "r2": 0.0,
    "n_train": 251,
    "n_test": 12
}