{
    "disease": "TX_sifilis_00_23",
    "cod_mun": 3520442,
    "mae": 0.07278580218553543,
    "rmse": 0.07278580218553543,
    "r2": 0.0,
    "n_train": 251,
    "n_test": 12
}