{
    "disease": "hanseniase",
    "cod_mun": 3519006,
    "mae": 0.07344514268337596,
    "rmse": 0.6284066287820773,
    "r2": 0.003964878601574906,
    "n_samples": 300
}