{
    "disease": "sifilis",
    "cod_mun": 3556909,
    "mae": 0.1007892982151216,
    "rmse": 0.5851418997739082,
    "r2": 0.16724648067417414,
    "n_samples": 300
}