{
    "disease": "hiv_aids",
    "cod_mun": 3541307,
    "mae": 0.8374079443651092,
    "rmse": 1.1197821244553177,
    "r2": 0.13007159064889207,
    "n_samples": 300
}