{
    "disease": "hiv_aids",
    "cod_mun": 3509452,
    "mae": 0.2557672163576254,
    "rmse": 1.6495397497701858,
    "r2": 0.19033107498007829,
    "n_samples": 300
}