{
    "disease": "hepatite",
    "cod_mun": 3517406,
    "mae": 0.6742131068828228,
    "rmse": 1.5205464138815474,
    "r2": 0.2965985147320084,
    "n_samples": 300
}