{
    "disease": "hiv_aids",
    "cod_mun": 3508900,
    "mae": 1.1017304227718254,
    "rmse": 3.641348637623779,
    "r2": 0.00024598443191359287,
    "n_samples": 300
}