{
    "disease": "hepatite",
    "cod_mun": 3505302,
    "mae": 0.4362297856234587,
    "rmse": 0.8765523544301119,
    "r2": 0.22978884348220363,
    "n_samples": 300
}