{
    "disease": "TX_hiv_aids_00_23",
    "cod_mun": 3521200,
    "mae": 0.20662395656108856,
    "rmse": 0.20662395656108856,
    "r2": 0.0,
    "n_train": 251,
    "n_test": 12
}