{
    "disease": "hiv_aids",
    "cod_mun": 3530508,
    "mae": 1.7030868902907255,
    "rmse": 2.190174674238581,
    "r2": 0.27317703005781635,
    "n_samples": 300
}