{
    "disease": "hanseniase",
    "cod_mun": 3550704,
    "mae": 0.3876077536142267,
    "rmse": 0.6215680370571707,
    "r2": 0.1909249942184058,
    "n_samples": 300
}