{
    "disease": "hanseniase",
    "cod_mun": 3528601,
    "mae": 0.0725262505536796,
    "rmse": 0.5838497515867975,
    "r2": 0.00529755942933452,
    "n_samples": 300
}