{
    "disease": "hiv_aids",
    "cod_mun": 3510005,
    "mae": 1.5039649876348022,
    "rmse": 2.0825759116837,
    "r2": 0.2360165369710977,
    "n_samples": 300
}