{
    "disease": "hanseniase",
    "cod_mun": 3502101,
    "mae": 0.11150834132905478,
    "rmse": 0.46122546130273406,
    "r2": -0.05674680377568664,
    "n_samples": 300
}