{
    "disease": "hanseniase",
    "cod_mun": 3540804,
    "mae": 0.8588112042294026,
    "rmse": 1.7300493195314446,
    "r2": 0.08405419657416524,
    "n_samples": 300
}