{
    "disease": "hiv_aids",
    "cod_mun": 3502754,
    "mae": 0.6470532693813738,
    "rmse": 1.5071577832285141,
    "r2": 0.08395350081255681,
    "n_samples": 300
}