{
    "disease": "tuberculose",
    "cod_mun": 3520400,
    "mae": 2.3045307600041878,
    "rmse": 3.87562070391414,
    "r2": 0.1875649338628993,
    "n_samples": 300
}