{
    "disease": "hanseniase",
    "cod_mun": 3554805,
    "mae": 0.12387227302316553,
    "rmse": 0.3864719274394475,
    "r2": 0.0021455509197488842,
    "n_samples": 300
}