{
    "disease": "TX_hepatite_00_23",
    "cod_mun": 3516408,
    "mae": 0.02083553730820616,
    "rmse": 0.022139213868868173,
    "r2": 0.0,
    "n_train": 251,
    "n_test": 12
}