{
    "disease": "tuberculose",
    "cod_mun": 3554656,
    "mae": 0.8882680316385844,
    "rmse": 3.9517682583644174,
    "r2": 0.1036722213370379,
    "n_samples": 300
}