{
    "disease": "TX_tuberculose_00_23",
    "cod_mun": 3518404,
    "mae": 0.5367087088691213,
    "rmse": 1.0251186013980516,
    "r2": -0.15423123428460106,
    "n_train": 251,
    "n_test": 12
}