{
    "disease": "hiv_aids",
    "cod_mun": 3505005,
    "mae": 0.40980368526400884,
    "rmse": 3.314619539769945,
    "r2": 0.0050819685774148304,
    "n_samples": 300
}