{
    "disease": "TX_hanseniase_00_23",
    "cod_mun": 3541406,
    "mae": 0.013139134789525997,
    "rmse": 0.01803752016001926,
    "r2": 0.0,
    "n_train": 251,
    "n_test": 12
}