{
    "disease": "TX_hiv_aids_00_23",
    "cod_mun": 3527702,
    "mae": 1.3895305572830807e-08,
    "rmse": 1.4188697162966113e-08,
    "r2": 0.0,
    "n_train": 251,
    "n_test": 12
}