{
    "disease": "hanseniase",
    "cod_mun": 3521804,
    "mae": 0.04653509510406416,
    "rmse": 0.3264541102526182,
    "r2": 0.22269423630129204,
    "n_samples": 300
}