{
    "disease": "hanseniase",
    "cod_mun": 3531902,
    "mae": 0.018839421283393484,
    "rmse": 0.1925269642013074,
    "r2": 0.8360568123640988,
    "n_samples": 300
}