{
    "disease": "hanseniase",
    "cod_mun": 3547700,
    "mae": 0.5920576637558974,
    "rmse": 1.0925611050924378,
    "r2": 0.09162073378678404,
    "n_samples": 300
}