{
    "disease": "hiv_aids",
    "cod_mun": 3546603,
    "mae": 1.2608881827336482,
    "rmse": 1.6798278253609942,
    "r2": 0.09027720288675622,
    "n_samples": 300
}