{
    "disease": "hanseniase",
    "cod_mun": 3507001,
    "mae": 0.08839151348734435,
    "rmse": 0.33901971697901967,
    "r2": 0.11443681175137999,
    "n_samples": 300
}