{
    "disease": "sifilis",
    "cod_mun": 3556107,
    "mae": 0.2037106220840765,
    "rmse": 0.9196659967939833,
    "r2": 0.07551384562842145,
    "n_samples": 300
}