{
    "disease": "hanseniase",
    "cod_mun": 3503000,
    "mae": 0.13980683998647375,
    "rmse": 1.1551575094168212,
    "r2": 0.0046781982150566614,
    "n_samples": 300
}