{
    "disease": "hepatite",
    "cod_mun": 3506102,
    "mae": 0.8376831301193308,
    "rmse": 1.3490997259374797,
    "r2": 0.3496176880612616,
    "n_samples": 300
}