{
    "disease": "tuberculose",
    "cod_mun": 3553500,
    "mae": 2.043750821655218,
    "rmse": 4.046470454053542,
    "r2": 0.40555612835979704,
    "n_samples": 300
}