{
    "disease": "hanseniase",
    "cod_mun": 3523404,
    "mae": 0.08747305011511385,
    "rmse": 0.21283203484986896,
    "r2": 0.0675200882497321,
    "n_samples": 300
}