{
    "disease": "hepatite",
    "cod_mun": 3502754,
    "mae": 0.23163798976830094,
    "rmse": 0.926067888819353,
    "r2": 0.25134554033569356,
    "n_samples": 300
}