{
    "disease": "hiv_aids",
    "cod_mun": 3517604,
    "mae": 0.14197921212015158,
    "rmse": 0.6183594701058159,
    "r2": 0.003551703336079459,
    "n_samples": 300
}