{
    "disease": "TX_hepatite_00_23",
    "cod_mun": 3549300,
    "mae": 1.5543816089630127,
    "rmse": 1.5543816089630127,
    "r2": 0.0,
    "n_train": 251,
    "n_test": 12
}