{
    "disease": "tuberculose",
    "cod_mun": 3541000,
    "mae": 0.6221184085013831,
    "rmse": 0.7863197300403058,
    "r2": 0.42298298517843236,
    "n_samples": 300
}