{
    "disease": "TX_tuberculose_00_23",
    "cod_mun": 3519105,
    "mae": 0.08008627558592707,
    "rmse": 0.152350125346212,
    "r2": 0.0,
    "n_train": 251,
    "n_test": 12
}