{
    "disease": "hepatite",
    "cod_mun": 3548302,
    "mae": 23.02940129973333,
    "rmse": 37.17116565878542,
    "r2": 0.2166755423569513,
    "n_samples": 300
}