{
    "disease": "hiv_aids",
    "cod_mun": 3502804,
    "mae": 1.8331170814820825,
    "rmse": 2.5745809119954757,
    "r2": -1.0255110201607902,
    "n_samples": 300
}