{
    "disease": "TX_sifilis_00_23",
    "cod_mun": 3514106,
    "mae": 0.07322142273187637,
    "rmse": 0.07322142273187637,
    "r2": 0.0,
    "n_train": 251,
    "n_test": 12
}