{
    "disease": "hanseniase",
    "cod_mun": 3549201,
    "mae": 0.006338449052734313,
    "rmse": 0.032093602079134115,
    "r2": 0.9997884784630269,
    "n_samples": 300
}