{
    "disease": "tuberculose",
    "cod_mun": 3528403,
    "mae": 0.5706542980169025,
    "rmse": 0.8499098319231162,
    "r2": 0.11901824474579203,
    "n_samples": 300
}