{
    "disease": "hanseniase",
    "cod_mun": 3519808,
    "mae": 0.15196947375539724,
    "rmse": 0.8185527266535534,
    "r2": 0.3125198415446462,
    "n_samples": 300
}