{
    "disease": "hepatite",
    "cod_mun": 3509502,
    "mae": 0.13459513181200208,
    "rmse": 0.17809515239277487,
    "r2": 0.42023804220376715,
    "n_samples": 300
}