{
    "disease": "TX_hepatite_00_23",
    "cod_mun": 3540408,
    "mae": 6.094769508569662,
    "rmse": 7.366845948624879,
    "r2": -0.225930832439865,
    "n_train": 251,
    "n_test": 12
}