{
    "disease": "TX_hanseniase_00_23",
    "cod_mun": 3511409,
    "mae": 0.6795683219954741,
    "rmse": 1.3631377662127597,
    "r2": -0.11814691388636245,
    "n_train": 251,
    "n_test": 12
}