{
    "disease": "TX_hiv_aids_00_23",
    "cod_mun": 3528106,
    "mae": 1.452717905672695,
    "rmse": 3.7733358093717273,
    "r2": -0.03728566500557218,
    "n_train": 251,
    "n_test": 12
}