{
    "disease": "hanseniase",
    "cod_mun": 3506359,
    "mae": 0.09601865533691573,
    "rmse": 0.4108456881027541,
    "r2": 0.0018991631498712636,
    "n_samples": 300
}