{
    "disease": "sifilis",
    "cod_mun": 3509502,
    "mae": 0.10518934212049633,
    "rmse": 0.1390332154377381,
    "r2": 0.3282974793786291,
    "n_samples": 300
}