{
    "disease": "hepatite",
    "cod_mun": 3522653,
    "mae": 1.6950298590873174,
    "rmse": 4.376164756074431,
    "r2": 0.0980828190786216,
    "n_samples": 300
}