{
    "disease": "hiv_aids",
    "cod_mun": 3514957,
    "mae": 4.299830062526595,
    "rmse": 9.875970174695528,
    "r2": 0.05109358270073938,
    "n_samples": 300
}