{
    "disease": "hanseniase",
    "cod_mun": 3526308,
    "mae": 0.14938980172596172,
    "rmse": 1.1750146699556134,
    "r2": 0.006659887677024634,
    "n_samples": 300
}