{
    "disease": "TX_tuberculose_00_23",
    "cod_mun": 3502200,
    "mae": 0.12313277274370193,
    "rmse": 0.12313277274370193,
    "r2": 0.0,
    "n_train": 251,
    "n_test": 12
}