{
    "disease": "hiv_aids",
    "cod_mun": 3542602,
    "mae": 0.46729816041400757,
    "rmse": 0.7497574961778097,
    "r2": 0.0522249654809499,
    "n_samples": 300
}