{
    "disease": "hepatite",
    "cod_mun": 3546009,
    "mae": 0.31977387415644254,
    "rmse": 1.0276492820181966,
    "r2": 0.08350753166589309,
    "n_samples": 300
}