{
    "disease": "TX_hanseniase_00_23",
    "cod_mun": 3534906,
    "mae": 0.08608406471709411,
    "rmse": 0.08608449755453176,
    "r2": 0.0,
    "n_train": 251,
    "n_test": 12
}