{
    "disease": "hiv_aids",
    "cod_mun": 3532900,
    "mae": 1.1822128782201329,
    "rmse": 2.7677509318111633,
    "r2": 0.09551375123723338,
    "n_samples": 300
}