{
    "disease": "TX_hiv_aids_00_23",
    "cod_mun": 3528858,
    "mae": 0.6061776826779047,
    "rmse": 0.8901040762366368,
    "r2": 0.0,
    "n_train": 251,
    "n_test": 12
}