{
    "disease": "hiv_aids",
    "cod_mun": 3548807,
    "mae": 0.3770402167877689,
    "rmse": 0.5309636992736003,
    "r2": 0.32349812501630026,
    "n_samples": 300
}