{
    "disease": "hepatite",
    "cod_mun": 3502804,
    "mae": 0.23714754455591788,
    "rmse": 0.3661547211865611,
    "r2": 0.3155273975454992,
    "n_samples": 300
}