{
    "disease": "TX_hiv_aids_00_23",
    "cod_mun": 3509254,
    "mae": 0.5185276592771212,
    "rmse": 0.5338513498751974,
    "r2": 0.0,
    "n_train": 251,
    "n_test": 12
}