{
    "disease": "TX_tuberculose_00_23",
    "cod_mun": 3518107,
    "mae": 0.027685328386723995,
    "rmse": 0.02911977774194771,
    "r2": 0.0,
    "n_train": 251,
    "n_test": 12
}