{
    "disease": "TX_hiv_aids_00_23",
    "cod_mun": 3541802,
    "mae": 0.4381006134984394,
    "rmse": 1.0364632415735942,
    "r2": 0.0,
    "n_train": 251,
    "n_test": 12
}