{
    "disease": "hiv_aids",
    "cod_mun": 3522109,
    "mae": 0.5261511772149466,
    "rmse": 0.8095036852329007,
    "r2": -0.05904199788733577,
    "n_samples": 300
}