{
    "disease": "hiv_aids",
    "cod_mun": 3500303,
    "mae": 1.6545495242788952,
    "rmse": 2.283360954598573,
    "r2": 0.43442889793725215,
    "n_samples": 300
}