{
    "disease": "TX_hanseniase_00_23",
    "cod_mun": 3530904,
    "mae": 0.039618221460841596,
    "rmse": 0.04257259162397237,
    "r2": 0.0,
    "n_train": 251,
    "n_test": 12
}