{
    "disease": "hanseniase",
    "cod_mun": 3502705,
    "mae": 0.09969057604874448,
    "rmse": 0.4008326516921329,
    "r2": 0.36595035867154146,
    "n_samples": 300
}