{
    "disease": "tuberculose",
    "cod_mun": 3502002,
    "mae": 0.4958121872965618,
    "rmse": 2.4138593154935055,
    "r2": 0.20431789022446867,
    "n_samples": 300
}