{
    "disease": "TX_hiv_aids_00_23",
    "cod_mun": 3555505,
    "mae": 0.3665399063223352,
    "rmse": 0.7108994398362293,
    "r2": 0.0,
    "n_train": 251,
    "n_test": 12
}