{
    "disease": "hiv_aids",
    "cod_mun": 3526100,
    "mae": 0.6570103349478729,
    "rmse": 1.4961063920844155,
    "r2": 0.2610639806569989,
    "n_samples": 300
}