{
    "disease": "hanseniase",
    "cod_mun": 3537602,
    "mae": 0.051978768855424094,
    "rmse": 0.20002497664775779,
    "r2": 0.0008584341045945187,
    "n_samples": 300
}