{
    "disease": "TX_hepatite_00_23",
    "cod_mun": 3552551,
    "mae": 3.214196280469063,
    "rmse": 8.503719809653772,
    "r2": -0.040290797386422605,
    "n_train": 251,
    "n_test": 12
}