{
    "disease": "hanseniase",
    "cod_mun": 3538105,
    "mae": 0.007670313795348482,
    "rmse": 0.11859365493786908,
    "r2": 0.9263146155839851,
    "n_samples": 300
}