{
    "disease": "sifilis",
    "cod_mun": 3506805,
    "mae": 0.11536835025666503,
    "rmse": 0.7017352193665454,
    "r2": 0.0007779796295362962,
    "n_samples": 300
}