{
    "disease": "hanseniase",
    "cod_mun": 3522406,
    "mae": 0.08023480534661026,
    "rmse": 0.22304533569868476,
    "r2": 0.09265344101656736,
    "n_samples": 300
}