{
    "disease": "hepatite",
    "cod_mun": 3510401,
    "mae": 0.26196383143646784,
    "rmse": 0.5904206954543133,
    "r2": 0.08287365671698244,
    "n_samples": 300
}