{
    "disease": "hanseniase",
    "cod_mun": 3508405,
    "mae": 0.2860723329560088,
    "rmse": 0.47796987734191404,
    "r2": -0.04492558469537089,
    "n_samples": 300
}