{
    "disease": "sifilis",
    "cod_mun": 3547809,
    "mae": 0.15937702156074088,
    "rmse": 0.24457277175244657,
    "r2": 0.6365374219498274,
    "n_samples": 300
}