{
    "disease": "hepatite",
    "cod_mun": 3548054,
    "mae": 0.5701949104085023,
    "rmse": 2.009065686960224,
    "r2": 0.651276585192112,
    "n_samples": 300
}