{
    "disease": "TX_hiv_aids_00_23",
    "cod_mun": 3507159,
    "mae": 0.047783690970391035,
    "rmse": 0.11614528796847433,
    "r2": 0.0,
    "n_train": 251,
    "n_test": 12
}