{
    "disease": "hanseniase",
    "cod_mun": 3530300,
    "mae": 0.3212883873945631,
    "rmse": 0.5732553049519935,
    "r2": 0.12002780552802672,
    "n_samples": 300
}