{
    "disease": "tuberculose",
    "cod_mun": 3528502,
    "mae": 0.7843777687779614,
    "rmse": 1.0076907072634453,
    "r2": 0.5473763392890898,
    "n_samples": 300
}