{
    "disease": "TX_sifilis_00_23",
    "cod_mun": 3532207,
    "mae": 1.832916873309985,
    "rmse": 4.9516331291659545,
    "r2": -0.043935027838724494,
    "n_train": 251,
    "n_test": 12
}