{
    "disease": "hiv_aids",
    "cod_mun": 3543402,
    "mae": 1.0335672533031426,
    "rmse": 1.4424706738271231,
    "r2": 0.8373092612937165,
    "n_samples": 300
}