{
    "disease": "hepatite",
    "cod_mun": 3516507,
    "mae": 3.5500724886342097,
    "rmse": 8.876224076959687,
    "r2": 0.15343861062241704,
    "n_samples": 300
}