{
    "disease": "hiv_aids",
    "cod_mun": 3553104,
    "mae": 0.6892267652351677,
    "rmse": 2.293883967944799,
    "r2": 0.04932651542078137,
    "n_samples": 300
}