{
    "disease": "hanseniase",
    "cod_mun": 3518206,
    "mae": 0.13814078184583609,
    "rmse": 0.46670254200013866,
    "r2": 0.01990164086762347,
    "n_samples": 300
}