{
    "disease": "TX_hiv_aids_00_23",
    "cod_mun": 3545803,
    "mae": 0.09446696564555168,
    "rmse": 0.10955643374297143,
    "r2": 0.0,
    "n_train": 251,
    "n_test": 12
}