{
    "disease": "hanseniase",
    "cod_mun": 3507506,
    "mae": 0.178711543676476,
    "rmse": 0.31817377663791985,
    "r2": 0.06426349264611741,
    "n_samples": 300
}