{
    "disease": "TX_tuberculose_00_23",
    "cod_mun": 3503802,
    "mae": 0.23927986384884736,
    "rmse": 0.5350650467600776,
    "r2": -0.14828477123071693,
    "n_train": 251,
    "n_test": 12
}