{
    "disease": "sifilis",
    "cod_mun": 3505203,
    "mae": 0.15599367784795987,
    "rmse": 0.6028144264652878,
    "r2": 0.13973633793209073,
    "n_samples": 300
}