{
    "disease": "sifilis",
    "cod_mun": 3546900,
    "mae": 0.4745663308094233,
    "rmse": 1.6853186865333925,
    "r2": 0.010806590726012422,
    "n_samples": 300
}