{
    "disease": "sifilis",
    "cod_mun": 3545704,
    "mae": 0.32570517344817507,
    "rmse": 1.570261023559311,
    "r2": 0.28121826790264626,
    "n_samples": 300
}