{
    "disease": "hanseniase",
    "cod_mun": 3516309,
    "mae": 0.05837549723020084,
    "rmse": 0.15237019667132992,
    "r2": 0.4171976221602345,
    "n_samples": 300
}