{
    "disease": "TX_tuberculose_00_23",
    "cod_mun": 3535002,
    "mae": 0.016480233112815768,
    "rmse": 0.021760226553350036,
    "r2": 0.0,
    "n_train": 251,
    "n_test": 12
}