{
    "disease": "tuberculose",
    "cod_mun": 3542008,
    "mae": 1.3614492784484689,
    "rmse": 3.2663607405311414,
    "r2": 0.05037604071952728,
    "n_samples": 300
}