{
    "disease": "hepatite",
    "cod_mun": 3537107,
    "mae": 0.31136268079921864,
    "rmse": 0.6959519441913585,
    "r2": 0.49226177974565755,
    "n_samples": 300
}