{
    "disease": "hiv_aids",
    "cod_mun": 3549201,
    "mae": 0.7731205945114609,
    "rmse": 3.763054342127243,
    "r2": 0.0071619201160958434,
    "n_samples": 300
}