{
    "disease": "sifilis",
    "cod_mun": 3520509,
    "mae": 0.2830745016875051,
    "rmse": 0.45930896933560134,
    "r2": 0.4387859248554973,
    "n_samples": 300
}