{
    "disease": "hanseniase",
    "cod_mun": 3554656,
    "mae": 1.0483174060568832,
    "rmse": 3.3721630089933354,
    "r2": 0.0010134042787589559,
    "n_samples": 300
}