{
    "disease": "hiv_aids",
    "cod_mun": 3526308,
    "mae": 1.766009261026076,
    "rmse": 4.338298280695772,
    "r2": 0.08735755302075698,
    "n_samples": 300
}