{
    "disease": "hanseniase",
    "cod_mun": 3538600,
    "mae": 0.13221273298668101,
    "rmse": 0.5115549537590638,
    "r2": 0.004232220569630574,
    "n_samples": 300
}