{
    "disease": "TX_hanseniase_00_23",
    "cod_mun": 3517307,
    "mae": 0.053287868485009916,
    "rmse": 0.1090122197097044,
    "r2": 0.0,
    "n_train": 251,
    "n_test": 12
}