{
    "disease": "TX_hiv_aids_00_23",
    "cod_mun": 3545407,
    "mae": 1.290599783261617,
    "rmse": 1.290928151194306,
    "r2": 0.0,
    "n_train": 251,
    "n_test": 12
}