{
    "disease": "TX_sifilis_00_23",
    "cod_mun": 3513108,
    "mae": 0.24042287468910217,
    "rmse": 0.24042287468910217,
    "r2": 0.0,
    "n_train": 251,
    "n_test": 12
}