{
    "disease": "hepatite",
    "cod_mun": 3541653,
    "mae": 0.0037066864627596763,
    "rmse": 0.019509916862550804,
    "r2": 0.9998525839018625,
    "n_samples": 300
}