{
    "disease": "TX_hiv_aids_00_23",
    "cod_mun": 3541059,
    "mae": 0.34415973474582034,
    "rmse": 0.3441781234786898,
    "r2": 0.0,
    "n_train": 251,
    "n_test": 12
}