{
    "disease": "TX_hiv_aids_00_23",
    "cod_mun": 3551108,
    "mae": 0.1291099308679501,
    "rmse": 0.2610940863194855,
    "r2": 0.0,
    "n_train": 251,
    "n_test": 12
}