{
    "disease": "TX_sifilis_00_23",
    "cod_mun": 3555406,
    "mae": 0.8997641927307276,
    "rmse": 1.3245306705023039,
    "r2": -0.015153945418363346,
    "n_train": 251,
    "n_test": 12
}