{
    "disease": "hepatite",
    "cod_mun": 3501202,
    "mae": 1.221052585601477,
    "rmse": 3.7520756915967874,
    "r2": 0.1857965357916448,
    "n_samples": 300
}