{
    "disease": "hanseniase",
    "cod_mun": 3511102,
    "mae": 0.15398518204061656,
    "rmse": 0.2612527439968948,
    "r2": 0.10283339216373721,
    "n_samples": 300
}