{
    "disease": "TX_hepatite_00_23",
    "cod_mun": 3529203,
    "mae": 2.4071547298116776,
    "rmse": 2.4427052655632906,
    "r2": -1.6627707901793634,
    "n_train": 251,
    "n_test": 12
}