{
    "disease": "sifilis",
    "cod_mun": 3549409,
    "mae": 0.12350931589767701,
    "rmse": 0.4711548919005255,
    "r2": 0.07767675859462675,
    "n_samples": 300
}