{
    "disease": "sifilis",
    "cod_mun": 3519055,
    "mae": 0.48051118944034166,
    "rmse": 1.0637701896823308,
    "r2": 0.05540033523543386,
    "n_samples": 300
}