{
    "disease": "sifilis",
    "cod_mun": 3515905,
    "mae": 0.45346031587271973,
    "rmse": 2.6576791089440825,
    "r2": 0.007065378233551134,
    "n_samples": 300
}