{
    "disease": "TX_sifilis_00_23",
    "cod_mun": 3529302,
    "mae": 0.040651637905587755,
    "rmse": 0.05113477399073997,
    "r2": 0.0,
    "n_train": 251,
    "n_test": 12
}