{
    "disease": "hanseniase",
    "cod_mun": 3546801,
    "mae": 0.10800123598197957,
    "rmse": 0.32746037590649246,
    "r2": 0.004406338549868827,
    "n_samples": 300
}