{
    "disease": "TX_hanseniase_00_23",
    "cod_mun": 3511607,
    "mae": 0.0029404562131579346,
    "rmse": 0.006613583015945825,
    "r2": 0.0,
    "n_train": 251,
    "n_test": 12
}