{
    "disease": "hiv_aids",
    "cod_mun": 3510203,
    "mae": 0.2521150315180441,
    "rmse": 0.538937443759465,
    "r2": 0.08635447827364462,
    "n_samples": 300
}