{
    "disease": "sifilis",
    "cod_mun": 3550605,
    "mae": 0.14913158295903442,
    "rmse": 0.40365167935352053,
    "r2": 0.2753351891017539,
    "n_samples": 300
}