{
    "disease": "hiv_aids",
    "cod_mun": 3537701,
    "mae": 1.6952733930938515,
    "rmse": 3.718979268674415,
    "r2": 0.05479470354434768,
    "n_samples": 300
}