{
    "disease": "TX_sifilis_00_23",
    "cod_mun": 3504206,
    "mae": 2.0046424065507935,
    "rmse": 4.842050842098797,
    "r2": -0.1943520870776645,
    "n_train": 251,
    "n_test": 12
}