{
    "disease": "TX_tuberculose_00_23",
    "cod_mun": 3540002,
    "mae": 0.9783552704913965,
    "rmse": 1.9566554444395339,
    "r2": -0.12154335495139357,
    "n_train": 251,
    "n_test": 12
}