{
    "disease": "TX_sifilis_00_23",
    "cod_mun": 3500808,
    "mae": 0.21463610356052717,
    "rmse": 0.42514499690870117,
    "r2": 0.0,
    "n_train": 251,
    "n_test": 12
}