{
    "disease": "tuberculose",
    "cod_mun": 3547205,
    "mae": 0.43714694300091517,
    "rmse": 3.702271235965151,
    "r2": 0.002372129074684981,
    "n_samples": 300
}