{
    "disease": "sifilis",
    "cod_mun": 3547007,
    "mae": 0.11459224904081665,
    "rmse": 0.9558976268540215,
    "r2": 0.002916929650458866,
    "n_samples": 300
}