{
    "disease": "tuberculose",
    "cod_mun": 3500709,
    "mae": 1.2613137393578833,
    "rmse": 1.9949044466686836,
    "r2": 0.3088906994747549,
    "n_samples": 300
}