{
    "disease": "sifilis",
    "cod_mun": 3530201,
    "mae": 0.3064033804161351,
    "rmse": 0.9091486649211252,
    "r2": 0.10804652323927255,
    "n_samples": 300
}