{
    "disease": "TX_hiv_aids_00_23",
    "cod_mun": 3518909,
    "mae": 1.97803966384,
    "rmse": 6.812854481906315,
    "r2": -0.09131452934911866,
    "n_train": 251,
    "n_test": 12
}