{
    "disease": "TX_sifilis_00_23",
    "cod_mun": 3549409,
    "mae": 0.46491775434316485,
    "rmse": 1.207473243655258,
    "r2": -0.1020371470735062,
    "n_train": 251,
    "n_test": 12
}