{
    "disease": "TX_hanseniase_00_23",
    "cod_mun": 3550704,
    "mae": 0.37595252381215755,
    "rmse": 0.3946253804253885,
    "r2": -0.5765323236598103,
    "n_train": 251,
    "n_test": 12
}