{
    "disease": "TX_hanseniase_00_23",
    "cod_mun": 3517703,
    "mae": 0.7824939092000326,
    "rmse": 0.8433330223762672,
    "r2": 0.0,
    "n_train": 251,
    "n_test": 12
}