{
    "disease": "hepatite",
    "cod_mun": 3539806,
    "mae": 0.12711767170722874,
    "rmse": 0.25490542551472173,
    "r2": 0.09470843579172006,
    "n_samples": 300
}