{
    "disease": "hiv_aids",
    "cod_mun": 3518859,
    "mae": 3.0227607368617275,
    "rmse": 5.333316141991832,
    "r2": 0.18411261725461936,
    "n_samples": 300
}