{
    "disease": "tuberculose",
    "cod_mun": 3549805,
    "mae": 0.17619380332908607,
    "rmse": 0.23668056224637976,
    "r2": 0.23587240046664282,
    "n_samples": 300
}