{
    "disease": "sifilis",
    "cod_mun": 3543105,
    "mae": 0.3596037027055344,
    "rmse": 1.9649996083367274,
    "r2": 0.17242624288889674,
    "n_samples": 300
}