{
    "disease": "TX_sifilis_00_23",
    "cod_mun": 3525904,
    "mae": 0.4854293497142144,
    "rmse": 0.6087123847127183,
    "r2": -0.22208727163739006,
    "n_train": 251,
    "n_test": 12
}