{
    "disease": "hanseniase",
    "cod_mun": 3553609,
    "mae": 0.382052032423413,
    "rmse": 1.3824698007114922,
    "r2": 0.14863911084931103,
    "n_samples": 300
}