{
    "disease": "TX_hepatite_00_23",
    "cod_mun": 3550902,
    "mae": 0.11714793493350346,
    "rmse": 0.16459322097031776,
    "r2": 0.0,
    "n_train": 251,
    "n_test": 12
}