{
    "disease": "hanseniase",
    "cod_mun": 3505906,
    "mae": 0.13987597559208723,
    "rmse": 0.335623532529583,
    "r2": 0.08784415717552663,
    "n_samples": 300
}