{
    "disease": "hiv_aids",
    "cod_mun": 3532603,
    "mae": 1.051313321641363,
    "rmse": 2.766747789592613,
    "r2": 0.03018196034056031,
    "n_samples": 300
}