{
    "disease": "sifilis",
    "cod_mun": 3506359,
    "mae": 0.4792436483674111,
    "rmse": 0.8447426892852758,
    "r2": 0.16564994883477602,
    "n_samples": 300
}