{
    "disease": "hiv_aids",
    "cod_mun": 3537800,
    "mae": 0.8786038055810786,
    "rmse": 1.243223550575771,
    "r2": 0.1457412791978645,
    "n_samples": 300
}