{
    "disease": "sifilis",
    "cod_mun": 3553500,
    "mae": 0.16447471978195874,
    "rmse": 1.0129469242786444,
    "r2": 0.0010576344664701143,
    "n_samples": 300
}