{
    "disease": "hiv_aids",
    "cod_mun": 3514700,
    "mae": 1.7692389909255342,
    "rmse": 4.114087637896567,
    "r2": 0.0004610978491342843,
    "n_samples": 300
}