{
    "disease": "hanseniase",
    "cod_mun": 3504206,
    "mae": 0.3681675629522888,
    "rmse": 1.232925299718164,
    "r2": 0.15658093283918018,
    "n_samples": 300
}