{
    "disease": "hanseniase",
    "cod_mun": 3540754,
    "mae": 0.10309821679082094,
    "rmse": 0.5246502300646083,
    "r2": 0.0013703315517136216,
    "n_samples": 300
}