{
    "disease": "TX_hiv_aids_00_23",
    "cod_mun": 3517406,
    "mae": 1.2023092355228646,
    "rmse": 1.2046212879490221,
    "r2": -0.6178755446388218,
    "n_train": 251,
    "n_test": 12
}