{
    "disease": "TX_hanseniase_00_23",
    "cod_mun": 3517406,
    "mae": 0.32726358951179596,
    "rmse": 0.7276956220219186,
    "r2": -0.07344767008483588,
    "n_train": 251,
    "n_test": 12
}