{
    "disease": "hiv_aids",
    "cod_mun": 3519253,
    "mae": 6.21893212204705,
    "rmse": 9.033229314988743,
    "r2": 0.17098947462924874,
    "n_samples": 300
}