{
    "disease": "TX_tuberculose_00_23",
    "cod_mun": 3515202,
    "mae": 0.8926112166149224,
    "rmse": 3.067118376477595,
    "r2": -0.08930245597745223,
    "n_train": 251,
    "n_test": 12
}