{
    "disease": "hepatite",
    "cod_mun": 3557204,
    "mae": 0.654595548804269,
    "rmse": 1.8791302479185636,
    "r2": 0.17173909049129155,
    "n_samples": 300
}