{
    "disease": "TX_hepatite_00_23",
    "cod_mun": 3551801,
    "mae": 0.40913719808061916,
    "rmse": 0.41567834291625116,
    "r2": 0.0,
    "n_train": 251,
    "n_test": 12
}