{
    "disease": "hanseniase",
    "cod_mun": 3510500,
    "mae": 0.14957935054820215,
    "rmse": 0.3126083506274985,
    "r2": 0.17787101765733337,
    "n_samples": 300
}