{
    "disease": "TX_sifilis_00_23",
    "cod_mun": 3508207,
    "mae": 0.029351335329314072,
    "rmse": 0.029365142946090352,
    "r2": 0.0,
    "n_train": 251,
    "n_test": 12
}