{
    "disease": "TX_tuberculose_00_23",
    "cod_mun": 3510609,
    "mae": 0.5924052291146052,
    "rmse": 0.7496146157926554,
    "r2": -0.44507821578193507,
    "n_train": 251,
    "n_test": 12
}