{
    "disease": "TX_hepatite_00_23",
    "cod_mun": 3537008,
    "mae": 0.6740283047159513,
    "rmse": 0.6904735615776583,
    "r2": 0.0,
    "n_train": 251,
    "n_test": 12
}