{
    "disease": "hiv_aids",
    "cod_mun": 3552601,
    "mae": 2.1806231589065996,
    "rmse": 3.663613469668092,
    "r2": 0.07461772990645765,
    "n_samples": 300
}