{
    "disease": "hanseniase",
    "cod_mun": 3505906,
    "mae": 0.11855536359944828,
    "rmse": 0.33176488523886566,
    "r2": 0.10869761048968318,
    "n_samples": 300
}