{
    "disease": "sifilis",
    "cod_mun": 3553658,
    "mae": 0.005160466891719181,
    "rmse": 0.04598537875027129,
    "r2": 0.9995283855550683,
    "n_samples": 300
}