{
    "disease": "sifilis",
    "cod_mun": 3551207,
    "mae": 0.18449985565199598,
    "rmse": 1.5904075434198122,
    "r2": 0.0061425486494393056,
    "n_samples": 300
}