{
    "disease": "hanseniase",
    "cod_mun": 3512803,
    "mae": 0.04972384924392882,
    "rmse": 0.27310890655317016,
    "r2": 0.0041911108021155385,
    "n_samples": 300
}