{
    "disease": "hiv_aids",
    "cod_mun": 3524501,
    "mae": 10.02812129633903,
    "rmse": 15.217698169816842,
    "r2": -0.27185351264672697,
    "n_samples": 300
}