{
    "disease": "TX_sifilis_00_23",
    "cod_mun": 3552809,
    "mae": 0.42155760826773925,
    "rmse": 0.46873440101987407,
    "r2": -0.13455630262951135,
    "n_train": 251,
    "n_test": 12
}