{
    "disease": "tuberculose",
    "cod_mun": 3526407,
    "mae": 1.046282452601506,
    "rmse": 1.5298371190213265,
    "r2": 0.09826577257742164,
    "n_samples": 300
}