{
    "disease": "hepatite",
    "cod_mun": 3502606,
    "mae": 1.954684245503222,
    "rmse": 4.815200768030874,
    "r2": 0.08992695290443642,
    "n_samples": 300
}