{
    "disease": "hepatite",
    "cod_mun": 3512407,
    "mae": 0.2674266258399624,
    "rmse": 0.7776814742171347,
    "r2": 0.12595269600495995,
    "n_samples": 300
}