{
    "disease": "tuberculose",
    "cod_mun": 3526209,
    "mae": 0.5877458397510281,
    "rmse": 1.144474160787686,
    "r2": 0.22928337390082976,
    "n_samples": 300
}