{
    "disease": "TX_sifilis_00_23",
    "cod_mun": 3505807,
    "mae": 1.6052546299688801,
    "rmse": 3.253945975867612,
    "r2": -0.26042849462752704,
    "n_train": 251,
    "n_test": 12
}