{
    "disease": "hiv_aids",
    "cod_mun": 3554300,
    "mae": 0.7577930607423516,
    "rmse": 1.5961080406216064,
    "r2": 0.012228742678576543,
    "n_samples": 300
}