{
    "disease": "TX_hiv_aids_00_23",
    "cod_mun": 3534203,
    "mae": 5.489531069410003,
    "rmse": 7.246217789054138,
    "r2": -0.015553941363724899,
    "n_train": 251,
    "n_test": 12
}