{
    "disease": "TX_sifilis_00_23",
    "cod_mun": 3516408,
    "mae": 0.9509601884555177,
    "rmse": 1.1894048762837708,
    "r2": -2.695648691542977,
    "n_train": 251,
    "n_test": 12
}