{
    "disease": "tuberculose",
    "cod_mun": 3544251,
    "mae": 0.15688349069610713,
    "rmse": 0.6343184025641079,
    "r2": 0.15740142846224692,
    "n_samples": 300
}