{
    "disease": "hanseniase",
    "cod_mun": 3551603,
    "mae": 0.05567949803611838,
    "rmse": 0.32769446985481965,
    "r2": 0.008331043664242532,
    "n_samples": 300
}