{
    "disease": "TX_tuberculose_00_23",
    "cod_mun": 3539806,
    "mae": 0.6711503871934535,
    "rmse": 0.8147099588368182,
    "r2": -0.07008012137236563,
    "n_train": 251,
    "n_test": 12
}