{
    "disease": "hiv_aids",
    "cod_mun": 3556453,
    "mae": 0.39913248706148063,
    "rmse": 0.9263786762667817,
    "r2": -0.005816755346477631,
    "n_samples": 300
}