{
    "disease": "TX_sifilis_00_23",
    "cod_mun": 3550001,
    "mae": 0.01843690734434252,
    "rmse": 0.049303419591701085,
    "r2": 0.0,
    "n_train": 251,
    "n_test": 12
}