{
    "disease": "hanseniase",
    "cod_mun": 3500550,
    "mae": 0.11950814705577341,
    "rmse": 1.0249068797011127,
    "r2": 0.004192340294331687,
    "n_samples": 300
}