{
    "disease": "TX_hiv_aids_00_23",
    "cod_mun": 3552205,
    "mae": 0.0881333028139047,
    "rmse": 0.09420972777030655,
    "r2": -1.5790133237310022,
    "n_train": 251,
    "n_test": 12
}