{
    "disease": "sifilis",
    "cod_mun": 3534500,
    "mae": 1.0531098780389352,
    "rmse": 6.1434101828764325,
    "r2": 0.03125192338349558,
    "n_samples": 300
}