{
    "disease": "sifilis",
    "cod_mun": 3520608,
    "mae": 0.26758872809703776,
    "rmse": 1.6578757287087047,
    "r2": 7.400975421145706e-05,
    "n_samples": 300
}