{
    "disease": "sifilis",
    "cod_mun": 3506409,
    "mae": 0.1735903817554214,
    "rmse": 1.0173314339724213,
    "r2": 0.007242354664332873,
    "n_samples": 300
}