{
    "disease": "TX_hanseniase_00_23",
    "cod_mun": 3515194,
    "mae": 0.08538145385682583,
    "rmse": 0.27055983953391743,
    "r2": 0.0,
    "n_train": 251,
    "n_test": 12
}