{
    "disease": "hiv_aids",
    "cod_mun": 3500550,
    "mae": 0.5768510943255897,
    "rmse": 2.242285864125679,
    "r2": 0.0007170763087698262,
    "n_samples": 300
}