{
    "disease": "TX_hiv_aids_00_23",
    "cod_mun": 3509403,
    "mae": 2.290274685180903,
    "rmse": 2.513475436289142,
    "r2": -0.47787734567282225,
    "n_train": 251,
    "n_test": 12
}