{
    "disease": "hepatite",
    "cod_mun": 3538105,
    "mae": 0.3968683518635505,
    "rmse": 1.358432252242948,
    "r2": 0.8311233089097378,
    "n_samples": 300
}