{
    "disease": "TX_hiv_aids_00_23",
    "cod_mun": 3507506,
    "mae": 0.8148012437559725,
    "rmse": 0.9240825021273545,
    "r2": -1.4028356202774979,
    "n_train": 251,
    "n_test": 12
}