{
    "disease": "sifilis",
    "cod_mun": 3556404,
    "mae": 0.17284865526960144,
    "rmse": 0.5187437744082618,
    "r2": 0.06748918153731054,
    "n_samples": 300
}