{
    "disease": "hanseniase",
    "cod_mun": 3509205,
    "mae": 0.014506789167408364,
    "rmse": 0.09475583554889261,
    "r2": 0.31167704106021676,
    "n_samples": 300
}