{
    "disease": "hiv_aids",
    "cod_mun": 3513603,
    "mae": 0.23276025023908564,
    "rmse": 0.6975298801887841,
    "r2": 0.07047170693868676,
    "n_samples": 300
}