{
    "disease": "hanseniase",
    "cod_mun": 3501509,
    "mae": 0.0051438037345056,
    "rmse": 0.04440283733206739,
    "r2": 0.9994912142835142,
    "n_samples": 300
}