{
    "disease": "tuberculose",
    "cod_mun": 3554003,
    "mae": 0.6108244667602026,
    "rmse": 0.9312668742452571,
    "r2": 0.22309614575111802,
    "n_samples": 300
}