{
    "disease": "hiv_aids",
    "cod_mun": 3511300,
    "mae": 3.2954663911532203,
    "rmse": 4.719042245087768,
    "r2": 0.1159913252455993,
    "n_samples": 300
}