{
    "disease": "hanseniase",
    "cod_mun": 3545407,
    "mae": 0.22347219664855117,
    "rmse": 1.1102749207727187,
    "r2": 0.0037869770827499982,
    "n_samples": 300
}