{
    "disease": "tuberculose",
    "cod_mun": 3555307,
    "mae": 0.34616252833645006,
    "rmse": 2.948741255194878,
    "r2": 0.006832365863909673,
    "n_samples": 300
}