{
    "disease": "sifilis",
    "cod_mun": 3516002,
    "mae": 0.19533304408711408,
    "rmse": 0.8449699729611809,
    "r2": 0.000967259643123275,
    "n_samples": 300
}