{
    "disease": "hanseniase",
    "cod_mun": 3511201,
    "mae": 0.39228554551735334,
    "rmse": 1.6683374516985323,
    "r2": 0.00964319698372873,
    "n_samples": 300
}