{
    "disease": "TX_hiv_aids_00_23",
    "cod_mun": 3512100,
    "mae": 2.4239770770072937,
    "rmse": 2.4243757338256877,
    "r2": 0.0,
    "n_train": 251,
    "n_test": 12
}