{
    "disease": "sifilis",
    "cod_mun": 3523305,
    "mae": 0.1429773527559401,
    "rmse": 0.6160582639974389,
    "r2": 0.35363777845261524,
    "n_samples": 300
}