{
    "disease": "TX_tuberculose_00_23",
    "cod_mun": 3549102,
    "mae": 0.6601821907164619,
    "rmse": 0.8443081611598955,
    "r2": -0.21510596608077437,
    "n_train": 251,
    "n_test": 12
}