{
    "disease": "hiv_aids",
    "cod_mun": 3531100,
    "mae": 1.0435774518064818,
    "rmse": 1.4381885118318731,
    "r2": 0.343036228890538,
    "n_samples": 300
}