{
    "disease": "TX_sifilis_00_23",
    "cod_mun": 3509007,
    "mae": 0.9607836136429434,
    "rmse": 1.061765066701111,
    "r2": 0.12319971607544822,
    "n_train": 251,
    "n_test": 12
}