{
    "disease": "TX_hanseniase_00_23",
    "cod_mun": 3553807,
    "mae": 0.10844845014313857,
    "rmse": 0.10844860184133476,
    "r2": 0.0,
    "n_train": 251,
    "n_test": 12
}