{
    "disease": "sifilis",
    "cod_mun": 3502200,
    "mae": 0.4290455415750798,
    "rmse": 1.0178177479281125,
    "r2": 0.19209215526116774,
    "n_samples": 300
}