{
    "disease": "tuberculose",
    "cod_mun": 3531209,
    "mae": 0.6146437155316447,
    "rmse": 1.9168505782629173,
    "r2": 0.06727246423896882,
    "n_samples": 300
}