{
    "disease": "hanseniase",
    "cod_mun": 3508603,
    "mae": 0.07025748314367432,
    "rmse": 0.34204429046466517,
    "r2": 0.00766027305374517,
    "n_samples": 300
}