{
    "disease": "sifilis",
    "cod_mun": 3532108,
    "mae": 0.18819436539080128,
    "rmse": 1.1633603174920426,
    "r2": 0.17285397398880975,
    "n_samples": 300
}