{
    "disease": "hanseniase",
    "cod_mun": 3516853,
    "mae": 0.6486672415194178,
    "rmse": 2.725983983987278,
    "r2": 0.012248298689018777,
    "n_samples": 300
}