{
    "disease": "hiv_aids",
    "cod_mun": 3501301,
    "mae": 1.2294830639520824,
    "rmse": 2.69621800365196,
    "r2": -0.17272568628451013,
    "n_samples": 300
}