{
    "disease": "sifilis",
    "cod_mun": 3557105,
    "mae": 0.32896178009755084,
    "rmse": 0.5309261308632467,
    "r2": 0.21071031091733594,
    "n_samples": 300
}