{
    "disease": "TX_sifilis_00_23",
    "cod_mun": 3555000,
    "mae": 1.209715909561236,
    "rmse": 1.745235616261034,
    "r2": -0.2050305839555151,
    "n_train": 251,
    "n_test": 12
}