{
    "disease": "sifilis",
    "cod_mun": 3533007,
    "mae": 0.13783309888824946,
    "rmse": 0.5080669208432135,
    "r2": 0.3220264654732481,
    "n_samples": 300
}