{
    "disease": "sifilis",
    "cod_mun": 3525102,
    "mae": 0.30155881722260147,
    "rmse": 0.65972491000429,
    "r2": 0.09953105940452567,
    "n_samples": 300
}