{
    "disease": "hepatite",
    "cod_mun": 3501152,
    "mae": 0.161274157985146,
    "rmse": 0.688994583993441,
    "r2": 0.0022696150159131623,
    "n_samples": 300
}