{
    "disease": "hiv_aids",
    "cod_mun": 3516002,
    "mae": 1.4345044500057347,
    "rmse": 2.3266896075453265,
    "r2": 0.07248575143646496,
    "n_samples": 300
}