{
    "disease": "hepatite",
    "cod_mun": 3520426,
    "mae": 0.687707340044055,
    "rmse": 1.7665248830924047,
    "r2": 0.1621500500069386,
    "n_samples": 300
}