{
    "disease": "sifilis",
    "cod_mun": 3532843,
    "mae": 0.6592502805399337,
    "rmse": 5.578883756211853,
    "r2": 0.007069965071470841,
    "n_samples": 300
}