{
    "disease": "hanseniase",
    "cod_mun": 3553401,
    "mae": 0.084623527447454,
    "rmse": 0.44163980359431404,
    "r2": 0.5564187155564302,
    "n_samples": 300
}