{
    "disease": "TX_hepatite_00_23",
    "cod_mun": 3538709,
    "mae": 0.15917731665237272,
    "rmse": 0.17654390132232997,
    "r2": -2.1372402788822575,
    "n_train": 251,
    "n_test": 12
}