{
    "disease": "hiv_aids",
    "cod_mun": 3529104,
    "mae": 0.3254358971137164,
    "rmse": 2.7174114510846152,
    "r2": 0.003852063873215683,
    "n_samples": 300
}