{
    "disease": "TX_sifilis_00_23",
    "cod_mun": 3511003,
    "mae": 0.5148913522039403,
    "rmse": 1.4227250186007068,
    "r2": -0.049554966421857305,
    "n_train": 251,
    "n_test": 12
}