{
    "disease": "hanseniase",
    "cod_mun": 3515657,
    "mae": 0.9710187516561933,
    "rmse": 5.9512062178243665,
    "r2": 0.4813327332251994,
    "n_samples": 300
}