{
    "disease": "TX_hiv_aids_00_23",
    "cod_mun": 3532306,
    "mae": 0.002697052841540426,
    "rmse": 0.002716607570317946,
    "r2": 0.0,
    "n_train": 251,
    "n_test": 12
}