{
    "disease": "TX_sifilis_00_23",
    "cod_mun": 3528007,
    "mae": 1.4837566606433377,
    "rmse": 2.2817265541481015,
    "r2": -0.01917397608831717,
    "n_train": 251,
    "n_test": 12
}