{
    "disease": "hiv_aids",
    "cod_mun": 3531100,
    "mae": 1.261693289399984,
    "rmse": 1.774756029198046,
    "r2": -0.00043093063079258087,
    "n_samples": 300
}