{
    "disease": "hanseniase",
    "cod_mun": 3531100,
    "mae": 0.012432291031528346,
    "rmse": 0.10610321766255476,
    "r2": 0.0024378013194567005,
    "n_samples": 300
}