{
    "disease": "hiv_aids",
    "cod_mun": 3500758,
    "mae": 1.1459144082168098,
    "rmse": 4.2043348697289495,
    "r2": 0.5330548447321101,
    "n_samples": 300
}