{
    "disease": "TX_tuberculose_00_23",
    "cod_mun": 3556206,
    "mae": 0.1652241672348908,
    "rmse": 0.22095050201779537,
    "r2": -0.12786405745754648,
    "n_train": 251,
    "n_test": 12
}