{
    "disease": "sifilis",
    "cod_mun": 3551603,
    "mae": 0.24115968625863368,
    "rmse": 0.6356301169379519,
    "r2": 0.07695348335246421,
    "n_samples": 300
}