{
    "disease": "hepatite",
    "cod_mun": 3545100,
    "mae": 3.4743795428842796,
    "rmse": 7.3738755376482725,
    "r2": 0.04906284358115642,
    "n_samples": 300
}