{
    "disease": "TX_hanseniase_00_23",
    "cod_mun": 3532058,
    "mae": 0.003279437640837083,
    "rmse": 0.003287497839238159,
    "r2": 0.0,
    "n_train": 251,
    "n_test": 12
}