{
    "disease": "TX_hiv_aids_00_23",
    "cod_mun": 3504404,
    "mae": 0.6187236458063126,
    "rmse": 0.6262541123655386,
    "r2": 0.0,
    "n_train": 251,
    "n_test": 12
}