{
    "disease": "hiv_aids",
    "cod_mun": 3538006,
    "mae": 0.5805421457226629,
    "rmse": 0.771899562158496,
    "r2": 0.1017623919921603,
    "n_samples": 300
}