{
    "disease": "tuberculose",
    "cod_mun": 3535002,
    "mae": 0.609440886463367,
    "rmse": 1.7651583194148346,
    "r2": 0.06986025848309763,
    "n_samples": 300
}