{
    "disease": "sifilis",
    "cod_mun": 3500501,
    "mae": 0.24090187155745638,
    "rmse": 0.7843988953807302,
    "r2": 0.08154207491691023,
    "n_samples": 300
}