{
    "disease": "hanseniase",
    "cod_mun": 3533007,
    "mae": 0.325850362474698,
    "rmse": 0.8895014706084211,
    "r2": 0.08310340212049883,
    "n_samples": 300
}