{
    "disease": "hepatite",
    "cod_mun": 3534203,
    "mae": 17.283536777463336,
    "rmse": 33.005033992240534,
    "r2": 0.37991319827703296,
    "n_samples": 300
}