{
    "disease": "hanseniase",
    "cod_mun": 3527405,
    "mae": 0.16995250993537017,
    "rmse": 0.6561701833474713,
    "r2": 0.000865962607902393,
    "n_samples": 300
}