{
    "disease": "TX_hanseniase_00_23",
    "cod_mun": 3543303,
    "mae": 0.010761818460499247,
    "rmse": 0.01114688290202627,
    "r2": 0.0,
    "n_train": 251,
    "n_test": 12
}