{
    "disease": "hiv_aids",
    "cod_mun": 3508405,
    "mae": 0.663863823616818,
    "rmse": 1.0663289448219497,
    "r2": 0.008441678475251568,
    "n_samples": 300
}