{
    "disease": "hanseniase",
    "cod_mun": 3519709,
    "mae": 0.20024327143148174,
    "rmse": 0.3344947377680896,
    "r2": -0.006011355720205058,
    "n_samples": 300
}