{
    "disease": "hiv_aids",
    "cod_mun": 3516705,
    "mae": 1.0006304862847024,
    "rmse": 1.2617435856697585,
    "r2": 0.051308053991380165,
    "n_samples": 300
}