{
    "disease": "hanseniase",
    "cod_mun": 3522158,
    "mae": 0.20635714014053583,
    "rmse": 1.7226780176218304,
    "r2": 0.002914280586641671,
    "n_samples": 300
}