{
    "disease": "TX_hepatite_00_23",
    "cod_mun": 3545209,
    "mae": 0.0522440813947469,
    "rmse": 0.07815181387198251,
    "r2": 0.0,
    "n_train": 251,
    "n_test": 12
}