{
    "disease": "hepatite",
    "cod_mun": 3526704,
    "mae": 0.5092783068919254,
    "rmse": 0.6326801121144148,
    "r2": 0.06900525069685648,
    "n_samples": 300
}