{
    "disease": "hiv_aids",
    "cod_mun": 3508801,
    "mae": 0.1669779807717531,
    "rmse": 0.7068505835630593,
    "r2": 0.01384511710444225,
    "n_samples": 300
}