{
    "disease": "TX_tuberculose_00_23",
    "cod_mun": 3517109,
    "mae": 0.07553337576488654,
    "rmse": 0.0755335128779687,
    "r2": 0.0,
    "n_train": 251,
    "n_test": 12
}