{
    "disease": "TX_hiv_aids_00_23",
    "cod_mun": 3519006,
    "mae": 0.16268965570876995,
    "rmse": 0.20984796247728607,
    "r2": 0.0,
    "n_train": 251,
    "n_test": 12
}