{
    "disease": "sifilis",
    "cod_mun": 3552106,
    "mae": 0.18145881280068177,
    "rmse": 0.46320423268278665,
    "r2": 0.10292125006621733,
    "n_samples": 300
}