{
    "disease": "TX_hiv_aids_00_23",
    "cod_mun": 3505104,
    "mae": 0.1298207505218064,
    "rmse": 0.23641511300249343,
    "r2": 0.0,
    "n_train": 251,
    "n_test": 12
}