{
    "disease": "hiv_aids",
    "cod_mun": 3500808,
    "mae": 0.4189452140148188,
    "rmse": 2.64281084838356,
    "r2": 0.1930213228139429,
    "n_samples": 300
}