{
    "disease": "TX_hanseniase_00_23",
    "cod_mun": 3515707,
    "mae": 0.023286555117617052,
    "rmse": 0.023381658168485708,
    "r2": 0.0,
    "n_train": 251,
    "n_test": 12
}