{
    "disease": "hiv_aids",
    "cod_mun": 3520426,
    "mae": 2.2404258594023942,
    "rmse": 4.03911027098819,
    "r2": 0.11824955944400795,
    "n_samples": 300
}