{
    "disease": "sifilis",
    "cod_mun": 3508207,
    "mae": 0.057046004201867846,
    "rmse": 0.34663143517205747,
    "r2": 0.9695594821578548,
    "n_samples": 300
}