{
    "disease": "TX_hiv_aids_00_23",
    "cod_mun": 3507753,
    "mae": 0.021531680055583518,
    "rmse": 0.04878617409503136,
    "r2": 0.0,
    "n_train": 251,
    "n_test": 12
}