{
    "disease": "TX_sifilis_00_23",
    "cod_mun": 3500709,
    "mae": 0.30272457507947054,
    "rmse": 0.7906219811793697,
    "r2": -0.1522559992428394,
    "n_train": 251,
    "n_test": 12
}