{
    "disease": "tuberculose",
    "cod_mun": 3512001,
    "mae": 0.49070102700021273,
    "rmse": 1.1597634361371094,
    "r2": 0.07167244423189578,
    "n_samples": 300
}