{
    "disease": "TX_tuberculose_00_23",
    "cod_mun": 3545001,
    "mae": 0.2863943874835968,
    "rmse": 0.286683090791602,
    "r2": 0.0,
    "n_train": 251,
    "n_test": 12
}