{
    "disease": "hanseniase",
    "cod_mun": 3544202,
    "mae": 0.6892067657238087,
    "rmse": 2.7453042405726653,
    "r2": -0.047428786335772966,
    "n_samples": 300
}