{
    "disease": "TX_tuberculose_00_23",
    "cod_mun": 3517000,
    "mae": 2.02765908541905,
    "rmse": 2.8351058916635403,
    "r2": -0.054540585129922325,
    "n_train": 251,
    "n_test": 12
}