{
    "disease": "sifilis",
    "cod_mun": 3503901,
    "mae": 0.36021846647547484,
    "rmse": 0.5252852226240324,
    "r2": -0.2016452085434648,
    "n_samples": 300
}