{
    "disease": "hepatite",
    "cod_mun": 3539202,
    "mae": 0.48576720935174117,
    "rmse": 1.0415850274378724,
    "r2": 0.02972213102337906,
    "n_samples": 300
}