{
    "disease": "TX_sifilis_00_23",
    "cod_mun": 3556453,
    "mae": 0.13766588941992572,
    "rmse": 0.25758801879182797,
    "r2": 0.0,
    "n_train": 251,
    "n_test": 12
}