{
    "disease": "hiv_aids",
    "cod_mun": 3510302,
    "mae": 1.2868894821042163,
    "rmse": 2.286820458771264,
    "r2": 0.08955489914127412,
    "n_samples": 300
}