{
    "disease": "hiv_aids",
    "cod_mun": 3524709,
    "mae": 4.063089990591491,
    "rmse": 5.297760418025188,
    "r2": -1.1549465090866495,
    "n_samples": 300
}