{
    "disease": "hiv_aids",
    "cod_mun": 3545407,
    "mae": 1.984659792889499,
    "rmse": 3.5143465783223764,
    "r2": 0.026283938983961197,
    "n_samples": 300
}