{
    "disease": "TX_sifilis_00_23",
    "cod_mun": 3504404,
    "mae": 0.20532076433300972,
    "rmse": 0.20534896617062462,
    "r2": 0.0,
    "n_train": 251,
    "n_test": 12
}