{
    "disease": "hanseniase",
    "cod_mun": 3507100,
    "mae": 0.07258726837510528,
    "rmse": 0.45580456983912954,
    "r2": 0.0009863468094492012,
    "n_samples": 300
}