{
    "disease": "hanseniase",
    "cod_mun": 3512001,
    "mae": 0.14967870953422652,
    "rmse": 0.6370463433770057,
    "r2": 0.005590989088137821,
    "n_samples": 300
}