{
    "disease": "TX_hiv_aids_00_23",
    "cod_mun": 3513405,
    "mae": 0.8283004047481889,
    "rmse": 1.001102321058473,
    "r2": 0.10363833779199838,
    "n_train": 251,
    "n_test": 12
}