{
    "disease": "TX_hiv_aids_00_23",
    "cod_mun": 3500501,
    "mae": 1.1186959520281272,
    "rmse": 1.5148774351655718,
    "r2": -0.06846947948196669,
    "n_train": 251,
    "n_test": 12
}