{
    "disease": "TX_tuberculose_00_23",
    "cod_mun": 3557006,
    "mae": 0.6669386089707626,
    "rmse": 0.7062757884973848,
    "r2": -0.033953714971466153,
    "n_train": 251,
    "n_test": 12
}