{
    "disease": "hepatite",
    "cod_mun": 3544251,
    "mae": 0.1699284977336523,
    "rmse": 0.6983247343850182,
    "r2": 0.09242497295380825,
    "n_samples": 300
}