{
    "disease": "sifilis",
    "cod_mun": 3547304,
    "mae": 0.2862001622095169,
    "rmse": 0.43150917395360566,
    "r2": 0.36287438405856176,
    "n_samples": 300
}