{
    "disease": "TX_hanseniase_00_23",
    "cod_mun": 3537909,
    "mae": 0.0173742165012906,
    "rmse": 0.017444807420380164,
    "r2": 0.0,
    "n_train": 251,
    "n_test": 12
}