{
    "disease": "tuberculose",
    "cod_mun": 3520301,
    "mae": 0.6499499837425471,
    "rmse": 1.15337689860203,
    "r2": 0.13514447236720006,
    "n_samples": 300
}