{
    "disease": "hiv_aids",
    "cod_mun": 3545159,
    "mae": 0.0836244292070474,
    "rmse": 0.7037194400441033,
    "r2": 0.0035576355368722723,
    "n_samples": 300
}