{
    "disease": "hiv_aids",
    "cod_mun": 3556305,
    "mae": 1.3297072033725243,
    "rmse": 2.247178754202081,
    "r2": 0.19945351197828176,
    "n_samples": 300
}