{
    "disease": "hanseniase",
    "cod_mun": 3512209,
    "mae": 0.16608676810902684,
    "rmse": 0.5502063601351024,
    "r2": 0.08459186587716894,
    "n_samples": 300
}