{
    "disease": "sifilis",
    "cod_mun": 3536000,
    "mae": 0.18415654644021773,
    "rmse": 0.9107392990845256,
    "r2": 0.0034633671704028535,
    "n_samples": 300
}