{
    "disease": "hepatite",
    "cod_mun": 3505906,
    "mae": 0.5590316023223917,
    "rmse": 0.8321075844862338,
    "r2": 0.09323006103116582,
    "n_samples": 300
}