{
    "disease": "TX_hanseniase_00_23",
    "cod_mun": 3543907,
    "mae": 0.057509615665114255,
    "rmse": 0.14318730212733666,
    "r2": -0.14950186748512095,
    "n_train": 251,
    "n_test": 12
}