{
    "disease": "hiv_aids",
    "cod_mun": 3551801,
    "mae": 0.90819394706161,
    "rmse": 2.021361626697123,
    "r2": 0.009571767960556254,
    "n_samples": 300
}