{
    "disease": "hepatite",
    "cod_mun": 3548401,
    "mae": 1.6858430850508195,
    "rmse": 5.191616688798104,
    "r2": 0.13869496819221372,
    "n_samples": 300
}