{
    "disease": "TX_hepatite_00_23",
    "cod_mun": 3533908,
    "mae": 0.006020660187156561,
    "rmse": 0.011474549815837464,
    "r2": 0.0,
    "n_train": 251,
    "n_test": 12
}