{
    "disease": "TX_hanseniase_00_23",
    "cod_mun": 3554904,
    "mae": 0.06923623383045197,
    "rmse": 0.06923623383045197,
    "r2": 0.0,
    "n_train": 251,
    "n_test": 12
}