{
    "disease": "hanseniase",
    "cod_mun": 3501004,
    "mae": 0.8096236554947702,
    "rmse": 1.2496669010300747,
    "r2": -0.17449233349788318,
    "n_samples": 300
}