{
    "disease": "hanseniase",
    "cod_mun": 3502309,
    "mae": 0.10777669984770462,
    "rmse": 0.9114320525066099,
    "r2": 0.00536078480701796,
    "n_samples": 300
}