{
    "disease": "TX_hepatite_00_23",
    "cod_mun": 3539301,
    "mae": 0.08762614677349727,
    "rmse": 0.08780310330903568,
    "r2": 0.0,
    "n_train": 251,
    "n_test": 12
}