{
    "disease": "TX_hiv_aids_00_23",
    "cod_mun": 3535408,
    "mae": 1.4262390584454998,
    "rmse": 2.4703651856387694,
    "r2": 0.018992614154568432,
    "n_train": 251,
    "n_test": 12
}