{
    "disease": "hiv_aids",
    "cod_mun": 3531704,
    "mae": 0.15457624831105257,
    "rmse": 1.2355850364414316,
    "r2": 0.005092496118594636,
    "n_samples": 300
}