{
    "disease": "TX_tuberculose_00_23",
    "cod_mun": 3525805,
    "mae": 0.34462084997600567,
    "rmse": 0.8197159183618643,
    "r2": 0.0,
    "n_train": 251,
    "n_test": 12
}