{
    "disease": "hanseniase",
    "cod_mun": 3530300,
    "mae": 0.2807375661831679,
    "rmse": 0.6022166715227865,
    "r2": 0.028867847796032242,
    "n_samples": 300
}