{
    "disease": "hiv_aids",
    "cod_mun": 3519204,
    "mae": 1.1254639607418613,
    "rmse": 3.1257110385945985,
    "r2": 0.2515483125770682,
    "n_samples": 300
}