{
    "disease": "hiv_aids",
    "cod_mun": 3556909,
    "mae": 0.8688600602197639,
    "rmse": 2.3256424180209128,
    "r2": 0.05910687372509149,
    "n_samples": 300
}