{
    "disease": "hepatite",
    "cod_mun": 3506003,
    "mae": 0.35806561187110486,
    "rmse": 0.5463389439745955,
    "r2": 0.37149742477143655,
    "n_samples": 300
}