{
    "disease": "sifilis",
    "cod_mun": 3555000,
    "mae": 0.2601590837509406,
    "rmse": 0.5639738643191334,
    "r2": 0.19988596769137623,
    "n_samples": 300
}