{
    "disease": "TX_hepatite_00_23",
    "cod_mun": 3524501,
    "mae": 3.112702230612437,
    "rmse": 3.1131935368733363,
    "r2": 0.0,
    "n_train": 251,
    "n_test": 12
}