{
    "disease": "sifilis",
    "cod_mun": 3501608,
    "mae": 0.08556472195913035,
    "rmse": 0.14900408693959105,
    "r2": 0.07982720153351108,
    "n_samples": 300
}