{
    "disease": "TX_hanseniase_00_23",
    "cod_mun": 3531308,
    "mae": 0.22254135587202117,
    "rmse": 0.6134558410796148,
    "r2": -0.11050687396645187,
    "n_train": 251,
    "n_test": 12
}