{
    "disease": "hepatite",
    "cod_mun": 3551603,
    "mae": 0.92378544328235,
    "rmse": 1.9393915674915834,
    "r2": 0.14379276203294755,
    "n_samples": 300
}