{
    "disease": "hiv_aids",
    "cod_mun": 3552908,
    "mae": 0.6562196853267004,
    "rmse": 2.607765775260708,
    "r2": 0.049605789330977035,
    "n_samples": 300
}