{
    "disease": "hiv_aids",
    "cod_mun": 3502507,
    "mae": 1.8821948553197054,
    "rmse": 5.269658477526131,
    "r2": -0.01715286455710885,
    "n_samples": 300
}