{
    "disease": "TX_sifilis_00_23",
    "cod_mun": 3544103,
    "mae": 0.4252076072062509,
    "rmse": 0.8738301268633613,
    "r2": -0.12237155188352355,
    "n_train": 251,
    "n_test": 12
}