{
    "disease": "hepatite",
    "cod_mun": 3505807,
    "mae": 1.484560101745724,
    "rmse": 2.2342009831220473,
    "r2": 0.19853779858735388,
    "n_samples": 300
}