{
    "disease": "hiv_aids",
    "cod_mun": 3549102,
    "mae": 1.5126503070901396,
    "rmse": 1.8110031113174188,
    "r2": -0.7497089449810808,
    "n_samples": 300
}