{
    "disease": "hepatite",
    "cod_mun": 3506508,
    "mae": 0.2331189343017763,
    "rmse": 0.35568769287250335,
    "r2": 0.07907528027176569,
    "n_samples": 300
}