{
    "disease": "hepatite",
    "cod_mun": 3538709,
    "mae": 0.1649071117174509,
    "rmse": 0.2774789573692925,
    "r2": 0.6099899624928526,
    "n_samples": 300
}