{
    "disease": "hanseniase",
    "cod_mun": 3542107,
    "mae": 0.21693497322512864,
    "rmse": 0.9531147965894017,
    "r2": 0.36007488486805905,
    "n_samples": 300
}