{
    "disease": "TX_hepatite_00_23",
    "cod_mun": 3503109,
    "mae": 0.0024186434651104114,
    "rmse": 0.002461700189782205,
    "r2": 0.0,
    "n_train": 251,
    "n_test": 12
}