{
    "disease": "hanseniase",
    "cod_mun": 3550407,
    "mae": 0.10301602587365045,
    "rmse": 0.39374289159058284,
    "r2": 0.0020014973801727454,
    "n_samples": 300
}