{
    "disease": "sifilis",
    "cod_mun": 3522208,
    "mae": 0.2660674913297727,
    "rmse": 0.3445625696813951,
    "r2": 0.16669153725273267,
    "n_samples": 300
}