{
    "disease": "hiv_aids",
    "cod_mun": 3517703,
    "mae": 0.5539322074167788,
    "rmse": 1.3306831362549052,
    "r2": 0.11410091348382878,
    "n_samples": 300
}