{
    "disease": "hepatite",
    "cod_mun": 3508108,
    "mae": 0.8647411354249579,
    "rmse": 2.4183534569006846,
    "r2": 0.27668256510145806,
    "n_samples": 300
}