{
    "disease": "hepatite",
    "cod_mun": 3549508,
    "mae": 2.5233691524290762,
    "rmse": 4.089219262357374,
    "r2": 0.14252694201976446,
    "n_samples": 300
}