{
    "disease": "hiv_aids",
    "cod_mun": 3547809,
    "mae": 0.5582746734722159,
    "rmse": 0.785922154436978,
    "r2": -0.3947374853985508,
    "n_samples": 300
}