{
    "disease": "hiv_aids",
    "cod_mun": 3527900,
    "mae": 1.549512231617215,
    "rmse": 5.196975360056481,
    "r2": 0.0019160495895782503,
    "n_samples": 300
}