{
    "disease": "hepatite",
    "cod_mun": 3533700,
    "mae": 5.956888146511638,
    "rmse": 8.933098181933644,
    "r2": 0.14308926103593944,
    "n_samples": 300
}