{
    "disease": "hiv_aids",
    "cod_mun": 3525300,
    "mae": 1.7569491420300247,
    "rmse": 2.199156952459493,
    "r2": -1.5231016115380087,
    "n_samples": 300
}