{
    "disease": "TX_tuberculose_00_23",
    "cod_mun": 3522653,
    "mae": 1.920565414458016,
    "rmse": 6.653033754201724,
    "r2": -0.09090909090909105,
    "n_train": 251,
    "n_test": 12
}