{
    "disease": "hiv_aids",
    "cod_mun": 3540804,
    "mae": 2.6831148408227654,
    "rmse": 3.676075373892601,
    "r2": 0.07085811373728823,
    "n_samples": 300
}