{
    "disease": "TX_hanseniase_00_23",
    "cod_mun": 3537602,
    "mae": 0.029622706739852827,
    "rmse": 0.029622707226955612,
    "r2": 0.0,
    "n_train": 251,
    "n_test": 12
}