{
    "disease": "TX_hepatite_00_23",
    "cod_mun": 3515186,
    "mae": 0.09463232196867466,
    "rmse": 0.09493959779337216,
    "r2": 0.0,
    "n_train": 251,
    "n_test": 12
}