{
    "disease": "hiv_aids",
    "cod_mun": 3532108,
    "mae": 0.31456827459848413,
    "rmse": 1.924642277077927,
    "r2": 0.0010974938296325343,
    "n_samples": 300
}