{
    "disease": "TX_hepatite_00_23",
    "cod_mun": 3543238,
    "mae": 21.740150814754514,
    "rmse": 27.73487845875098,
    "r2": -0.2646564694857043,
    "n_train": 251,
    "n_test": 12
}