{
    "disease": "TX_tuberculose_00_23",
    "cod_mun": 3528007,
    "mae": 0.7039344310760498,
    "rmse": 0.7039344310760498,
    "r2": 0.0,
    "n_train": 251,
    "n_test": 12
}