{
    "disease": "tuberculose",
    "cod_mun": 3528304,
    "mae": 0.43122128219223166,
    "rmse": 2.547981143170153,
    "r2": 0.005493691774021592,
    "n_samples": 300
}