{
    "disease": "sifilis",
    "cod_mun": 3551702,
    "mae": 0.16935808239451497,
    "rmse": 0.2844661632020495,
    "r2": 0.08298266628024376,
    "n_samples": 300
}