{
    "disease": "TX_hepatite_00_23",
    "cod_mun": 3553708,
    "mae": 0.081002672513326,
    "rmse": 0.0874032888691585,
    "r2": 0.0,
    "n_train": 251,
    "n_test": 12
}