{
    "disease": "TX_tuberculose_00_23",
    "cod_mun": 3546256,
    "mae": 0.9384317894776663,
    "rmse": 0.9384332086714231,
    "r2": 0.0,
    "n_train": 251,
    "n_test": 12
}