{
    "disease": "TX_hanseniase_00_23",
    "cod_mun": 3510005,
    "mae": 0.001943736167352957,
    "rmse": 0.0020527591611061253,
    "r2": 0.0,
    "n_train": 251,
    "n_test": 12
}