{
    "disease": "tuberculose",
    "cod_mun": 3511300,
    "mae": 0.15836714785998998,
    "rmse": 0.7382649062438004,
    "r2": 0.534102750976449,
    "n_samples": 300
}