{
    "disease": "TX_hepatite_00_23",
    "cod_mun": 3512308,
    "mae": 0.21318999429543814,
    "rmse": 0.21319007661620604,
    "r2": 0.0,
    "n_train": 251,
    "n_test": 12
}