{
    "disease": "TX_sifilis_00_23",
    "cod_mun": 3546108,
    "mae": 0.1176999246623988,
    "rmse": 0.39147734128373124,
    "r2": 0.0,
    "n_train": 251,
    "n_test": 12
}