{
    "disease": "TX_hiv_aids_00_23",
    "cod_mun": 3550506,
    "mae": 0.3844943270087242,
    "rmse": 0.3950383025442492,
    "r2": 0.0,
    "n_train": 251,
    "n_test": 12
}