{
    "disease": "hiv_aids",
    "cod_mun": 3514700,
    "mae": 1.74742985839017,
    "rmse": 4.1141933421265735,
    "r2": 0.0004097344088633825,
    "n_samples": 300
}