{
    "disease": "TX_hanseniase_00_23",
    "cod_mun": 3513702,
    "mae": 0.04970667511224747,
    "rmse": 0.04970667511224747,
    "r2": 0.0,
    "n_train": 251,
    "n_test": 12
}