{
    "disease": "sifilis",
    "cod_mun": 3520905,
    "mae": 0.19942965904484633,
    "rmse": 0.6907112560072513,
    "r2": 0.7906193016227538,
    "n_samples": 300
}