{
    "disease": "TX_hiv_aids_00_23",
    "cod_mun": 3539103,
    "mae": 0.31120943029721576,
    "rmse": 0.33352966754464747,
    "r2": 0.0,
    "n_train": 251,
    "n_test": 12
}