{
    "disease": "hiv_aids",
    "cod_mun": 3526704,
    "mae": 0.9977065147131645,
    "rmse": 1.6105520373415907,
    "r2": 0.47370654385449695,
    "n_samples": 300
}