{
    "disease": "hepatite",
    "cod_mun": 3509254,
    "mae": 0.5818677949965112,
    "rmse": 1.1552023463767576,
    "r2": 0.09356618770031633,
    "n_samples": 300
}