{
    "disease": "hanseniase",
    "cod_mun": 3550407,
    "mae": 0.10200427713500264,
    "rmse": 0.39384027557748125,
    "r2": 0.0015077686347815256,
    "n_samples": 300
}