{
    "disease": "hiv_aids",
    "cod_mun": 3521606,
    "mae": 0.781560234138041,
    "rmse": 2.6494334881013195,
    "r2": 0.029689370990731323,
    "n_samples": 300
}