{
    "disease": "tuberculose",
    "cod_mun": 3554508,
    "mae": 0.6615455162136802,
    "rmse": 1.0714416685642174,
    "r2": 0.06671962412923749,
    "n_samples": 300
}