{
    "disease": "hanseniase",
    "cod_mun": 3532058,
    "mae": 0.1499011964665535,
    "rmse": 1.2081239253820009,
    "r2": 0.005412110788638347,
    "n_samples": 300
}