{
    "disease": "sifilis",
    "cod_mun": 3546108,
    "mae": 0.32424328409436215,
    "rmse": 2.685453184172182,
    "r2": 0.006819780091460448,
    "n_samples": 300
}