{
    "disease": "hiv_aids",
    "cod_mun": 3526506,
    "mae": 2.2513784524943334,
    "rmse": 4.2429762407118385,
    "r2": 0.17634894913739596,
    "n_samples": 300
}