{
    "disease": "sifilis",
    "cod_mun": 3539103,
    "mae": 0.35886212281968194,
    "rmse": 1.1548433524534778,
    "r2": 0.007217555465029224,
    "n_samples": 300
}