{
    "disease": "TX_tuberculose_00_23",
    "cod_mun": 3509106,
    "mae": 0.20317694917321205,
    "rmse": 0.2031770298338236,
    "r2": 0.0,
    "n_train": 251,
    "n_test": 12
}