{
    "disease": "TX_hiv_aids_00_23",
    "cod_mun": 3519204,
    "mae": 0.2798905670642853,
    "rmse": 0.2801129915890793,
    "r2": 0.0,
    "n_train": 251,
    "n_test": 12
}