{
    "disease": "sifilis",
    "cod_mun": 3519303,
    "mae": 0.4529085304726247,
    "rmse": 1.1096492549165757,
    "r2": 0.05466213938433906,
    "n_samples": 300
}