{
    "disease": "TX_hanseniase_00_23",
    "cod_mun": 3500105,
    "mae": 0.6120046191669627,
    "rmse": 0.7887730404245237,
    "r2": 0.03859938970121324,
    "n_train": 251,
    "n_test": 12
}