{
    "disease": "hanseniase",
    "cod_mun": 3551900,
    "mae": 0.08342892628038409,
    "rmse": 0.5048302589405309,
    "r2": 0.0007156256620328705,
    "n_samples": 300
}