{
    "disease": "sifilis",
    "cod_mun": 3510500,
    "mae": 0.35468631061981654,
    "rmse": 0.5973748730215104,
    "r2": 0.4344305347768672,
    "n_samples": 300
}