{
    "disease": "tuberculose",
    "cod_mun": 3508207,
    "mae": 0.7143577681524272,
    "rmse": 3.06128302439786,
    "r2": 0.006676782425399819,
    "n_samples": 300
}