{
    "disease": "hanseniase",
    "cod_mun": 3515202,
    "mae": 0.6953369110621974,
    "rmse": 2.0176429307745534,
    "r2": 0.001616706015412861,
    "n_samples": 300
}