{
    "disease": "hiv_aids",
    "cod_mun": 3533205,
    "mae": 4.231105688868055,
    "rmse": 7.898519921343076,
    "r2": 0.0037743402167241813,
    "n_samples": 300
}