{
    "disease": "TX_hiv_aids_00_23",
    "cod_mun": 3541307,
    "mae": 1.317532081063722,
    "rmse": 1.582968873682416,
    "r2": 0.020351586763334595,
    "n_train": 251,
    "n_test": 12
}