{
    "disease": "sifilis",
    "cod_mun": 3543402,
    "mae": 0.17155668145223676,
    "rmse": 0.22094170436046529,
    "r2": 0.5189306443685123,
    "n_samples": 300
}