{
    "disease": "TX_hepatite_00_23",
    "cod_mun": 3550001,
    "mae": 1.9580937383816392,
    "rmse": 3.8695413983283276,
    "r2": -0.11746097689083124,
    "n_train": 251,
    "n_test": 12
}