{
    "disease": "hanseniase",
    "cod_mun": 3515608,
    "mae": 0.005922815352599412,
    "rmse": 0.08894627220293275,
    "r2": 0.992827756443884,
    "n_samples": 300
}