{
    "disease": "sifilis",
    "cod_mun": 3554805,
    "mae": 0.2391930887174726,
    "rmse": 0.5073017370575879,
    "r2": 0.0891148844026185,
    "n_samples": 300
}