{
    "disease": "hiv_aids",
    "cod_mun": 3536802,
    "mae": 0.37907761703353327,
    "rmse": 1.5137450509848822,
    "r2": 0.24624639882413457,
    "n_samples": 300
}