{
    "disease": "TX_sifilis_00_23",
    "cod_mun": 3516804,
    "mae": 0.11224895715713501,
    "rmse": 0.11224895715713501,
    "r2": 0.0,
    "n_train": 251,
    "n_test": 12
}