{
    "disease": "hanseniase",
    "cod_mun": 3509254,
    "mae": 0.1525220733865076,
    "rmse": 0.4853492036727175,
    "r2": 0.059022286049559725,
    "n_samples": 300
}