{
    "disease": "hepatite",
    "cod_mun": 3531902,
    "mae": 0.37341871124037407,
    "rmse": 0.8989238585708638,
    "r2": 0.4189940396054451,
    "n_samples": 300
}