{
    "disease": "hepatite",
    "cod_mun": 3501400,
    "mae": 1.2369428624807168,
    "rmse": 3.4117009201172577,
    "r2": 0.1231083746666285,
    "n_samples": 300
}