{
    "disease": "tuberculose",
    "cod_mun": 3527207,
    "mae": 0.5467361978802393,
    "rmse": 0.8782634172067959,
    "r2": 0.6277679788421753,
    "n_samples": 300
}