{
    "disease": "TX_hiv_aids_00_23",
    "cod_mun": 3554102,
    "mae": 0.2386192742942198,
    "rmse": 0.26771537383610644,
    "r2": -0.338788641239425,
    "n_train": 251,
    "n_test": 12
}