{
    "disease": "hanseniase",
    "cod_mun": 3530706,
    "mae": 0.05332737040376273,
    "rmse": 0.13708349236213985,
    "r2": 0.05706891494025246,
    "n_samples": 300
}