{
    "disease": "sifilis",
    "cod_mun": 3526704,
    "mae": 0.4410723992476731,
    "rmse": 0.5929138013129457,
    "r2": 0.1727003124596065,
    "n_samples": 300
}