{
    "disease": "sifilis",
    "cod_mun": 3549409,
    "mae": 0.1601861546384158,
    "rmse": 0.4377439889227931,
    "r2": 0.2038477527350382,
    "n_samples": 300
}