{
    "disease": "TX_hanseniase_00_23",
    "cod_mun": 3503307,
    "mae": 0.07386465246478717,
    "rmse": 0.0745813387111959,
    "r2": 0.0,
    "n_train": 251,
    "n_test": 12
}