{
    "disease": "hiv_aids",
    "cod_mun": 3530706,
    "mae": 0.6114586106985508,
    "rmse": 0.7916118843943607,
    "r2": 0.09978071129291499,
    "n_samples": 300
}