{
    "disease": "sifilis",
    "cod_mun": 3508405,
    "mae": 0.054188581752028675,
    "rmse": 0.25153204886737274,
    "r2": 0.07600227788384173,
    "n_samples": 300
}