{
    "disease": "hepatite",
    "cod_mun": 3538501,
    "mae": 2.633849446748539,
    "rmse": 4.618896831233694,
    "r2": 0.16050216778501925,
    "n_samples": 300
}