{
    "disease": "sifilis",
    "cod_mun": 3522802,
    "mae": 0.1728620230812684,
    "rmse": 1.010938621410523,
    "r2": -0.0018189987219368042,
    "n_samples": 300
}