{
    "disease": "hiv_aids",
    "cod_mun": 3529401,
    "mae": 0.4823902716506701,
    "rmse": 0.597990960355396,
    "r2": 0.09370198080633763,
    "n_samples": 300
}