{
    "disease": "hanseniase",
    "cod_mun": 3532009,
    "mae": 0.11133598586395554,
    "rmse": 0.657330432704037,
    "r2": 0.00923483415244808,
    "n_samples": 300
}