{
    "disease": "tuberculose",
    "cod_mun": 3548104,
    "mae": 0.1159678611624895,
    "rmse": 0.9875732371276453,
    "r2": 0.0042445820092381625,
    "n_samples": 300
}