{
    "disease": "hepatite",
    "cod_mun": 3507753,
    "mae": 0.7769158981770586,
    "rmse": 3.9455397026878796,
    "r2": 0.0017212485522203336,
    "n_samples": 300
}