{
    "disease": "TX_hiv_aids_00_23",
    "cod_mun": 3554953,
    "mae": 0.22238203883171082,
    "rmse": 0.22238203883171082,
    "r2": 0.0,
    "n_train": 251,
    "n_test": 12
}