{
    "disease": "tuberculose",
    "cod_mun": 3524402,
    "mae": 0.43082970799616227,
    "rmse": 0.5675215899355497,
    "r2": 0.7009615959206654,
    "n_samples": 300
}