{
    "disease": "hiv_aids",
    "cod_mun": 3505906,
    "mae": 1.6032322710212956,
    "rmse": 2.215166969207067,
    "r2": 0.01321071490346759,
    "n_samples": 300
}