{
    "disease": "hiv_aids",
    "cod_mun": 3507803,
    "mae": 2.7728767184764163,
    "rmse": 3.5069341621135734,
    "r2": 0.014790851983820352,
    "n_samples": 300
}