{
    "disease": "hepatite",
    "cod_mun": 3553203,
    "mae": 2.290223286082114,
    "rmse": 4.603191590858766,
    "r2": 0.06746415569205844,
    "n_samples": 300
}