{
    "disease": "TX_hepatite_00_23",
    "cod_mun": 3506359,
    "mae": 0.5088019422989782,
    "rmse": 0.5918639606290003,
    "r2": -0.033666621958493126,
    "n_train": 251,
    "n_test": 12
}