{
    "disease": "hepatite",
    "cod_mun": 3516903,
    "mae": 0.46822544867996463,
    "rmse": 1.5309438399002553,
    "r2": 0.06954338112959568,
    "n_samples": 300
}