{
    "disease": "TX_hanseniase_00_23",
    "cod_mun": 3554508,
    "mae": 0.0027429865225106673,
    "rmse": 0.006361934337670401,
    "r2": 0.0,
    "n_train": 251,
    "n_test": 12
}