{
    "disease": "hiv_aids",
    "cod_mun": 3544806,
    "mae": 2.746068682313401,
    "rmse": 5.411663043354213,
    "r2": 0.021979385289437214,
    "n_samples": 300
}