{
    "disease": "TX_sifilis_00_23",
    "cod_mun": 3537008,
    "mae": 0.0968845554937919,
    "rmse": 0.12371639752662994,
    "r2": 0.0,
    "n_train": 251,
    "n_test": 12
}