{
    "disease": "hepatite",
    "cod_mun": 3529658,
    "mae": 1.4542544057802063,
    "rmse": 6.259786427794911,
    "r2": 0.0005479701108486168,
    "n_samples": 300
}