{
    "disease": "hiv_aids",
    "cod_mun": 3554755,
    "mae": 0.8410463425922569,
    "rmse": 5.225468429638482,
    "r2": 8.649791126491557e-05,
    "n_samples": 300
}