{
    "disease": "TX_tuberculose_00_23",
    "cod_mun": 3512308,
    "mae": 1.9090220299771972,
    "rmse": 2.402010611682213,
    "r2": -0.22667882322356347,
    "n_train": 251,
    "n_test": 12
}