{
    "disease": "hepatite",
    "cod_mun": 3554755,
    "mae": 1.306671678111752,
    "rmse": 6.234447238323342,
    "r2": 0.002759612988617821,
    "n_samples": 300
}