{
    "disease": "hiv_aids",
    "cod_mun": 3546603,
    "mae": 1.0725800513542947,
    "rmse": 1.7971520342457337,
    "r2": -0.04123599731120531,
    "n_samples": 300
}