{
    "disease": "TX_hepatite_00_23",
    "cod_mun": 3507605,
    "mae": 0.07697041453785711,
    "rmse": 0.13699441646350358,
    "r2": 0.19016460865303764,
    "n_train": 251,
    "n_test": 12
}