{
    "disease": "TX_hepatite_00_23",
    "cod_mun": 3507456,
    "mae": 0.9046097521980604,
    "rmse": 1.675950254571269,
    "r2": 0.0,
    "n_train": 251,
    "n_test": 12
}