{
    "disease": "TX_tuberculose_00_23",
    "cod_mun": 3539004,
    "mae": 0.8499112250455907,
    "rmse": 2.6246209683576684,
    "r2": -0.06846392123212519,
    "n_train": 251,
    "n_test": 12
}