{
    "disease": "tuberculose",
    "cod_mun": 3512704,
    "mae": 1.1896919296700375,
    "rmse": 3.5611834848637303,
    "r2": 0.11874693894369259,
    "n_samples": 300
}