{
    "disease": "TX_hepatite_00_23",
    "cod_mun": 3532058,
    "mae": 0.00929189077578485,
    "rmse": 0.009293982408998737,
    "r2": 0.0,
    "n_train": 251,
    "n_test": 12
}