{
    "disease": "tuberculose",
    "cod_mun": 3540101,
    "mae": 1.3087899866917843,
    "rmse": 4.849030817711835,
    "r2": 0.207301227233176,
    "n_samples": 300
}