{
    "disease": "TX_hanseniase_00_23",
    "cod_mun": 3520400,
    "mae": 0.5685534686379198,
    "rmse": 1.1185631625746018,
    "r2": -0.31724504800020026,
    "n_train": 251,
    "n_test": 12
}