{
    "disease": "sifilis",
    "cod_mun": 3506102,
    "mae": 0.4063919972062756,
    "rmse": 0.8423010704410226,
    "r2": 0.24475463119888163,
    "n_samples": 300
}