{
    "disease": "hiv_aids",
    "cod_mun": 3553401,
    "mae": 1.8239810842728386,
    "rmse": 2.415258649143628,
    "r2": 0.09045668611526902,
    "n_samples": 300
}