{
    "disease": "TX_hiv_aids_00_23",
    "cod_mun": 3540903,
    "mae": 0.965639541877446,
    "rmse": 1.7216304569613214,
    "r2": -0.1259885048656102,
    "n_train": 251,
    "n_test": 12
}