{
    "disease": "hiv_aids",
    "cod_mun": 3539301,
    "mae": 1.4801566876667815,
    "rmse": 1.9539924205984738,
    "r2": -2.3676889891530912,
    "n_samples": 300
}