{
    "disease": "hiv_aids",
    "cod_mun": 3555109,
    "mae": 1.5573516464190278,
    "rmse": 2.3834004910405326,
    "r2": 0.2211849889405435,
    "n_samples": 300
}