{
    "disease": "sifilis",
    "cod_mun": 3524808,
    "mae": 0.3221297353523403,
    "rmse": 0.6836977812775855,
    "r2": 0.10598377349548227,
    "n_samples": 300
}