{
    "disease": "hanseniase",
    "cod_mun": 3510005,
    "mae": 0.06901210414462959,
    "rmse": 0.30898582406909664,
    "r2": 0.1041063124328665,
    "n_samples": 300
}