{
    "disease": "TX_tuberculose_00_23",
    "cod_mun": 3534708,
    "mae": 0.5817710020373541,
    "rmse": 0.7151884479925119,
    "r2": -0.03563677331851545,
    "n_train": 251,
    "n_test": 12
}