{
    "disease": "hiv_aids",
    "cod_mun": 3516853,
    "mae": 0.1648027192507544,
    "rmse": 1.4135464240824627,
    "r2": 0.003232937843822503,
    "n_samples": 300
}