{
    "disease": "TX_hepatite_00_23",
    "cod_mun": 3526001,
    "mae": 0.11676108029981454,
    "rmse": 0.15213661958989197,
    "r2": 0.0,
    "n_train": 251,
    "n_test": 12
}