{
    "disease": "hiv_aids",
    "cod_mun": 3548104,
    "mae": 0.33516389617462794,
    "rmse": 1.67243606684011,
    "r2": 0.0008974847275126097,
    "n_samples": 300
}