{
    "disease": "TX_hepatite_00_23",
    "cod_mun": 3528403,
    "mae": 0.008777465583989397,
    "rmse": 0.01179727652653568,
    "r2": 0.0,
    "n_train": 251,
    "n_test": 12
}