{
    "disease": "tuberculose",
    "cod_mun": 3540903,
    "mae": 0.8237033586399595,
    "rmse": 1.6669951597733814,
    "r2": 0.15753900354670802,
    "n_samples": 300
}