{
    "disease": "TX_hiv_aids_00_23",
    "cod_mun": 3554508,
    "mae": 0.6041599286473461,
    "rmse": 1.09371175309598,
    "r2": -0.26576139955346223,
    "n_train": 251,
    "n_test": 12
}