{
    "disease": "tuberculose",
    "cod_mun": 3532405,
    "mae": 0.5523979687274477,
    "rmse": 1.2453755662362602,
    "r2": 0.06809695721462639,
    "n_samples": 300
}