{
    "disease": "tuberculose",
    "cod_mun": 3509205,
    "mae": 0.7922156625322689,
    "rmse": 1.3960148522580116,
    "r2": 0.5332646976115523,
    "n_samples": 300
}