{
    "disease": "tuberculose",
    "cod_mun": 3541059,
    "mae": 0.27724435703861644,
    "rmse": 1.6597632948255714,
    "r2": 0.002241386701474779,
    "n_samples": 300
}