{
    "disease": "TX_hepatite_00_23",
    "cod_mun": 3516804,
    "mae": 0.444178082048893,
    "rmse": 0.46969509577505225,
    "r2": 0.0,
    "n_train": 251,
    "n_test": 12
}