{
    "disease": "TX_hepatite_00_23",
    "cod_mun": 3544301,
    "mae": 0.28807300825913745,
    "rmse": 0.30040576682405606,
    "r2": 0.0,
    "n_train": 251,
    "n_test": 12
}