{
    "disease": "hiv_aids",
    "cod_mun": 3530300,
    "mae": 2.4350691881659996,
    "rmse": 3.2938600305560293,
    "r2": 0.523413837132535,
    "n_samples": 300
}