{
    "disease": "TX_tuberculose_00_23",
    "cod_mun": 3534302,
    "mae": 0.4319703734460882,
    "rmse": 0.7324469001261822,
    "r2": -0.009641345128130085,
    "n_train": 251,
    "n_test": 12
}