{
    "disease": "sifilis",
    "cod_mun": 3523206,
    "mae": 0.20436638021101242,
    "rmse": 0.4414975362282585,
    "r2": 0.06389095661946287,
    "n_samples": 300
}