{
    "disease": "hanseniase",
    "cod_mun": 3552007,
    "mae": 0.5282241363707122,
    "rmse": 1.8808890402729328,
    "r2": 0.10846756397119117,
    "n_samples": 300
}