{
    "disease": "hepatite",
    "cod_mun": 3516309,
    "mae": 0.17407914137424854,
    "rmse": 0.3144528918302358,
    "r2": 0.40581066151145573,
    "n_samples": 300
}