{
    "disease": "sifilis",
    "cod_mun": 3531803,
    "mae": 0.0822102653624362,
    "rmse": 0.3500332824626696,
    "r2": 0.3636315244338303,
    "n_samples": 300
}