{
    "disease": "TX_hiv_aids_00_23",
    "cod_mun": 3516101,
    "mae": 0.07554582700443764,
    "rmse": 0.1923783905384406,
    "r2": 0.0,
    "n_train": 251,
    "n_test": 12
}