{
    "disease": "sifilis",
    "cod_mun": 3524402,
    "mae": 0.13814784750595668,
    "rmse": 0.24252339610589788,
    "r2": 0.1535676199792625,
    "n_samples": 300
}