{
    "disease": "hiv_aids",
    "cod_mun": 3556701,
    "mae": 2.3901033054920346,
    "rmse": 3.060891472894514,
    "r2": -0.6431648129849481,
    "n_samples": 300
}