{
    "disease": "sifilis",
    "cod_mun": 3540408,
    "mae": 0.16377565429511218,
    "rmse": 1.3499971410399831,
    "r2": 0.007734745817745692,
    "n_samples": 300
}