{
    "disease": "TX_hepatite_00_23",
    "cod_mun": 3538501,
    "mae": 3.8115267051202824,
    "rmse": 4.958297788511699,
    "r2": -0.0031686151554424224,
    "n_train": 251,
    "n_test": 12
}