{
    "disease": "hepatite",
    "cod_mun": 3504008,
    "mae": 0.5737645995151605,
    "rmse": 0.852124310547748,
    "r2": 0.18971817124729595,
    "n_samples": 300
}