{
    "disease": "TX_hanseniase_00_23",
    "cod_mun": 3509403,
    "mae": 0.22052320465445518,
    "rmse": 0.2205273027976744,
    "r2": 0.0,
    "n_train": 251,
    "n_test": 12
}