{
    "disease": "TX_tuberculose_00_23",
    "cod_mun": 3529807,
    "mae": 0.04460418220454206,
    "rmse": 0.07544802549077573,
    "r2": 0.0,
    "n_train": 251,
    "n_test": 12
}