{
    "disease": "hiv_aids",
    "cod_mun": 3514924,
    "mae": 2.7777149577307263,
    "rmse": 7.843933943436154,
    "r2": 0.08745215711238374,
    "n_samples": 300
}