{
    "disease": "TX_sifilis_00_23",
    "cod_mun": 3509304,
    "mae": 0.030189324907648068,
    "rmse": 0.07978474991446753,
    "r2": 0.0,
    "n_train": 251,
    "n_test": 12
}