{
    "disease": "TX_sifilis_00_23",
    "cod_mun": 3528502,
    "mae": 0.6187774323523011,
    "rmse": 0.939156886863216,
    "r2": -0.2799087643070146,
    "n_train": 251,
    "n_test": 12
}