{
    "disease": "sifilis",
    "cod_mun": 3507100,
    "mae": 0.4012145676123867,
    "rmse": 0.9058343774673422,
    "r2": 0.16798737983071899,
    "n_samples": 300
}