{
    "disease": "hanseniase",
    "cod_mun": 3541208,
    "mae": 0.1376687937978974,
    "rmse": 0.8726848910289725,
    "r2": 0.004592203627279412,
    "n_samples": 300
}