{
    "disease": "hanseniase",
    "cod_mun": 3541000,
    "mae": 0.07132942286443804,
    "rmse": 0.13154564421614062,
    "r2": 0.12924689318902405,
    "n_samples": 300
}