{
    "disease": "TX_hanseniase_00_23",
    "cod_mun": 3514106,
    "mae": 0.057115831722815834,
    "rmse": 0.05711585921495809,
    "r2": 0.0,
    "n_train": 251,
    "n_test": 12
}