{
    "disease": "TX_sifilis_00_23",
    "cod_mun": 3534104,
    "mae": 0.4699610769748688,
    "rmse": 0.4699610769748688,
    "r2": 0.0,
    "n_train": 251,
    "n_test": 12
}