{
    "disease": "hepatite",
    "cod_mun": 3534609,
    "mae": 0.9531535527386651,
    "rmse": 1.74082358364764,
    "r2": 0.4483805503709921,
    "n_samples": 300
}