{
    "disease": "TX_hiv_aids_00_23",
    "cod_mun": 3548005,
    "mae": 0.968982721582187,
    "rmse": 1.4927193038714233,
    "r2": -0.5567729050661554,
    "n_train": 251,
    "n_test": 12
}