{
    "disease": "hepatite",
    "cod_mun": 3531100,
    "mae": 0.38534122201687127,
    "rmse": 0.7108673259099856,
    "r2": 0.136393838235789,
    "n_samples": 300
}