{
    "disease": "TX_tuberculose_00_23",
    "cod_mun": 3550704,
    "mae": 1.170550544341926,
    "rmse": 1.3608878870078196,
    "r2": -0.15217169964866506,
    "n_train": 251,
    "n_test": 12
}