{
    "disease": "TX_hiv_aids_00_23",
    "cod_mun": 3521101,
    "mae": 0.1583792765935262,
    "rmse": 0.2606247516601763,
    "r2": 0.0,
    "n_train": 251,
    "n_test": 12
}