{
    "disease": "TX_tuberculose_00_23",
    "cod_mun": 3542206,
    "mae": 0.10924527545770009,
    "rmse": 0.10936197553603969,
    "r2": 0.0,
    "n_train": 251,
    "n_test": 12
}