{
    "disease": "tuberculose",
    "cod_mun": 3546009,
    "mae": 0.8390905023543316,
    "rmse": 1.741310426335274,
    "r2": 0.04538885888583288,
    "n_samples": 300
}