{
    "disease": "TX_hepatite_00_23",
    "cod_mun": 3511300,
    "mae": 0.4043866420785586,
    "rmse": 0.41254777050692604,
    "r2": 0.0,
    "n_train": 251,
    "n_test": 12
}