{
    "disease": "sifilis",
    "cod_mun": 3538907,
    "mae": 0.1931455988275103,
    "rmse": 0.7062127945635492,
    "r2": 0.004031612931754691,
    "n_samples": 300
}