{
    "disease": "hanseniase",
    "cod_mun": 3501905,
    "mae": 0.1584402400994169,
    "rmse": 0.3958391258394897,
    "r2": 0.12220146628790662,
    "n_samples": 300
}