{
    "disease": "hepatite",
    "cod_mun": 3500501,
    "mae": 0.7381369893019402,
    "rmse": 1.8493287167074712,
    "r2": 0.07410599716638944,
    "n_samples": 300
}