{
    "disease": "sifilis",
    "cod_mun": 3525003,
    "mae": 0.22049981120417114,
    "rmse": 0.4493471960539975,
    "r2": -0.1193368449859673,
    "n_samples": 300
}