{
    "disease": "hanseniase",
    "cod_mun": 3556206,
    "mae": 0.12331203309426746,
    "rmse": 0.3047971763228434,
    "r2": 0.7507020240245174,
    "n_samples": 300
}