{
    "disease": "hiv_aids",
    "cod_mun": 3542206,
    "mae": 0.6384921386290734,
    "rmse": 1.1861269730999158,
    "r2": 0.024812512847455337,
    "n_samples": 300
}