{
    "disease": "tuberculose",
    "cod_mun": 3519303,
    "mae": 0.651007686675779,
    "rmse": 1.0744019163314538,
    "r2": 0.09361047836721803,
    "n_samples": 300
}