{
    "disease": "tuberculose",
    "cod_mun": 3519808,
    "mae": 0.6053554940519686,
    "rmse": 1.8021045291684867,
    "r2": 0.12894741610851512,
    "n_samples": 300
}