{
    "disease": "hanseniase",
    "cod_mun": 3550100,
    "mae": 0.35578105963499135,
    "rmse": 0.7376731750984659,
    "r2": 0.09124584908087774,
    "n_samples": 300
}