{
    "disease": "hiv_aids",
    "cod_mun": 3519253,
    "mae": 10.117377156125945,
    "rmse": 12.84082410054244,
    "r2": -0.6751733979835577,
    "n_samples": 300
}