{
    "disease": "TX_hepatite_00_23",
    "cod_mun": 3520608,
    "mae": 0.018274970730999485,
    "rmse": 0.03903207994806489,
    "r2": 0.0,
    "n_train": 251,
    "n_test": 12
}