{
    "disease": "TX_hepatite_00_23",
    "cod_mun": 3550308,
    "mae": 4.043892780221844e-05,
    "rmse": 4.655544057671333e-05,
    "r2": 0.0,
    "n_train": 251,
    "n_test": 12
}