{
    "disease": "TX_hiv_aids_00_23",
    "cod_mun": 3534005,
    "mae": 3.270956880698705,
    "rmse": 6.258665930239704,
    "r2": -0.16672930575470346,
    "n_train": 251,
    "n_test": 12
}