{
    "disease": "TX_hanseniase_00_23",
    "cod_mun": 3514809,
    "mae": 0.002463896351400763,
    "rmse": 0.005010299813589782,
    "r2": 0.0,
    "n_train": 251,
    "n_test": 12
}