{
    "disease": "hanseniase",
    "cod_mun": 3504008,
    "mae": 0.049430309250842894,
    "rmse": 0.15230495814190645,
    "r2": 0.06226484529867837,
    "n_samples": 300
}