{
    "disease": "hanseniase",
    "cod_mun": 3501707,
    "mae": 0.1936153483690943,
    "rmse": 0.577997309339603,
    "r2": 0.004913045546951489,
    "n_samples": 300
}