{
    "disease": "TX_hiv_aids_00_23",
    "cod_mun": 3553807,
    "mae": 0.7107047363983211,
    "rmse": 1.2131798688996285,
    "r2": -0.1439016251699039,
    "n_train": 251,
    "n_test": 12
}