{
    "disease": "sifilis",
    "cod_mun": 3525607,
    "mae": 0.15416647294647925,
    "rmse": 1.2717738312406768,
    "r2": 0.004034567278361156,
    "n_samples": 300
}