{
    "disease": "hepatite",
    "cod_mun": 3551306,
    "mae": 4.82172083680554,
    "rmse": 12.132733074486827,
    "r2": 0.5542158841666625,
    "n_samples": 300
}