{
    "disease": "hiv_aids",
    "cod_mun": 3541604,
    "mae": 0.6257122985709678,
    "rmse": 0.9145239774027898,
    "r2": -0.0751510536051565,
    "n_samples": 300
}