{
    "disease": "TX_hepatite_00_23",
    "cod_mun": 3522604,
    "mae": 0.23910113920768103,
    "rmse": 0.253097562174378,
    "r2": 0.0,
    "n_train": 251,
    "n_test": 12
}