{
    "disease": "hiv_aids",
    "cod_mun": 3541901,
    "mae": 0.8771177916697864,
    "rmse": 3.0685344334356475,
    "r2": -0.02823309617822245,
    "n_samples": 300
}