{
    "disease": "hiv_aids",
    "cod_mun": 3548500,
    "mae": 1.2516189555271786,
    "rmse": 1.8756100054102878,
    "r2": 0.8702636157427791,
    "n_samples": 300
}