{
    "disease": "TX_hanseniase_00_23",
    "cod_mun": 3543808,
    "mae": 0.4220298354824384,
    "rmse": 0.42202986167970685,
    "r2": 0.0,
    "n_train": 251,
    "n_test": 12
}