{
    "disease": "hiv_aids",
    "cod_mun": 3546504,
    "mae": 1.0862244101910448,
    "rmse": 2.987613934888183,
    "r2": 0.4979810354102876,
    "n_samples": 300
}