{
    "disease": "hanseniase",
    "cod_mun": 3524709,
    "mae": 0.22953356593635718,
    "rmse": 0.5600105277982526,
    "r2": 0.10025312936068254,
    "n_samples": 300
}