{
    "disease": "hanseniase",
    "cod_mun": 3524600,
    "mae": 0.03817604115647463,
    "rmse": 0.3215266754172505,
    "r2": 0.002962706852462693,
    "n_samples": 300
}