{
    "disease": "TX_hanseniase_00_23",
    "cod_mun": 3513108,
    "mae": 0.15674188981453577,
    "rmse": 0.15674195238196215,
    "r2": 0.0,
    "n_train": 251,
    "n_test": 12
}