{
    "disease": "TX_hiv_aids_00_23",
    "cod_mun": 3523305,
    "mae": 0.17278998096783957,
    "rmse": 0.17279849058538552,
    "r2": 0.0,
    "n_train": 251,
    "n_test": 12
}