{
    "disease": "hepatite",
    "cod_mun": 3522000,
    "mae": 0.41892275161124937,
    "rmse": 2.6094602730065666,
    "r2": 0.0003030403241121027,
    "n_samples": 300
}