{
    "disease": "TX_hiv_aids_00_23",
    "cod_mun": 3532603,
    "mae": 0.2316958912027379,
    "rmse": 0.30097570206822827,
    "r2": 0.0,
    "n_train": 251,
    "n_test": 12
}