{
    "disease": "hiv_aids",
    "cod_mun": 3508108,
    "mae": 0.6949607105595792,
    "rmse": 1.6548663603812868,
    "r2": 0.04354207885713646,
    "n_samples": 300
}