{
    "disease": "TX_hepatite_00_23",
    "cod_mun": 3516200,
    "mae": 0.12436586414355101,
    "rmse": 0.15413129422919736,
    "r2": 0.21786223417843076,
    "n_train": 251,
    "n_test": 12
}