{
    "disease": "hiv_aids",
    "cod_mun": 3556701,
    "mae": 1.2983766414498832,
    "rmse": 1.7229537445697776,
    "r2": 0.47936603171397996,
    "n_samples": 300
}