{
    "disease": "sifilis",
    "cod_mun": 3512902,
    "mae": 0.35326718384910805,
    "rmse": 1.5646367581530158,
    "r2": -3.400260855390691e-05,
    "n_samples": 300
}