{
    "disease": "hanseniase",
    "cod_mun": 3542503,
    "mae": 0.40617757761520823,
    "rmse": 1.8136388075246967,
    "r2": 0.25645017618042265,
    "n_samples": 300
}