{
    "disease": "sifilis",
    "cod_mun": 3509452,
    "mae": 0.34097383478314297,
    "rmse": 1.6583948145087601,
    "r2": 0.009612639161670877,
    "n_samples": 300
}