{
    "disease": "hiv_aids",
    "cod_mun": 3539707,
    "mae": 3.4694385677823525,
    "rmse": 7.241355320117612,
    "r2": 0.09678280792145477,
    "n_samples": 300
}