{
    "disease": "hiv_aids",
    "cod_mun": 3508504,
    "mae": 1.3352120018588647,
    "rmse": 2.3214546513899434,
    "r2": -0.03511488410267449,
    "n_samples": 300
}