{
    "disease": "TX_hanseniase_00_23",
    "cod_mun": 3524808,
    "mae": 0.058354981864492096,
    "rmse": 0.05869857714817521,
    "r2": 0.0,
    "n_train": 251,
    "n_test": 12
}