{
    "disease": "TX_hepatite_00_23",
    "cod_mun": 3508207,
    "mae": 0.25393444299697876,
    "rmse": 0.25393444299697876,
    "r2": 0.0,
    "n_train": 251,
    "n_test": 12
}