{
    "disease": "TX_hiv_aids_00_23",
    "cod_mun": 3540408,
    "mae": 2.3778484125228974,
    "rmse": 6.833911089101296,
    "r2": -0.05497323059522241,
    "n_train": 251,
    "n_test": 12
}