{
    "disease": "hiv_aids",
    "cod_mun": 3531902,
    "mae": 0.5384447792658629,
    "rmse": 1.0631668280908388,
    "r2": 0.10493066693801956,
    "n_samples": 300
}