{
    "disease": "hanseniase",
    "cod_mun": 3531902,
    "mae": 0.07268848378145037,
    "rmse": 0.47350675631283795,
    "r2": 0.008340424656687828,
    "n_samples": 300
}