{
    "disease": "tuberculose",
    "cod_mun": 3500303,
    "mae": 0.6597187585741884,
    "rmse": 1.0853484687897998,
    "r2": 0.19670933624326636,
    "n_samples": 300
}