{
    "disease": "hiv_aids",
    "cod_mun": 3541653,
    "mae": 0.8449841666039907,
    "rmse": 4.516331748302734,
    "r2": 0.0031265340759589755,
    "n_samples": 300
}