{
    "disease": "tuberculose",
    "cod_mun": 3534500,
    "mae": 0.5108977282110073,
    "rmse": 3.163188485201582,
    "r2": 0.0033426522191998265,
    "n_samples": 300
}