{
    "disease": "TX_sifilis_00_23",
    "cod_mun": 3541505,
    "mae": 2.4291117876063293,
    "rmse": 3.604698875528059,
    "r2": -0.1260915845520134,
    "n_train": 251,
    "n_test": 12
}