{
    "disease": "TX_sifilis_00_23",
    "cod_mun": 3513603,
    "mae": 0.052926838397979736,
    "rmse": 0.052926838397979736,
    "r2": 0.0,
    "n_train": 251,
    "n_test": 12
}