{
    "disease": "tuberculose",
    "cod_mun": 3505351,
    "mae": 1.0922847675057408,
    "rmse": 2.9949281850941105,
    "r2": 0.24190694208345953,
    "n_samples": 300
}