{
    "disease": "hanseniase",
    "cod_mun": 3523909,
    "mae": 0.5299510074013315,
    "rmse": 0.9472351063697926,
    "r2": -0.02477520332258587,
    "n_samples": 300
}