{
    "disease": "hanseniase",
    "cod_mun": 3522307,
    "mae": 0.08748027191863664,
    "rmse": 0.17982144296898223,
    "r2": 0.09040555439662412,
    "n_samples": 300
}