{
    "disease": "hiv_aids",
    "cod_mun": 3540804,
    "mae": 3.345305169574024,
    "rmse": 4.098381085457496,
    "r2": -0.1548827666803796,
    "n_samples": 300
}