{
    "disease": "tuberculose",
    "cod_mun": 3545407,
    "mae": 1.2273215710299665,
    "rmse": 3.1890460334692867,
    "r2": 0.10242325990377443,
    "n_samples": 300
}