{
    "disease": "TX_hiv_aids_00_23",
    "cod_mun": 3533403,
    "mae": 0.15285105588069806,
    "rmse": 0.25062023745039114,
    "r2": 0.0,
    "n_train": 251,
    "n_test": 12
}