{
    "disease": "hiv_aids",
    "cod_mun": 3549250,
    "mae": 3.55263614269119,
    "rmse": 10.759735625994205,
    "r2": 0.3922118010052652,
    "n_samples": 300
}