{
    "disease": "TX_hiv_aids_00_23",
    "cod_mun": 3549508,
    "mae": 0.6918233757217725,
    "rmse": 0.8281430202243415,
    "r2": 0.0,
    "n_train": 251,
    "n_test": 12
}