{
    "disease": "hepatite",
    "cod_mun": 3511508,
    "mae": 0.3862844138149008,
    "rmse": 0.7995758142024235,
    "r2": 0.09878016161424019,
    "n_samples": 300
}