{
    "disease": "hiv_aids",
    "cod_mun": 3518701,
    "mae": 1.5927292360328729,
    "rmse": 2.8381787455946332,
    "r2": 0.5534326118626761,
    "n_samples": 300
}