{
    "disease": "hanseniase",
    "cod_mun": 3547809,
    "mae": 0.032749606948391234,
    "rmse": 0.053291032920544386,
    "r2": 0.016900457197910224,
    "n_samples": 300
}