{
    "disease": "sifilis",
    "cod_mun": 3538204,
    "mae": 0.29312668426394756,
    "rmse": 0.9098877815174342,
    "r2": 0.15831194945635596,
    "n_samples": 300
}