{
    "disease": "hiv_aids",
    "cod_mun": 3551504,
    "mae": 1.807589431811445,
    "rmse": 2.3678997445020444,
    "r2": 0.32887100106017586,
    "n_samples": 300
}