{
    "disease": "sifilis",
    "cod_mun": 3515152,
    "mae": 0.6461855959685883,
    "rmse": 1.1412713178225764,
    "r2": 0.32731636407335496,
    "n_samples": 300
}