{
    "disease": "TX_hepatite_00_23",
    "cod_mun": 3541059,
    "mae": 0.2960860429642101,
    "rmse": 0.370345786483967,
    "r2": 0.0,
    "n_train": 251,
    "n_test": 12
}