{
    "disease": "tuberculose",
    "cod_mun": 3514205,
    "mae": 0.008340416695717133,
    "rmse": 0.045144762292758586,
    "r2": 0.9997169555677047,
    "n_samples": 300
}