{
    "disease": "TX_hepatite_00_23",
    "cod_mun": 3501608,
    "mae": 0.172666371620486,
    "rmse": 0.17418588699320486,
    "r2": -1.358381832485159,
    "n_train": 251,
    "n_test": 12
}