{
    "disease": "sifilis",
    "cod_mun": 3539004,
    "mae": 0.36596708828277,
    "rmse": 1.2214320000927925,
    "r2": 0.07232877108946834,
    "n_samples": 300
}