{
    "disease": "TX_hepatite_00_23",
    "cod_mun": 3501400,
    "mae": 0.7710170348485311,
    "rmse": 0.7845027160720692,
    "r2": 0.0,
    "n_train": 251,
    "n_test": 12
}