{
    "disease": "TX_hanseniase_00_23",
    "cod_mun": 3556107,
    "mae": 0.1954186980923017,
    "rmse": 0.1956121207935424,
    "r2": 0.0,
    "n_train": 251,
    "n_test": 12
}