{
    "disease": "tuberculose",
    "cod_mun": 3515004,
    "mae": 0.36458290879092875,
    "rmse": 0.4844062674834594,
    "r2": 0.5138181968133336,
    "n_samples": 300
}