{
    "disease": "hanseniase",
    "cod_mun": 3529609,
    "mae": 1.3317645075638047,
    "rmse": 4.320531426313947,
    "r2": 0.30959129099807947,
    "n_samples": 300
}