{
    "disease": "hiv_aids",
    "cod_mun": 3506508,
    "mae": 0.451987237217717,
    "rmse": 1.0962728992772386,
    "r2": -0.15587750822750035,
    "n_samples": 300
}