{
    "disease": "TX_hanseniase_00_23",
    "cod_mun": 3538204,
    "mae": 0.002487350352263699,
    "rmse": 0.002553686524077316,
    "r2": 0.0,
    "n_train": 251,
    "n_test": 12
}