{
    "disease": "sifilis",
    "cod_mun": 3521408,
    "mae": 0.21316694164469488,
    "rmse": 0.7089237528562694,
    "r2": 0.004853168337538127,
    "n_samples": 300
}