{
    "disease": "hiv_aids",
    "cod_mun": 3518602,
    "mae": 1.4581622088700161,
    "rmse": 2.9519502516511458,
    "r2": -0.2962192472086915,
    "n_samples": 300
}