{
    "disease": "TX_hepatite_00_23",
    "cod_mun": 3514205,
    "mae": 0.11158005148172379,
    "rmse": 0.1121650949661998,
    "r2": 0.0,
    "n_train": 251,
    "n_test": 12
}