{
    "disease": "tuberculose",
    "cod_mun": 3542909,
    "mae": 1.8708508372225643,
    "rmse": 2.837536081847023,
    "r2": 0.06847746355705253,
    "n_samples": 300
}