{
    "disease": "hepatite",
    "cod_mun": 3503000,
    "mae": 1.2114195376762837,
    "rmse": 3.5598576162157043,
    "r2": 0.5077985813747892,
    "n_samples": 300
}