{
    "disease": "sifilis",
    "cod_mun": 3525201,
    "mae": 0.24339776336661406,
    "rmse": 0.6659796006796,
    "r2": 0.038628055835441266,
    "n_samples": 300
}