{
    "disease": "tuberculose",
    "cod_mun": 3512803,
    "mae": 0.8510596371160897,
    "rmse": 1.3159312233495868,
    "r2": 0.5748195559265535,
    "n_samples": 300
}