{
    "disease": "TX_hanseniase_00_23",
    "cod_mun": 3535903,
    "mae": 0.03159216737064222,
    "rmse": 0.09385256703854769,
    "r2": 0.0,
    "n_train": 251,
    "n_test": 12
}