{
    "disease": "hanseniase",
    "cod_mun": 3500709,
    "mae": 0.29303473421322435,
    "rmse": 0.6712389184676923,
    "r2": 0.14743791399582495,
    "n_samples": 300
}