{
    "disease": "hepatite",
    "cod_mun": 3508306,
    "mae": 0.7284054833856165,
    "rmse": 2.8499185168014853,
    "r2": 0.21125753527185198,
    "n_samples": 300
}