{
    "disease": "TX_tuberculose_00_23",
    "cod_mun": 3521804,
    "mae": 2.0916721252110038,
    "rmse": 3.543465914993733,
    "r2": -0.034326701475867916,
    "n_train": 251,
    "n_test": 12
}