{
    "disease": "TX_sifilis_00_23",
    "cod_mun": 3549201,
    "mae": 4.347649746255079,
    "rmse": 10.904482777885107,
    "r2": -0.027325710813223214,
    "n_train": 251,
    "n_test": 12
}