{
    "disease": "tuberculose",
    "cod_mun": 3550506,
    "mae": 0.6622957130954467,
    "rmse": 1.927925968701556,
    "r2": 0.08079334124191417,
    "n_samples": 300
}