{
    "disease": "TX_tuberculose_00_23",
    "cod_mun": 3505807,
    "mae": 0.44776129722595215,
    "rmse": 0.4494647485766896,
    "r2": 0.0,
    "n_train": 251,
    "n_test": 12
}