{
    "disease": "tuberculose",
    "cod_mun": 3518305,
    "mae": 0.9828860382113834,
    "rmse": 1.4674312351952596,
    "r2": 0.11442184396839505,
    "n_samples": 300
}