{
    "disease": "TX_sifilis_00_23",
    "cod_mun": 3511508,
    "mae": 0.24405775281425604,
    "rmse": 0.6398221479137612,
    "r2": -0.038645503748047316,
    "n_train": 251,
    "n_test": 12
}