{
    "disease": "TX_sifilis_00_23",
    "cod_mun": 3513009,
    "mae": 0.1483764388930286,
    "rmse": 0.2089360892786737,
    "r2": -0.0339090474979582,
    "n_train": 251,
    "n_test": 12
}