{
    "disease": "hiv_aids",
    "cod_mun": 3550209,
    "mae": 0.10222614049475229,
    "rmse": 0.39536297347356947,
    "r2": 0.003964630015369619,
    "n_samples": 300
}