{
    "disease": "sifilis",
    "cod_mun": 3546603,
    "mae": 0.3532832208665319,
    "rmse": 0.6911590458691326,
    "r2": 0.20699027039800566,
    "n_samples": 300
}