{
    "disease": "TX_hiv_aids_00_23",
    "cod_mun": 3525300,
    "mae": 0.567146861169912,
    "rmse": 0.6835960978493147,
    "r2": 0.2395259518388657,
    "n_train": 251,
    "n_test": 12
}