{
    "disease": "hiv_aids",
    "cod_mun": 3502408,
    "mae": 1.780529151822714,
    "rmse": 6.183134295559839,
    "r2": -0.012457815660802396,
    "n_samples": 300
}