{
    "disease": "TX_sifilis_00_23",
    "cod_mun": 3508009,
    "mae": 0.5647996003551549,
    "rmse": 1.3995481196351862,
    "r2": -0.029566069922176696,
    "n_train": 251,
    "n_test": 12
}