{
    "disease": "hanseniase",
    "cod_mun": 3539103,
    "mae": 0.04294527341321856,
    "rmse": 0.3656907811554089,
    "r2": 0.003625897851772586,
    "n_samples": 300
}