{
    "disease": "TX_hiv_aids_00_23",
    "cod_mun": 3513207,
    "mae": 0.3896662965416908,
    "rmse": 0.389668074865432,
    "r2": 0.0,
    "n_train": 251,
    "n_test": 12
}