{
    "disease": "sifilis",
    "cod_mun": 3506508,
    "mae": 0.0935217847018698,
    "rmse": 0.19849997395029703,
    "r2": 0.014274227044127508,
    "n_samples": 300
}