{
    "disease": "TX_hepatite_00_23",
    "cod_mun": 3525102,
    "mae": 0.3998557151206375,
    "rmse": 0.704076359830244,
    "r2": -0.3333447233150064,
    "n_train": 251,
    "n_test": 12
}