{
    "disease": "sifilis",
    "cod_mun": 3501905,
    "mae": 0.11630460332031127,
    "rmse": 0.2810025059657969,
    "r2": 0.08368992703444644,
    "n_samples": 300
}