{
    "disease": "TX_sifilis_00_23",
    "cod_mun": 3516309,
    "mae": 0.7666463128284113,
    "rmse": 0.9259984603928149,
    "r2": -0.654009121720247,
    "n_train": 251,
    "n_test": 12
}