{
    "disease": "TX_tuberculose_00_23",
    "cod_mun": 3515707,
    "mae": 0.46143832269693513,
    "rmse": 0.537564290863985,
    "r2": 0.007424503552485251,
    "n_train": 251,
    "n_test": 12
}