{
    "disease": "hiv_aids",
    "cod_mun": 3533809,
    "mae": 0.24465110823701092,
    "rmse": 2.120811892128835,
    "r2": 0.0027700627938943567,
    "n_samples": 300
}