{
    "disease": "sifilis",
    "cod_mun": 3525508,
    "mae": 0.15979360745961332,
    "rmse": 0.7485126301574857,
    "r2": 0.013363296029626381,
    "n_samples": 300
}