{
    "disease": "TX_sifilis_00_23",
    "cod_mun": 3550704,
    "mae": 1.083502203690549,
    "rmse": 1.4409518380253539,
    "r2": -0.05579682909876271,
    "n_train": 251,
    "n_test": 12
}