{
    "disease": "TX_hanseniase_00_23",
    "cod_mun": 3516853,
    "mae": 0.854394121405979,
    "rmse": 2.8925142910689954,
    "r2": 0.0,
    "n_train": 251,
    "n_test": 12
}