{
    "disease": "TX_hepatite_00_23",
    "cod_mun": 3523305,
    "mae": 0.035771436019179724,
    "rmse": 0.07121454676646682,
    "r2": 0.0,
    "n_train": 251,
    "n_test": 12
}