{
    "disease": "TX_hiv_aids_00_23",
    "cod_mun": 3534757,
    "mae": 1.0688038230127714,
    "rmse": 2.7325448275194955,
    "r2": -0.03458531261221154,
    "n_train": 251,
    "n_test": 12
}