{
    "disease": "sifilis",
    "cod_mun": 3552502,
    "mae": 0.8660743970636717,
    "rmse": 3.325823160686091,
    "r2": 0.6041265909828542,
    "n_samples": 300
}