{
    "disease": "TX_sifilis_00_23",
    "cod_mun": 3515608,
    "mae": 0.023526401001921233,
    "rmse": 0.07642019067807596,
    "r2": 0.0,
    "n_train": 251,
    "n_test": 12
}