{
    "disease": "TX_hiv_aids_00_23",
    "cod_mun": 3546207,
    "mae": 0.18573904037475586,
    "rmse": 0.18573904037475586,
    "r2": 0.0,
    "n_train": 251,
    "n_test": 12
}