{
    "disease": "tuberculose",
    "cod_mun": 3502804,
    "mae": 0.23379925569620455,
    "rmse": 0.3117147230010286,
    "r2": 0.10628338013472571,
    "n_samples": 300
}