{
    "disease": "TX_sifilis_00_23",
    "cod_mun": 3523107,
    "mae": 0.3080150765299437,
    "rmse": 0.35847342761939305,
    "r2": -0.4022822368110166,
    "n_train": 251,
    "n_test": 12
}