{
    "disease": "TX_hepatite_00_23",
    "cod_mun": 3531605,
    "mae": 2.445821881708662,
    "rmse": 6.701122541833265,
    "r2": -0.04636686229825093,
    "n_train": 251,
    "n_test": 12
}