{
    "disease": "TX_tuberculose_00_23",
    "cod_mun": 3518008,
    "mae": 0.17379599809646606,
    "rmse": 0.17379599809646606,
    "r2": 0.0,
    "n_train": 251,
    "n_test": 12
}