{
    "disease": "hanseniase",
    "cod_mun": 3511409,
    "mae": 0.2346634334490363,
    "rmse": 0.9230465999948679,
    "r2": 0.08070282303485454,
    "n_samples": 300
}