{
    "disease": "TX_hanseniase_00_23",
    "cod_mun": 3507456,
    "mae": 0.34111565351486206,
    "rmse": 0.34111565351486206,
    "r2": 0.0,
    "n_train": 251,
    "n_test": 12
}