{
    "disease": "TX_hiv_aids_00_23",
    "cod_mun": 3506409,
    "mae": 1.3064153584771832,
    "rmse": 3.944961014297489,
    "r2": -0.0886542998406199,
    "n_train": 251,
    "n_test": 12
}