{
    "disease": "hiv_aids",
    "cod_mun": 3519006,
    "mae": 0.6247312191768518,
    "rmse": 2.0830251402277806,
    "r2": 0.2704511841511201,
    "n_samples": 300
}