{
    "disease": "hiv_aids",
    "cod_mun": 3536901,
    "mae": 0.5048461869224107,
    "rmse": 3.129512617608443,
    "r2": 0.0004047251460131962,
    "n_samples": 300
}