{
    "disease": "hepatite",
    "cod_mun": 3504701,
    "mae": 3.096321901094506,
    "rmse": 7.335426175410511,
    "r2": 0.05825196603735283,
    "n_samples": 300
}