{
    "disease": "TX_hanseniase_00_23",
    "cod_mun": 3501905,
    "mae": 0.12665067675213018,
    "rmse": 0.12791340437540288,
    "r2": 0.0,
    "n_train": 251,
    "n_test": 12
}