{
    "disease": "tuberculose",
    "cod_mun": 3509254,
    "mae": 0.4043737402402707,
    "rmse": 0.8529404398483069,
    "r2": 0.09242660887139797,
    "n_samples": 300
}