{
    "disease": "TX_hepatite_00_23",
    "cod_mun": 3505708,
    "mae": 0.24908568214351434,
    "rmse": 0.2699095394112772,
    "r2": -5.157106135460282,
    "n_train": 251,
    "n_test": 12
}