{
    "disease": "TX_hepatite_00_23",
    "cod_mun": 3553302,
    "mae": 0.11170810274779797,
    "rmse": 0.11429093777944352,
    "r2": 0.0,
    "n_train": 251,
    "n_test": 12
}