{
    "disease": "TX_hepatite_00_23",
    "cod_mun": 3548203,
    "mae": 0.04635783797129989,
    "rmse": 0.06837920017990816,
    "r2": 0.0,
    "n_train": 251,
    "n_test": 12
}