{
    "disease": "sifilis",
    "cod_mun": 3557303,
    "mae": 0.3730442191074827,
    "rmse": 1.3360129098557696,
    "r2": 0.00016059883590047175,
    "n_samples": 300
}