{
    "disease": "hiv_aids",
    "cod_mun": 3539509,
    "mae": 5.161818061399728,
    "rmse": 5.980846412720486,
    "r2": -5.723446238402004,
    "n_samples": 300
}