{
    "disease": "TX_hepatite_00_23",
    "cod_mun": 3502507,
    "mae": 0.04374409653246403,
    "rmse": 0.05171572063704445,
    "r2": 0.0,
    "n_train": 251,
    "n_test": 12
}