{
    "disease": "TX_hiv_aids_00_23",
    "cod_mun": 3544004,
    "mae": 0.22511997384329638,
    "rmse": 0.2411245415518879,
    "r2": 0.0,
    "n_train": 251,
    "n_test": 12
}