{
    "disease": "sifilis",
    "cod_mun": 3547650,
    "mae": 0.8891847657112233,
    "rmse": 5.2905911371067145,
    "r2": 0.005537928442532758,
    "n_samples": 300
}