{
    "disease": "hiv_aids",
    "cod_mun": 3516101,
    "mae": 0.4866871004647908,
    "rmse": 2.931884567586925,
    "r2": 0.0010242912156326334,
    "n_samples": 300
}