{
    "disease": "sifilis",
    "cod_mun": 3543105,
    "mae": 0.5362951790073931,
    "rmse": 2.0140441149395643,
    "r2": 0.13059980736126864,
    "n_samples": 300
}