{
    "disease": "TX_hiv_aids_00_23",
    "cod_mun": 3507308,
    "mae": 0.052142489284354575,
    "rmse": 0.16092029395570373,
    "r2": 0.0,
    "n_train": 251,
    "n_test": 12
}