{
    "disease": "TX_hiv_aids_00_23",
    "cod_mun": 3524600,
    "mae": 0.567392885684967,
    "rmse": 0.567392885684967,
    "r2": 0.0,
    "n_train": 251,
    "n_test": 12
}