{
    "disease": "TX_hanseniase_00_23",
    "cod_mun": 3555406,
    "mae": 0.044673205353319645,
    "rmse": 0.04752636808034622,
    "r2": 0.0,
    "n_train": 251,
    "n_test": 12
}