{
    "disease": "hepatite",
    "cod_mun": 3510203,
    "mae": 0.532063926891786,
    "rmse": 0.8363634751257258,
    "r2": 0.13812566066583165,
    "n_samples": 300
}