{
    "disease": "hanseniase",
    "cod_mun": 3506003,
    "mae": 0.9445984844547507,
    "rmse": 1.7370674538871922,
    "r2": 0.9384915497617383,
    "n_samples": 300
}