{
    "disease": "tuberculose",
    "cod_mun": 3555505,
    "mae": 0.34253538063329997,
    "rmse": 1.9575670968491077,
    "r2": 0.00843079206845243,
    "n_samples": 300
}