{
    "disease": "hepatite",
    "cod_mun": 3501004,
    "mae": 0.40301219953751855,
    "rmse": 1.09549434920891,
    "r2": 0.055034564714295575,
    "n_samples": 300
}