{
    "disease": "tuberculose",
    "cod_mun": 3504206,
    "mae": 0.1417178218896649,
    "rmse": 0.7093256835029041,
    "r2": 0.00522285011977508,
    "n_samples": 300
}