{
    "disease": "hepatite",
    "cod_mun": 3554409,
    "mae": 1.244715113945224,
    "rmse": 3.214452939269794,
    "r2": 0.13015598096658398,
    "n_samples": 300
}