{
    "disease": "hepatite",
    "cod_mun": 3531407,
    "mae": 0.567014014829166,
    "rmse": 1.3758003871379068,
    "r2": 0.19352659524436167,
    "n_samples": 300
}