{
    "disease": "sifilis",
    "cod_mun": 3540002,
    "mae": 0.36011258299268456,
    "rmse": 0.9402496497093605,
    "r2": 0.009705751415167496,
    "n_samples": 300
}