{
    "disease": "hepatite",
    "cod_mun": 3556107,
    "mae": 1.3033534416042531,
    "rmse": 2.5738790312316135,
    "r2": 0.03382033695286324,
    "n_samples": 300
}