{
    "disease": "hanseniase",
    "cod_mun": 3519071,
    "mae": 0.08537371235470026,
    "rmse": 0.1893814141835545,
    "r2": 0.0175730473125969,
    "n_samples": 300
}