{
    "disease": "hiv_aids",
    "cod_mun": 3514809,
    "mae": 0.5798923325676479,
    "rmse": 1.4022386782371374,
    "r2": 0.0009051115908900176,
    "n_samples": 300
}