{
    "disease": "TX_sifilis_00_23",
    "cod_mun": 3538303,
    "mae": 0.12662427748243013,
    "rmse": 0.3170392210889014,
    "r2": 0.0,
    "n_train": 251,
    "n_test": 12
}