{
    "disease": "TX_hepatite_00_23",
    "cod_mun": 3531308,
    "mae": 0.5719337166804642,
    "rmse": 0.7803917316693122,
    "r2": 0.011577444391527525,
    "n_train": 251,
    "n_test": 12
}