{
    "disease": "hanseniase",
    "cod_mun": 3551405,
    "mae": 0.12919264211297715,
    "rmse": 0.7522632198509894,
    "r2": 0.6100317189104709,
    "n_samples": 300
}