{
    "disease": "hiv_aids",
    "cod_mun": 3542503,
    "mae": 1.8117945273325908,
    "rmse": 4.732435251852338,
    "r2": 0.1422010337467251,
    "n_samples": 300
}