{
    "disease": "hiv_aids",
    "cod_mun": 3503307,
    "mae": 1.0891216711850826,
    "rmse": 1.4709024569048137,
    "r2": 0.5292531292517698,
    "n_samples": 300
}