{
    "disease": "hiv_aids",
    "cod_mun": 3520608,
    "mae": 1.1761079558916643,
    "rmse": 3.4840853352913013,
    "r2": 0.003584575789032929,
    "n_samples": 300
}