{
    "disease": "hanseniase",
    "cod_mun": 3516309,
    "mae": 0.07097907543266803,
    "rmse": 0.20919403774581163,
    "r2": -0.09855008956587263,
    "n_samples": 300
}