{
    "disease": "TX_tuberculose_00_23",
    "cod_mun": 3542602,
    "mae": 0.7495101953092164,
    "rmse": 0.8112992699664098,
    "r2": -0.17685896195567907,
    "n_train": 251,
    "n_test": 12
}