{
    "disease": "TX_hepatite_00_23",
    "cod_mun": 3527603,
    "mae": 0.7325729111147786,
    "rmse": 2.0723544291843696,
    "r2": -0.05213161082772588,
    "n_train": 251,
    "n_test": 12
}