{
    "disease": "hanseniase",
    "cod_mun": 3550704,
    "mae": 0.3701691428087164,
    "rmse": 0.6091262144898035,
    "r2": 0.22299105514682027,
    "n_samples": 300
}