{
    "disease": "hepatite",
    "cod_mun": 3555901,
    "mae": 4.013956248958213,
    "rmse": 13.563876893927654,
    "r2": 0.0007312736304259104,
    "n_samples": 300
}