{
    "disease": "hiv_aids",
    "cod_mun": 3547502,
    "mae": 0.8957041957103291,
    "rmse": 1.4556738117005095,
    "r2": 0.14738188454042,
    "n_samples": 300
}