{
    "disease": "TX_tuberculose_00_23",
    "cod_mun": 3504404,
    "mae": 3.5582177155301165,
    "rmse": 5.615340675152282,
    "r2": -0.12820979808024946,
    "n_train": 251,
    "n_test": 12
}