{
    "disease": "tuberculose",
    "cod_mun": 3522802,
    "mae": 0.6786963558743243,
    "rmse": 1.4925252035683254,
    "r2": 0.11947188048925528,
    "n_samples": 300
}