{
    "disease": "sifilis",
    "cod_mun": 3509106,
    "mae": 0.49430549077213487,
    "rmse": 1.6973168056307881,
    "r2": 0.8300399556773124,
    "n_samples": 300
}