{
    "disease": "sifilis",
    "cod_mun": 3548708,
    "mae": 0.11682177951567108,
    "rmse": 0.1520455113732109,
    "r2": 0.175471981026589,
    "n_samples": 300
}