{
    "disease": "hiv_aids",
    "cod_mun": 3549003,
    "mae": 0.45194462290654525,
    "rmse": 2.776347830258768,
    "r2": 0.0016369195570501427,
    "n_samples": 300
}