{
    "disease": "TX_hanseniase_00_23",
    "cod_mun": 3529658,
    "mae": 0.15213890602656951,
    "rmse": 0.5086702896586072,
    "r2": 0.0,
    "n_train": 251,
    "n_test": 12
}