{
    "disease": "TX_hanseniase_00_23",
    "cod_mun": 3550605,
    "mae": 0.017417810624465346,
    "rmse": 0.0196510217435567,
    "r2": 0.0,
    "n_train": 251,
    "n_test": 12
}