{
    "disease": "hiv_aids",
    "cod_mun": 3535101,
    "mae": 4.33172702983098,
    "rmse": 7.248667691306206,
    "r2": 0.25542256412068376,
    "n_samples": 300
}