{
    "disease": "sifilis",
    "cod_mun": 3515194,
    "mae": 0.160287637271566,
    "rmse": 1.3392321958474656,
    "r2": 0.007358021612695942,
    "n_samples": 300
}