{
    "disease": "hepatite",
    "cod_mun": 3542008,
    "mae": 1.4836282066484248,
    "rmse": 3.4744014137089567,
    "r2": 0.043725903829362034,
    "n_samples": 300
}