{
    "disease": "hepatite",
    "cod_mun": 3549953,
    "mae": 0.24013477127859878,
    "rmse": 0.8493989350476583,
    "r2": 0.12702445483018965,
    "n_samples": 300
}