{
    "disease": "sifilis",
    "cod_mun": 3502408,
    "mae": 0.36376659559915997,
    "rmse": 2.0365924791153422,
    "r2": 0.23725877521776773,
    "n_samples": 300
}