{
    "disease": "TX_hepatite_00_23",
    "cod_mun": 3518800,
    "mae": 0.0009268282447010279,
    "rmse": 0.0012376510092806275,
    "r2": 0.0,
    "n_train": 251,
    "n_test": 12
}