{
    "disease": "hiv_aids",
    "cod_mun": 3530300,
    "mae": 4.1810409020051935,
    "rmse": 5.979153233546361,
    "r2": -0.570400828290264,
    "n_samples": 300
}