{
    "disease": "TX_hepatite_00_23",
    "cod_mun": 3553955,
    "mae": 2.608273889342792,
    "rmse": 2.7715805865671,
    "r2": -0.2277268620228814,
    "n_train": 251,
    "n_test": 12
}