{
    "disease": "TX_hiv_aids_00_23",
    "cod_mun": 3525102,
    "mae": 2.7724328479818463,
    "rmse": 2.840223420959156,
    "r2": -20.697411719622604,
    "n_train": 251,
    "n_test": 12
}