{
    "disease": "TX_hiv_aids_00_23",
    "cod_mun": 3506508,
    "mae": 0.1215486959554255,
    "rmse": 0.14083847860140222,
    "r2": 0.0,
    "n_train": 251,
    "n_test": 12
}