{
    "disease": "hanseniase",
    "cod_mun": 3548708,
    "mae": 0.02097125662103493,
    "rmse": 0.03873478444136771,
    "r2": 0.05663794742603201,
    "n_samples": 300
}