{
    "disease": "hanseniase",
    "cod_mun": 3546108,
    "mae": 0.7041385180805247,
    "rmse": 4.114810021855494,
    "r2": 0.009376140849035264,
    "n_samples": 300
}