{
    "disease": "tuberculose",
    "cod_mun": 3505104,
    "mae": 0.5622738986455811,
    "rmse": 2.072381653869653,
    "r2": 0.09735926596471678,
    "n_samples": 300
}