{
    "disease": "sifilis",
    "cod_mun": 3549904,
    "mae": 0.16624393083511851,
    "rmse": 0.23419913010413024,
    "r2": 0.670555714286281,
    "n_samples": 300
}