{
    "disease": "TX_hepatite_00_23",
    "cod_mun": 3538600,
    "mae": 0.23046313288311163,
    "rmse": 0.3763316420791444,
    "r2": 0.0,
    "n_train": 251,
    "n_test": 12
}