{
    "disease": "sifilis",
    "cod_mun": 3553401,
    "mae": 0.20398599855484245,
    "rmse": 0.6186880032314336,
    "r2": 0.06279413458485561,
    "n_samples": 300
}