{
    "disease": "TX_hepatite_00_23",
    "cod_mun": 3522505,
    "mae": 0.034577834730347,
    "rmse": 0.03476492747369307,
    "r2": 0.0,
    "n_train": 251,
    "n_test": 12
}