{
    "disease": "sifilis",
    "cod_mun": 3508108,
    "mae": 0.23977641180497733,
    "rmse": 0.8147796485289464,
    "r2": 0.0917424821652787,
    "n_samples": 300
}