{
    "disease": "TX_hanseniase_00_23",
    "cod_mun": 3540200,
    "mae": 0.1375276061395804,
    "rmse": 0.1379217936549797,
    "r2": 0.0,
    "n_train": 251,
    "n_test": 12
}