{
    "disease": "hiv_aids",
    "cod_mun": 3539905,
    "mae": 5.052722187390026,
    "rmse": 7.966557913089617,
    "r2": 0.025797190819334848,
    "n_samples": 300
}