{
    "disease": "tuberculose",
    "cod_mun": 3508801,
    "mae": 1.0491901033233475,
    "rmse": 1.7842347870413078,
    "r2": 0.19515256389246693,
    "n_samples": 300
}