{
    "disease": "TX_sifilis_00_23",
    "cod_mun": 3501707,
    "mae": 0.350332033730062,
    "rmse": 0.8830848351631765,
    "r2": -0.04511970689957767,
    "n_train": 251,
    "n_test": 12
}