{
    "disease": "hanseniase",
    "cod_mun": 3515152,
    "mae": 0.06361480139187953,
    "rmse": 0.3328941060203519,
    "r2": 0.300977501548937,
    "n_samples": 300
}