{
    "disease": "sifilis",
    "cod_mun": 3550001,
    "mae": 0.06672261986800779,
    "rmse": 0.5523777502640945,
    "r2": 0.007968347028669442,
    "n_samples": 300
}