{
    "disease": "sifilis",
    "cod_mun": 3552205,
    "mae": 0.18535307495112824,
    "rmse": 0.2634391848842177,
    "r2": 0.375399282744561,
    "n_samples": 300
}