{
    "disease": "hiv_aids",
    "cod_mun": 3521705,
    "mae": 0.4276552395902746,
    "rmse": 1.3854494934025439,
    "r2": 0.06617029706656075,
    "n_samples": 300
}