{
    "disease": "hepatite",
    "cod_mun": 3521002,
    "mae": 0.2039746947355699,
    "rmse": 0.635708899436668,
    "r2": 0.12001548691032271,
    "n_samples": 300
}