{
    "disease": "hiv_aids",
    "cod_mun": 3557204,
    "mae": 0.7605360637253009,
    "rmse": 1.752263427147502,
    "r2": 0.14263773079387687,
    "n_samples": 300
}