{
    "disease": "hiv_aids",
    "cod_mun": 3527900,
    "mae": 1.6273724566261194,
    "rmse": 4.997570380923401,
    "r2": 0.07703848063742791,
    "n_samples": 300
}