{
    "disease": "hiv_aids",
    "cod_mun": 3506805,
    "mae": 3.6201989099536362,
    "rmse": 3.772195814946346,
    "r2": -0.9343364068165996,
    "n_samples": 300
}