{
    "disease": "hiv_aids",
    "cod_mun": 3534203,
    "mae": 8.599161766440039,
    "rmse": 9.294708799415139,
    "r2": -0.46102491658853406,
    "n_samples": 300
}