{
    "disease": "hiv_aids",
    "cod_mun": 3553005,
    "mae": 1.630675158156143,
    "rmse": 2.84189364202437,
    "r2": 0.09420279584638391,
    "n_samples": 300
}