{
    "disease": "tuberculose",
    "cod_mun": 3530904,
    "mae": 2.1342230638761097,
    "rmse": 5.878003724798475,
    "r2": 0.20853833547556766,
    "n_samples": 300
}