{
    "disease": "hanseniase",
    "cod_mun": 3522901,
    "mae": 0.4582775649215366,
    "rmse": 1.4705789269091007,
    "r2": 0.3359072614299814,
    "n_samples": 300
}