{
    "disease": "hiv_aids",
    "cod_mun": 3513801,
    "mae": 1.2736267331345617,
    "rmse": 1.5315197706680062,
    "r2": -6.205476358362997,
    "n_samples": 300
}