{
    "disease": "sifilis",
    "cod_mun": 3547304,
    "mae": 0.2400911922472691,
    "rmse": 0.4125149768804398,
    "r2": 0.4177299642936293,
    "n_samples": 300
}