{
    "disease": "TX_sifilis_00_23",
    "cod_mun": 3500907,
    "mae": 0.021248077352841694,
    "rmse": 0.02143153166257517,
    "r2": 0.0,
    "n_train": 251,
    "n_test": 12
}