{
    "disease": "hiv_aids",
    "cod_mun": 3501301,
    "mae": 1.6206390059047069,
    "rmse": 2.321324827465644,
    "r2": 0.1307228541398997,
    "n_samples": 300
}