{
    "disease": "TX_tuberculose_00_23",
    "cod_mun": 3514106,
    "mae": 0.133291091149052,
    "rmse": 0.17763714537195432,
    "r2": 0.0,
    "n_train": 251,
    "n_test": 12
}