{
    "disease": "hiv_aids",
    "cod_mun": 3518909,
    "mae": 0.4929257148002777,
    "rmse": 2.959329290846074,
    "r2": 0.04754493117473868,
    "n_samples": 300
}