{
    "disease": "TX_hepatite_00_23",
    "cod_mun": 3507100,
    "mae": 0.04758663087462386,
    "rmse": 0.0667197393047988,
    "r2": 0.0,
    "n_train": 251,
    "n_test": 12
}