{
    "disease": "TX_tuberculose_00_23",
    "cod_mun": 3518909,
    "mae": 0.3724529792865117,
    "rmse": 0.4205408136872781,
    "r2": 0.0,
    "n_train": 251,
    "n_test": 12
}