{
    "disease": "TX_hiv_aids_00_23",
    "cod_mun": 3550209,
    "mae": 0.29888913659857014,
    "rmse": 0.8879934495655498,
    "r2": -0.06113478361263991,
    "n_train": 251,
    "n_test": 12
}