{
    "disease": "TX_hanseniase_00_23",
    "cod_mun": 3556602,
    "mae": 0.002514808981989821,
    "rmse": 0.0037446486779287454,
    "r2": 0.0,
    "n_train": 251,
    "n_test": 12
}