{
    "disease": "sifilis",
    "cod_mun": 3537008,
    "mae": 0.12324340312481792,
    "rmse": 0.6041308136343301,
    "r2": 0.006713231625385618,
    "n_samples": 300
}