{
    "disease": "hiv_aids",
    "cod_mun": 3536505,
    "mae": 1.0698280188823182,
    "rmse": 1.2889975457332912,
    "r2": -0.21563186914441435,
    "n_samples": 300
}