{
    "disease": "sifilis",
    "cod_mun": 3533106,
    "mae": 0.296800431035262,
    "rmse": 2.493669436899526,
    "r2": 0.002941374162442667,
    "n_samples": 300
}