{
    "disease": "hiv_aids",
    "cod_mun": 3520004,
    "mae": 1.396167892672115,
    "rmse": 1.8012074827228686,
    "r2": -0.0073231912555609124,
    "n_samples": 300
}