{
    "disease": "TX_hiv_aids_00_23",
    "cod_mun": 3549102,
    "mae": 0.6542422095388661,
    "rmse": 0.6877177146919627,
    "r2": -1.1498162124524023,
    "n_train": 251,
    "n_test": 12
}