{
    "disease": "TX_tuberculose_00_23",
    "cod_mun": 3531803,
    "mae": 0.7899825979958877,
    "rmse": 0.8012726329707966,
    "r2": -1.1869058565554194,
    "n_train": 251,
    "n_test": 12
}