{
    "disease": "hepatite",
    "cod_mun": 3521200,
    "mae": 0.15210405216815562,
    "rmse": 1.2720163502896278,
    "r2": 0.003214065670374855,
    "n_samples": 300
}