{
    "disease": "hiv_aids",
    "cod_mun": 3529005,
    "mae": 0.65443421466953,
    "rmse": 0.8537637067556831,
    "r2": 0.3788569071473522,
    "n_samples": 300
}