{
    "disease": "tuberculose",
    "cod_mun": 3552908,
    "mae": 0.12378516435511935,
    "rmse": 1.032731694498692,
    "r2": 0.0043635943144509914,
    "n_samples": 300
}