{
    "disease": "hiv_aids",
    "cod_mun": 3512605,
    "mae": 0.14565712322888275,
    "rmse": 0.8998999416354825,
    "r2": 0.46588220102388755,
    "n_samples": 300
}