{
    "disease": "hiv_aids",
    "cod_mun": 3516903,
    "mae": 2.4564678401260585,
    "rmse": 3.590079547507915,
    "r2": 0.09251922736966034,
    "n_samples": 300
}