{
    "disease": "TX_hiv_aids_00_23",
    "cod_mun": 3506805,
    "mae": 0.9227794526022367,
    "rmse": 2.609607868165504,
    "r2": -0.13131281153536212,
    "n_train": 251,
    "n_test": 12
}