{
    "disease": "sifilis",
    "cod_mun": 3544251,
    "mae": 0.08873054422512844,
    "rmse": 0.434529271880369,
    "r2": 0.3218142027819987,
    "n_samples": 300
}