{
    "disease": "hiv_aids",
    "cod_mun": 3553609,
    "mae": 0.303888478316747,
    "rmse": 1.0852634597989013,
    "r2": 0.0003462283336047589,
    "n_samples": 300
}