{
    "disease": "TX_tuberculose_00_23",
    "cod_mun": 3555406,
    "mae": 0.8418319797041188,
    "rmse": 0.9693523854053023,
    "r2": -0.23381458262532906,
    "n_train": 251,
    "n_test": 12
}