{
    "disease": "TX_hepatite_00_23",
    "cod_mun": 3537503,
    "mae": 0.005817247787490487,
    "rmse": 0.00891074654615823,
    "r2": 0.0,
    "n_train": 251,
    "n_test": 12
}