{
    "disease": "hiv_aids",
    "cod_mun": 3541802,
    "mae": 2.9123572562211897,
    "rmse": 7.853490331805384,
    "r2": 0.38329753705196556,
    "n_samples": 300
}