{
    "disease": "hepatite",
    "cod_mun": 3513108,
    "mae": 0.22194168914267343,
    "rmse": 0.7688047262827817,
    "r2": 0.22916551578167466,
    "n_samples": 300
}