{
    "disease": "hanseniase",
    "cod_mun": 3554508,
    "mae": 0.059186287589177246,
    "rmse": 0.28162749637890294,
    "r2": 0.009303829074635117,
    "n_samples": 300
}