{
    "disease": "TX_hanseniase_00_23",
    "cod_mun": 3519402,
    "mae": 0.006129624942938487,
    "rmse": 0.009500298301380956,
    "r2": 0.0,
    "n_train": 251,
    "n_test": 12
}