{
    "disease": "TX_sifilis_00_23",
    "cod_mun": 3541406,
    "mae": 0.5183980156151137,
    "rmse": 0.5369488257793243,
    "r2": -3.183410654020758,
    "n_train": 251,
    "n_test": 12
}