{
    "disease": "tuberculose",
    "cod_mun": 3550308,
    "mae": 0.1274862698086377,
    "rmse": 0.173106215004646,
    "r2": 0.9102106335164798,
    "n_samples": 300
}