{
    "disease": "TX_hepatite_00_23",
    "cod_mun": 3556206,
    "mae": 0.07240988029210303,
    "rmse": 0.21855553153633903,
    "r2": -0.1035458377402716,
    "n_train": 251,
    "n_test": 12
}