{
    "disease": "TX_sifilis_00_23",
    "cod_mun": 3531308,
    "mae": 0.23684256531092382,
    "rmse": 0.5910021387911063,
    "r2": -0.03070111125768804,
    "n_train": 251,
    "n_test": 12
}