{
    "disease": "sifilis",
    "cod_mun": 3501301,
    "mae": 0.27229934941439166,
    "rmse": 0.93699060783138,
    "r2": 0.3854428633920923,
    "n_samples": 300
}