{
    "disease": "hanseniase",
    "cod_mun": 3537305,
    "mae": 0.1704038365657873,
    "rmse": 0.5055451549692036,
    "r2": -0.06062878217742762,
    "n_samples": 300
}