{
    "disease": "TX_hanseniase_00_23",
    "cod_mun": 3524501,
    "mae": 0.2703388906860103,
    "rmse": 0.7720460878078405,
    "r2": 0.0,
    "n_train": 251,
    "n_test": 12
}