{
    "disease": "TX_hanseniase_00_23",
    "cod_mun": 3501152,
    "mae": 0.008243922532225648,
    "rmse": 0.008498672754322992,
    "r2": 0.0,
    "n_train": 251,
    "n_test": 12
}