{
    "disease": "TX_sifilis_00_23",
    "cod_mun": 3518404,
    "mae": 0.7062592994033124,
    "rmse": 1.0425436510653432,
    "r2": -0.05266475660561998,
    "n_train": 251,
    "n_test": 12
}