{
    "disease": "hanseniase",
    "cod_mun": 3505203,
    "mae": 0.06032204429682646,
    "rmse": 0.3029490273634727,
    "r2": 0.0007176576448060246,
    "n_samples": 300
}