{
    "disease": "hepatite",
    "cod_mun": 3504107,
    "mae": 0.2211475017835892,
    "rmse": 0.330640004584454,
    "r2": 0.15277626231251207,
    "n_samples": 300
}