{
    "disease": "hanseniase",
    "cod_mun": 3507803,
    "mae": 0.08536426531229652,
    "rmse": 0.42125037201766813,
    "r2": 0.7387492350546505,
    "n_samples": 300
}