{
    "disease": "TX_hepatite_00_23",
    "cod_mun": 3556354,
    "mae": 0.11234076072772343,
    "rmse": 0.11363006436411213,
    "r2": 0.0,
    "n_train": 251,
    "n_test": 12
}