{
    "disease": "hanseniase",
    "cod_mun": 3516705,
    "mae": 0.07512385968775315,
    "rmse": 0.2946594156616165,
    "r2": 0.00028896650886223174,
    "n_samples": 300
}