{
    "disease": "TX_hepatite_00_23",
    "cod_mun": 3539707,
    "mae": 3.06958070899066,
    "rmse": 9.562331880208006,
    "r2": -0.07013805690260533,
    "n_train": 251,
    "n_test": 12
}