{
    "disease": "TX_sifilis_00_23",
    "cod_mun": 3522604,
    "mae": 0.19883234733425917,
    "rmse": 0.4338769213885802,
    "r2": -0.2226916299409123,
    "n_train": 251,
    "n_test": 12
}