{
    "disease": "TX_hanseniase_00_23",
    "cod_mun": 3539400,
    "mae": 0.03291159212434044,
    "rmse": 0.09471665132343168,
    "r2": 0.0,
    "n_train": 251,
    "n_test": 12
}