{
    "disease": "TX_hiv_aids_00_23",
    "cod_mun": 3515004,
    "mae": 0.4967016489575498,
    "rmse": 0.5601071484661136,
    "r2": -0.3355844433172399,
    "n_train": 251,
    "n_test": 12
}