{
    "disease": "hiv_aids",
    "cod_mun": 3543105,
    "mae": 0.4080139875311635,
    "rmse": 2.4371100163356245,
    "r2": 0.8070397906821263,
    "n_samples": 300
}