{
    "disease": "hepatite",
    "cod_mun": 3553302,
    "mae": 0.29065955988720804,
    "rmse": 0.773737976941522,
    "r2": 0.13479363777915876,
    "n_samples": 300
}