{
    "disease": "TX_hepatite_00_23",
    "cod_mun": 3526605,
    "mae": 1.0833740234375,
    "rmse": 1.0833740234375,
    "r2": 0.0,
    "n_train": 251,
    "n_test": 12
}