{
    "disease": "TX_hiv_aids_00_23",
    "cod_mun": 3520608,
    "mae": 1.8109529596029306,
    "rmse": 5.61335841841768,
    "r2": -0.07036829037795145,
    "n_train": 251,
    "n_test": 12
}