{
    "disease": "TX_tuberculose_00_23",
    "cod_mun": 3528809,
    "mae": 0.11928830668330193,
    "rmse": 0.18168455395122396,
    "r2": 0.0,
    "n_train": 251,
    "n_test": 12
}