{
    "disease": "hanseniase",
    "cod_mun": 3519253,
    "mae": 0.18302907838289503,
    "rmse": 1.5468530275636665,
    "r2": 0.004392417905421664,
    "n_samples": 300
}