{
    "disease": "hiv_aids",
    "cod_mun": 3523701,
    "mae": 0.8582799928865855,
    "rmse": 2.526435091950326,
    "r2": 0.10712320946008724,
    "n_samples": 300
}