{
    "disease": "TX_hanseniase_00_23",
    "cod_mun": 3546504,
    "mae": 0.04957692765068108,
    "rmse": 0.16841143105008385,
    "r2": 0.0,
    "n_train": 251,
    "n_test": 12
}