{
    "disease": "TX_hiv_aids_00_23",
    "cod_mun": 3527207,
    "mae": 0.0640361187979579,
    "rmse": 0.09869148740009151,
    "r2": 0.0,
    "n_train": 251,
    "n_test": 12
}