{
    "disease": "TX_sifilis_00_23",
    "cod_mun": 3556909,
    "mae": 0.04002125933766365,
    "rmse": 0.04002125933766365,
    "r2": 0.0,
    "n_train": 251,
    "n_test": 12
}