{
    "disease": "TX_hiv_aids_00_23",
    "cod_mun": 3504206,
    "mae": 0.12328339492281278,
    "rmse": 0.1615199789833251,
    "r2": 0.0,
    "n_train": 251,
    "n_test": 12
}