{
    "disease": "hepatite",
    "cod_mun": 3509809,
    "mae": 1.011957711808297,
    "rmse": 3.3312617779190976,
    "r2": 0.009007259106780796,
    "n_samples": 300
}