{
    "disease": "tuberculose",
    "cod_mun": 3502606,
    "mae": 0.007954864373711281,
    "rmse": 0.030466058115514946,
    "r2": 0.9994512135788148,
    "n_samples": 300
}