{
    "disease": "hanseniase",
    "cod_mun": 3510302,
    "mae": 0.11655278695619235,
    "rmse": 0.5436026193862366,
    "r2": 0.4846671340116264,
    "n_samples": 300
}