{
    "disease": "hanseniase",
    "cod_mun": 3526001,
    "mae": 0.9288964500469412,
    "rmse": 1.534936912851501,
    "r2": 0.03123090597551781,
    "n_samples": 300
}