{
    "disease": "hanseniase",
    "cod_mun": 3504909,
    "mae": 0.1384227586647579,
    "rmse": 0.7005755769828077,
    "r2": 0.2571124297806586,
    "n_samples": 300
}