{
    "disease": "hanseniase",
    "cod_mun": 3525300,
    "mae": 0.19854972244685357,
    "rmse": 0.29243541513407445,
    "r2": 0.05569045282211427,
    "n_samples": 300
}