{
    "disease": "TX_hanseniase_00_23",
    "cod_mun": 3526100,
    "mae": 0.018757956257710855,
    "rmse": 0.019647647707975155,
    "r2": 0.0,
    "n_train": 251,
    "n_test": 12
}