{
    "disease": "sifilis",
    "cod_mun": 3527108,
    "mae": 0.15105224025661845,
    "rmse": 0.27858297563582424,
    "r2": -0.01569052023067119,
    "n_samples": 300
}