{
    "disease": "TX_hepatite_00_23",
    "cod_mun": 3544400,
    "mae": 0.09448919383188088,
    "rmse": 0.09451308410632457,
    "r2": 0.0,
    "n_train": 251,
    "n_test": 12
}