{
    "disease": "TX_hepatite_00_23",
    "cod_mun": 3504404,
    "mae": 0.3441044092178345,
    "rmse": 0.3441082953360187,
    "r2": 0.0,
    "n_train": 251,
    "n_test": 12
}