{
    "disease": "tuberculose",
    "cod_mun": 3550605,
    "mae": 0.6104808206346193,
    "rmse": 0.8114684585872929,
    "r2": 0.17765492300623875,
    "n_samples": 300
}