{
    "disease": "hiv_aids",
    "cod_mun": 3540606,
    "mae": 0.6008269181043194,
    "rmse": 0.8900004135931396,
    "r2": 0.07775270562624714,
    "n_samples": 300
}