{
    "disease": "sifilis",
    "cod_mun": 3531100,
    "mae": 0.2837894861206796,
    "rmse": 0.5707838804279038,
    "r2": 0.22084986976210064,
    "n_samples": 300
}