{
    "disease": "hanseniase",
    "cod_mun": 3546603,
    "mae": 0.3404595414712896,
    "rmse": 0.6568675292561297,
    "r2": 0.3710777876807657,
    "n_samples": 300
}