{
    "disease": "hepatite",
    "cod_mun": 3514106,
    "mae": 0.9475232114870564,
    "rmse": 1.7341548528112176,
    "r2": 0.27055797429585193,
    "n_samples": 300
}