{
    "disease": "sifilis",
    "cod_mun": 3538105,
    "mae": 0.4120620307903951,
    "rmse": 1.2502125820160628,
    "r2": 0.0031375901062424827,
    "n_samples": 300
}