{
    "disease": "hanseniase",
    "cod_mun": 3518800,
    "mae": 0.07288005550129072,
    "rmse": 0.09772321681543354,
    "r2": 0.32995728469990826,
    "n_samples": 300
}