{
    "disease": "TX_hiv_aids_00_23",
    "cod_mun": 3500402,
    "mae": 1.11322217186292,
    "rmse": 1.2717963726833514,
    "r2": 0.0,
    "n_train": 251,
    "n_test": 12
}