{
    "disease": "sifilis",
    "cod_mun": 3511904,
    "mae": 0.07819778730140169,
    "rmse": 0.6798975265868629,
    "r2": 0.31722985487414546,
    "n_samples": 300
}