{
    "disease": "hiv_aids",
    "cod_mun": 3531704,
    "mae": 0.15321272155788726,
    "rmse": 1.2354536612161118,
    "r2": 0.005304054602850661,
    "n_samples": 300
}