{
    "disease": "hiv_aids",
    "cod_mun": 3543204,
    "mae": 0.8696551796599787,
    "rmse": 3.0751431723416385,
    "r2": 0.001302426356697084,
    "n_samples": 300
}