{
    "disease": "hanseniase",
    "cod_mun": 3549201,
    "mae": 0.2590780175891372,
    "rmse": 2.201215776568971,
    "r2": 0.0049545916716299265,
    "n_samples": 300
}