{
    "disease": "hiv_aids",
    "cod_mun": 3527405,
    "mae": 1.3804442757250217,
    "rmse": 1.826739373166267,
    "r2": 0.01571931410537697,
    "n_samples": 300
}