{
    "disease": "hiv_aids",
    "cod_mun": 3516705,
    "mae": 0.8348105925736201,
    "rmse": 1.1860673276867613,
    "r2": 0.16169571169583918,
    "n_samples": 300
}