{
    "disease": "hiv_aids",
    "cod_mun": 3504503,
    "mae": 1.110829834634873,
    "rmse": 1.4616689756013599,
    "r2": 0.3098429251398662,
    "n_samples": 300
}