{
    "disease": "tuberculose",
    "cod_mun": 3520202,
    "mae": 1.0895909289695187,
    "rmse": 2.3388321862406998,
    "r2": 0.51568457049383,
    "n_samples": 300
}