{
    "disease": "TX_hanseniase_00_23",
    "cod_mun": 3550407,
    "mae": 0.05818216068049272,
    "rmse": 0.05818216745734848,
    "r2": 0.0,
    "n_train": 251,
    "n_test": 12
}