{
    "disease": "TX_hepatite_00_23",
    "cod_mun": 3501004,
    "mae": 0.21594689786434174,
    "rmse": 0.21594689786434174,
    "r2": 0.0,
    "n_train": 251,
    "n_test": 12
}