{
    "disease": "hiv_aids",
    "cod_mun": 3527603,
    "mae": 2.096204917964297,
    "rmse": 4.470900338750408,
    "r2": 0.06781210976896457,
    "n_samples": 300
}