{
    "disease": "TX_hepatite_00_23",
    "cod_mun": 3530201,
    "mae": 0.11737706740192759,
    "rmse": 0.27276076075701955,
    "r2": 0.0,
    "n_train": 251,
    "n_test": 12
}