{
    "disease": "TX_hepatite_00_23",
    "cod_mun": 3509106,
    "mae": 0.6992683410644531,
    "rmse": 0.6992683410644531,
    "r2": 0.0,
    "n_train": 251,
    "n_test": 12
}