{
    "disease": "TX_tuberculose_00_23",
    "cod_mun": 3533403,
    "mae": 0.6193720529308586,
    "rmse": 0.7974061875625534,
    "r2": -0.09759975198326942,
    "n_train": 251,
    "n_test": 12
}