{
    "disease": "tuberculose",
    "cod_mun": 3547007,
    "mae": 0.5698740498356994,
    "rmse": 1.8689146559971546,
    "r2": 0.7599188400738772,
    "n_samples": 300
}