{
    "disease": "hiv_aids",
    "cod_mun": 3550308,
    "mae": 1.3499787246338086,
    "rmse": 1.5679811059727966,
    "r2": -3.5303432856232257,
    "n_samples": 300
}