{
    "disease": "sifilis",
    "cod_mun": 3532207,
    "mae": 0.654221027060236,
    "rmse": 3.1167396692553786,
    "r2": 0.05191108693922464,
    "n_samples": 300
}