{
    "disease": "TX_hiv_aids_00_23",
    "cod_mun": 3517703,
    "mae": 0.509209445211075,
    "rmse": 1.5019955043641686,
    "r2": -0.022491691559753946,
    "n_train": 251,
    "n_test": 12
}