{
    "disease": "hiv_aids",
    "cod_mun": 3514304,
    "mae": 0.9788681062286848,
    "rmse": 2.889074013127363,
    "r2": 0.3911177737272452,
    "n_samples": 300
}