{
    "disease": "sifilis",
    "cod_mun": 3553609,
    "mae": 0.1535406111979231,
    "rmse": 0.775421694625384,
    "r2": -1.2705390100675729e-05,
    "n_samples": 300
}