{
    "disease": "TX_hepatite_00_23",
    "cod_mun": 3515152,
    "mae": 0.12681219339719974,
    "rmse": 0.1572449465176967,
    "r2": 0.0,
    "n_train": 251,
    "n_test": 12
}