{
    "disease": "hiv_aids",
    "cod_mun": 3540853,
    "mae": 3.2123165598997123,
    "rmse": 9.306912245523888,
    "r2": 0.18714335201021537,
    "n_samples": 300
}