{
    "disease": "TX_hiv_aids_00_23",
    "cod_mun": 3529401,
    "mae": 0.31620996776502486,
    "rmse": 0.39157537211879784,
    "r2": -0.597826091060162,
    "n_train": 251,
    "n_test": 12
}