{
    "disease": "hanseniase",
    "cod_mun": 3539301,
    "mae": 0.07141974026964795,
    "rmse": 0.2237348058077161,
    "r2": 0.0005439551009708277,
    "n_samples": 300
}