{
    "disease": "TX_hiv_aids_00_23",
    "cod_mun": 3540804,
    "mae": 1.8406404256820679,
    "rmse": 1.8406404256820679,
    "r2": 0.0,
    "n_train": 251,
    "n_test": 12
}