{
    "disease": "hiv_aids",
    "cod_mun": 3508603,
    "mae": 0.2955042709219296,
    "rmse": 0.8122554032985058,
    "r2": 0.06308109858537281,
    "n_samples": 300
}