{
    "disease": "hiv_aids",
    "cod_mun": 3520707,
    "mae": 0.6335663867223471,
    "rmse": 2.654804336364155,
    "r2": 0.22546683174646798,
    "n_samples": 300
}