{
    "disease": "hepatite",
    "cod_mun": 3536505,
    "mae": 0.1732165992547124,
    "rmse": 0.3618999160190214,
    "r2": 0.17328143396823958,
    "n_samples": 300
}