{
    "disease": "hanseniase",
    "cod_mun": 3516408,
    "mae": 0.051317123077197685,
    "rmse": 0.13517138491766634,
    "r2": 0.11167508401206683,
    "n_samples": 300
}