{
    "disease": "hiv_aids",
    "cod_mun": 3541505,
    "mae": 0.8414292007468294,
    "rmse": 1.328411682961186,
    "r2": 0.3393349333760235,
    "n_samples": 300
}