{
    "disease": "hiv_aids",
    "cod_mun": 3514908,
    "mae": 3.8681491622557003,
    "rmse": 4.80081253357123,
    "r2": -0.2362395999320579,
    "n_samples": 300
}