{
    "disease": "TX_hepatite_00_23",
    "cod_mun": 3534757,
    "mae": 0.347634161512057,
    "rmse": 0.35496267455544844,
    "r2": 0.0,
    "n_train": 251,
    "n_test": 12
}