{
    "disease": "TX_sifilis_00_23",
    "cod_mun": 3505203,
    "mae": 0.5618080373398007,
    "rmse": 1.7880601792596313,
    "r2": -0.043778484303950815,
    "n_train": 251,
    "n_test": 12
}