{
    "disease": "TX_sifilis_00_23",
    "cod_mun": 3502804,
    "mae": 0.5663832159593167,
    "rmse": 0.6456112562404325,
    "r2": -1.6412570081150673,
    "n_train": 251,
    "n_test": 12
}