{
    "disease": "TX_hepatite_00_23",
    "cod_mun": 3552809,
    "mae": 0.012732582338988626,
    "rmse": 0.024274145581792382,
    "r2": 0.0,
    "n_train": 251,
    "n_test": 12
}