{
    "disease": "hiv_aids",
    "cod_mun": 3536000,
    "mae": 0.7427541825843138,
    "rmse": 2.0822676378908618,
    "r2": 0.21666927196321073,
    "n_samples": 300
}