{
    "disease": "TX_hanseniase_00_23",
    "cod_mun": 3512100,
    "mae": 0.11567573994398117,
    "rmse": 0.11567573994398117,
    "r2": 0.0,
    "n_train": 251,
    "n_test": 12
}