{
    "disease": "hepatite",
    "cod_mun": 3534005,
    "mae": 0.48629788999733686,
    "rmse": 2.1050003725910407,
    "r2": 0.4533879986322459,
    "n_samples": 300
}