{
    "disease": "TX_hepatite_00_23",
    "cod_mun": 3533205,
    "mae": 0.0009589873516233638,
    "rmse": 0.00110988927622575,
    "r2": 0.0,
    "n_train": 251,
    "n_test": 12
}