{
    "disease": "tuberculose",
    "cod_mun": 3542800,
    "mae": 2.2390580159870477,
    "rmse": 5.448073545922569,
    "r2": 0.5333700563785884,
    "n_samples": 300
}