{
    "disease": "hanseniase",
    "cod_mun": 3518503,
    "mae": 0.04172545674795018,
    "rmse": 0.34800139832327576,
    "r2": 0.006002571333532991,
    "n_samples": 300
}