{
    "disease": "hanseniase",
    "cod_mun": 3523008,
    "mae": 0.3447323289408364,
    "rmse": 2.0960353970361694,
    "r2": 0.005347421895672944,
    "n_samples": 300
}