{
    "disease": "sifilis",
    "cod_mun": 3550704,
    "mae": 0.657833049014103,
    "rmse": 1.0464857158145282,
    "r2": 0.4581568942239357,
    "n_samples": 300
}