{
    "disease": "TX_sifilis_00_23",
    "cod_mun": 3554102,
    "mae": 0.1554302326748643,
    "rmse": 0.22529950360919257,
    "r2": -0.20529989030416385,
    "n_train": 251,
    "n_test": 12
}