{
    "disease": "sifilis",
    "cod_mun": 3503109,
    "mae": 0.005342936388440975,
    "rmse": 0.02194204671987923,
    "r2": 0.9994577462638661,
    "n_samples": 300
}