{
    "disease": "sifilis",
    "cod_mun": 3515202,
    "mae": 0.6251288503659478,
    "rmse": 1.986261526925757,
    "r2": 0.12271451469243522,
    "n_samples": 300
}