{
    "disease": "TX_tuberculose_00_23",
    "cod_mun": 3512001,
    "mae": 0.6811352184052216,
    "rmse": 1.5121935464420295,
    "r2": -0.014703885893639024,
    "n_train": 251,
    "n_test": 12
}