{
    "disease": "sifilis",
    "cod_mun": 3523305,
    "mae": 0.17280663660254542,
    "rmse": 0.6314054647943814,
    "r2": 0.3210323815069548,
    "n_samples": 300
}