{
    "disease": "TX_hepatite_00_23",
    "cod_mun": 3554003,
    "mae": 0.006209625772802004,
    "rmse": 0.009109977712079284,
    "r2": 0.0,
    "n_train": 251,
    "n_test": 12
}