{
    "disease": "hiv_aids",
    "cod_mun": 3556800,
    "mae": 0.8411689866102066,
    "rmse": 1.5488957557905612,
    "r2": -0.022321285593525975,
    "n_samples": 300
}