{
    "disease": "hepatite",
    "cod_mun": 3530300,
    "mae": 0.9763922051375563,
    "rmse": 1.2804837895298642,
    "r2": 0.2567206835124546,
    "n_samples": 300
}