{
    "disease": "TX_tuberculose_00_23",
    "cod_mun": 3522901,
    "mae": 0.27827775043745834,
    "rmse": 0.40712324208749207,
    "r2": 0.0,
    "n_train": 251,
    "n_test": 12
}