{
    "disease": "hanseniase",
    "cod_mun": 3534203,
    "mae": 0.7646069861143314,
    "rmse": 2.375185826569706,
    "r2": 0.11831587650504993,
    "n_samples": 300
}