{
    "disease": "sifilis",
    "cod_mun": 3524006,
    "mae": 0.15790594909077715,
    "rmse": 0.489432185608592,
    "r2": 0.035714317704340526,
    "n_samples": 300
}