{
    "disease": "TX_hiv_aids_00_23",
    "cod_mun": 3523107,
    "mae": 0.4164152269615908,
    "rmse": 0.45583307166800086,
    "r2": -4.545632718039901,
    "n_train": 251,
    "n_test": 12
}