{
    "disease": "sifilis",
    "cod_mun": 3511201,
    "mae": 0.7510028382683993,
    "rmse": 2.860367444333374,
    "r2": 0.03812963595921448,
    "n_samples": 300
}