{
    "disease": "hanseniase",
    "cod_mun": 3513702,
    "mae": 0.09023142830289486,
    "rmse": 0.36301122894366383,
    "r2": 0.07106635462500865,
    "n_samples": 300
}