{
    "disease": "TX_hiv_aids_00_23",
    "cod_mun": 3538501,
    "mae": 0.01369162000870953,
    "rmse": 0.017918525449135397,
    "r2": 0.0,
    "n_train": 251,
    "n_test": 12
}