{
    "disease": "TX_hanseniase_00_23",
    "cod_mun": 3530201,
    "mae": 0.01318734655311952,
    "rmse": 0.013388629306413794,
    "r2": 0.0,
    "n_train": 251,
    "n_test": 12
}