{
    "disease": "TX_tuberculose_00_23",
    "cod_mun": 3551900,
    "mae": 0.3884378323952357,
    "rmse": 0.40347621452464,
    "r2": 0.0,
    "n_train": 251,
    "n_test": 12
}