{
    "disease": "sifilis",
    "cod_mun": 3540002,
    "mae": 0.3542737891124598,
    "rmse": 0.9272315362172203,
    "r2": 0.0369379173527995,
    "n_samples": 300
}