{
    "disease": "TX_hanseniase_00_23",
    "cod_mun": 3510708,
    "mae": 0.38759615023930866,
    "rmse": 0.4285963295247588,
    "r2": 0.0,
    "n_train": 251,
    "n_test": 12
}