{
    "disease": "tuberculose",
    "cod_mun": 3523503,
    "mae": 0.9314705453888436,
    "rmse": 1.8354720127103779,
    "r2": 0.21493993247585508,
    "n_samples": 300
}