{
    "disease": "sifilis",
    "cod_mun": 3542008,
    "mae": 0.7633122739813801,
    "rmse": 2.229267421953721,
    "r2": 0.5502995897238352,
    "n_samples": 300
}