{
    "disease": "TX_sifilis_00_23",
    "cod_mun": 3515202,
    "mae": 1.1105959541328554,
    "rmse": 3.002795529116644,
    "r2": -0.04409238396049897,
    "n_train": 251,
    "n_test": 12
}