{
    "disease": "sifilis",
    "cod_mun": 3517406,
    "mae": 0.19252299009205334,
    "rmse": 0.5265372005911689,
    "r2": 0.06055037423698384,
    "n_samples": 300
}