{
    "disease": "sifilis",
    "cod_mun": 3535507,
    "mae": 0.693441271574598,
    "rmse": 1.0677336844458432,
    "r2": 0.08065222759025148,
    "n_samples": 300
}