{
    "disease": "hiv_aids",
    "cod_mun": 3524006,
    "mae": 1.2634190961431997,
    "rmse": 1.7509532352584682,
    "r2": 0.24081871349918837,
    "n_samples": 300
}