{
    "disease": "TX_hepatite_00_23",
    "cod_mun": 3553104,
    "mae": 0.39969531695048016,
    "rmse": 0.575871861902984,
    "r2": 0.0,
    "n_train": 251,
    "n_test": 12
}