{
    "disease": "TX_tuberculose_00_23",
    "cod_mun": 3517703,
    "mae": 2.0037755871463605,
    "rmse": 4.798930068971298,
    "r2": -0.10400416225800457,
    "n_train": 251,
    "n_test": 12
}