{
    "disease": "TX_hanseniase_00_23",
    "cod_mun": 3521101,
    "mae": 0.05286611057817936,
    "rmse": 0.052866378309537124,
    "r2": 0.0,
    "n_train": 251,
    "n_test": 12
}