{
    "disease": "TX_hepatite_00_23",
    "cod_mun": 3523107,
    "mae": 0.01785367148113437,
    "rmse": 0.057078277884947785,
    "r2": 0.0,
    "n_train": 251,
    "n_test": 12
}