{
    "disease": "TX_tuberculose_00_23",
    "cod_mun": 3522307,
    "mae": 0.40738539005401414,
    "rmse": 0.4612586400795313,
    "r2": -0.028947219508716815,
    "n_train": 251,
    "n_test": 12
}