{
    "disease": "hepatite",
    "cod_mun": 3543204,
    "mae": 0.29035836380355967,
    "rmse": 1.7873712253798981,
    "r2": 0.000640799334223674,
    "n_samples": 300
}