{
    "disease": "hanseniase",
    "cod_mun": 3526001,
    "mae": 0.6490348710836394,
    "rmse": 1.4692691410824184,
    "r2": 0.11234964887629428,
    "n_samples": 300
}