{
    "disease": "hiv_aids",
    "cod_mun": 3545605,
    "mae": 1.6198798537330825,
    "rmse": 2.6893348913774746,
    "r2": 0.09122437666167249,
    "n_samples": 300
}