{
    "disease": "hiv_aids",
    "cod_mun": 3514403,
    "mae": 0.6840976885378486,
    "rmse": 1.2671122493296276,
    "r2": 0.07664509040931244,
    "n_samples": 300
}