{
    "disease": "TX_tuberculose_00_23",
    "cod_mun": 3542800,
    "mae": 4.858126134459151,
    "rmse": 10.436339883566198,
    "r2": -0.35698976676942085,
    "n_train": 251,
    "n_test": 12
}