{
    "disease": "hepatite",
    "cod_mun": 3549250,
    "mae": 7.820131478749595,
    "rmse": 17.51815816479793,
    "r2": 0.11276490779525772,
    "n_samples": 300
}