{
    "disease": "TX_hanseniase_00_23",
    "cod_mun": 3502903,
    "mae": 0.06161301272610823,
    "rmse": 0.06619588733614427,
    "r2": 0.0,
    "n_train": 251,
    "n_test": 12
}