{
    "disease": "hiv_aids",
    "cod_mun": 3522109,
    "mae": 0.5639776371171041,
    "rmse": 0.7449330623668936,
    "r2": 0.10317021652172376,
    "n_samples": 300
}