{
    "disease": "tuberculose",
    "cod_mun": 3544103,
    "mae": 0.7502073171619222,
    "rmse": 1.1222029387045687,
    "r2": 0.1258518413610037,
    "n_samples": 300
}