{
    "disease": "hiv_aids",
    "cod_mun": 3513207,
    "mae": 0.7432831783986533,
    "rmse": 2.169606615431271,
    "r2": 0.0008748330864094545,
    "n_samples": 300
}