{
    "disease": "TX_tuberculose_00_23",
    "cod_mun": 3509205,
    "mae": 0.5368177852851809,
    "rmse": 0.6282701365867007,
    "r2": 0.007488839599888442,
    "n_train": 251,
    "n_test": 12
}