{
    "disease": "TX_tuberculose_00_23",
    "cod_mun": 3501004,
    "mae": 0.8084328124920527,
    "rmse": 0.8084337757416133,
    "r2": 0.0,
    "n_train": 251,
    "n_test": 12
}