{
    "disease": "hanseniase",
    "cod_mun": 3552403,
    "mae": 0.05395895522038896,
    "rmse": 0.12079475101463827,
    "r2": 0.06585372471643558,
    "n_samples": 300
}