{
    "disease": "sifilis",
    "cod_mun": 3502507,
    "mae": 0.25123198836533245,
    "rmse": 0.5653652444298485,
    "r2": 0.45785289083555347,
    "n_samples": 300
}