{
    "disease": "hanseniase",
    "cod_mun": 3545100,
    "mae": 0.010701514318832032,
    "rmse": 0.06287566045560573,
    "r2": 0.9977077203296452,
    "n_samples": 300
}