{
    "disease": "sifilis",
    "cod_mun": 3542206,
    "mae": 0.4057728822922204,
    "rmse": 0.9126298602343076,
    "r2": 0.10876381022412274,
    "n_samples": 300
}