{
    "disease": "hanseniase",
    "cod_mun": 3519709,
    "mae": 0.1525515050847705,
    "rmse": 0.31117302771049976,
    "r2": 0.12938089257181384,
    "n_samples": 300
}