{
    "disease": "TX_hiv_aids_00_23",
    "cod_mun": 3552908,
    "mae": 5.375820680235054,
    "rmse": 9.028558812247978,
    "r2": -0.42967079773810446,
    "n_train": 251,
    "n_test": 12
}