{
    "disease": "TX_tuberculose_00_23",
    "cod_mun": 3500204,
    "mae": 0.09975914657115936,
    "rmse": 0.09975929102351651,
    "r2": 0.0,
    "n_train": 251,
    "n_test": 12
}