{
    "disease": "tuberculose",
    "cod_mun": 3503356,
    "mae": 1.020317868176246,
    "rmse": 4.817283116119696,
    "r2": 0.147392830961245,
    "n_samples": 300
}