{
    "disease": "TX_hepatite_00_23",
    "cod_mun": 3504305,
    "mae": 2.7950284679730735,
    "rmse": 3.2508792758199028,
    "r2": 0.0,
    "n_train": 251,
    "n_test": 12
}