{
    "disease": "sifilis",
    "cod_mun": 3502754,
    "mae": 0.3900395286544354,
    "rmse": 1.207303946029905,
    "r2": 0.16636939473695456,
    "n_samples": 300
}