{
    "disease": "hiv_aids",
    "cod_mun": 3550209,
    "mae": 0.10549160615431541,
    "rmse": 0.3948579603107112,
    "r2": 0.006507557644322204,
    "n_samples": 300
}