{
    "disease": "hiv_aids",
    "cod_mun": 3521150,
    "mae": 3.080765853045705,
    "rmse": 5.996475991237582,
    "r2": 0.001132064273187905,
    "n_samples": 300
}