{
    "disease": "hanseniase",
    "cod_mun": 3522703,
    "mae": 0.21108763990115384,
    "rmse": 0.5755558146062678,
    "r2": 0.030651257602477555,
    "n_samples": 300
}