{
    "disease": "hiv_aids",
    "cod_mun": 3532207,
    "mae": 2.7302980915972133,
    "rmse": 7.461160560017104,
    "r2": -0.06249448155430315,
    "n_samples": 300
}