{
    "disease": "TX_sifilis_00_23",
    "cod_mun": 3544202,
    "mae": 0.22863061167299747,
    "rmse": 0.3059718460308031,
    "r2": 0.0,
    "n_train": 251,
    "n_test": 12
}