{
    "disease": "TX_hiv_aids_00_23",
    "cod_mun": 3517000,
    "mae": 0.6463287820418676,
    "rmse": 0.750321502179596,
    "r2": 0.0,
    "n_train": 251,
    "n_test": 12
}