{
    "disease": "hanseniase",
    "cod_mun": 3534906,
    "mae": 0.19506065941332534,
    "rmse": 1.0442415971142995,
    "r2": 0.0011044798743771178,
    "n_samples": 300
}