{
    "disease": "TX_hiv_aids_00_23",
    "cod_mun": 3512308,
    "mae": 0.6263352910367151,
    "rmse": 0.7406393186153467,
    "r2": 0.0,
    "n_train": 251,
    "n_test": 12
}