{
    "disease": "TX_hiv_aids_00_23",
    "cod_mun": 3551603,
    "mae": 0.20291410200297832,
    "rmse": 0.2989934704308541,
    "r2": 0.0,
    "n_train": 251,
    "n_test": 12
}