{
    "disease": "TX_hepatite_00_23",
    "cod_mun": 3516606,
    "mae": 0.18941962253302336,
    "rmse": 0.25047757953060357,
    "r2": 0.0,
    "n_train": 251,
    "n_test": 12
}