{
    "disease": "hepatite",
    "cod_mun": 3501509,
    "mae": 0.43431032162400185,
    "rmse": 2.6455486345803183,
    "r2": 0.001532086691960477,
    "n_samples": 300
}