{
    "disease": "sifilis",
    "cod_mun": 3524204,
    "mae": 0.548248177738303,
    "rmse": 1.8359579938228743,
    "r2": 0.04441161798939852,
    "n_samples": 300
}