{
    "disease": "hanseniase",
    "cod_mun": 3524303,
    "mae": 0.04581855030543471,
    "rmse": 0.17375861866998432,
    "r2": 0.004596444663585886,
    "n_samples": 300
}