{
    "disease": "hanseniase",
    "cod_mun": 3556602,
    "mae": 0.06298461402567011,
    "rmse": 0.529706523263254,
    "r2": 0.003169133070360819,
    "n_samples": 300
}