{
    "disease": "TX_tuberculose_00_23",
    "cod_mun": 3556008,
    "mae": 2.0690342634842938,
    "rmse": 4.6727233572167535,
    "r2": -0.13023768721005857,
    "n_train": 251,
    "n_test": 12
}