{
    "disease": "TX_hepatite_00_23",
    "cod_mun": 3533254,
    "mae": 0.28606122235457104,
    "rmse": 0.28614573374380736,
    "r2": 0.0,
    "n_train": 251,
    "n_test": 12
}