{
    "disease": "sifilis",
    "cod_mun": 3517703,
    "mae": 0.03438970585697386,
    "rmse": 0.28825206527961256,
    "r2": 0.006584861693478383,
    "n_samples": 300
}