{
    "disease": "hanseniase",
    "cod_mun": 3504008,
    "mae": 0.04833094831316841,
    "rmse": 0.1566489248798497,
    "r2": 0.008010782788639093,
    "n_samples": 300
}