{
    "disease": "hanseniase",
    "cod_mun": 3542602,
    "mae": 0.08355170676007596,
    "rmse": 0.2881857333716439,
    "r2": 0.0630558826816453,
    "n_samples": 300
}