{
    "disease": "hanseniase",
    "cod_mun": 3503901,
    "mae": 0.05222889377222989,
    "rmse": 0.17707248844942938,
    "r2": 0.04432331746665852,
    "n_samples": 300
}