{
    "disease": "sifilis",
    "cod_mun": 3505104,
    "mae": 0.2946547769116026,
    "rmse": 1.8975200211342975,
    "r2": 0.008843670123646952,
    "n_samples": 300
}