{
    "disease": "hiv_aids",
    "cod_mun": 3532405,
    "mae": 0.4734639951850312,
    "rmse": 1.1101878767476974,
    "r2": 0.14158993670300868,
    "n_samples": 300
}