{
    "disease": "hiv_aids",
    "cod_mun": 3546306,
    "mae": 0.39707540131185887,
    "rmse": 1.307397952655873,
    "r2": -0.057943329556017886,
    "n_samples": 300
}