{
    "disease": "hanseniase",
    "cod_mun": 3530706,
    "mae": 0.056248134745706356,
    "rmse": 0.1404834321476317,
    "r2": 0.009715797899289447,
    "n_samples": 300
}