{
    "disease": "hepatite",
    "cod_mun": 3557303,
    "mae": 0.6989711669403427,
    "rmse": 1.801495326046011,
    "r2": 0.10695825232876266,
    "n_samples": 300
}