{
    "disease": "tuberculose",
    "cod_mun": 3521903,
    "mae": 0.320792725006849,
    "rmse": 0.9585553554863631,
    "r2": 0.06812160350126117,
    "n_samples": 300
}