{
    "disease": "hiv_aids",
    "cod_mun": 3552502,
    "mae": 1.7490524209390885,
    "rmse": 6.476581237083693,
    "r2": 0.923560793932814,
    "n_samples": 300
}