{
    "disease": "hanseniase",
    "cod_mun": 3535309,
    "mae": 0.09071282515279258,
    "rmse": 0.4558232152306897,
    "r2": 0.002747037949271225,
    "n_samples": 300
}