{
    "disease": "hepatite",
    "cod_mun": 3513900,
    "mae": 0.2439684921038626,
    "rmse": 0.9009665432695178,
    "r2": 0.0930228201222546,
    "n_samples": 300
}