{
    "disease": "TX_hiv_aids_00_23",
    "cod_mun": 3545308,
    "mae": 0.17874244352181753,
    "rmse": 0.20281221670370614,
    "r2": 0.0,
    "n_train": 251,
    "n_test": 12
}