{
    "disease": "TX_tuberculose_00_23",
    "cod_mun": 3534807,
    "mae": 0.1782353421052297,
    "rmse": 0.17823538679450535,
    "r2": 0.0,
    "n_train": 251,
    "n_test": 12
}