{
    "disease": "sifilis",
    "cod_mun": 3508702,
    "mae": 0.03691189748125772,
    "rmse": 0.3033573179896793,
    "r2": 0.004129770835232804,
    "n_samples": 300
}