{
    "disease": "hiv_aids",
    "cod_mun": 3554607,
    "mae": 1.2286303746728335,
    "rmse": 6.560564115568042,
    "r2": 0.08600375976786534,
    "n_samples": 300
}