{
    "disease": "TX_sifilis_00_23",
    "cod_mun": 3514403,
    "mae": 1.7987266208006982,
    "rmse": 2.3639376339794063,
    "r2": -0.33945517844646056,
    "n_train": 251,
    "n_test": 12
}