{
    "disease": "TX_hepatite_00_23",
    "cod_mun": 3536257,
    "mae": 1.202108085155487,
    "rmse": 1.9392746726913186,
    "r2": 0.0,
    "n_train": 251,
    "n_test": 12
}