{
    "disease": "TX_hanseniase_00_23",
    "cod_mun": 3525201,
    "mae": 0.2711779459214326,
    "rmse": 0.7039282991298277,
    "r2": -0.05360992780802909,
    "n_train": 251,
    "n_test": 12
}