{
    "disease": "sifilis",
    "cod_mun": 3523602,
    "mae": 0.26624555056547955,
    "rmse": 1.0767678916944932,
    "r2": 0.06375635592281426,
    "n_samples": 300
}