{
    "disease": "hanseniase",
    "cod_mun": 3533205,
    "mae": 0.31643145838500847,
    "rmse": 2.265319960438678,
    "r2": 0.6634490797805561,
    "n_samples": 300
}