{
    "disease": "hanseniase",
    "cod_mun": 3517000,
    "mae": 0.12239966673673261,
    "rmse": 0.7487619450666819,
    "r2": 0.0026118902124488974,
    "n_samples": 300
}