{
    "disease": "sifilis",
    "cod_mun": 3505401,
    "mae": 0.6191710635520106,
    "rmse": 2.0307670354572886,
    "r2": 0.20712343691801227,
    "n_samples": 300
}