{
    "disease": "sifilis",
    "cod_mun": 3517208,
    "mae": 0.3855571424032105,
    "rmse": 1.3546241180556888,
    "r2": 0.010687135778815526,
    "n_samples": 300
}