{
    "disease": "TX_hepatite_00_23",
    "cod_mun": 3542008,
    "mae": 0.8352611015240351,
    "rmse": 0.835261366089275,
    "r2": 0.0,
    "n_train": 251,
    "n_test": 12
}