{
    "disease": "hanseniase",
    "cod_mun": 3504602,
    "mae": 0.1156240761073852,
    "rmse": 0.9121871471928145,
    "r2": 0.26635993301108174,
    "n_samples": 300
}