{
    "disease": "TX_sifilis_00_23",
    "cod_mun": 3531803,
    "mae": 0.07481824917097886,
    "rmse": 0.07488925353729724,
    "r2": 0.0,
    "n_train": 251,
    "n_test": 12
}