{
    "disease": "TX_hepatite_00_23",
    "cod_mun": 3518859,
    "mae": 0.1593811921775341,
    "rmse": 0.1603190576993623,
    "r2": 0.0,
    "n_train": 251,
    "n_test": 12
}