{
    "disease": "TX_hepatite_00_23",
    "cod_mun": 3548104,
    "mae": 0.17525056252876917,
    "rmse": 0.1946096306177136,
    "r2": 0.0,
    "n_train": 251,
    "n_test": 12
}