{
    "disease": "hepatite",
    "cod_mun": 3547809,
    "mae": 0.1092369976722104,
    "rmse": 0.18766881440626476,
    "r2": 0.6249082349679582,
    "n_samples": 300
}