{
    "disease": "hiv_aids",
    "cod_mun": 3505302,
    "mae": 0.8143462535933271,
    "rmse": 1.2258843203941256,
    "r2": 0.24150947439737736,
    "n_samples": 300
}