{
    "disease": "TX_hiv_aids_00_23",
    "cod_mun": 3530003,
    "mae": 0.26440254288415116,
    "rmse": 0.5452301920376744,
    "r2": 0.0,
    "n_train": 251,
    "n_test": 12
}