{
    "disease": "hepatite",
    "cod_mun": 3533007,
    "mae": 0.5569886274282558,
    "rmse": 1.4855163212989355,
    "r2": 0.5075717753075297,
    "n_samples": 300
}