{
    "disease": "hiv_aids",
    "cod_mun": 3538808,
    "mae": 0.693517030736892,
    "rmse": 1.5623262287723165,
    "r2": -0.005601422817336443,
    "n_samples": 300
}