{
    "disease": "TX_hepatite_00_23",
    "cod_mun": 3509809,
    "mae": 0.39321260650952655,
    "rmse": 0.3935824801789822,
    "r2": 0.0,
    "n_train": 251,
    "n_test": 12
}