{
    "disease": "sifilis",
    "cod_mun": 3509809,
    "mae": 0.6510624301968565,
    "rmse": 2.68487577191938,
    "r2": 0.10937850395287585,
    "n_samples": 300
}