{
    "disease": "sifilis",
    "cod_mun": 3525904,
    "mae": 0.18061337833363364,
    "rmse": 0.2825865451427942,
    "r2": 0.3720505206083057,
    "n_samples": 300
}