{
    "disease": "hiv_aids",
    "cod_mun": 3553005,
    "mae": 1.4421338799138614,
    "rmse": 2.8101029092576413,
    "r2": 0.11435477761557433,
    "n_samples": 300
}