{
    "disease": "hiv_aids",
    "cod_mun": 3519204,
    "mae": 0.8355283146784056,
    "rmse": 3.4488404267333115,
    "r2": 0.08880291841014987,
    "n_samples": 300
}