{
    "disease": "TX_hanseniase_00_23",
    "cod_mun": 3547908,
    "mae": 0.20145977661013603,
    "rmse": 0.3498634638625448,
    "r2": 0.0,
    "n_train": 251,
    "n_test": 12
}