{
    "disease": "hiv_aids",
    "cod_mun": 3523701,
    "mae": 0.7023842349050545,
    "rmse": 2.440472926968054,
    "r2": 0.16684993508937263,
    "n_samples": 300
}