{
    "disease": "sifilis",
    "cod_mun": 3517307,
    "mae": 0.7640148810111125,
    "rmse": 2.129853894508674,
    "r2": 0.1511984607672634,
    "n_samples": 300
}