{
    "disease": "hanseniase",
    "cod_mun": 3533403,
    "mae": 0.062028524420510135,
    "rmse": 0.24673714138938452,
    "r2": -1.4716130692926654e-05,
    "n_samples": 300
}