{
    "disease": "hiv_aids",
    "cod_mun": 3549250,
    "mae": 2.9889869275861485,
    "rmse": 11.388715079581617,
    "r2": 0.31907619341464244,
    "n_samples": 300
}