{
    "disease": "hiv_aids",
    "cod_mun": 3552502,
    "mae": 5.1013026350009865,
    "rmse": 23.17220550352454,
    "r2": 0.021503501845239414,
    "n_samples": 300
}