{
    "disease": "TX_sifilis_00_23",
    "cod_mun": 3518602,
    "mae": 3.171388625157333,
    "rmse": 4.1948186811731265,
    "r2": -0.7810414239844794,
    "n_train": 251,
    "n_test": 12
}