{
    "disease": "TX_hanseniase_00_23",
    "cod_mun": 3524006,
    "mae": 0.06899428336570661,
    "rmse": 0.07665821037193726,
    "r2": 0.0,
    "n_train": 251,
    "n_test": 12
}