{
    "disease": "hiv_aids",
    "cod_mun": 3554805,
    "mae": 1.0955925618157598,
    "rmse": 2.4438648446520794,
    "r2": -0.22518897884041644,
    "n_samples": 300
}