{
    "disease": "hanseniase",
    "cod_mun": 3508702,
    "mae": 0.4831784620393045,
    "rmse": 1.1746406732597099,
    "r2": 0.4826580036805136,
    "n_samples": 300
}