{
    "disease": "hanseniase",
    "cod_mun": 3527207,
    "mae": 0.2670038982862987,
    "rmse": 0.5920457119585059,
    "r2": 0.1357380405966807,
    "n_samples": 300
}