{
    "disease": "TX_sifilis_00_23",
    "cod_mun": 3526407,
    "mae": 0.04037056275410578,
    "rmse": 0.10619220600824385,
    "r2": 0.0,
    "n_train": 251,
    "n_test": 12
}