{
    "disease": "hanseniase",
    "cod_mun": 3506904,
    "mae": 0.2244320880538028,
    "rmse": 1.137872174105649,
    "r2": 0.004002629629186738,
    "n_samples": 300
}