{
    "disease": "TX_hiv_aids_00_23",
    "cod_mun": 3555208,
    "mae": 0.6484977255264918,
    "rmse": 0.648516946597014,
    "r2": 0.0,
    "n_train": 251,
    "n_test": 12
}