{
    "disease": "sifilis",
    "cod_mun": 3550506,
    "mae": 0.7038625234998787,
    "rmse": 2.0219233953354396,
    "r2": 0.09925387405336816,
    "n_samples": 300
}