{
    "disease": "TX_hanseniase_00_23",
    "cod_mun": 3502754,
    "mae": 0.0025049310279428028,
    "rmse": 0.006601447882090663,
    "r2": 0.0,
    "n_train": 251,
    "n_test": 12
}