{
    "disease": "TX_hanseniase_00_23",
    "cod_mun": 3512803,
    "mae": 0.000590955494165731,
    "rmse": 0.0006235575487661429,
    "r2": 0.0,
    "n_train": 251,
    "n_test": 12
}