{
    "disease": "tuberculose",
    "cod_mun": 3520004,
    "mae": 1.3298208337414437,
    "rmse": 1.9755461791124305,
    "r2": 0.20424445555506077,
    "n_samples": 300
}