{
    "disease": "hiv_aids",
    "cod_mun": 3518909,
    "mae": 0.777318783902655,
    "rmse": 2.892035849693762,
    "r2": 0.09036899219563799,
    "n_samples": 300
}