{
    "disease": "hepatite",
    "cod_mun": 3544707,
    "mae": 1.6920848832586186,
    "rmse": 5.7604054620273795,
    "r2": 0.06269930255932554,
    "n_samples": 300
}