{
    "disease": "TX_hepatite_00_23",
    "cod_mun": 3541307,
    "mae": 1.4454866602859913,
    "rmse": 1.7630230066115102,
    "r2": -0.1341701806814921,
    "n_train": 251,
    "n_test": 12
}