{
    "disease": "hanseniase",
    "cod_mun": 3545209,
    "mae": 0.07011745133687948,
    "rmse": 0.19121569754525947,
    "r2": 0.051597855755987854,
    "n_samples": 300
}