{
    "disease": "sifilis",
    "cod_mun": 3547700,
    "mae": 0.21788179275414352,
    "rmse": 0.690823612790359,
    "r2": 0.7002694472346036,
    "n_samples": 300
}