{
    "disease": "hiv_aids",
    "cod_mun": 3518404,
    "mae": 4.595177720797488,
    "rmse": 6.688504594343278,
    "r2": -10.297743756080058,
    "n_samples": 300
}