{
    "disease": "TX_sifilis_00_23",
    "cod_mun": 3549508,
    "mae": 2.2396976894552063,
    "rmse": 5.30678795227289,
    "r2": -0.18415903284687118,
    "n_train": 251,
    "n_test": 12
}