{
    "disease": "TX_tuberculose_00_23",
    "cod_mun": 3536703,
    "mae": 0.5750432473905639,
    "rmse": 0.6806119647861731,
    "r2": -0.16852671971938316,
    "n_train": 251,
    "n_test": 12
}