{
    "disease": "sifilis",
    "cod_mun": 3552205,
    "mae": 0.13132161993651953,
    "rmse": 0.1913763598230153,
    "r2": 0.670376391137735,
    "n_samples": 300
}