{
    "disease": "TX_sifilis_00_23",
    "cod_mun": 3554656,
    "mae": 0.019384076818823814,
    "rmse": 0.019581644671078282,
    "r2": 0.0,
    "n_train": 251,
    "n_test": 12
}