{
    "disease": "sifilis",
    "cod_mun": 3507159,
    "mae": 0.7248847355011585,
    "rmse": 3.110652424979715,
    "r2": 0.0017768128868117516,
    "n_samples": 300
}