{
    "disease": "TX_tuberculose_00_23",
    "cod_mun": 3522703,
    "mae": 2.7412527421814725,
    "rmse": 3.4112659875210203,
    "r2": -0.870618260425708,
    "n_train": 251,
    "n_test": 12
}