{
    "disease": "tuberculose",
    "cod_mun": 3520509,
    "mae": 0.35513204769865614,
    "rmse": 0.5222796238700494,
    "r2": 0.362885766442553,
    "n_samples": 300
}