{
    "disease": "hiv_aids",
    "cod_mun": 3500303,
    "mae": 25.700381397589716,
    "rmse": 33.36586374120814,
    "r2": -119.76548062067373,
    "n_samples": 300
}