{
    "disease": "TX_hepatite_00_23",
    "cod_mun": 3539004,
    "mae": 0.06053436268121004,
    "rmse": 0.07009991808199349,
    "r2": 0.0,
    "n_train": 251,
    "n_test": 12
}