{
    "disease": "hepatite",
    "cod_mun": 3518404,
    "mae": 0.2872251779940284,
    "rmse": 0.4878125311262914,
    "r2": 0.148510992988669,
    "n_samples": 300
}