{
    "disease": "hanseniase",
    "cod_mun": 3506003,
    "mae": 4.7326465194864715,
    "rmse": 7.187979201918052,
    "r2": -0.053210164294449136,
    "n_samples": 300
}