{
    "disease": "hiv_aids",
    "cod_mun": 3518859,
    "mae": 2.3678742740957492,
    "rmse": 6.170362460684428,
    "r2": -0.09208618524743728,
    "n_samples": 300
}