{
    "disease": "TX_hiv_aids_00_23",
    "cod_mun": 3519501,
    "mae": 0.44130510836839676,
    "rmse": 0.4472171366453569,
    "r2": 0.0,
    "n_train": 251,
    "n_test": 12
}