{
    "disease": "hepatite",
    "cod_mun": 3547304,
    "mae": 0.5881034681809136,
    "rmse": 0.898174853040578,
    "r2": 0.32421721546804205,
    "n_samples": 300
}