{
    "disease": "hepatite",
    "cod_mun": 3532702,
    "mae": 1.8199305910917365,
    "rmse": 4.66779250735705,
    "r2": 0.041490038455780365,
    "n_samples": 300
}