{
    "disease": "hiv_aids",
    "cod_mun": 3514502,
    "mae": 0.5941815087784241,
    "rmse": 2.490178261334235,
    "r2": 0.10025265899721691,
    "n_samples": 300
}