{
    "disease": "TX_sifilis_00_23",
    "cod_mun": 3512902,
    "mae": 0.15463122725486755,
    "rmse": 0.15463122725486755,
    "r2": 0.0,
    "n_train": 251,
    "n_test": 12
}