{
    "disease": "TX_hepatite_00_23",
    "cod_mun": 3500808,
    "mae": 0.05367234735604143,
    "rmse": 0.12844673679922178,
    "r2": 0.0,
    "n_train": 251,
    "n_test": 12
}