{
    "disease": "hanseniase",
    "cod_mun": 3505203,
    "mae": 0.06014320582343267,
    "rmse": 0.3029498180433904,
    "r2": 0.0007124414966098724,
    "n_samples": 300
}