{
    "disease": "sifilis",
    "cod_mun": 3503109,
    "mae": 0.051954185398534906,
    "rmse": 0.3014535646897132,
    "r2": 0.8976496977194413,
    "n_samples": 300
}