{
    "disease": "TX_tuberculose_00_23",
    "cod_mun": 3542701,
    "mae": 0.07809167541563511,
    "rmse": 0.19596828955100878,
    "r2": 0.0,
    "n_train": 251,
    "n_test": 12
}