{
    "disease": "sifilis",
    "cod_mun": 3513405,
    "mae": 0.2895090931297651,
    "rmse": 0.5631790577411859,
    "r2": 0.228607358478643,
    "n_samples": 300
}