{
    "disease": "TX_tuberculose_00_23",
    "cod_mun": 3541901,
    "mae": 2.3649928697570854,
    "rmse": 3.1801455005880968,
    "r2": -0.1665877828085076,
    "n_train": 251,
    "n_test": 12
}