{
    "disease": "sifilis",
    "cod_mun": 3520707,
    "mae": 0.5086940757446748,
    "rmse": 2.521969418862708,
    "r2": 0.007266227770161837,
    "n_samples": 300
}