{
    "disease": "hanseniase",
    "cod_mun": 3511607,
    "mae": 0.45092554969496895,
    "rmse": 1.0329049145119027,
    "r2": 0.017431152955101337,
    "n_samples": 300
}