{
    "disease": "hiv_aids",
    "cod_mun": 3557105,
    "mae": 2.067399766455224,
    "rmse": 2.6245818794307745,
    "r2": 0.1383051659959772,
    "n_samples": 300
}