{
    "disease": "TX_hiv_aids_00_23",
    "cod_mun": 3511607,
    "mae": 0.10433994233608246,
    "rmse": 0.10433994233608246,
    "r2": 0.0,
    "n_train": 251,
    "n_test": 12
}