{
    "disease": "hepatite",
    "cod_mun": 3510104,
    "mae": 0.740613530155106,
    "rmse": 3.678379202924392,
    "r2": 0.0038224445480853353,
    "n_samples": 300
}