{
    "disease": "sifilis",
    "cod_mun": 3502804,
    "mae": 0.18954354953613206,
    "rmse": 0.32044049386780493,
    "r2": 0.5457117617610626,
    "n_samples": 300
}