{
    "disease": "TX_hanseniase_00_23",
    "cod_mun": 3509700,
    "mae": 0.2020418920393616,
    "rmse": 0.6332180593341774,
    "r2": -0.07130015510471321,
    "n_train": 251,
    "n_test": 12
}