{
    "disease": "TX_hepatite_00_23",
    "cod_mun": 3543600,
    "mae": 0.0013811275493935682,
    "rmse": 0.002896724274924263,
    "r2": 0.0,
    "n_train": 251,
    "n_test": 12
}