{
    "disease": "TX_hepatite_00_23",
    "cod_mun": 3531209,
    "mae": 0.8636407802502314,
    "rmse": 0.8680772502018407,
    "r2": 0.0,
    "n_train": 251,
    "n_test": 12
}