{
    "disease": "TX_hepatite_00_23",
    "cod_mun": 3523503,
    "mae": 0.03264001833546596,
    "rmse": 0.059508848388892276,
    "r2": 0.0,
    "n_train": 251,
    "n_test": 12
}