{
    "disease": "sifilis",
    "cod_mun": 3517307,
    "mae": 0.5403774246255133,
    "rmse": 2.0479807240786387,
    "r2": 0.2152013215152938,
    "n_samples": 300
}