{
    "disease": "sifilis",
    "cod_mun": 3505302,
    "mae": 0.1224955800265067,
    "rmse": 0.4215507534593861,
    "r2": 0.12291658613778011,
    "n_samples": 300
}