{
    "disease": "hiv_aids",
    "cod_mun": 3553856,
    "mae": 0.0023919314266178902,
    "rmse": 0.01350438394627882,
    "r2": 0.9998816636301714,
    "n_samples": 300
}