{
    "disease": "hepatite",
    "cod_mun": 3534906,
    "mae": 0.44128353733855913,
    "rmse": 1.7360394705320914,
    "r2": 0.19509270806245216,
    "n_samples": 300
}