{
    "disease": "TX_tuberculose_00_23",
    "cod_mun": 3509304,
    "mae": 0.003813460973712305,
    "rmse": 0.0046854291760156964,
    "r2": 0.0,
    "n_train": 251,
    "n_test": 12
}