{
    "disease": "hanseniase",
    "cod_mun": 3557154,
    "mae": 0.6238318408553218,
    "rmse": 3.823423882542492,
    "r2": 0.0037323045275604594,
    "n_samples": 300
}