{
    "disease": "hiv_aids",
    "cod_mun": 3522604,
    "mae": 1.8490332960133478,
    "rmse": 2.386413147106359,
    "r2": 0.4555766071275761,
    "n_samples": 300
}