{
    "disease": "hanseniase",
    "cod_mun": 3510609,
    "mae": 0.0493081027550025,
    "rmse": 0.10344003660631242,
    "r2": -0.011533294785765369,
    "n_samples": 300
}