{
    "disease": "sifilis",
    "cod_mun": 3529401,
    "mae": 0.0778075838778616,
    "rmse": 0.12005404128448324,
    "r2": 0.075062367334924,
    "n_samples": 300
}