{
    "disease": "TX_hepatite_00_23",
    "cod_mun": 3555406,
    "mae": 0.026544565645356972,
    "rmse": 0.031770783400846096,
    "r2": 0.0,
    "n_train": 251,
    "n_test": 12
}