{
    "disease": "hepatite",
    "cod_mun": 3556503,
    "mae": 0.29181694311919076,
    "rmse": 0.48212721140428566,
    "r2": 0.2753301968594044,
    "n_samples": 300
}