{
    "disease": "hanseniase",
    "cod_mun": 3506300,
    "mae": 0.9730792641569974,
    "rmse": 1.956273736271184,
    "r2": 0.22319606649411738,
    "n_samples": 300
}