{
    "disease": "hanseniase",
    "cod_mun": 3500303,
    "mae": 0.3387335678089689,
    "rmse": 0.7206098236726356,
    "r2": 0.07440132000929067,
    "n_samples": 300
}