{
    "disease": "TX_hepatite_00_23",
    "cod_mun": 3523800,
    "mae": 2.300148544630837,
    "rmse": 3.468436472276222,
    "r2": -0.019016977185890793,
    "n_train": 251,
    "n_test": 12
}