{
    "disease": "TX_tuberculose_00_23",
    "cod_mun": 3557303,
    "mae": 0.18383503705263138,
    "rmse": 0.18420776321586776,
    "r2": 0.0,
    "n_train": 251,
    "n_test": 12
}