{
    "disease": "hiv_aids",
    "cod_mun": 3513009,
    "mae": 0.47298087606915146,
    "rmse": 0.6226064744038746,
    "r2": 0.2668532583482939,
    "n_samples": 300
}