{
    "disease": "sifilis",
    "cod_mun": 3502507,
    "mae": 0.21483949867822635,
    "rmse": 0.6922461971407761,
    "r2": 0.18720674717302443,
    "n_samples": 300
}