{
    "disease": "hiv_aids",
    "cod_mun": 3506904,
    "mae": 1.320008527249462,
    "rmse": 3.7404653654077977,
    "r2": -0.09398185002467563,
    "n_samples": 300
}