{
    "disease": "hepatite",
    "cod_mun": 3507001,
    "mae": 0.3781330331490468,
    "rmse": 0.6966488643683224,
    "r2": 0.3832464132409952,
    "n_samples": 300
}