{
    "disease": "TX_hepatite_00_23",
    "cod_mun": 3508702,
    "mae": 0.2734735608100891,
    "rmse": 0.2736480120210171,
    "r2": 0.0,
    "n_train": 251,
    "n_test": 12
}