{
    "disease": "TX_sifilis_00_23",
    "cod_mun": 3552908,
    "mae": 0.25731126219034195,
    "rmse": 0.3106362163838199,
    "r2": 0.0,
    "n_train": 251,
    "n_test": 12
}