{
    "disease": "hanseniase",
    "cod_mun": 3532058,
    "mae": 0.14927082729927604,
    "rmse": 1.2082078931555085,
    "r2": 0.005273853063486822,
    "n_samples": 300
}