{
    "disease": "hepatite",
    "cod_mun": 3542602,
    "mae": 0.2845576256167437,
    "rmse": 0.5568873701338615,
    "r2": 0.35276979194236235,
    "n_samples": 300
}