{
    "disease": "hanseniase",
    "cod_mun": 3554508,
    "mae": 0.05759362645811981,
    "rmse": 0.28179811983098846,
    "r2": 0.008103042873815025,
    "n_samples": 300
}