{
    "disease": "hiv_aids",
    "cod_mun": 3554102,
    "mae": 1.0909457451818132,
    "rmse": 2.04468848855057,
    "r2": 0.8492076190731721,
    "n_samples": 300
}