{
    "disease": "tuberculose",
    "cod_mun": 3511904,
    "mae": 0.19018678538447262,
    "rmse": 1.1339571741222674,
    "r2": 0.005830600869764391,
    "n_samples": 300
}