{
    "disease": "sifilis",
    "cod_mun": 3520004,
    "mae": 0.25535652034532597,
    "rmse": 0.7592850942907551,
    "r2": 0.2610688577549589,
    "n_samples": 300
}