{
    "disease": "TX_hanseniase_00_23",
    "cod_mun": 3542503,
    "mae": 0.006934989748212199,
    "rmse": 0.00697472160073456,
    "r2": 0.0,
    "n_train": 251,
    "n_test": 12
}