{
    "disease": "sifilis",
    "cod_mun": 3548054,
    "mae": 0.16724018171522356,
    "rmse": 1.0020109854086001,
    "r2": 0.0037051877914160425,
    "n_samples": 300
}