{
    "disease": "TX_hiv_aids_00_23",
    "cod_mun": 3519808,
    "mae": 3.818060985375277,
    "rmse": 5.348778738492337,
    "r2": 0.09533155121835579,
    "n_train": 251,
    "n_test": 12
}