{
    "disease": "sifilis",
    "cod_mun": 3556503,
    "mae": 0.19747709840792704,
    "rmse": 0.34047757485648245,
    "r2": 0.2805552614904696,
    "n_samples": 300
}