{
    "disease": "TX_sifilis_00_23",
    "cod_mun": 3537602,
    "mae": 0.9346781510815911,
    "rmse": 1.4279555103094899,
    "r2": -0.3567134931425271,
    "n_train": 251,
    "n_test": 12
}