{
    "disease": "hiv_aids",
    "cod_mun": 3509403,
    "mae": 2.728419426863925,
    "rmse": 3.536591264448913,
    "r2": -0.015338039375548673,
    "n_samples": 300
}