{
    "disease": "TX_hepatite_00_23",
    "cod_mun": 3548609,
    "mae": 6.508986248445915,
    "rmse": 7.651018482479427,
    "r2": -0.11180917699067572,
    "n_train": 251,
    "n_test": 12
}