{
    "disease": "TX_hiv_aids_00_23",
    "cod_mun": 3526100,
    "mae": 0.46466827392578125,
    "rmse": 0.46466827392578125,
    "r2": 0.0,
    "n_train": 251,
    "n_test": 12
}