{
    "disease": "hiv_aids",
    "cod_mun": 3551207,
    "mae": 0.33790989646880293,
    "rmse": 2.097543162892827,
    "r2": 2.114683309073495e-05,
    "n_samples": 300
}