{
    "disease": "sifilis",
    "cod_mun": 3522604,
    "mae": 0.12829808656882455,
    "rmse": 0.31349504077133933,
    "r2": 0.07251403633211306,
    "n_samples": 300
}