{
    "disease": "hanseniase",
    "cod_mun": 3518909,
    "mae": 0.21012451872463975,
    "rmse": 1.9019175132026713,
    "r2": 0.1359145355058603,
    "n_samples": 300
}