{
    "disease": "TX_hiv_aids_00_23",
    "cod_mun": 3501400,
    "mae": 1.8242272734642029,
    "rmse": 2.221128474589203,
    "r2": 0.0,
    "n_train": 251,
    "n_test": 12
}