{
    "disease": "hanseniase",
    "cod_mun": 3509205,
    "mae": 0.01934974115603766,
    "rmse": 0.11352494981601091,
    "r2": 0.011986311139951855,
    "n_samples": 300
}