{
    "disease": "tuberculose",
    "cod_mun": 3524204,
    "mae": 0.6967705710036578,
    "rmse": 2.2681771396931074,
    "r2": 0.0018359379578145596,
    "n_samples": 300
}