{
    "disease": "TX_hiv_aids_00_23",
    "cod_mun": 3551504,
    "mae": 1.8841266731577437,
    "rmse": 2.1836456658103436,
    "r2": -0.2704730956167982,
    "n_train": 251,
    "n_test": 12
}