{
    "disease": "sifilis",
    "cod_mun": 3534609,
    "mae": 0.33789960404024,
    "rmse": 0.6665370716479064,
    "r2": 0.022090898327885355,
    "n_samples": 300
}