{
    "disease": "hiv_aids",
    "cod_mun": 3534401,
    "mae": 0.4163715612335408,
    "rmse": 0.5145280868691517,
    "r2": 0.29390158264374056,
    "n_samples": 300
}