{
    "disease": "tuberculose",
    "cod_mun": 3536901,
    "mae": 0.006383617817946166,
    "rmse": 0.028352177334232852,
    "r2": 0.999806627028348,
    "n_samples": 300
}