{
    "disease": "hepatite",
    "cod_mun": 3546702,
    "mae": 0.4037908005911678,
    "rmse": 1.127253044400804,
    "r2": 0.25457350339278073,
    "n_samples": 300
}