{
    "disease": "tuberculose",
    "cod_mun": 3516002,
    "mae": 0.4942795166244914,
    "rmse": 1.4333835438048481,
    "r2": 0.12156621689015212,
    "n_samples": 300
}