{
    "disease": "hiv_aids",
    "cod_mun": 3520509,
    "mae": 1.5567297952000239,
    "rmse": 2.3251131734725416,
    "r2": 0.1453553169141385,
    "n_samples": 300
}