{
    "disease": "TX_tuberculose_00_23",
    "cod_mun": 3547908,
    "mae": 1.302103854414548,
    "rmse": 4.260921630288315,
    "r2": -0.09092651873954138,
    "n_train": 251,
    "n_test": 12
}