{
    "disease": "hiv_aids",
    "cod_mun": 3536109,
    "mae": 0.6932236298665752,
    "rmse": 2.8145619983418184,
    "r2": 0.0019533804618250272,
    "n_samples": 300
}