{
    "disease": "hiv_aids",
    "cod_mun": 3533908,
    "mae": 1.0931877097143867,
    "rmse": 1.438119656891113,
    "r2": 0.15945439664191252,
    "n_samples": 300
}