{
    "disease": "sifilis",
    "cod_mun": 3549508,
    "mae": 0.364492842685036,
    "rmse": 1.4785766478203723,
    "r2": 0.2230981588784171,
    "n_samples": 300
}