{
    "disease": "hanseniase",
    "cod_mun": 3551702,
    "mae": 0.12933066486473543,
    "rmse": 0.2684070168702331,
    "r2": 0.06125431172810969,
    "n_samples": 300
}