{
    "disease": "tuberculose",
    "cod_mun": 3540804,
    "mae": 0.28853878999182603,
    "rmse": 0.8819360740816097,
    "r2": 0.22621545103916207,
    "n_samples": 300
}