{
    "disease": "sifilis",
    "cod_mun": 3511706,
    "mae": 0.5311985727939924,
    "rmse": 1.4277824464814497,
    "r2": 0.20227521287917116,
    "n_samples": 300
}