{
    "disease": "TX_sifilis_00_23",
    "cod_mun": 3535200,
    "mae": 0.13729121970633665,
    "rmse": 0.14876872490971843,
    "r2": 0.0,
    "n_train": 251,
    "n_test": 12
}