{
    "disease": "hanseniase",
    "cod_mun": 3517109,
    "mae": 0.21045408451312736,
    "rmse": 1.6950640039723595,
    "r2": 0.15103067665070158,
    "n_samples": 300
}