{
    "disease": "TX_tuberculose_00_23",
    "cod_mun": 3500303,
    "mae": 1.0279508754411928,
    "rmse": 1.9359001891474956,
    "r2": -0.054046452626801855,
    "n_train": 251,
    "n_test": 12
}