{
    "disease": "tuberculose",
    "cod_mun": 3522307,
    "mae": 0.4635181098825034,
    "rmse": 0.6244547741317682,
    "r2": 0.6599771211991727,
    "n_samples": 300
}