{
    "disease": "hiv_aids",
    "cod_mun": 3516408,
    "mae": 0.6710137834191094,
    "rmse": 0.8890443359906922,
    "r2": 0.20091129931012852,
    "n_samples": 300
}