{
    "disease": "sifilis",
    "cod_mun": 3513207,
    "mae": 0.23399480862756025,
    "rmse": 1.0729180481997291,
    "r2": 0.09692805719229125,
    "n_samples": 300
}