{
    "disease": "hanseniase",
    "cod_mun": 3515509,
    "mae": 0.8306209116158578,
    "rmse": 1.051356549327979,
    "r2": -0.24841981418660675,
    "n_samples": 300
}