{
    "disease": "TX_hanseniase_00_23",
    "cod_mun": 3504206,
    "mae": 0.08934256993234158,
    "rmse": 0.09338371186909941,
    "r2": 0.0,
    "n_train": 251,
    "n_test": 12
}