{
    "disease": "hanseniase",
    "cod_mun": 3504800,
    "mae": 0.17628116153140258,
    "rmse": 1.0579725869157472,
    "r2": 0.007265061866166378,
    "n_samples": 300
}