{
    "disease": "TX_hepatite_00_23",
    "cod_mun": 3556503,
    "mae": 0.2006295730461052,
    "rmse": 0.3092682189794948,
    "r2": -0.07695673980830953,
    "n_train": 251,
    "n_test": 12
}