{
    "disease": "TX_tuberculose_00_23",
    "cod_mun": 3519253,
    "mae": 3.596153043546336,
    "rmse": 5.826606417441891,
    "r2": -0.1614129947711116,
    "n_train": 251,
    "n_test": 12
}