{
    "disease": "TX_hepatite_00_23",
    "cod_mun": 3544806,
    "mae": 0.49471046030521393,
    "rmse": 0.8372820120659684,
    "r2": 0.0,
    "n_train": 251,
    "n_test": 12
}