{
    "disease": "tuberculose",
    "cod_mun": 3533304,
    "mae": 0.28447599267451246,
    "rmse": 1.3303490599213428,
    "r2": 0.9301643595239569,
    "n_samples": 300
}