{
    "disease": "hepatite",
    "cod_mun": 3548807,
    "mae": 0.305661914090645,
    "rmse": 0.5158033496229337,
    "r2": 0.29350488190356305,
    "n_samples": 300
}