{
    "disease": "hanseniase",
    "cod_mun": 3509304,
    "mae": 0.0271950476090582,
    "rmse": 0.1797581114586329,
    "r2": 0.9508163724512174,
    "n_samples": 300
}