{
    "disease": "sifilis",
    "cod_mun": 3505906,
    "mae": 0.42647940198086737,
    "rmse": 0.6550513524284474,
    "r2": 0.17314583912972392,
    "n_samples": 300
}