{
    "disease": "hanseniase",
    "cod_mun": 3539301,
    "mae": 0.07197699439583265,
    "rmse": 0.22372938712477672,
    "r2": 0.0005923666104555858,
    "n_samples": 300
}