{
    "disease": "tuberculose",
    "cod_mun": 3519709,
    "mae": 0.45731838047815854,
    "rmse": 0.7283983758095319,
    "r2": 0.3019349773888671,
    "n_samples": 300
}