{
    "disease": "TX_tuberculose_00_23",
    "cod_mun": 3554409,
    "mae": 1.3064842007080395,
    "rmse": 3.576891479884642,
    "r2": -0.04608096419084817,
    "n_train": 251,
    "n_test": 12
}