{
    "disease": "hiv_aids",
    "cod_mun": 3500105,
    "mae": 0.7700765968639179,
    "rmse": 1.138551722728445,
    "r2": 0.1350566386653298,
    "n_samples": 300
}