{
    "disease": "hiv_aids",
    "cod_mun": 3523909,
    "mae": 1.1206477613816566,
    "rmse": 1.4204895358777738,
    "r2": 0.05226868841841237,
    "n_samples": 300
}