{
    "disease": "hiv_aids",
    "cod_mun": 3529708,
    "mae": 1.2790584163384109,
    "rmse": 2.2120681597511465,
    "r2": 0.23152546056997347,
    "n_samples": 300
}