{
    "disease": "hiv_aids",
    "cod_mun": 3523107,
    "mae": 0.37337994383530654,
    "rmse": 0.5032677722355496,
    "r2": 0.18797130075714674,
    "n_samples": 300
}