{
    "disease": "hanseniase",
    "cod_mun": 3549953,
    "mae": 0.04393604890725792,
    "rmse": 0.3673447729188865,
    "r2": 0.0030101499678666377,
    "n_samples": 300
}