{
    "disease": "hepatite",
    "cod_mun": 3526407,
    "mae": 0.45627950909838955,
    "rmse": 1.0082597331174141,
    "r2": 0.07572498978816689,
    "n_samples": 300
}