{
    "disease": "TX_hiv_aids_00_23",
    "cod_mun": 3544905,
    "mae": 0.6262113352616628,
    "rmse": 0.6294960913780219,
    "r2": 0.0,
    "n_train": 251,
    "n_test": 12
}