{
    "disease": "hepatite",
    "cod_mun": 3524501,
    "mae": 4.13013943187795,
    "rmse": 6.893591360340378,
    "r2": 0.1571656771886305,
    "n_samples": 300
}