{
    "disease": "TX_sifilis_00_23",
    "cod_mun": 3507407,
    "mae": 0.7872655992674659,
    "rmse": 2.116376183387763,
    "r2": -0.04751066089438649,
    "n_train": 251,
    "n_test": 12
}