{
    "disease": "hiv_aids",
    "cod_mun": 3526001,
    "mae": 0.7220490537883324,
    "rmse": 1.513436006521895,
    "r2": 0.04935903186521895,
    "n_samples": 300
}