{
    "disease": "sifilis",
    "cod_mun": 3511607,
    "mae": 0.2358059337660166,
    "rmse": 1.0048529979258216,
    "r2": 0.05295134003219748,
    "n_samples": 300
}