{
    "disease": "hiv_aids",
    "cod_mun": 3501103,
    "mae": 0.16058611249247098,
    "rmse": 1.370079142308563,
    "r2": 0.006626991114384584,
    "n_samples": 300
}