{
    "disease": "hiv_aids",
    "cod_mun": 3511102,
    "mae": 2.7922159774881545,
    "rmse": 3.4571389473443164,
    "r2": 0.4018654513962139,
    "n_samples": 300
}