{
    "disease": "TX_hanseniase_00_23",
    "cod_mun": 3508504,
    "mae": 0.010471156022200981,
    "rmse": 0.010479190136360995,
    "r2": 0.0,
    "n_train": 251,
    "n_test": 12
}