{
    "disease": "TX_hanseniase_00_23",
    "cod_mun": 3550902,
    "mae": 0.06699895424147446,
    "rmse": 0.06699944225412248,
    "r2": 0.0,
    "n_train": 251,
    "n_test": 12
}