{
    "disease": "hiv_aids",
    "cod_mun": 3516507,
    "mae": 0.29318730732889314,
    "rmse": 2.2695605463562547,
    "r2": 0.8078992187515593,
    "n_samples": 300
}