{
    "disease": "hanseniase",
    "cod_mun": 3511201,
    "mae": 0.42980392815169516,
    "rmse": 1.5633083685325149,
    "r2": 0.13041268424249275,
    "n_samples": 300
}