{
    "disease": "TX_hiv_aids_00_23",
    "cod_mun": 3542701,
    "mae": 0.753350353334099,
    "rmse": 1.0315063674362739,
    "r2": 0.0,
    "n_train": 251,
    "n_test": 12
}