{
    "disease": "sifilis",
    "cod_mun": 3516606,
    "mae": 0.3409427990555547,
    "rmse": 1.2410301772340093,
    "r2": 0.8784991329007013,
    "n_samples": 300
}