{
    "disease": "TX_sifilis_00_23",
    "cod_mun": 3548500,
    "mae": 0.46681653614370994,
    "rmse": 0.6235126847088099,
    "r2": -0.02199556100949973,
    "n_train": 251,
    "n_test": 12
}