{
    "disease": "tuberculose",
    "cod_mun": 3531803,
    "mae": 0.9576786228453892,
    "rmse": 1.5305380533978687,
    "r2": 0.6083524116931351,
    "n_samples": 300
}