{
    "disease": "TX_sifilis_00_23",
    "cod_mun": 3503109,
    "mae": 0.0013014161377213895,
    "rmse": 0.0019023578590234473,
    "r2": 0.0,
    "n_train": 251,
    "n_test": 12
}