{
    "disease": "TX_hiv_aids_00_23",
    "cod_mun": 3553104,
    "mae": 0.5060650557279587,
    "rmse": 0.5854339273669089,
    "r2": 0.0,
    "n_train": 251,
    "n_test": 12
}