{
    "disease": "TX_hepatite_00_23",
    "cod_mun": 3512704,
    "mae": 0.5773018176356951,
    "rmse": 0.6273571858016591,
    "r2": 0.0,
    "n_train": 251,
    "n_test": 12
}