{
    "disease": "sifilis",
    "cod_mun": 3545159,
    "mae": 0.3024546879848508,
    "rmse": 1.5643794645693776,
    "r2": 0.056860535506937815,
    "n_samples": 300
}