{
    "disease": "TX_sifilis_00_23",
    "cod_mun": 3524600,
    "mae": 0.09636473463615403,
    "rmse": 0.19381934587271285,
    "r2": 0.0,
    "n_train": 251,
    "n_test": 12
}