{
    "disease": "hiv_aids",
    "cod_mun": 3501400,
    "mae": 4.286667174844335,
    "rmse": 7.463891418281224,
    "r2": 0.09912509918641155,
    "n_samples": 300
}