{
    "disease": "hepatite",
    "cod_mun": 3516002,
    "mae": 3.0338741161250815,
    "rmse": 3.7752040163468488,
    "r2": 0.07284743648718861,
    "n_samples": 300
}