{
    "disease": "TX_hepatite_00_23",
    "cod_mun": 3554201,
    "mae": 2.5217620165459222,
    "rmse": 6.823447361242506,
    "r2": -0.044163122645062725,
    "n_train": 251,
    "n_test": 12
}