{
    "disease": "TX_sifilis_00_23",
    "cod_mun": 3526803,
    "mae": 0.9967048812913445,
    "rmse": 1.5536001304172682,
    "r2": -0.44239931085716977,
    "n_train": 251,
    "n_test": 12
}