{
    "disease": "hiv_aids",
    "cod_mun": 3534005,
    "mae": 5.192460922181503,
    "rmse": 10.378354959816589,
    "r2": 0.07142963673876424,
    "n_samples": 300
}