{
    "disease": "sifilis",
    "cod_mun": 3534005,
    "mae": 0.320778260447854,
    "rmse": 2.004853476203818,
    "r2": 0.00029071907386646334,
    "n_samples": 300
}