{
    "disease": "TX_sifilis_00_23",
    "cod_mun": 3541000,
    "mae": 1.0431569718646407,
    "rmse": 1.3094714889905243,
    "r2": -0.32317547814454195,
    "n_train": 251,
    "n_test": 12
}