{
    "disease": "hanseniase",
    "cod_mun": 3514304,
    "mae": 0.3004952410841632,
    "rmse": 1.3047657444058183,
    "r2": 0.0015786874125495176,
    "n_samples": 300
}