{
    "disease": "hanseniase",
    "cod_mun": 3540606,
    "mae": 0.08372525503010325,
    "rmse": 0.339681151695048,
    "r2": 0.008023292489039657,
    "n_samples": 300
}