{
    "disease": "hanseniase",
    "cod_mun": 3550100,
    "mae": 0.3315195360590629,
    "rmse": 0.7499271666907797,
    "r2": 0.06080321180094572,
    "n_samples": 300
}