{
    "disease": "hepatite",
    "cod_mun": 3553609,
    "mae": 4.723456742916654,
    "rmse": 7.955338512033384,
    "r2": 0.2840115641987795,
    "n_samples": 300
}