{
    "disease": "sifilis",
    "cod_mun": 3523503,
    "mae": 0.3214192021668385,
    "rmse": 0.9681738490758057,
    "r2": 0.12369894638903278,
    "n_samples": 300
}