{
    "disease": "hanseniase",
    "cod_mun": 3505500,
    "mae": 0.15277481497783865,
    "rmse": 0.2761349445815947,
    "r2": 0.19086261892957612,
    "n_samples": 300
}