{
    "disease": "TX_tuberculose_00_23",
    "cod_mun": 3538501,
    "mae": 0.93958707384623,
    "rmse": 2.229505806661566,
    "r2": -0.03257422784255826,
    "n_train": 251,
    "n_test": 12
}