{
    "disease": "TX_sifilis_00_23",
    "cod_mun": 3535606,
    "mae": 0.16944491987427077,
    "rmse": 0.17636256019140892,
    "r2": 0.0,
    "n_train": 251,
    "n_test": 12
}