{
    "disease": "hiv_aids",
    "cod_mun": 3553658,
    "mae": 1.5177902285095348,
    "rmse": 5.087494021973353,
    "r2": 0.0934078819276738,
    "n_samples": 300
}