{
    "disease": "TX_tuberculose_00_23",
    "cod_mun": 3548906,
    "mae": 0.5345831069018095,
    "rmse": 0.6294984697819398,
    "r2": -0.09474974683070148,
    "n_train": 251,
    "n_test": 12
}