{
    "disease": "hiv_aids",
    "cod_mun": 3514106,
    "mae": 0.8096861465803775,
    "rmse": 1.4238570584483654,
    "r2": 0.13170491977157117,
    "n_samples": 300
}