{
    "disease": "tuberculose",
    "cod_mun": 3518602,
    "mae": 0.7416188853219986,
    "rmse": 1.3118083171683739,
    "r2": 0.18165154898345237,
    "n_samples": 300
}