{
    "disease": "hepatite",
    "cod_mun": 3544806,
    "mae": 0.6883920930835846,
    "rmse": 2.4913743341888313,
    "r2": 0.00028289049759111506,
    "n_samples": 300
}