{
    "disease": "TX_hiv_aids_00_23",
    "cod_mun": 3556305,
    "mae": 0.7886521716912588,
    "rmse": 0.7993077326925242,
    "r2": 0.0,
    "n_train": 251,
    "n_test": 12
}