{
    "disease": "hepatite",
    "cod_mun": 3517901,
    "mae": 0.3913449653795105,
    "rmse": 1.39675307639522,
    "r2": 8.813515044392428e-05,
    "n_samples": 300
}