{
    "disease": "TX_hanseniase_00_23",
    "cod_mun": 3535507,
    "mae": 0.21261263000341804,
    "rmse": 0.7026986766345409,
    "r2": -0.08990407298763659,
    "n_train": 251,
    "n_test": 12
}