{
    "disease": "TX_hiv_aids_00_23",
    "cod_mun": 3537404,
    "mae": 1.1046229600906372,
    "rmse": 1.1139214095635326,
    "r2": 0.0,
    "n_train": 251,
    "n_test": 12
}