{
    "disease": "sifilis",
    "cod_mun": 3549201,
    "mae": 1.0310928681255194,
    "rmse": 4.424852024418835,
    "r2": 0.004137523632082529,
    "n_samples": 300
}