{
    "disease": "sifilis",
    "cod_mun": 3500808,
    "mae": 0.49833219749873287,
    "rmse": 2.512649936087831,
    "r2": -1.3496315183436636e-05,
    "n_samples": 300
}