{
    "disease": "TX_sifilis_00_23",
    "cod_mun": 3533502,
    "mae": 0.3735384659959215,
    "rmse": 0.617225249550038,
    "r2": 0.25927320029490786,
    "n_train": 251,
    "n_test": 12
}