{
    "disease": "TX_hiv_aids_00_23",
    "cod_mun": 3530706,
    "mae": 0.18683436302928125,
    "rmse": 0.25115204850657913,
    "r2": -0.9707300364494593,
    "n_train": 251,
    "n_test": 12
}