{
    "disease": "sifilis",
    "cod_mun": 3503505,
    "mae": 0.3579555972431212,
    "rmse": 1.7189428886583906,
    "r2": 0.3192563124723048,
    "n_samples": 300
}