{
    "disease": "hiv_aids",
    "cod_mun": 3529104,
    "mae": 0.33509017163204013,
    "rmse": 2.7170143984894484,
    "r2": 0.0041431454665200595,
    "n_samples": 300
}