{
    "disease": "TX_hiv_aids_00_23",
    "cod_mun": 3516853,
    "mae": 0.0017356536506364744,
    "rmse": 0.0017380782684280048,
    "r2": 0.0,
    "n_train": 251,
    "n_test": 12
}