{
    "disease": "TX_hiv_aids_00_23",
    "cod_mun": 3502903,
    "mae": 0.4401425662943928,
    "rmse": 0.779820928894884,
    "r2": 0.13715656047494273,
    "n_train": 251,
    "n_test": 12
}