{
    "disease": "TX_hanseniase_00_23",
    "cod_mun": 3541703,
    "mae": 0.007531981168237205,
    "rmse": 0.02364154821581604,
    "r2": 0.0,
    "n_train": 251,
    "n_test": 12
}