{
    "disease": "TX_sifilis_00_23",
    "cod_mun": 3545704,
    "mae": 2.6512470079585513,
    "rmse": 6.3652895674228605,
    "r2": -0.19041568839785916,
    "n_train": 251,
    "n_test": 12
}