{
    "disease": "TX_hanseniase_00_23",
    "cod_mun": 3518107,
    "mae": 0.018583314027637243,
    "rmse": 0.018593094490288987,
    "r2": 0.0,
    "n_train": 251,
    "n_test": 12
}