{
    "disease": "hanseniase",
    "cod_mun": 3505807,
    "mae": 0.39186170462115466,
    "rmse": 0.9151622997757946,
    "r2": 0.09142304673941903,
    "n_samples": 300
}