{
    "disease": "hiv_aids",
    "cod_mun": 3545001,
    "mae": 0.5802658394975938,
    "rmse": 1.302922818524799,
    "r2": 0.060263753678790666,
    "n_samples": 300
}