{
    "disease": "hanseniase",
    "cod_mun": 3529302,
    "mae": 0.10384818508791271,
    "rmse": 0.27400960803407165,
    "r2": 0.0008234875137382858,
    "n_samples": 300
}