{
    "disease": "hepatite",
    "cod_mun": 3503901,
    "mae": 0.29587766251593667,
    "rmse": 0.5046156462308926,
    "r2": 0.07054332203298119,
    "n_samples": 300
}