{
    "disease": "hiv_aids",
    "cod_mun": 3543709,
    "mae": 1.7651815169540008,
    "rmse": 3.7718836284641286,
    "r2": 0.08546369285706068,
    "n_samples": 300
}