{
    "disease": "hiv_aids",
    "cod_mun": 3506706,
    "mae": 0.6768847660361463,
    "rmse": 1.7246661157318575,
    "r2": 0.09634411627527073,
    "n_samples": 300
}