{
    "disease": "hepatite",
    "cod_mun": 3535804,
    "mae": 0.42284046414068427,
    "rmse": 1.0277968667676458,
    "r2": 0.12216822113822168,
    "n_samples": 300
}