{
    "disease": "TX_tuberculose_00_23",
    "cod_mun": 3532207,
    "mae": 0.07727059473594029,
    "rmse": 0.07727060317493983,
    "r2": 0.0,
    "n_train": 251,
    "n_test": 12
}