{
    "disease": "TX_hanseniase_00_23",
    "cod_mun": 3545209,
    "mae": 0.044736525509506464,
    "rmse": 0.04903532222492871,
    "r2": 0.0,
    "n_train": 251,
    "n_test": 12
}