{
    "disease": "sifilis",
    "cod_mun": 3521705,
    "mae": 0.38121979254544663,
    "rmse": 0.9963897750276643,
    "r2": 0.10521030848555202,
    "n_samples": 300
}