{
    "disease": "TX_hepatite_00_23",
    "cod_mun": 3510401,
    "mae": 0.27573197447783165,
    "rmse": 0.5465585210901581,
    "r2": -0.015312449665294103,
    "n_train": 251,
    "n_test": 12
}