{
    "disease": "tuberculose",
    "cod_mun": 3515194,
    "mae": 0.15724224996364702,
    "rmse": 0.9720472110723335,
    "r2": 0.30986372848153765,
    "n_samples": 300
}