{
    "disease": "hepatite",
    "cod_mun": 3534401,
    "mae": 0.10486820096030634,
    "rmse": 0.16213434187117168,
    "r2": 0.6250619627417247,
    "n_samples": 300
}