{
    "disease": "hanseniase",
    "cod_mun": 3520509,
    "mae": 0.1236323719662496,
    "rmse": 0.21597973585312996,
    "r2": 0.11788676789516772,
    "n_samples": 300
}