{
    "disease": "TX_hepatite_00_23",
    "cod_mun": 3552106,
    "mae": 0.38648773978153866,
    "rmse": 0.38759621299636166,
    "r2": 0.0,
    "n_train": 251,
    "n_test": 12
}