{
    "disease": "TX_sifilis_00_23",
    "cod_mun": 3539905,
    "mae": 0.08743847782413165,
    "rmse": 0.08743854618916021,
    "r2": 0.0,
    "n_train": 251,
    "n_test": 12
}