{
    "disease": "TX_hanseniase_00_23",
    "cod_mun": 3548104,
    "mae": 0.041553644773860775,
    "rmse": 0.04155393465629823,
    "r2": 0.0,
    "n_train": 251,
    "n_test": 12
}