{
    "disease": "sifilis",
    "cod_mun": 3514700,
    "mae": 0.566225833272609,
    "rmse": 1.9309992615354383,
    "r2": 0.6742453878160493,
    "n_samples": 300
}