{
    "disease": "hepatite",
    "cod_mun": 3556453,
    "mae": 0.09199733375126218,
    "rmse": 0.35934036574320005,
    "r2": 0.7299006805443224,
    "n_samples": 300
}