{
    "disease": "hiv_aids",
    "cod_mun": 3556008,
    "mae": 2.346748935839244,
    "rmse": 3.2940519574792755,
    "r2": 0.10319461689466958,
    "n_samples": 300
}