{
    "disease": "TX_hanseniase_00_23",
    "cod_mun": 3535101,
    "mae": 0.08921638317406178,
    "rmse": 0.08921679689501866,
    "r2": 0.0,
    "n_train": 251,
    "n_test": 12
}