{
    "disease": "TX_hepatite_00_23",
    "cod_mun": 3526506,
    "mae": 2.5211437632532534,
    "rmse": 3.3702736115120118,
    "r2": -0.3692432399349159,
    "n_train": 251,
    "n_test": 12
}