{
    "disease": "hepatite",
    "cod_mun": 3506706,
    "mae": 1.6602098924096347,
    "rmse": 3.148085716491346,
    "r2": 0.26499170392768945,
    "n_samples": 300
}