{
    "disease": "sifilis",
    "cod_mun": 3546504,
    "mae": 0.12229507949468832,
    "rmse": 1.0137349377724998,
    "r2": 0.004840726517763683,
    "n_samples": 300
}