{
    "disease": "TX_hepatite_00_23",
    "cod_mun": 3523206,
    "mae": 0.6214002292094435,
    "rmse": 0.8252056031053205,
    "r2": -0.7644889978147762,
    "n_train": 251,
    "n_test": 12
}