{
    "disease": "hepatite",
    "cod_mun": 3529807,
    "mae": 0.21506345352046097,
    "rmse": 0.9267962952991017,
    "r2": 0.004699854880087728,
    "n_samples": 300
}