{
    "disease": "hepatite",
    "cod_mun": 3532108,
    "mae": 0.7849883609993934,
    "rmse": 2.864184965605381,
    "r2": 0.18727851085982206,
    "n_samples": 300
}