{
    "disease": "sifilis",
    "cod_mun": 3504602,
    "mae": 0.20697051635545127,
    "rmse": 0.8130029013694713,
    "r2": 0.002633735503864587,
    "n_samples": 300
}