{
    "disease": "TX_hepatite_00_23",
    "cod_mun": 3518602,
    "mae": 3.503907059737894,
    "rmse": 4.573134236275748,
    "r2": -0.18954443418246525,
    "n_train": 251,
    "n_test": 12
}