{
    "disease": "sifilis",
    "cod_mun": 3506805,
    "mae": 0.11656751692963965,
    "rmse": 0.7017188527081933,
    "r2": 0.0008245890464833039,
    "n_samples": 300
}