{
    "disease": "hiv_aids",
    "cod_mun": 3555703,
    "mae": 7.407884870669696,
    "rmse": 15.971444037978682,
    "r2": 0.0596975124786443,
    "n_samples": 300
}