{
    "disease": "TX_tuberculose_00_23",
    "cod_mun": 3537156,
    "mae": 0.007011466087230171,
    "rmse": 0.014106151641317411,
    "r2": 0.0,
    "n_train": 251,
    "n_test": 12
}