{
    "disease": "sifilis",
    "cod_mun": 3550308,
    "mae": 0.06304753988872965,
    "rmse": 0.07981617071492024,
    "r2": 0.7779451202610279,
    "n_samples": 300
}