{
    "disease": "tuberculose",
    "cod_mun": 3513603,
    "mae": 0.706147495594259,
    "rmse": 1.3954603151285083,
    "r2": 0.22034607669602724,
    "n_samples": 300
}