{
    "disease": "TX_hanseniase_00_23",
    "cod_mun": 3533908,
    "mae": 0.0001842097628165599,
    "rmse": 0.00024532855985166655,
    "r2": 0.0,
    "n_train": 251,
    "n_test": 12
}