{
    "disease": "hepatite",
    "cod_mun": 3525904,
    "mae": 0.08903117467820064,
    "rmse": 0.1724013237594299,
    "r2": 0.6277095032057952,
    "n_samples": 300
}