{
    "disease": "hiv_aids",
    "cod_mun": 3504305,
    "mae": 3.335502664076074,
    "rmse": 6.417001168789375,
    "r2": 0.32754803893977336,
    "n_samples": 300
}