{
    "disease": "hepatite",
    "cod_mun": 3509007,
    "mae": 0.35639572186606716,
    "rmse": 0.5178064567845214,
    "r2": 0.030669690314759745,
    "n_samples": 300
}