{
    "disease": "sifilis",
    "cod_mun": 3517406,
    "mae": 0.1287026568815345,
    "rmse": 0.5375940998351187,
    "r2": 0.020680584311984496,
    "n_samples": 300
}