{
    "disease": "tuberculose",
    "cod_mun": 3514502,
    "mae": 0.8921207388845083,
    "rmse": 2.016699111898647,
    "r2": 0.03776472374715145,
    "n_samples": 300
}