{
    "disease": "TX_hanseniase_00_23",
    "cod_mun": 3532603,
    "mae": 0.2906966855128606,
    "rmse": 0.2949370042975485,
    "r2": 0.0,
    "n_train": 251,
    "n_test": 12
}