{
    "disease": "sifilis",
    "cod_mun": 3551702,
    "mae": 0.1645762516243507,
    "rmse": 0.2857440991814429,
    "r2": 0.07472494079385106,
    "n_samples": 300
}