{
    "disease": "TX_hiv_aids_00_23",
    "cod_mun": 3534609,
    "mae": 0.5528613403439522,
    "rmse": 0.5784837187301296,
    "r2": 0.0,
    "n_train": 251,
    "n_test": 12
}