{
    "disease": "hanseniase",
    "cod_mun": 3549409,
    "mae": 0.195185959744628,
    "rmse": 0.41078883689083284,
    "r2": 0.04643087153394998,
    "n_samples": 300
}