{
    "disease": "hiv_aids",
    "cod_mun": 3531407,
    "mae": 2.731450324480188,
    "rmse": 3.633325894704008,
    "r2": 0.07270841591892618,
    "n_samples": 300
}