{
    "disease": "TX_sifilis_00_23",
    "cod_mun": 3523503,
    "mae": 0.12819654742876688,
    "rmse": 0.16691868672386775,
    "r2": 0.0,
    "n_train": 251,
    "n_test": 12
}