{
    "disease": "TX_tuberculose_00_23",
    "cod_mun": 3509007,
    "mae": 0.3375664204538518,
    "rmse": 0.5563013835043266,
    "r2": 0.015345374157406999,
    "n_train": 251,
    "n_test": 12
}