{
    "disease": "hanseniase",
    "cod_mun": 3514106,
    "mae": 0.10323149445782322,
    "rmse": 0.4571625980762363,
    "r2": -1.0862965150071346e-05,
    "n_samples": 300
}