{
    "disease": "TX_sifilis_00_23",
    "cod_mun": 3505302,
    "mae": 0.4268532543177064,
    "rmse": 0.8030014187268656,
    "r2": -0.0006368156757901033,
    "n_train": 251,
    "n_test": 12
}