{
    "disease": "hiv_aids",
    "cod_mun": 3525102,
    "mae": 2.116713602160688,
    "rmse": 2.9451922405361017,
    "r2": 0.20897605711830813,
    "n_samples": 300
}