{
    "disease": "TX_hiv_aids_00_23",
    "cod_mun": 3516507,
    "mae": 0.4527009502053261,
    "rmse": 0.4527024350324452,
    "r2": 0.0,
    "n_train": 251,
    "n_test": 12
}