{
    "disease": "hiv_aids",
    "cod_mun": 3532009,
    "mae": 0.8735571758955598,
    "rmse": 2.1064934964823694,
    "r2": 0.07050836100752811,
    "n_samples": 300
}