{
    "disease": "sifilis",
    "cod_mun": 3552551,
    "mae": 0.40705787596484194,
    "rmse": 2.5268626018503664,
    "r2": 0.0009088143870108478,
    "n_samples": 300
}