{
    "disease": "TX_hepatite_00_23",
    "cod_mun": 3535606,
    "mae": 0.579201245955934,
    "rmse": 1.5774625095892956,
    "r2": -0.06802373209736956,
    "n_train": 251,
    "n_test": 12
}