{
    "disease": "TX_tuberculose_00_23",
    "cod_mun": 3515350,
    "mae": 0.11844035238027573,
    "rmse": 0.11844035238027573,
    "r2": 0.0,
    "n_train": 251,
    "n_test": 12
}