{
    "disease": "hanseniase",
    "cod_mun": 3556305,
    "mae": 0.12435136213162473,
    "rmse": 0.6516638894926371,
    "r2": 0.0005151176494099241,
    "n_samples": 300
}