{
    "disease": "hanseniase",
    "cod_mun": 3529906,
    "mae": 0.0516029427589178,
    "rmse": 0.3398440122326823,
    "r2": 0.8646675147202946,
    "n_samples": 300
}