{
    "disease": "TX_hepatite_00_23",
    "cod_mun": 3516853,
    "mae": 0.524629533290863,
    "rmse": 0.5246298588887143,
    "r2": 0.0,
    "n_train": 251,
    "n_test": 12
}