{
    "disease": "TX_hepatite_00_23",
    "cod_mun": 3503802,
    "mae": 0.006140644751819006,
    "rmse": 0.016064543537331014,
    "r2": 0.0,
    "n_train": 251,
    "n_test": 12
}