{
    "disease": "hiv_aids",
    "cod_mun": 3543303,
    "mae": 0.3617034999933647,
    "rmse": 0.49730289560832547,
    "r2": 0.129263101840283,
    "n_samples": 300
}