{
    "disease": "hanseniase",
    "cod_mun": 3534807,
    "mae": 0.5859974560787435,
    "rmse": 2.0584552091610195,
    "r2": 0.21535718297380668,
    "n_samples": 300
}