{
    "disease": "hanseniase",
    "cod_mun": 3536000,
    "mae": 0.12545001779775786,
    "rmse": 0.7383162493745217,
    "r2": 0.007602221354536143,
    "n_samples": 300
}