{
    "disease": "sifilis",
    "cod_mun": 3530508,
    "mae": 0.19545222226386746,
    "rmse": 0.47913611478695506,
    "r2": 0.09861838103319198,
    "n_samples": 300
}