{
    "disease": "hanseniase",
    "cod_mun": 3506409,
    "mae": 0.17598036063719755,
    "rmse": 1.0078521477284188,
    "r2": 0.01052996079041979,
    "n_samples": 300
}