{
    "disease": "hepatite",
    "cod_mun": 3502408,
    "mae": 0.19741247414714883,
    "rmse": 1.6607407519688044,
    "r2": 0.004411229114118842,
    "n_samples": 300
}