{
    "disease": "hiv_aids",
    "cod_mun": 3510104,
    "mae": 0.31605994754185673,
    "rmse": 1.892037699913572,
    "r2": 0.8613158192085932,
    "n_samples": 300
}