{
    "disease": "hepatite",
    "cod_mun": 3508603,
    "mae": 0.7280582857317041,
    "rmse": 1.709636236283729,
    "r2": 0.3982974111412213,
    "n_samples": 300
}