{
    "disease": "hepatite",
    "cod_mun": 3519055,
    "mae": 0.217135818623521,
    "rmse": 1.239412906408576,
    "r2": 0.000990536778372908,
    "n_samples": 300
}