{
    "disease": "tuberculose",
    "cod_mun": 3544905,
    "mae": 0.376894173915182,
    "rmse": 1.5048958937009884,
    "r2": 0.004700262774411379,
    "n_samples": 300
}