{
    "disease": "TX_sifilis_00_23",
    "cod_mun": 3535002,
    "mae": 0.16111478209495544,
    "rmse": 0.16111478209495544,
    "r2": 0.0,
    "n_train": 251,
    "n_test": 12
}