{
    "disease": "hepatite",
    "cod_mun": 3509908,
    "mae": 0.5720225882048853,
    "rmse": 1.3670622182210521,
    "r2": 0.5039465272762731,
    "n_samples": 300
}