{
    "disease": "hiv_aids",
    "cod_mun": 3535408,
    "mae": 0.8026628421859806,
    "rmse": 1.7561518498819073,
    "r2": 0.09179077761782062,
    "n_samples": 300
}