{
    "disease": "TX_sifilis_00_23",
    "cod_mun": 3501301,
    "mae": 0.23813524345556894,
    "rmse": 0.24415694619945283,
    "r2": 0.0,
    "n_train": 251,
    "n_test": 12
}