{
    "disease": "TX_tuberculose_00_23",
    "cod_mun": 3553302,
    "mae": 0.15667053995033106,
    "rmse": 0.16465750192947365,
    "r2": 0.0,
    "n_train": 251,
    "n_test": 12
}