{
    "disease": "hiv_aids",
    "cod_mun": 3515400,
    "mae": 1.5874263460182363,
    "rmse": 2.43375773556068,
    "r2": 0.10356938704325969,
    "n_samples": 300
}