{
    "disease": "TX_tuberculose_00_23",
    "cod_mun": 3549607,
    "mae": 1.6392482618490856,
    "rmse": 1.63933879395386,
    "r2": 0.0,
    "n_train": 251,
    "n_test": 12
}