{
    "disease": "TX_hepatite_00_23",
    "cod_mun": 3553609,
    "mae": 6.5933516311794556,
    "rmse": 7.272632360281139,
    "r2": 0.020604719873324462,
    "n_train": 251,
    "n_test": 12
}