{
    "disease": "sifilis",
    "cod_mun": 3512803,
    "mae": 0.29334938893096985,
    "rmse": 0.4954219718503309,
    "r2": 0.18534927426555947,
    "n_samples": 300
}