{
    "disease": "hepatite",
    "cod_mun": 3503950,
    "mae": 0.019828694675031025,
    "rmse": 0.05216366736251846,
    "r2": 0.9997202877488162,
    "n_samples": 300
}