{
    "disease": "hepatite",
    "cod_mun": 3520301,
    "mae": 0.40831226508287877,
    "rmse": 0.8263772779642253,
    "r2": 0.0817750379714467,
    "n_samples": 300
}