{
    "disease": "sifilis",
    "cod_mun": 3509205,
    "mae": 0.13249229207870858,
    "rmse": 0.3121277761503804,
    "r2": 0.058998521757647304,
    "n_samples": 300
}