{
    "disease": "hanseniase",
    "cod_mun": 3503307,
    "mae": 0.12142106639031565,
    "rmse": 0.23549832162922849,
    "r2": 0.0744651245922009,
    "n_samples": 300
}