{
    "disease": "tuberculose",
    "cod_mun": 3552403,
    "mae": 0.29190807682512754,
    "rmse": 0.41121586599342275,
    "r2": 0.729458395352874,
    "n_samples": 300
}