{
    "disease": "hepatite",
    "cod_mun": 3518206,
    "mae": 1.7700077116395914,
    "rmse": 3.076008282981793,
    "r2": 0.15719010632239594,
    "n_samples": 300
}