{
    "disease": "hiv_aids",
    "cod_mun": 3545407,
    "mae": 2.2279775925678407,
    "rmse": 3.558617507073638,
    "r2": 0.0015972274504488793,
    "n_samples": 300
}