{
    "disease": "sifilis",
    "cod_mun": 3500105,
    "mae": 0.5397379438696436,
    "rmse": 1.0718115626598221,
    "r2": 0.4655189487523679,
    "n_samples": 300
}