{
    "disease": "tuberculose",
    "cod_mun": 3537602,
    "mae": 1.2129584831171603,
    "rmse": 1.65718846987255,
    "r2": 0.22815813364917914,
    "n_samples": 300
}