{
    "disease": "hiv_aids",
    "cod_mun": 3553906,
    "mae": 1.3273303110725572,
    "rmse": 3.2551805606649937,
    "r2": 0.09249137808372143,
    "n_samples": 300
}