{
    "disease": "hiv_aids",
    "cod_mun": 3544301,
    "mae": 0.5831451677795634,
    "rmse": 1.8164533015717652,
    "r2": 0.0858874169464644,
    "n_samples": 300
}