{
    "disease": "hanseniase",
    "cod_mun": 3535804,
    "mae": 0.2926488923010648,
    "rmse": 0.8905415696590288,
    "r2": 0.08041158065637155,
    "n_samples": 300
}