{
    "disease": "TX_sifilis_00_23",
    "cod_mun": 3500550,
    "mae": 0.5424321889877319,
    "rmse": 0.5424321889877319,
    "r2": 0.0,
    "n_train": 251,
    "n_test": 12
}