{
    "disease": "sifilis",
    "cod_mun": 3524105,
    "mae": 0.16109555858690575,
    "rmse": 0.5269913818650619,
    "r2": 0.013155352655352615,
    "n_samples": 300
}