{
    "disease": "tuberculose",
    "cod_mun": 3507407,
    "mae": 0.31324675886053865,
    "rmse": 0.9135550896322726,
    "r2": 0.1541753525608296,
    "n_samples": 300
}