{
    "disease": "TX_tuberculose_00_23",
    "cod_mun": 3503901,
    "mae": 0.580336005292375,
    "rmse": 0.5828496527046897,
    "r2": -3.235825180974338,
    "n_train": 251,
    "n_test": 12
}