{
    "disease": "hepatite",
    "cod_mun": 3517208,
    "mae": 1.6542104534737643,
    "rmse": 3.1224840185578193,
    "r2": 0.3719145536244758,
    "n_samples": 300
}