{
    "disease": "hepatite",
    "cod_mun": 3531803,
    "mae": 0.15492245960030498,
    "rmse": 0.44560507356056406,
    "r2": 0.1549533818681451,
    "n_samples": 300
}