{
    "disease": "TX_sifilis_00_23",
    "cod_mun": 3534500,
    "mae": 1.8586163520812988,
    "rmse": 1.8586163520812988,
    "r2": 0.0,
    "n_train": 251,
    "n_test": 12
}