{
    "disease": "TX_hanseniase_00_23",
    "cod_mun": 3526605,
    "mae": 0.03989568166434765,
    "rmse": 0.0398966287169192,
    "r2": 0.0,
    "n_train": 251,
    "n_test": 12
}