{
    "disease": "hepatite",
    "cod_mun": 3539608,
    "mae": 5.509602233597312,
    "rmse": 9.338000512645758,
    "r2": 0.18044496485953077,
    "n_samples": 300
}