{
    "disease": "TX_tuberculose_00_23",
    "cod_mun": 3519071,
    "mae": 0.29595545709676435,
    "rmse": 0.3679409271073453,
    "r2": 0.03735158995251031,
    "n_train": 251,
    "n_test": 12
}