{
    "disease": "TX_hanseniase_00_23",
    "cod_mun": 3543600,
    "mae": 1.0085128791009386,
    "rmse": 3.392840621174594,
    "r2": 0.0,
    "n_train": 251,
    "n_test": 12
}