{
    "disease": "TX_sifilis_00_23",
    "cod_mun": 3512605,
    "mae": 2.0477281850966147,
    "rmse": 6.805448203015769,
    "r2": -0.08278506813729058,
    "n_train": 251,
    "n_test": 12
}