{
    "disease": "sifilis",
    "cod_mun": 3515707,
    "mae": 0.25637056505209027,
    "rmse": 0.3634096157598146,
    "r2": 0.30344510121226487,
    "n_samples": 300
}