{
    "disease": "hepatite",
    "cod_mun": 3528106,
    "mae": 0.34085838681344127,
    "rmse": 1.4741982938674996,
    "r2": 0.0012438555377154437,
    "n_samples": 300
}