{
    "disease": "sifilis",
    "cod_mun": 3502705,
    "mae": 0.33356925786089797,
    "rmse": 0.7754622572604118,
    "r2": 0.4147841041842103,
    "n_samples": 300
}