{
    "disease": "TX_hiv_aids_00_23",
    "cod_mun": 3541505,
    "mae": 0.9963787956135309,
    "rmse": 1.5895958184218604,
    "r2": -0.015281902831289385,
    "n_train": 251,
    "n_test": 12
}