{
    "disease": "TX_sifilis_00_23",
    "cod_mun": 3530805,
    "mae": 1.0855774883054887,
    "rmse": 1.275247296882483,
    "r2": -0.25104740549268745,
    "n_train": 251,
    "n_test": 12
}