{
    "disease": "hiv_aids",
    "cod_mun": 3514007,
    "mae": 1.4190171602985016,
    "rmse": 3.3677229586545354,
    "r2": 0.1051700249735279,
    "n_samples": 300
}