{
    "disease": "TX_hiv_aids_00_23",
    "cod_mun": 3527900,
    "mae": 1.075907160838445,
    "rmse": 1.3136027044819416,
    "r2": 0.0,
    "n_train": 251,
    "n_test": 12
}