{
    "disease": "TX_tuberculose_00_23",
    "cod_mun": 3526605,
    "mae": 1.5016196974848046,
    "rmse": 3.895838782581173,
    "r2": -0.046660146474268194,
    "n_train": 251,
    "n_test": 12
}