{
    "disease": "sifilis",
    "cod_mun": 3501004,
    "mae": 0.241803854234646,
    "rmse": 0.8702174310726947,
    "r2": 0.002636735269283763,
    "n_samples": 300
}