{
    "disease": "sifilis",
    "cod_mun": 3552700,
    "mae": 0.04435032270258511,
    "rmse": 0.38676445990001107,
    "r2": 0.003592977666733721,
    "n_samples": 300
}