{
    "disease": "hanseniase",
    "cod_mun": 3555109,
    "mae": 0.18844230251739932,
    "rmse": 0.8196962170921673,
    "r2": 0.0031914411621407623,
    "n_samples": 300
}