{
    "disease": "TX_hiv_aids_00_23",
    "cod_mun": 3546405,
    "mae": 0.2059133406728506,
    "rmse": 0.27300300633733393,
    "r2": 0.0,
    "n_train": 251,
    "n_test": 12
}