{
    "disease": "sifilis",
    "cod_mun": 3506003,
    "mae": 0.14044544948781285,
    "rmse": 0.24116239466856526,
    "r2": 0.620422001883248,
    "n_samples": 300
}