{
    "disease": "hepatite",
    "cod_mun": 3546405,
    "mae": 0.7637523316207123,
    "rmse": 1.2185136688936429,
    "r2": 0.21331300712591938,
    "n_samples": 300
}