{
    "disease": "tuberculose",
    "cod_mun": 3519105,
    "mae": 0.5725199943399114,
    "rmse": 1.9538550689388952,
    "r2": 6.723990993962037e-05,
    "n_samples": 300
}