{
    "disease": "hanseniase",
    "cod_mun": 3506102,
    "mae": 0.11020915735124868,
    "rmse": 0.30460288328750645,
    "r2": 0.0034722054705865757,
    "n_samples": 300
}