{
    "disease": "TX_hepatite_00_23",
    "cod_mun": 3506805,
    "mae": 0.7983164418676686,
    "rmse": 2.551363905074202,
    "r2": -0.08137671385505296,
    "n_train": 251,
    "n_test": 12
}