{
    "disease": "tuberculose",
    "cod_mun": 3555703,
    "mae": 0.7539519763222329,
    "rmse": 4.4888275369977375,
    "r2": 0.005978138568240254,
    "n_samples": 300
}