{
    "disease": "TX_hiv_aids_00_23",
    "cod_mun": 3536505,
    "mae": 0.5119106033694494,
    "rmse": 0.5359161962000074,
    "r2": -1.7763120299480124,
    "n_train": 251,
    "n_test": 12
}