{
    "disease": "hanseniase",
    "cod_mun": 3505401,
    "mae": 0.0029590092693682108,
    "rmse": 0.012190330518574058,
    "r2": 0.9996971756114947,
    "n_samples": 300
}