{
    "disease": "TX_hanseniase_00_23",
    "cod_mun": 3506508,
    "mae": 0.8690823337085382,
    "rmse": 1.3275400355584592,
    "r2": -0.48147084746687097,
    "n_train": 251,
    "n_test": 12
}