{
    "disease": "sifilis",
    "cod_mun": 3518909,
    "mae": 0.8348111044488566,
    "rmse": 2.9762054062881504,
    "r2": 0.05705561375468127,
    "n_samples": 300
}