{
    "disease": "TX_hanseniase_00_23",
    "cod_mun": 3521150,
    "mae": 0.2215281188643227,
    "rmse": 0.4462042599956496,
    "r2": 0.0,
    "n_train": 251,
    "n_test": 12
}