{
    "disease": "hiv_aids",
    "cod_mun": 3527603,
    "mae": 1.6709108217358175,
    "rmse": 4.068047680068027,
    "r2": 0.2282341674700774,
    "n_samples": 300
}