{
    "disease": "tuberculose",
    "cod_mun": 3556008,
    "mae": 0.5408419931374698,
    "rmse": 1.8231789690626508,
    "r2": 0.15438977033104473,
    "n_samples": 300
}