{
    "disease": "TX_sifilis_00_23",
    "cod_mun": 3505500,
    "mae": 0.609902326582867,
    "rmse": 0.6727915790059208,
    "r2": -0.10674952934087001,
    "n_train": 251,
    "n_test": 12
}