{
    "disease": "sifilis",
    "cod_mun": 3554409,
    "mae": 0.3157858772210252,
    "rmse": 1.2484740924822644,
    "r2": 0.2303386315829824,
    "n_samples": 300
}