{
    "disease": "tuberculose",
    "cod_mun": 3534757,
    "mae": 0.5075988142575719,
    "rmse": 1.610684653506407,
    "r2": 0.11823249547005488,
    "n_samples": 300
}