{
    "disease": "tuberculose",
    "cod_mun": 3543808,
    "mae": 1.1410829381699168,
    "rmse": 2.7827853484274985,
    "r2": 0.11342023111294808,
    "n_samples": 300
}