{
    "disease": "TX_hepatite_00_23",
    "cod_mun": 3516705,
    "mae": 0.3732336337367694,
    "rmse": 0.3752295291179704,
    "r2": 0.0,
    "n_train": 251,
    "n_test": 12
}