{
    "disease": "TX_hanseniase_00_23",
    "cod_mun": 3504305,
    "mae": 0.18515792985757193,
    "rmse": 0.4046256357645884,
    "r2": 0.0,
    "n_train": 251,
    "n_test": 12
}