{
    "disease": "hiv_aids",
    "cod_mun": 3515129,
    "mae": 2.490532498215325,
    "rmse": 7.159984225541696,
    "r2": 0.05521624239263323,
    "n_samples": 300
}