{
    "disease": "hepatite",
    "cod_mun": 3511409,
    "mae": 0.6014719032478625,
    "rmse": 1.461779192183974,
    "r2": 0.2958508736081732,
    "n_samples": 300
}