{
    "disease": "TX_hepatite_00_23",
    "cod_mun": 3524600,
    "mae": 1.0276908103512963,
    "rmse": 1.674810208742941,
    "r2": -0.04255941897594773,
    "n_train": 251,
    "n_test": 12
}