{
    "disease": "TX_sifilis_00_23",
    "cod_mun": 3540804,
    "mae": 0.13368595391511917,
    "rmse": 0.13639655648229895,
    "r2": 0.0,
    "n_train": 251,
    "n_test": 12
}