{
    "disease": "hiv_aids",
    "cod_mun": 3552304,
    "mae": 0.35524805689599703,
    "rmse": 1.5247729168222546,
    "r2": 0.009891733198450048,
    "n_samples": 300
}