{
    "disease": "TX_tuberculose_00_23",
    "cod_mun": 3504602,
    "mae": 2.1307671697995216,
    "rmse": 2.692985449595909,
    "r2": -1.1737040369053418,
    "n_train": 251,
    "n_test": 12
}