{
    "disease": "hiv_aids",
    "cod_mun": 3501608,
    "mae": 0.5894566375188778,
    "rmse": 0.7774799869262872,
    "r2": 0.44495782011156637,
    "n_samples": 300
}