{
    "disease": "TX_hanseniase_00_23",
    "cod_mun": 3514957,
    "mae": 0.009216009008620555,
    "rmse": 0.009998086632607815,
    "r2": 0.0,
    "n_train": 251,
    "n_test": 12
}