{
    "disease": "TX_hiv_aids_00_23",
    "cod_mun": 3508900,
    "mae": 0.7785400251547495,
    "rmse": 0.8385379774063567,
    "r2": 0.0,
    "n_train": 251,
    "n_test": 12
}