{
    "disease": "TX_hepatite_00_23",
    "cod_mun": 3543402,
    "mae": 0.0039708035183139145,
    "rmse": 0.009431392268766705,
    "r2": 0.0,
    "n_train": 251,
    "n_test": 12
}