{
    "disease": "hiv_aids",
    "cod_mun": 3524600,
    "mae": 0.6507369568260949,
    "rmse": 1.6342662194683337,
    "r2": -0.01794667551925455,
    "n_samples": 300
}