{
    "disease": "TX_hepatite_00_23",
    "cod_mun": 3543907,
    "mae": 0.015862200050226722,
    "rmse": 0.021598527160195842,
    "r2": 0.0,
    "n_train": 251,
    "n_test": 12
}