{
    "disease": "sifilis",
    "cod_mun": 3541505,
    "mae": 0.4240776862725129,
    "rmse": 0.9785998923463273,
    "r2": 0.31713793728856,
    "n_samples": 300
}