{
    "disease": "sifilis",
    "cod_mun": 3514957,
    "mae": 0.2742469199176988,
    "rmse": 2.3248376688613144,
    "r2": 0.002626397861639651,
    "n_samples": 300
}