{
    "disease": "hepatite",
    "cod_mun": 3508702,
    "mae": 0.5493319687637984,
    "rmse": 1.1501176795655739,
    "r2": 0.1215680543372295,
    "n_samples": 300
}