{
    "disease": "hepatite",
    "cod_mun": 3536604,
    "mae": 0.41295591424013217,
    "rmse": 1.9515572219387431,
    "r2": 0.8957066804884286,
    "n_samples": 300
}