{
    "disease": "TX_hanseniase_00_23",
    "cod_mun": 3557105,
    "mae": 0.1926474285442835,
    "rmse": 0.32989914357921946,
    "r2": -0.3348671067732414,
    "n_train": 251,
    "n_test": 12
}