{
    "disease": "sifilis",
    "cod_mun": 3554201,
    "mae": 0.41053616674676763,
    "rmse": 1.6765460756478885,
    "r2": 0.3560120549318615,
    "n_samples": 300
}