{
    "disease": "TX_tuberculose_00_23",
    "cod_mun": 3544301,
    "mae": 0.017690697374443214,
    "rmse": 0.018113800358740273,
    "r2": 0.0,
    "n_train": 251,
    "n_test": 12
}