{
    "disease": "TX_tuberculose_00_23",
    "cod_mun": 3536257,
    "mae": 2.878526194588371,
    "rmse": 9.971507239889911,
    "r2": -0.09090909090909083,
    "n_train": 251,
    "n_test": 12
}