{
    "disease": "hanseniase",
    "cod_mun": 3527306,
    "mae": 0.11587027440265511,
    "rmse": 0.482802901671143,
    "r2": 0.03198686270330142,
    "n_samples": 300
}