{
    "disease": "hanseniase",
    "cod_mun": 3556107,
    "mae": 0.3359029346290963,
    "rmse": 1.1760117915952073,
    "r2": 0.00392696755267774,
    "n_samples": 300
}