{
    "disease": "hiv_aids",
    "cod_mun": 3538600,
    "mae": 0.6272329757932166,
    "rmse": 1.0736912860507297,
    "r2": -0.007440291206847638,
    "n_samples": 300
}