{
    "disease": "TX_hiv_aids_00_23",
    "cod_mun": 3536570,
    "mae": 0.8405019268393517,
    "rmse": 2.125886531352513,
    "r2": 0.0,
    "n_train": 251,
    "n_test": 12
}