{
    "disease": "hiv_aids",
    "cod_mun": 3541802,
    "mae": 2.5390191495304686,
    "rmse": 9.091063477953242,
    "r2": 0.17362030711334453,
    "n_samples": 300
}