{
    "disease": "hiv_aids",
    "cod_mun": 3529807,
    "mae": 0.49793512147806107,
    "rmse": 2.1458600967307038,
    "r2": -0.04564417724919401,
    "n_samples": 300
}