{
    "disease": "hiv_aids",
    "cod_mun": 3515103,
    "mae": 0.4740812255283362,
    "rmse": 0.7031373323999123,
    "r2": 0.043106340842905544,
    "n_samples": 300
}