{
    "disease": "hanseniase",
    "cod_mun": 3540903,
    "mae": 0.047567019093103964,
    "rmse": 0.39744102611212695,
    "r2": 0.004058484497540316,
    "n_samples": 300
}