{
    "disease": "TX_tuberculose_00_23",
    "cod_mun": 3540606,
    "mae": 0.720666681045527,
    "rmse": 0.7309598567838712,
    "r2": -1.460107738215204,
    "n_train": 251,
    "n_test": 12
}