{
    "disease": "hanseniase",
    "cod_mun": 3547502,
    "mae": 0.12505888972907372,
    "rmse": 0.5398250923210827,
    "r2": 0.06237839594594741,
    "n_samples": 300
}