{
    "disease": "hanseniase",
    "cod_mun": 3505401,
    "mae": 0.016006196311966165,
    "rmse": 0.09324750982605193,
    "r2": 0.9822811972796417,
    "n_samples": 300
}