{
    "disease": "tuberculose",
    "cod_mun": 3556701,
    "mae": 0.6482994279178318,
    "rmse": 1.0500299458208662,
    "r2": 0.07138917126456124,
    "n_samples": 300
}