{
    "disease": "tuberculose",
    "cod_mun": 3519204,
    "mae": 0.7704085436818447,
    "rmse": 2.7463690720053586,
    "r2": 0.3657328200240909,
    "n_samples": 300
}