{
    "disease": "hanseniase",
    "cod_mun": 3515103,
    "mae": 0.03132806569517144,
    "rmse": 0.15559606433307377,
    "r2": 0.0030942153922719484,
    "n_samples": 300
}