{
    "disease": "TX_sifilis_00_23",
    "cod_mun": 3514007,
    "mae": 1.5107002784421002,
    "rmse": 3.1324476281542943,
    "r2": 0.013172405290868383,
    "n_train": 251,
    "n_test": 12
}