{
    "disease": "tuberculose",
    "cod_mun": 3547700,
    "mae": 0.10161617428942221,
    "rmse": 0.5100114193821033,
    "r2": 0.00417954805108578,
    "n_samples": 300
}