{
    "disease": "TX_hanseniase_00_23",
    "cod_mun": 3509452,
    "mae": 0.11996368825202808,
    "rmse": 0.23341552298626358,
    "r2": 0.0,
    "n_train": 251,
    "n_test": 12
}