{
    "disease": "TX_tuberculose_00_23",
    "cod_mun": 3538204,
    "mae": 0.8516116202510627,
    "rmse": 1.8599150689836859,
    "r2": -0.014980395398147106,
    "n_train": 251,
    "n_test": 12
}