{
    "disease": "TX_tuberculose_00_23",
    "cod_mun": 3501806,
    "mae": 0.12977740929151574,
    "rmse": 0.18774541346423404,
    "r2": 0.0,
    "n_train": 251,
    "n_test": 12
}