{
    "disease": "sifilis",
    "cod_mun": 3539806,
    "mae": 0.2622089918099476,
    "rmse": 0.4137056143601936,
    "r2": 0.4770010310089785,
    "n_samples": 300
}