{
    "disease": "tuberculose",
    "cod_mun": 3516200,
    "mae": 0.20621831038094768,
    "rmse": 0.2533399213313427,
    "r2": 0.04662397193584766,
    "n_samples": 300
}