{
    "disease": "hanseniase",
    "cod_mun": 3515202,
    "mae": 0.6881276578787662,
    "rmse": 2.01791521578749,
    "r2": 0.0013472201247470839,
    "n_samples": 300
}