{
    "disease": "TX_sifilis_00_23",
    "cod_mun": 3500501,
    "mae": 0.2469572772582372,
    "rmse": 0.2539100921704199,
    "r2": 0.0,
    "n_train": 251,
    "n_test": 12
}