{
    "disease": "TX_hepatite_00_23",
    "cod_mun": 3508108,
    "mae": 0.22715885813037553,
    "rmse": 0.2956632918539078,
    "r2": 0.0,
    "n_train": 251,
    "n_test": 12
}