{
    "disease": "sifilis",
    "cod_mun": 3503000,
    "mae": 0.24387033172629163,
    "rmse": 1.4568025548600192,
    "r2": 0.006283223921030645,
    "n_samples": 300
}