{
    "disease": "hiv_aids",
    "cod_mun": 3518107,
    "mae": 1.4047286637234742,
    "rmse": 4.489387700203623,
    "r2": -0.02310939391241429,
    "n_samples": 300
}