{
    "disease": "tuberculose",
    "cod_mun": 3535101,
    "mae": 0.5678161588125609,
    "rmse": 1.608590502862992,
    "r2": 0.13897731198869145,
    "n_samples": 300
}