{
    "disease": "TX_hepatite_00_23",
    "cod_mun": 3542107,
    "mae": 0.002221251343144104,
    "rmse": 0.002553242238713298,
    "r2": 0.0,
    "n_train": 251,
    "n_test": 12
}