{
    "disease": "TX_hiv_aids_00_23",
    "cod_mun": 3535705,
    "mae": 1.3960246046384175,
    "rmse": 1.4100099496553504,
    "r2": 0.0,
    "n_train": 251,
    "n_test": 12
}