{
    "disease": "tuberculose",
    "cod_mun": 3549102,
    "mae": 1.0112170055158356,
    "rmse": 1.432757388594002,
    "r2": 0.0981164159424025,
    "n_samples": 300
}