{
    "disease": "TX_tuberculose_00_23",
    "cod_mun": 3520509,
    "mae": 0.24595820513792174,
    "rmse": 0.2914362438750835,
    "r2": 0.18761233616902084,
    "n_train": 251,
    "n_test": 12
}