{
    "disease": "sifilis",
    "cod_mun": 3516853,
    "mae": 0.10127390909540608,
    "rmse": 1.1253445793120065,
    "r2": 0.11623875935555794,
    "n_samples": 300
}