{
    "disease": "hanseniase",
    "cod_mun": 3556404,
    "mae": 0.11435733770552335,
    "rmse": 0.37455688933449965,
    "r2": 0.001069402684844123,
    "n_samples": 300
}