{
    "disease": "TX_sifilis_00_23",
    "cod_mun": 3535408,
    "mae": 1.3091504375841283,
    "rmse": 2.6308493450452715,
    "r2": -0.11260733469576656,
    "n_train": 251,
    "n_test": 12
}