{
    "disease": "hiv_aids",
    "cod_mun": 3512407,
    "mae": 1.2482829816431609,
    "rmse": 1.7884605551415402,
    "r2": 0.034949975589414595,
    "n_samples": 300
}