{
    "disease": "TX_hepatite_00_23",
    "cod_mun": 3517901,
    "mae": 0.22587382793426514,
    "rmse": 0.22587382793426514,
    "r2": 0.0,
    "n_train": 251,
    "n_test": 12
}