{
    "disease": "TX_sifilis_00_23",
    "cod_mun": 3527603,
    "mae": 0.21765308330456415,
    "rmse": 0.21895727149952093,
    "r2": 0.0,
    "n_train": 251,
    "n_test": 12
}