{
    "disease": "hanseniase",
    "cod_mun": 3541703,
    "mae": 0.04624938001838011,
    "rmse": 0.2766786029640534,
    "r2": 0.8940002902505247,
    "n_samples": 300
}