{
    "disease": "sifilis",
    "cod_mun": 3532843,
    "mae": 0.6588119725471903,
    "rmse": 5.579893677403209,
    "r2": 0.006710440875523194,
    "n_samples": 300
}