{
    "disease": "sifilis",
    "cod_mun": 3540754,
    "mae": 0.17051786194494964,
    "rmse": 0.6552001164488069,
    "r2": 0.13831267004236225,
    "n_samples": 300
}