{
    "disease": "sifilis",
    "cod_mun": 3538808,
    "mae": 0.27557242406315907,
    "rmse": 0.8817798983701445,
    "r2": 0.22053263292247083,
    "n_samples": 300
}