{
    "disease": "TX_sifilis_00_23",
    "cod_mun": 3515129,
    "mae": 2.0822547326485314,
    "rmse": 4.431396553583525,
    "r2": 0.0,
    "n_train": 251,
    "n_test": 12
}