{
    "disease": "hepatite",
    "cod_mun": 3537008,
    "mae": 0.3830196921889737,
    "rmse": 1.2148535424446194,
    "r2": 0.016814394051285042,
    "n_samples": 300
}