{
    "disease": "TX_hanseniase_00_23",
    "cod_mun": 3550209,
    "mae": 0.00043250945782347117,
    "rmse": 0.000466358988603149,
    "r2": 0.0,
    "n_train": 251,
    "n_test": 12
}