{
    "disease": "TX_hiv_aids_00_23",
    "cod_mun": 3540309,
    "mae": 0.037635025568306446,
    "rmse": 0.0378330635250849,
    "r2": 0.0,
    "n_train": 251,
    "n_test": 12
}