{
    "disease": "sifilis",
    "cod_mun": 3520707,
    "mae": 0.5016484670446547,
    "rmse": 2.286941311622167,
    "r2": 0.18367479907528206,
    "n_samples": 300
}