{
    "disease": "TX_tuberculose_00_23",
    "cod_mun": 3531506,
    "mae": 1.0292746655941798,
    "rmse": 2.18722892436102,
    "r2": -0.13493226593065977,
    "n_train": 251,
    "n_test": 12
}