{
    "disease": "sifilis",
    "cod_mun": 3505906,
    "mae": 0.5000832642543762,
    "rmse": 0.681064240753437,
    "r2": 0.10617113096464492,
    "n_samples": 300
}