{
    "disease": "TX_sifilis_00_23",
    "cod_mun": 3526001,
    "mae": 0.9692199231582287,
    "rmse": 2.7818639589179,
    "r2": -0.053486587605996894,
    "n_train": 251,
    "n_test": 12
}