{
    "disease": "TX_tuberculose_00_23",
    "cod_mun": 3506003,
    "mae": 0.42924138301865805,
    "rmse": 0.5843347483008692,
    "r2": -0.05066508579006124,
    "n_train": 251,
    "n_test": 12
}