{
    "disease": "TX_hepatite_00_23",
    "cod_mun": 3529005,
    "mae": 0.1339614261501926,
    "rmse": 0.21090107658215312,
    "r2": -0.35056472260184623,
    "n_train": 251,
    "n_test": 12
}