{
    "disease": "hepatite",
    "cod_mun": 3521804,
    "mae": 0.4239530068758295,
    "rmse": 1.1419979731732766,
    "r2": 0.1727696823670778,
    "n_samples": 300
}