{
    "disease": "tuberculose",
    "cod_mun": 3508108,
    "mae": 0.19008784453061517,
    "rmse": 0.775371336054971,
    "r2": 0.1530249125563916,
    "n_samples": 300
}