{
    "disease": "hiv_aids",
    "cod_mun": 3549805,
    "mae": 1.4876700577420596,
    "rmse": 2.063330181990159,
    "r2": 0.4594229019226769,
    "n_samples": 300
}