{
    "disease": "TX_sifilis_00_23",
    "cod_mun": 3524006,
    "mae": 0.21204425847110606,
    "rmse": 0.4210261923607713,
    "r2": -0.22684097090720923,
    "n_train": 251,
    "n_test": 12
}