{
    "disease": "TX_sifilis_00_23",
    "cod_mun": 3519709,
    "mae": 0.2009341268059132,
    "rmse": 0.4803528249491556,
    "r2": -0.19522517177457588,
    "n_train": 251,
    "n_test": 12
}