{
    "disease": "hiv_aids",
    "cod_mun": 3523404,
    "mae": 0.980188780672191,
    "rmse": 1.3480781217325288,
    "r2": 0.22655764071583206,
    "n_samples": 300
}