{
    "disease": "TX_hiv_aids_00_23",
    "cod_mun": 3535101,
    "mae": 3.3703936014976428,
    "rmse": 4.043331162860052,
    "r2": -0.05674343811808624,
    "n_train": 251,
    "n_test": 12
}