{
    "disease": "hiv_aids",
    "cod_mun": 3526407,
    "mae": 0.5099955424789835,
    "rmse": 1.0376832385712669,
    "r2": 0.10468318608863592,
    "n_samples": 300
}