{
    "disease": "hiv_aids",
    "cod_mun": 3550704,
    "mae": 1.2678927182508186,
    "rmse": 1.9407482673375753,
    "r2": 0.4518735861065638,
    "n_samples": 300
}