{
    "disease": "hepatite",
    "cod_mun": 3554706,
    "mae": 1.9759618510160355,
    "rmse": 3.3354831311951036,
    "r2": 0.3070639668842907,
    "n_samples": 300
}