{
    "disease": "TX_sifilis_00_23",
    "cod_mun": 3542404,
    "mae": 0.22885953386624655,
    "rmse": 0.23351708419076828,
    "r2": 0.0,
    "n_train": 251,
    "n_test": 12
}