{
    "disease": "tuberculose",
    "cod_mun": 3529906,
    "mae": 0.7520649082319705,
    "rmse": 1.3202649262721111,
    "r2": 0.10547104246610606,
    "n_samples": 300
}