{
    "disease": "TX_hepatite_00_23",
    "cod_mun": 3522703,
    "mae": 0.44566502049565315,
    "rmse": 0.523758215742265,
    "r2": 0.0,
    "n_train": 251,
    "n_test": 12
}