{
    "disease": "TX_hepatite_00_23",
    "cod_mun": 3549805,
    "mae": 0.0006615032131473223,
    "rmse": 0.0006665648842110871,
    "r2": 0.0,
    "n_train": 251,
    "n_test": 12
}