{
    "disease": "hiv_aids",
    "cod_mun": 3515509,
    "mae": 1.0149709295795855,
    "rmse": 1.6358326743035128,
    "r2": 0.11005054917058699,
    "n_samples": 300
}