{
    "disease": "hiv_aids",
    "cod_mun": 3518008,
    "mae": 2.210045121864896,
    "rmse": 7.101206934216379,
    "r2": 0.07190599991510693,
    "n_samples": 300
}