{
    "disease": "TX_sifilis_00_23",
    "cod_mun": 3536505,
    "mae": 0.20518959405538914,
    "rmse": 0.3379444518617004,
    "r2": -0.10399003201793344,
    "n_train": 251,
    "n_test": 12
}