{
    "disease": "hepatite",
    "cod_mun": 3534500,
    "mae": 19.100247215152883,
    "rmse": 30.496218797349584,
    "r2": 0.2972806244577937,
    "n_samples": 300
}