{
    "disease": "TX_sifilis_00_23",
    "cod_mun": 3554755,
    "mae": 0.12239023670554161,
    "rmse": 0.23451437033435973,
    "r2": 0.0,
    "n_train": 251,
    "n_test": 12
}