{
    "disease": "TX_hiv_aids_00_23",
    "cod_mun": 3516408,
    "mae": 0.46202629119664135,
    "rmse": 0.6338374181925093,
    "r2": -0.04951100997899305,
    "n_train": 251,
    "n_test": 12
}