{
    "disease": "hanseniase",
    "cod_mun": 3506706,
    "mae": 0.4276199767984857,
    "rmse": 1.5586568779607075,
    "r2": 0.24095531618861,
    "n_samples": 300
}