{
    "disease": "sifilis",
    "cod_mun": 3522505,
    "mae": 0.4303790030531773,
    "rmse": 0.5670917320755494,
    "r2": 0.04583577858021415,
    "n_samples": 300
}