{
    "disease": "TX_tuberculose_00_23",
    "cod_mun": 3530102,
    "mae": 3.4076386688774263,
    "rmse": 5.1976801614432135,
    "r2": -0.24940651437303285,
    "n_train": 251,
    "n_test": 12
}