{
    "disease": "sifilis",
    "cod_mun": 3503604,
    "mae": 0.7243827718806042,
    "rmse": 1.8794560395957152,
    "r2": 0.07527489787124242,
    "n_samples": 300
}