{
    "disease": "TX_tuberculose_00_23",
    "cod_mun": 3514502,
    "mae": 1.782126773148775,
    "rmse": 2.000559755239603,
    "r2": 0.0,
    "n_train": 251,
    "n_test": 12
}