{
    "disease": "TX_hepatite_00_23",
    "cod_mun": 3513850,
    "mae": 1.2959312200546265,
    "rmse": 1.2959312200546265,
    "r2": 0.0,
    "n_train": 251,
    "n_test": 12
}