{
    "disease": "TX_hanseniase_00_23",
    "cod_mun": 3538600,
    "mae": 0.07200563636918862,
    "rmse": 0.07200566999266862,
    "r2": 0.0,
    "n_train": 251,
    "n_test": 12
}