{
    "disease": "TX_tuberculose_00_23",
    "cod_mun": 3522000,
    "mae": 0.06174984605362018,
    "rmse": 0.06189286523258295,
    "r2": 0.0,
    "n_train": 251,
    "n_test": 12
}