{
    "disease": "hiv_aids",
    "cod_mun": 3552304,
    "mae": 0.35946833723197796,
    "rmse": 1.5242945205555942,
    "r2": 0.010512927065863265,
    "n_samples": 300
}