{
    "disease": "sifilis",
    "cod_mun": 3513504,
    "mae": 0.7249010292707002,
    "rmse": 1.0540978388603621,
    "r2": -0.34564855762238667,
    "n_samples": 300
}