{
    "disease": "TX_hepatite_00_23",
    "cod_mun": 3548302,
    "mae": 19.770436769689507,
    "rmse": 22.313908455431616,
    "r2": -0.09663380947910194,
    "n_train": 251,
    "n_test": 12
}