{
    "disease": "hepatite",
    "cod_mun": 3504305,
    "mae": 1.3098086237867006,
    "rmse": 4.874056040515069,
    "r2": 0.23203640764412037,
    "n_samples": 300
}