{
    "disease": "hiv_aids",
    "cod_mun": 3546801,
    "mae": 0.38098421021873824,
    "rmse": 0.8952884017187893,
    "r2": -0.06417157744328583,
    "n_samples": 300
}