{
    "disease": "TX_hanseniase_00_23",
    "cod_mun": 3536505,
    "mae": 0.16495849408226684,
    "rmse": 0.3515134020692616,
    "r2": -0.19442335354795381,
    "n_train": 251,
    "n_test": 12
}