{
    "disease": "tuberculose",
    "cod_mun": 3543402,
    "mae": 0.49439879980097773,
    "rmse": 0.6470826963514879,
    "r2": 0.35462034333331327,
    "n_samples": 300
}