{
    "disease": "sifilis",
    "cod_mun": 3531308,
    "mae": 0.13630665279988857,
    "rmse": 0.3963537223356524,
    "r2": 0.10713963661715553,
    "n_samples": 300
}