{
    "disease": "sifilis",
    "cod_mun": 3509452,
    "mae": 0.33906627736640993,
    "rmse": 1.6588788541980515,
    "r2": 0.00903442130171117,
    "n_samples": 300
}