{
    "disease": "hanseniase",
    "cod_mun": 3511102,
    "mae": 0.11339294672823992,
    "rmse": 0.2493017717940827,
    "r2": 0.18303752318224453,
    "n_samples": 300
}