{
    "disease": "hepatite",
    "cod_mun": 3542800,
    "mae": 0.8175998427261351,
    "rmse": 3.307897759859703,
    "r2": 0.0409613846427993,
    "n_samples": 300
}