{
    "disease": "TX_sifilis_00_23",
    "cod_mun": 3540408,
    "mae": 0.0016730329119430583,
    "rmse": 0.004003303374552933,
    "r2": 0.0,
    "n_train": 251,
    "n_test": 12
}