{
    "disease": "TX_sifilis_00_23",
    "cod_mun": 3504503,
    "mae": 0.48595467121993724,
    "rmse": 0.5741713916956631,
    "r2": -0.1645355882299251,
    "n_train": 251,
    "n_test": 12
}