{
    "disease": "TX_hanseniase_00_23",
    "cod_mun": 3523800,
    "mae": 0.5307651295721977,
    "rmse": 1.8378990963155832,
    "r2": 0.0,
    "n_train": 251,
    "n_test": 12
}