{
    "disease": "hanseniase",
    "cod_mun": 3529807,
    "mae": 0.10878180218508203,
    "rmse": 0.6646103194200689,
    "r2": 0.0014042695221072599,
    "n_samples": 300
}