{
    "disease": "hiv_aids",
    "cod_mun": 3548708,
    "mae": 0.14731373950478055,
    "rmse": 0.1918530863642018,
    "r2": -0.010645979938453953,
    "n_samples": 300
}