{
    "disease": "TX_hiv_aids_00_23",
    "cod_mun": 3538907,
    "mae": 0.9524541149536768,
    "rmse": 0.9659263116763656,
    "r2": 0.0,
    "n_train": 251,
    "n_test": 12
}