{
    "disease": "TX_sifilis_00_23",
    "cod_mun": 3514908,
    "mae": 0.03635845690344771,
    "rmse": 0.1131925321191872,
    "r2": 0.0,
    "n_train": 251,
    "n_test": 12
}