{
    "disease": "hiv_aids",
    "cod_mun": 3538501,
    "mae": 0.7489538712499709,
    "rmse": 2.708252779655738,
    "r2": -0.07850007387536495,
    "n_samples": 300
}