{
    "disease": "hiv_aids",
    "cod_mun": 3507456,
    "mae": 0.3949119863815,
    "rmse": 2.700202748959092,
    "r2": 0.6920046354699436,
    "n_samples": 300
}