{
    "disease": "TX_sifilis_00_23",
    "cod_mun": 3516200,
    "mae": 0.4378698750846836,
    "rmse": 0.5373597874775207,
    "r2": -1.272529147006797,
    "n_train": 251,
    "n_test": 12
}