{
    "disease": "sifilis",
    "cod_mun": 3501152,
    "mae": 0.3051235279761201,
    "rmse": 0.9677950225259154,
    "r2": 0.1478003205407571,
    "n_samples": 300
}