{
    "disease": "hiv_aids",
    "cod_mun": 3546900,
    "mae": 0.8540637373825871,
    "rmse": 3.022712914927622,
    "r2": 0.044657893662293224,
    "n_samples": 300
}