{
    "disease": "TX_sifilis_00_23",
    "cod_mun": 3503000,
    "mae": 0.17388140161832175,
    "rmse": 0.21438601553157763,
    "r2": 0.0,
    "n_train": 251,
    "n_test": 12
}