{
    "disease": "TX_hiv_aids_00_23",
    "cod_mun": 3510906,
    "mae": 1.7218928237756093,
    "rmse": 1.722292425687399,
    "r2": 0.0,
    "n_train": 251,
    "n_test": 12
}