{
    "disease": "hanseniase",
    "cod_mun": 3534401,
    "mae": 0.03692896932084093,
    "rmse": 0.05770816502968281,
    "r2": 0.05849963242601253,
    "n_samples": 300
}