{
    "disease": "TX_sifilis_00_23",
    "cod_mun": 3519501,
    "mae": 0.23394234975179037,
    "rmse": 0.2893952562152685,
    "r2": 0.0,
    "n_train": 251,
    "n_test": 12
}