{
    "disease": "tuberculose",
    "cod_mun": 3506102,
    "mae": 0.6671643785520961,
    "rmse": 0.8499105920393905,
    "r2": 0.15143376193393898,
    "n_samples": 300
}