{
    "disease": "sifilis",
    "cod_mun": 3523909,
    "mae": 0.10726315588886573,
    "rmse": 0.2981835402119305,
    "r2": -0.0536464179769629,
    "n_samples": 300
}