{
    "disease": "TX_tuberculose_00_23",
    "cod_mun": 3521903,
    "mae": 0.17446607848008475,
    "rmse": 0.1744664050556957,
    "r2": 0.0,
    "n_train": 251,
    "n_test": 12
}