{
    "disease": "sifilis",
    "cod_mun": 3537107,
    "mae": 0.16909223781935673,
    "rmse": 0.44777030878012464,
    "r2": 0.22333030418780309,
    "n_samples": 300
}