{
    "disease": "tuberculose",
    "cod_mun": 3541406,
    "mae": 0.1707373307593855,
    "rmse": 0.33957689275818664,
    "r2": 0.19116975385583534,
    "n_samples": 300
}