{
    "disease": "sifilis",
    "cod_mun": 3551405,
    "mae": 0.32651353561774754,
    "rmse": 1.0739991886435212,
    "r2": 0.06921072631721881,
    "n_samples": 300
}