{
    "disease": "sifilis",
    "cod_mun": 3548302,
    "mae": 1.1221130355285749,
    "rmse": 6.13468993681622,
    "r2": 0.008191321531790807,
    "n_samples": 300
}