{
    "disease": "TX_sifilis_00_23",
    "cod_mun": 3543105,
    "mae": 3.6033019403393833,
    "rmse": 8.796269510413286,
    "r2": -0.1983703071307661,
    "n_train": 251,
    "n_test": 12
}