{
    "disease": "TX_hepatite_00_23",
    "cod_mun": 3501707,
    "mae": 0.37506163254147395,
    "rmse": 0.8288823438197913,
    "r2": 0.0,
    "n_train": 251,
    "n_test": 12
}