{
    "disease": "hanseniase",
    "cod_mun": 3509601,
    "mae": 0.21261551437634882,
    "rmse": 0.5550626506444647,
    "r2": 0.3787271988584239,
    "n_samples": 300
}