{
    "disease": "sifilis",
    "cod_mun": 3511409,
    "mae": 0.37405363706522526,
    "rmse": 1.4595549647234045,
    "r2": 0.0061092754789927595,
    "n_samples": 300
}