{
    "disease": "sifilis",
    "cod_mun": 3505500,
    "mae": 0.535780841067993,
    "rmse": 0.8417197322349771,
    "r2": 0.06405131605852465,
    "n_samples": 300
}