{
    "disease": "hiv_aids",
    "cod_mun": 3548054,
    "mae": 1.3533029776625491,
    "rmse": 3.6003297098035096,
    "r2": 0.02400013422552072,
    "n_samples": 300
}