{
    "disease": "sifilis",
    "cod_mun": 3539905,
    "mae": 0.22797879972244972,
    "rmse": 1.4137143286898055,
    "r2": 0.002569252169512648,
    "n_samples": 300
}