{
    "disease": "TX_sifilis_00_23",
    "cod_mun": 3545605,
    "mae": 0.7901103565511107,
    "rmse": 2.067312090905532,
    "r2": -0.09939563304787469,
    "n_train": 251,
    "n_test": 12
}