{
    "disease": "tuberculose",
    "cod_mun": 3544806,
    "mae": 0.5537495915429194,
    "rmse": 2.1143319401946554,
    "r2": 0.009431577865422591,
    "n_samples": 300
}