{
    "disease": "hepatite",
    "cod_mun": 3514403,
    "mae": 0.552307534575958,
    "rmse": 0.9956877337651762,
    "r2": 0.23396651662647383,
    "n_samples": 300
}