{
    "disease": "hanseniase",
    "cod_mun": 3522307,
    "mae": 0.09212047215658486,
    "rmse": 0.180895686315913,
    "r2": 0.07950535903526634,
    "n_samples": 300
}