{
    "disease": "sifilis",
    "cod_mun": 3553658,
    "mae": 0.047929000354198566,
    "rmse": 0.29797716275855224,
    "r2": 0.9801977962802856,
    "n_samples": 300
}