{
    "disease": "hanseniase",
    "cod_mun": 3526803,
    "mae": 0.12360692768656201,
    "rmse": 0.30797100052382304,
    "r2": 0.14468336374917923,
    "n_samples": 300
}