{
    "disease": "hanseniase",
    "cod_mun": 3501608,
    "mae": 0.03700940104676116,
    "rmse": 0.11400803070210483,
    "r2": 0.31234189439575644,
    "n_samples": 300
}