{
    "disease": "hiv_aids",
    "cod_mun": 3547601,
    "mae": 1.4943614922211639,
    "rmse": 2.237094460549285,
    "r2": 0.1825833651294808,
    "n_samples": 300
}