{
    "disease": "TX_hanseniase_00_23",
    "cod_mun": 3549250,
    "mae": 0.7694937835137049,
    "rmse": 1.5989675638060181,
    "r2": 0.0,
    "n_train": 251,
    "n_test": 12
}