{
    "disease": "hepatite",
    "cod_mun": 3555505,
    "mae": 0.5791201719003981,
    "rmse": 2.5483831922322078,
    "r2": 0.12244318836206791,
    "n_samples": 300
}