{
    "disease": "TX_hepatite_00_23",
    "cod_mun": 3536000,
    "mae": 1.4501616739938594,
    "rmse": 2.61308835497126,
    "r2": -6.9186772044815825e-06,
    "n_train": 251,
    "n_test": 12
}