{
    "disease": "hiv_aids",
    "cod_mun": 3510401,
    "mae": 1.4095999126608136,
    "rmse": 2.1253772172101066,
    "r2": 0.5786393491394748,
    "n_samples": 300
}