{
    "disease": "TX_hanseniase_00_23",
    "cod_mun": 3555000,
    "mae": 0.21490492299199104,
    "rmse": 0.21497262075311696,
    "r2": 0.0,
    "n_train": 251,
    "n_test": 12
}