{
    "disease": "hepatite",
    "cod_mun": 3508504,
    "mae": 0.4324601959662696,
    "rmse": 0.707280545777663,
    "r2": 0.09489269111416454,
    "n_samples": 300
}