{
    "disease": "TX_hepatite_00_23",
    "cod_mun": 3526902,
    "mae": 0.05212191300707284,
    "rmse": 0.09051863687148495,
    "r2": 0.0010893428005196437,
    "n_train": 251,
    "n_test": 12
}