{
    "disease": "hanseniase",
    "cod_mun": 3539004,
    "mae": 0.22095345795287868,
    "rmse": 0.8852626926406855,
    "r2": 0.09657622436924962,
    "n_samples": 300
}