{
    "disease": "TX_hiv_aids_00_23",
    "cod_mun": 3557204,
    "mae": 1.1206709692875545,
    "rmse": 1.347607274106689,
    "r2": 0.0,
    "n_train": 251,
    "n_test": 12
}