{
    "disease": "TX_hepatite_00_23",
    "cod_mun": 3506003,
    "mae": 0.3445509067121734,
    "rmse": 0.35124866357052636,
    "r2": -23.400401034064608,
    "n_train": 251,
    "n_test": 12
}