{
    "disease": "hanseniase",
    "cod_mun": 3521002,
    "mae": 0.05590045372202488,
    "rmse": 0.2503066022346603,
    "r2": 0.1158751659343461,
    "n_samples": 300
}