{
    "disease": "hiv_aids",
    "cod_mun": 3528908,
    "mae": 0.5057360749383912,
    "rmse": 2.5063291066903783,
    "r2": 0.0011137622038810413,
    "n_samples": 300
}