{
    "disease": "TX_hepatite_00_23",
    "cod_mun": 3538303,
    "mae": 0.2169771045446396,
    "rmse": 0.2169771045446396,
    "r2": 0.0,
    "n_train": 251,
    "n_test": 12
}