{
    "disease": "hepatite",
    "cod_mun": 3509601,
    "mae": 0.3396721417151881,
    "rmse": 0.5256939987523477,
    "r2": 0.2033876753713757,
    "n_samples": 300
}