{
    "disease": "TX_sifilis_00_23",
    "cod_mun": 3545209,
    "mae": 0.7105808456817501,
    "rmse": 0.8886579533907134,
    "r2": -0.08143190744325368,
    "n_train": 251,
    "n_test": 12
}