{
    "disease": "TX_hanseniase_00_23",
    "cod_mun": 3537107,
    "mae": 0.011633833327020207,
    "rmse": 0.011713899110746943,
    "r2": 0.0,
    "n_train": 251,
    "n_test": 12
}