{
    "disease": "TX_hanseniase_00_23",
    "cod_mun": 3516705,
    "mae": 0.0606288630515337,
    "rmse": 0.06684365496035378,
    "r2": 0.0,
    "n_train": 251,
    "n_test": 12
}