{
    "disease": "sifilis",
    "cod_mun": 3509254,
    "mae": 0.3114791525450773,
    "rmse": 0.7526052163442382,
    "r2": 0.1129728160907093,
    "n_samples": 300
}