{
    "disease": "sifilis",
    "cod_mun": 3547809,
    "mae": 0.18793563488226145,
    "rmse": 0.2802630020238768,
    "r2": 0.5227180272906216,
    "n_samples": 300
}