{
    "disease": "hiv_aids",
    "cod_mun": 3515350,
    "mae": 0.5029867292585481,
    "rmse": 1.4962604547413565,
    "r2": 0.06640490823347822,
    "n_samples": 300
}