{
    "disease": "TX_hepatite_00_23",
    "cod_mun": 3520509,
    "mae": 0.03448916250757369,
    "rmse": 0.056119522321073936,
    "r2": 0.0,
    "n_train": 251,
    "n_test": 12
}