{
    "disease": "sifilis",
    "cod_mun": 3509957,
    "mae": 0.5816833186365455,
    "rmse": 2.628544789495781,
    "r2": 0.20677561605608363,
    "n_samples": 300
}