{
    "disease": "hanseniase",
    "cod_mun": 3513504,
    "mae": 0.1277770091137975,
    "rmse": 0.3401768893737947,
    "r2": 0.060556554890611736,
    "n_samples": 300
}