{
    "disease": "TX_hepatite_00_23",
    "cod_mun": 3539400,
    "mae": 0.12107946696535994,
    "rmse": 0.24774593456734456,
    "r2": 0.0,
    "n_train": 251,
    "n_test": 12
}