{
    "disease": "sifilis",
    "cod_mun": 3515186,
    "mae": 0.14433578520551682,
    "rmse": 0.5798063770565539,
    "r2": -0.032214158597544396,
    "n_samples": 300
}