{
    "disease": "hanseniase",
    "cod_mun": 3521804,
    "mae": 0.03954148313588105,
    "rmse": 0.3560504791380621,
    "r2": 0.07536409216417361,
    "n_samples": 300
}