{
    "disease": "hepatite",
    "cod_mun": 3515509,
    "mae": 0.8533407137075756,
    "rmse": 1.162074375266607,
    "r2": 0.19790612870151336,
    "n_samples": 300
}