{
    "disease": "TX_hepatite_00_23",
    "cod_mun": 3540259,
    "mae": 0.028198490074525278,
    "rmse": 0.059651949200159614,
    "r2": 0.0,
    "n_train": 251,
    "n_test": 12
}