{
    "disease": "TX_hanseniase_00_23",
    "cod_mun": 3547502,
    "mae": 0.14306753190855184,
    "rmse": 0.2320843501993231,
    "r2": 0.0,
    "n_train": 251,
    "n_test": 12
}