{
    "disease": "hiv_aids",
    "cod_mun": 3523800,
    "mae": 0.8605607393851947,
    "rmse": 2.3115888826744992,
    "r2": 0.12291247698902297,
    "n_samples": 300
}