{
    "disease": "hanseniase",
    "cod_mun": 3521002,
    "mae": 0.09343200434252726,
    "rmse": 0.26257353375867454,
    "r2": 0.027094009100572136,
    "n_samples": 300
}