{
    "disease": "TX_hanseniase_00_23",
    "cod_mun": 3516309,
    "mae": 0.03404749743640423,
    "rmse": 0.03407619026977784,
    "r2": 0.0,
    "n_train": 251,
    "n_test": 12
}