{
    "disease": "hiv_aids",
    "cod_mun": 3515186,
    "mae": 0.27991392999754067,
    "rmse": 0.6922328307506017,
    "r2": 0.1240772561358291,
    "n_samples": 300
}