{
    "disease": "TX_hiv_aids_00_23",
    "cod_mun": 3512704,
    "mae": 1.1314566632111867,
    "rmse": 1.1314572419957876,
    "r2": 0.0,
    "n_train": 251,
    "n_test": 12
}