{
    "disease": "tuberculose",
    "cod_mun": 3557006,
    "mae": 0.4691593073106247,
    "rmse": 0.608988805431271,
    "r2": 0.3892401222489025,
    "n_samples": 300
}