{
    "disease": "TX_hepatite_00_23",
    "cod_mun": 3549508,
    "mae": 5.1180361601540545,
    "rmse": 8.39172111117518,
    "r2": -0.057524934724601406,
    "n_train": 251,
    "n_test": 12
}