{
    "disease": "tuberculose",
    "cod_mun": 3500501,
    "mae": 1.0597167228946671,
    "rmse": 1.8602965896549868,
    "r2": 0.21862216535947854,
    "n_samples": 300
}