{
    "disease": "TX_hanseniase_00_23",
    "cod_mun": 3527108,
    "mae": 0.12405944234284104,
    "rmse": 0.38814809337001926,
    "r2": -0.081996752113207,
    "n_train": 251,
    "n_test": 12
}