{
    "disease": "TX_tuberculose_00_23",
    "cod_mun": 3522802,
    "mae": 1.1534531753206905,
    "rmse": 1.9676643085178502,
    "r2": -0.0016567014056063645,
    "n_train": 251,
    "n_test": 12
}