{
    "disease": "tuberculose",
    "cod_mun": 3518909,
    "mae": 1.6465765027468295,
    "rmse": 3.8137618458619182,
    "r2": 0.17474081996137014,
    "n_samples": 300
}