{
    "disease": "sifilis",
    "cod_mun": 3541208,
    "mae": 0.23808776405397822,
    "rmse": 0.9199635909078407,
    "r2": 0.002171785712867136,
    "n_samples": 300
}