{
    "disease": "TX_hepatite_00_23",
    "cod_mun": 3532827,
    "mae": 0.02641651761950925,
    "rmse": 0.0371716593402453,
    "r2": 0.0,
    "n_train": 251,
    "n_test": 12
}