{
    "disease": "tuberculose",
    "cod_mun": 3547601,
    "mae": 1.0316505592760756,
    "rmse": 1.9030534376406276,
    "r2": 0.19664145656272758,
    "n_samples": 300
}