{
    "disease": "hiv_aids",
    "cod_mun": 3549706,
    "mae": 0.8730436273058036,
    "rmse": 1.2055011015390473,
    "r2": 0.1324588446570102,
    "n_samples": 300
}