{
    "disease": "TX_hiv_aids_00_23",
    "cod_mun": 3548500,
    "mae": 4.104910904194117,
    "rmse": 4.13489503190986,
    "r2": -507.48120082007665,
    "n_train": 251,
    "n_test": 12
}