{
    "disease": "hiv_aids",
    "cod_mun": 3532801,
    "mae": 5.235941823316144,
    "rmse": 7.360044439566078,
    "r2": 0.009210416230501561,
    "n_samples": 300
}