{
    "disease": "hepatite",
    "cod_mun": 3527256,
    "mae": 4.896559804671103,
    "rmse": 10.19550621942692,
    "r2": 0.09993717231399468,
    "n_samples": 300
}