{
    "disease": "sifilis",
    "cod_mun": 3547601,
    "mae": 0.5435606376742169,
    "rmse": 1.1371083326732931,
    "r2": 0.05196016410352389,
    "n_samples": 300
}