{
    "disease": "sifilis",
    "cod_mun": 3554706,
    "mae": 0.07397589480386335,
    "rmse": 0.515515350634914,
    "r2": 0.1839866337978403,
    "n_samples": 300
}