{
    "disease": "TX_tuberculose_00_23",
    "cod_mun": 3534609,
    "mae": 0.25093906621138257,
    "rmse": 0.2553518126040894,
    "r2": 0.0,
    "n_train": 251,
    "n_test": 12
}