{
    "disease": "hepatite",
    "cod_mun": 3532157,
    "mae": 0.5558989394694391,
    "rmse": 3.3512754132668783,
    "r2": 0.005954141347520148,
    "n_samples": 300
}