{
    "disease": "hanseniase",
    "cod_mun": 3504305,
    "mae": 0.27092829922789446,
    "rmse": 1.665209314145872,
    "r2": 0.0006625769265711234,
    "n_samples": 300
}