{
    "disease": "sifilis",
    "cod_mun": 3534500,
    "mae": 1.662327105107134,
    "rmse": 6.086802027666802,
    "r2": 0.04902263509280613,
    "n_samples": 300
}