{
    "disease": "hiv_aids",
    "cod_mun": 3514601,
    "mae": 4.680713185695014,
    "rmse": 6.323414671954033,
    "r2": -0.10602310153016758,
    "n_samples": 300
}