{
    "disease": "hiv_aids",
    "cod_mun": 3530706,
    "mae": 0.5415252429822178,
    "rmse": 0.7101310405367098,
    "r2": 0.27556287894893905,
    "n_samples": 300
}