{
    "disease": "TX_hepatite_00_23",
    "cod_mun": 3502309,
    "mae": 0.014720461331307888,
    "rmse": 0.014720534617238793,
    "r2": 0.0,
    "n_train": 251,
    "n_test": 12
}