{
    "disease": "hanseniase",
    "cod_mun": 3530003,
    "mae": 0.48947181114137817,
    "rmse": 2.9388000299406136,
    "r2": 0.002289586506063146,
    "n_samples": 300
}