{
    "disease": "TX_tuberculose_00_23",
    "cod_mun": 3524402,
    "mae": 0.5742794137846187,
    "rmse": 0.7401395148705829,
    "r2": -0.273778194267263,
    "n_train": 251,
    "n_test": 12
}