{
    "disease": "hanseniase",
    "cod_mun": 3535200,
    "mae": 0.0033392015571185076,
    "rmse": 0.012633765412062334,
    "r2": 0.9994957326337702,
    "n_samples": 300
}