{
    "disease": "tuberculose",
    "cod_mun": 3524600,
    "mae": 0.3189490165256007,
    "rmse": 0.9845540139100556,
    "r2": 0.15481879097474827,
    "n_samples": 300
}