{
    "disease": "hanseniase",
    "cod_mun": 3502507,
    "mae": 0.05770546279285432,
    "rmse": 0.2767234051572963,
    "r2": 0.011379482654290451,
    "n_samples": 300
}