{
    "disease": "tuberculose",
    "cod_mun": 3535309,
    "mae": 0.8551024562926047,
    "rmse": 1.5627264955393023,
    "r2": 0.032499990313853755,
    "n_samples": 300
}