{
    "disease": "TX_sifilis_00_23",
    "cod_mun": 3536257,
    "mae": 1.5130423307418823,
    "rmse": 1.5130423307418823,
    "r2": 0.0,
    "n_train": 251,
    "n_test": 12
}