{
    "disease": "TX_hepatite_00_23",
    "cod_mun": 3520707,
    "mae": 0.5751292705535889,
    "rmse": 0.5751292705535889,
    "r2": 0.0,
    "n_train": 251,
    "n_test": 12
}