{
    "disease": "hiv_aids",
    "cod_mun": 3541307,
    "mae": 1.0363760106999245,
    "rmse": 1.1908573729335994,
    "r2": 0.01613399973866303,
    "n_samples": 300
}