{
    "disease": "TX_hanseniase_00_23",
    "cod_mun": 3532207,
    "mae": 0.1083691231906414,
    "rmse": 0.10837163102576022,
    "r2": 0.0,
    "n_train": 251,
    "n_test": 12
}