{
    "disease": "TX_hepatite_00_23",
    "cod_mun": 3518701,
    "mae": 0.00580566576536512,
    "rmse": 0.019097049186411714,
    "r2": 0.0,
    "n_train": 251,
    "n_test": 12
}