{
    "disease": "hepatite",
    "cod_mun": 3556958,
    "mae": 21.109459910166905,
    "rmse": 32.26691456676234,
    "r2": 0.2073642969217918,
    "n_samples": 300
}