{
    "disease": "hanseniase",
    "cod_mun": 3507456,
    "mae": 0.6402071817216131,
    "rmse": 3.864441914888322,
    "r2": 0.004991361954432838,
    "n_samples": 300
}