{
    "disease": "sifilis",
    "cod_mun": 3536505,
    "mae": 0.25652606062971395,
    "rmse": 0.42610494698292656,
    "r2": 0.05672938096243485,
    "n_samples": 300
}