{
    "disease": "hanseniase",
    "cod_mun": 3506359,
    "mae": 0.09575672863902059,
    "rmse": 0.4108505911832767,
    "r2": 0.0018753401033314576,
    "n_samples": 300
}