{
    "disease": "hiv_aids",
    "cod_mun": 3525409,
    "mae": 1.2243444825892607,
    "rmse": 5.047466657074119,
    "r2": 0.0006468448271801375,
    "n_samples": 300
}