{
    "disease": "hiv_aids",
    "cod_mun": 3553500,
    "mae": 1.6716139837667152,
    "rmse": 2.597649078078999,
    "r2": -0.053458057024694305,
    "n_samples": 300
}