{
    "disease": "TX_tuberculose_00_23",
    "cod_mun": 3538105,
    "mae": 0.049751946702599525,
    "rmse": 0.07139664773124953,
    "r2": 0.0,
    "n_train": 251,
    "n_test": 12
}