{
    "disease": "sifilis",
    "cod_mun": 3526209,
    "mae": 0.12545617138202456,
    "rmse": 0.4583796181899615,
    "r2": 0.11828153361364302,
    "n_samples": 300
}