{
    "disease": "TX_hanseniase_00_23",
    "cod_mun": 3541000,
    "mae": 0.012561220772719631,
    "rmse": 0.01425058929709125,
    "r2": 0.0,
    "n_train": 251,
    "n_test": 12
}