{
    "disease": "TX_tuberculose_00_23",
    "cod_mun": 3528403,
    "mae": 0.4489156233223066,
    "rmse": 0.5921613584509412,
    "r2": -0.06190560260947886,
    "n_train": 251,
    "n_test": 12
}