{
    "disease": "TX_sifilis_00_23",
    "cod_mun": 3526704,
    "mae": 0.6829820226526269,
    "rmse": 0.7942300088809555,
    "r2": -0.6937006643666905,
    "n_train": 251,
    "n_test": 12
}