{
    "disease": "sifilis",
    "cod_mun": 3500105,
    "mae": 0.3738712868504816,
    "rmse": 0.8209919908872826,
    "r2": 0.6864020045171362,
    "n_samples": 300
}