{
    "disease": "TX_sifilis_00_23",
    "cod_mun": 3536208,
    "mae": 0.24858573079109192,
    "rmse": 0.24858573079109192,
    "r2": 0.0,
    "n_train": 251,
    "n_test": 12
}