{
    "disease": "hepatite",
    "cod_mun": 3548104,
    "mae": 0.4485622215454843,
    "rmse": 1.890008989543268,
    "r2": 0.010082284653556983,
    "n_samples": 300
}