{
    "disease": "hiv_aids",
    "cod_mun": 3511706,
    "mae": 0.8200742036168649,
    "rmse": 2.345549147802939,
    "r2": -0.11448045078127933,
    "n_samples": 300
}