{
    "disease": "tuberculose",
    "cod_mun": 3519402,
    "mae": 0.3985655076624247,
    "rmse": 1.3277663807632645,
    "r2": 0.048393627664277794,
    "n_samples": 300
}