{
    "disease": "TX_hepatite_00_23",
    "cod_mun": 3545001,
    "mae": 0.23646722609798113,
    "rmse": 0.23646735268905228,
    "r2": 0.0,
    "n_train": 251,
    "n_test": 12
}