{
    "disease": "hepatite",
    "cod_mun": 3525805,
    "mae": 14.87473264988538,
    "rmse": 23.559319851802012,
    "r2": 0.15984652728376758,
    "n_samples": 300
}