{
    "disease": "hiv_aids",
    "cod_mun": 3528502,
    "mae": 0.5893731514243973,
    "rmse": 0.8762899537257282,
    "r2": 0.1007653005440251,
    "n_samples": 300
}