{
    "disease": "TX_hanseniase_00_23",
    "cod_mun": 3501301,
    "mae": 0.001510713656898588,
    "rmse": 0.0015364082339128543,
    "r2": 0.0,
    "n_train": 251,
    "n_test": 12
}