{
    "disease": "TX_hanseniase_00_23",
    "cod_mun": 3525300,
    "mae": 0.1360300285105446,
    "rmse": 0.21767724856690074,
    "r2": -0.08655156003337017,
    "n_train": 251,
    "n_test": 12
}