{
    "disease": "TX_hanseniase_00_23",
    "cod_mun": 3521804,
    "mae": 0.0021604783444975815,
    "rmse": 0.002194893803759829,
    "r2": 0.0,
    "n_train": 251,
    "n_test": 12
}