{
    "disease": "sifilis",
    "cod_mun": 3533700,
    "mae": 1.618600590526609,
    "rmse": 4.174258952253459,
    "r2": 0.08920891778820961,
    "n_samples": 300
}