{
    "disease": "TX_sifilis_00_23",
    "cod_mun": 3528700,
    "mae": 0.30165741840998334,
    "rmse": 0.32728566216886357,
    "r2": 0.0,
    "n_train": 251,
    "n_test": 12
}