{
    "disease": "hanseniase",
    "cod_mun": 3531704,
    "mae": 0.18676870210175886,
    "rmse": 1.5596882619070584,
    "r2": 0.004610159627446042,
    "n_samples": 300
}