{
    "disease": "sifilis",
    "cod_mun": 3549805,
    "mae": 0.1939265368688853,
    "rmse": 0.2735550962196657,
    "r2": 0.27794461162658546,
    "n_samples": 300
}