{
    "disease": "hiv_aids",
    "cod_mun": 3548104,
    "mae": 0.33437849990364354,
    "rmse": 1.6725047396878296,
    "r2": 0.0008154336107132343,
    "n_samples": 300
}