{
    "disease": "TX_sifilis_00_23",
    "cod_mun": 3510302,
    "mae": 1.2906381382624623,
    "rmse": 2.9010843588779567,
    "r2": -0.22225221553442598,
    "n_train": 251,
    "n_test": 12
}