{
    "disease": "tuberculose",
    "cod_mun": 3514007,
    "mae": 0.07857707842896255,
    "rmse": 0.6755023314868573,
    "r2": 0.004616831945019162,
    "n_samples": 300
}