{
    "disease": "TX_hanseniase_00_23",
    "cod_mun": 3528502,
    "mae": 0.04703176518281301,
    "rmse": 0.05127404002827204,
    "r2": 0.0,
    "n_train": 251,
    "n_test": 12
}