{
    "disease": "hiv_aids",
    "cod_mun": 3502606,
    "mae": 0.2862933308127946,
    "rmse": 1.7542342683989007,
    "r2": 0.0034345506733995945,
    "n_samples": 300
}