{
    "disease": "hepatite",
    "cod_mun": 3546108,
    "mae": 0.012070087803218991,
    "rmse": 0.04973706164961981,
    "r2": 0.999676919973248,
    "n_samples": 300
}