{
    "disease": "TX_hepatite_00_23",
    "cod_mun": 3512902,
    "mae": 4.327791458081422,
    "rmse": 4.481239348424906,
    "r2": -0.254568839080473,
    "n_train": 251,
    "n_test": 12
}