{
    "disease": "TX_tuberculose_00_23",
    "cod_mun": 3525102,
    "mae": 1.1486817391455377,
    "rmse": 1.4303895649783762,
    "r2": -0.026011577026837207,
    "n_train": 251,
    "n_test": 12
}