{
    "disease": "sifilis",
    "cod_mun": 3529500,
    "mae": 0.6335819988925318,
    "rmse": 2.595375791662455,
    "r2": 0.10630328922490151,
    "n_samples": 300
}