{
    "disease": "TX_hiv_aids_00_23",
    "cod_mun": 3525607,
    "mae": 0.15036956717570624,
    "rmse": 0.1513643810688608,
    "r2": 0.0,
    "n_train": 251,
    "n_test": 12
}