{
    "disease": "TX_tuberculose_00_23",
    "cod_mun": 3550506,
    "mae": 1.1504983628789585,
    "rmse": 1.168903633739514,
    "r2": 0.0,
    "n_train": 251,
    "n_test": 12
}