{
    "disease": "TX_hepatite_00_23",
    "cod_mun": 3508603,
    "mae": 0.17393642105162144,
    "rmse": 0.23010651964603657,
    "r2": 0.0,
    "n_train": 251,
    "n_test": 12
}