{
    "disease": "tuberculose",
    "cod_mun": 3548500,
    "mae": 0.6781727838735995,
    "rmse": 0.9026133003534428,
    "r2": 0.7790402946393592,
    "n_samples": 300
}