{
    "disease": "sifilis",
    "cod_mun": 3524204,
    "mae": 0.477821948659484,
    "rmse": 1.8736930592907468,
    "r2": 0.004726877224810355,
    "n_samples": 300
}