{
    "disease": "hepatite",
    "cod_mun": 3519808,
    "mae": 1.0962512916855747,
    "rmse": 3.2972496229738133,
    "r2": 0.3179214617794872,
    "n_samples": 300
}