{
    "disease": "hiv_aids",
    "cod_mun": 3521309,
    "mae": 0.6038821352676729,
    "rmse": 1.6111097295226529,
    "r2": 0.13742406248782701,
    "n_samples": 300
}