{
    "disease": "hiv_aids",
    "cod_mun": 3502705,
    "mae": 0.5319424714903213,
    "rmse": 1.0609454753856704,
    "r2": 0.10049345238423957,
    "n_samples": 300
}