{
    "disease": "TX_sifilis_00_23",
    "cod_mun": 3510153,
    "mae": 0.8531410098075867,
    "rmse": 0.8531410098075867,
    "r2": 0.0,
    "n_train": 251,
    "n_test": 12
}