{
    "disease": "hanseniase",
    "cod_mun": 3534302,
    "mae": 0.16787964614539866,
    "rmse": 0.533629104812087,
    "r2": 0.0508112626116648,
    "n_samples": 300
}