{
    "disease": "hiv_aids",
    "cod_mun": 3526209,
    "mae": 0.5594665328468723,
    "rmse": 0.9857327531824747,
    "r2": 0.0999852876249242,
    "n_samples": 300
}