{
    "disease": "hanseniase",
    "cod_mun": 3523107,
    "mae": 0.06592121035847381,
    "rmse": 0.12043143489228315,
    "r2": 0.11920047280919532,
    "n_samples": 300
}