{
    "disease": "hiv_aids",
    "cod_mun": 3533403,
    "mae": 0.7403154206521338,
    "rmse": 1.056442055468906,
    "r2": 0.0630033308226422,
    "n_samples": 300
}