{
    "disease": "hepatite",
    "cod_mun": 3544400,
    "mae": 0.5651768837247279,
    "rmse": 3.448019160843304,
    "r2": 0.0053911648656249644,
    "n_samples": 300
}