{
    "disease": "TX_tuberculose_00_23",
    "cod_mun": 3547700,
    "mae": 0.4972364277837229,
    "rmse": 1.604610855415409,
    "r2": -0.07696443027775635,
    "n_train": 251,
    "n_test": 12
}