{
    "disease": "hanseniase",
    "cod_mun": 3539905,
    "mae": 0.126912704341025,
    "rmse": 0.8757404987168725,
    "r2": 0.27813411972567625,
    "n_samples": 300
}