{
    "disease": "sifilis",
    "cod_mun": 3519709,
    "mae": 0.027708134007530482,
    "rmse": 0.12585847377703133,
    "r2": 0.23973974689928068,
    "n_samples": 300
}