{
    "disease": "TX_hepatite_00_23",
    "cod_mun": 3537206,
    "mae": 3.3366995672102235,
    "rmse": 3.887031509265153,
    "r2": -0.04484890408098319,
    "n_train": 251,
    "n_test": 12
}