{
    "disease": "tuberculose",
    "cod_mun": 3549953,
    "mae": 0.34877155486017936,
    "rmse": 1.0399131292250785,
    "r2": 0.7904485391328809,
    "n_samples": 300
}