{
    "disease": "sifilis",
    "cod_mun": 3521606,
    "mae": 0.7771997763929002,
    "rmse": 2.229867937124761,
    "r2": 0.15084444908764694,
    "n_samples": 300
}