{
    "disease": "sifilis",
    "cod_mun": 3535200,
    "mae": 0.4381368488237291,
    "rmse": 1.4121529053813855,
    "r2": 0.08063178626613943,
    "n_samples": 300
}