{
    "disease": "hiv_aids",
    "cod_mun": 3513108,
    "mae": 2.309668462414082,
    "rmse": 3.153004094349056,
    "r2": 0.08487861106654138,
    "n_samples": 300
}