{
    "disease": "hepatite",
    "cod_mun": 3503604,
    "mae": 0.20389701664068866,
    "rmse": 0.8739275889073567,
    "r2": 0.366438456915371,
    "n_samples": 300
}