{
    "disease": "TX_hepatite_00_23",
    "cod_mun": 3545605,
    "mae": 2.6570435318020977,
    "rmse": 4.50933699982746,
    "r2": -0.027476653069619772,
    "n_train": 251,
    "n_test": 12
}