{
    "disease": "TX_tuberculose_00_23",
    "cod_mun": 3523503,
    "mae": 0.24112364277243614,
    "rmse": 0.2602835008312759,
    "r2": 0.0,
    "n_train": 251,
    "n_test": 12
}