{
    "disease": "TX_hepatite_00_23",
    "cod_mun": 3535002,
    "mae": 0.2216625213623047,
    "rmse": 0.2331967680670347,
    "r2": 0.0,
    "n_train": 251,
    "n_test": 12
}