{
    "disease": "hanseniase",
    "cod_mun": 3554201,
    "mae": 0.14439611330029628,
    "rmse": 1.230890917679467,
    "r2": 0.002425830462319145,
    "n_samples": 300
}