{
    "disease": "sifilis",
    "cod_mun": 3556404,
    "mae": 0.23186405321711676,
    "rmse": 0.5025733705456913,
    "r2": 0.12471994940178066,
    "n_samples": 300
}