{
    "disease": "sifilis",
    "cod_mun": 3557006,
    "mae": 0.23244264993904087,
    "rmse": 0.4338024496878218,
    "r2": 0.4616695378868956,
    "n_samples": 300
}