{
    "disease": "tuberculose",
    "cod_mun": 3530201,
    "mae": 0.27577866090517594,
    "rmse": 0.9262678781062961,
    "r2": 0.31993325086077207,
    "n_samples": 300
}