{
    "disease": "hiv_aids",
    "cod_mun": 3512407,
    "mae": 0.9528462668192849,
    "rmse": 1.645960770133451,
    "r2": 0.18260861931645023,
    "n_samples": 300
}