{
    "disease": "tuberculose",
    "cod_mun": 3553005,
    "mae": 0.29879337264787054,
    "rmse": 1.1731026208572843,
    "r2": 0.0009354290849447056,
    "n_samples": 300
}