{
    "disease": "hiv_aids",
    "cod_mun": 3547007,
    "mae": 1.1511373389175263,
    "rmse": 3.039463757694755,
    "r2": 0.24671767827350066,
    "n_samples": 300
}