{
    "disease": "hiv_aids",
    "cod_mun": 3504909,
    "mae": 0.6146712452713334,
    "rmse": 1.6839684321431594,
    "r2": 0.18484350116972925,
    "n_samples": 300
}