{
    "disease": "hanseniase",
    "cod_mun": 3546900,
    "mae": 0.22610921363583444,
    "rmse": 1.1473235986280814,
    "r2": 0.6495365933902346,
    "n_samples": 300
}