{
    "disease": "tuberculose",
    "cod_mun": 3510500,
    "mae": 0.7417266184718059,
    "rmse": 1.1080419276055586,
    "r2": 0.058797074466974464,
    "n_samples": 300
}