{
    "disease": "hiv_aids",
    "cod_mun": 3513900,
    "mae": 0.28720785926288883,
    "rmse": 1.1184799411341944,
    "r2": 0.00023255044887238174,
    "n_samples": 300
}