{
    "disease": "hanseniase",
    "cod_mun": 3541406,
    "mae": 0.08217241005714074,
    "rmse": 0.18730370586175277,
    "r2": 0.054550957981180925,
    "n_samples": 300
}