{
    "disease": "hanseniase",
    "cod_mun": 3525706,
    "mae": 0.28730314619938135,
    "rmse": 0.90657179497096,
    "r2": 0.05666446922890023,
    "n_samples": 300
}