{
    "disease": "hanseniase",
    "cod_mun": 3535002,
    "mae": 0.1208640865811333,
    "rmse": 0.7659094602386899,
    "r2": 0.8889229106436941,
    "n_samples": 300
}