{
    "disease": "hanseniase",
    "cod_mun": 3514601,
    "mae": 0.38761788625885346,
    "rmse": 1.7834199201943464,
    "r2": 0.20048340445491541,
    "n_samples": 300
}