{
    "disease": "hanseniase",
    "cod_mun": 3521606,
    "mae": 0.26504843731977873,
    "rmse": 0.9546365800134378,
    "r2": 0.27671306503807636,
    "n_samples": 300
}