{
    "disease": "hanseniase",
    "cod_mun": 3551603,
    "mae": 0.05012365560375281,
    "rmse": 0.2772075021714192,
    "r2": 0.2903594029872587,
    "n_samples": 300
}