{
    "disease": "hiv_aids",
    "cod_mun": 3540507,
    "mae": 1.2351079326571133,
    "rmse": 2.8397329663527717,
    "r2": 0.06182171614405707,
    "n_samples": 300
}