{
    "disease": "TX_sifilis_00_23",
    "cod_mun": 3510005,
    "mae": 0.9445020313160133,
    "rmse": 1.8751610838692465,
    "r2": -0.003491901985594348,
    "n_train": 251,
    "n_test": 12
}