{
    "disease": "TX_hiv_aids_00_23",
    "cod_mun": 3502606,
    "mae": 0.01834152980397145,
    "rmse": 0.01834175422867706,
    "r2": 0.0,
    "n_train": 251,
    "n_test": 12
}