{
    "disease": "hepatite",
    "cod_mun": 3550902,
    "mae": 0.32290430885889926,
    "rmse": 0.9822255861895646,
    "r2": 0.14634507964657428,
    "n_samples": 300
}