{
    "disease": "TX_hiv_aids_00_23",
    "cod_mun": 3500105,
    "mae": 1.395477977026067,
    "rmse": 2.0304688353451654,
    "r2": -0.18777343107602862,
    "n_train": 251,
    "n_test": 12
}