{
    "disease": "hiv_aids",
    "cod_mun": 3539509,
    "mae": 1.7270153214789425,
    "rmse": 2.2155072990072227,
    "r2": 0.07740094169114975,
    "n_samples": 300
}