{
    "disease": "TX_tuberculose_00_23",
    "cod_mun": 3525508,
    "mae": 0.739374388634066,
    "rmse": 2.22714432627319,
    "r2": -0.0671920482494095,
    "n_train": 251,
    "n_test": 12
}