{
    "disease": "sifilis",
    "cod_mun": 3526001,
    "mae": 0.37318899738376604,
    "rmse": 1.1259196219896965,
    "r2": 0.16991124966420124,
    "n_samples": 300
}