{
    "disease": "sifilis",
    "cod_mun": 3550605,
    "mae": 0.1442465987627797,
    "rmse": 0.42911494917235266,
    "r2": 0.18102445379162246,
    "n_samples": 300
}