{
    "disease": "TX_hanseniase_00_23",
    "cod_mun": 3523107,
    "mae": 0.05090456900880507,
    "rmse": 0.09385402103997886,
    "r2": -0.7739060572718326,
    "n_train": 251,
    "n_test": 12
}