{
    "disease": "hepatite",
    "cod_mun": 3503307,
    "mae": 0.28358506188855936,
    "rmse": 0.4950632343911105,
    "r2": 0.28611705524883546,
    "n_samples": 300
}