{
    "disease": "tuberculose",
    "cod_mun": 3535507,
    "mae": 0.5791425774713904,
    "rmse": 0.8989598121339581,
    "r2": 0.20659822841079944,
    "n_samples": 300
}