{
    "disease": "hanseniase",
    "cod_mun": 3536406,
    "mae": 0.1986495400673076,
    "rmse": 1.2346073536197417,
    "r2": 3.696422742971439e-05,
    "n_samples": 300
}