{
    "disease": "TX_hiv_aids_00_23",
    "cod_mun": 3520400,
    "mae": 0.13064095005393028,
    "rmse": 0.13962364614140246,
    "r2": 0.0,
    "n_train": 251,
    "n_test": 12
}