{
    "disease": "TX_hanseniase_00_23",
    "cod_mun": 3502507,
    "mae": 0.0011412414411703746,
    "rmse": 0.0011422771332450052,
    "r2": 0.0,
    "n_train": 251,
    "n_test": 12
}