{
    "disease": "sifilis",
    "cod_mun": 3545100,
    "mae": 0.2880103727977115,
    "rmse": 1.6178069022350587,
    "r2": 0.45167852258628405,
    "n_samples": 300
}