{
    "disease": "sifilis",
    "cod_mun": 3538907,
    "mae": 0.19216925680157693,
    "rmse": 0.7063559725541807,
    "r2": 0.0036277255794714414,
    "n_samples": 300
}