{
    "disease": "tuberculose",
    "cod_mun": 3556602,
    "mae": 0.6748888816909255,
    "rmse": 1.6977019538020404,
    "r2": 0.029956574222160914,
    "n_samples": 300
}