{
    "disease": "TX_hanseniase_00_23",
    "cod_mun": 3541059,
    "mae": 0.14371423050761223,
    "rmse": 0.1437147816941439,
    "r2": 0.0,
    "n_train": 251,
    "n_test": 12
}