{
    "disease": "hepatite",
    "cod_mun": 3512803,
    "mae": 0.3532041208621045,
    "rmse": 0.6696708074495531,
    "r2": 0.1056308519065331,
    "n_samples": 300
}