{
    "disease": "TX_tuberculose_00_23",
    "cod_mun": 3505104,
    "mae": 0.35345223546028137,
    "rmse": 0.35345223546028137,
    "r2": 0.0,
    "n_train": 251,
    "n_test": 12
}