{
    "disease": "sifilis",
    "cod_mun": 3526407,
    "mae": 0.12415511195415344,
    "rmse": 0.48683679555621295,
    "r2": 0.00048095746504928094,
    "n_samples": 300
}