{
    "disease": "hiv_aids",
    "cod_mun": 3519303,
    "mae": 1.0663431526318996,
    "rmse": 1.6327414952317663,
    "r2": 0.1596598362795234,
    "n_samples": 300
}