{
    "disease": "sifilis",
    "cod_mun": 3509205,
    "mae": 0.1373865141303056,
    "rmse": 0.3214239599524895,
    "r2": 0.002111623229222759,
    "n_samples": 300
}