{
    "disease": "TX_sifilis_00_23",
    "cod_mun": 3550209,
    "mae": 0.2282156745592753,
    "rmse": 0.2286921270170796,
    "r2": 0.0,
    "n_train": 251,
    "n_test": 12
}