{
    "disease": "tuberculose",
    "cod_mun": 3531100,
    "mae": 1.2207530845624008,
    "rmse": 1.5416211592029536,
    "r2": 0.2633697462046656,
    "n_samples": 300
}