{
    "disease": "sifilis",
    "cod_mun": 3540507,
    "mae": 0.010421190242241089,
    "rmse": 0.06547158285000568,
    "r2": 0.9952359614555428,
    "n_samples": 300
}