{
    "disease": "hepatite",
    "cod_mun": 3527306,
    "mae": 0.14831310776023557,
    "rmse": 0.4695446402194377,
    "r2": 0.17312670736093838,
    "n_samples": 300
}