{
    "disease": "TX_hanseniase_00_23",
    "cod_mun": 3525805,
    "mae": 0.0013035195831131812,
    "rmse": 0.001394710661534199,
    "r2": 0.0,
    "n_train": 251,
    "n_test": 12
}