{
    "disease": "tuberculose",
    "cod_mun": 3546405,
    "mae": 0.5647950598139869,
    "rmse": 0.8680726978949519,
    "r2": 0.025315963602628555,
    "n_samples": 300
}