{
    "disease": "TX_hepatite_00_23",
    "cod_mun": 3544707,
    "mae": 0.32524202950298786,
    "rmse": 0.5695352492140064,
    "r2": 0.0,
    "n_train": 251,
    "n_test": 12
}