{
    "disease": "TX_tuberculose_00_23",
    "cod_mun": 3540507,
    "mae": 2.7371573128459943,
    "rmse": 6.574422389960198,
    "r2": -0.13271540211221344,
    "n_train": 251,
    "n_test": 12
}