{
    "disease": "TX_tuberculose_00_23",
    "cod_mun": 3506508,
    "mae": 0.7611540458599371,
    "rmse": 0.8889462932691319,
    "r2": -0.028557192591814662,
    "n_train": 251,
    "n_test": 12
}