{
    "disease": "TX_tuberculose_00_23",
    "cod_mun": 3537404,
    "mae": 0.63474074502786,
    "rmse": 0.7247076911644821,
    "r2": 0.0,
    "n_train": 251,
    "n_test": 12
}