{
    "disease": "sifilis",
    "cod_mun": 3543709,
    "mae": 0.49016041495115187,
    "rmse": 1.3733738170691343,
    "r2": 0.6954216157214563,
    "n_samples": 300
}