{
    "disease": "TX_hanseniase_00_23",
    "cod_mun": 3506805,
    "mae": 0.1340250742311279,
    "rmse": 0.32661544737223625,
    "r2": 0.0,
    "n_train": 251,
    "n_test": 12
}