{
    "disease": "TX_tuberculose_00_23",
    "cod_mun": 3537701,
    "mae": 0.10072830707455675,
    "rmse": 0.24067473470271197,
    "r2": 0.0,
    "n_train": 251,
    "n_test": 12
}