{
    "disease": "hanseniase",
    "cod_mun": 3509957,
    "mae": 0.1525069223856212,
    "rmse": 1.310522162408242,
    "r2": 0.005970539367229466,
    "n_samples": 300
}