{
    "disease": "hanseniase",
    "cod_mun": 3549904,
    "mae": 0.024035170788934287,
    "rmse": 0.05919928449011245,
    "r2": -0.007809434420538608,
    "n_samples": 300
}