{
    "disease": "hanseniase",
    "cod_mun": 3517307,
    "mae": 0.49638408697725245,
    "rmse": 2.1475054784159533,
    "r2": 0.008514437687516252,
    "n_samples": 300
}