{
    "disease": "sifilis",
    "cod_mun": 3526209,
    "mae": 0.10779010893079201,
    "rmse": 0.4633850535538107,
    "r2": 0.09891993305299918,
    "n_samples": 300
}