{
    "disease": "hiv_aids",
    "cod_mun": 3528700,
    "mae": 0.9927794649338595,
    "rmse": 2.8651498421428743,
    "r2": 0.0843221946639966,
    "n_samples": 300
}