{
    "disease": "sifilis",
    "cod_mun": 3528601,
    "mae": 0.3309735546697285,
    "rmse": 1.68846782109403,
    "r2": 0.015724626147762044,
    "n_samples": 300
}