{
    "disease": "TX_sifilis_00_23",
    "cod_mun": 3506508,
    "mae": 0.11064325023667958,
    "rmse": 0.23480588500551508,
    "r2": -0.011193727347576843,
    "n_train": 251,
    "n_test": 12
}