{
    "disease": "TX_tuberculose_00_23",
    "cod_mun": 3551108,
    "mae": 0.0019133767685464893,
    "rmse": 0.004414321585720518,
    "r2": 0.0,
    "n_train": 251,
    "n_test": 12
}