{
    "disease": "TX_tuberculose_00_23",
    "cod_mun": 3535903,
    "mae": 0.254371702671051,
    "rmse": 0.254371702671051,
    "r2": 0.0,
    "n_train": 251,
    "n_test": 12
}