{
    "disease": "sifilis",
    "cod_mun": 3514502,
    "mae": 0.4279394377092362,
    "rmse": 1.1646011921828987,
    "r2": 0.5649254757358013,
    "n_samples": 300
}