{
    "disease": "TX_tuberculose_00_23",
    "cod_mun": 3547650,
    "mae": 5.09885861887842,
    "rmse": 17.55086927583194,
    "r2": -0.08985995704628258,
    "n_train": 251,
    "n_test": 12
}