{
    "disease": "TX_hiv_aids_00_23",
    "cod_mun": 3547601,
    "mae": 1.5718799630800884,
    "rmse": 1.594029182109332,
    "r2": 0.0,
    "n_train": 251,
    "n_test": 12
}