{
    "disease": "sifilis",
    "cod_mun": 3512506,
    "mae": 0.23042534793735517,
    "rmse": 1.3963115125074597,
    "r2": 0.003471750975736043,
    "n_samples": 300
}