{
    "disease": "sifilis",
    "cod_mun": 3519105,
    "mae": 0.19485307188961676,
    "rmse": 0.817195210268281,
    "r2": 0.22792599484676812,
    "n_samples": 300
}