{
    "disease": "hanseniase",
    "cod_mun": 3523800,
    "mae": 0.17275956526330216,
    "rmse": 0.9667424733309502,
    "r2": 0.1983016660332827,
    "n_samples": 300
}