{
    "disease": "TX_sifilis_00_23",
    "cod_mun": 3507753,
    "mae": 3.2539372640895485,
    "rmse": 11.271969332089531,
    "r2": -0.0909090909090906,
    "n_train": 251,
    "n_test": 12
}