{
    "disease": "TX_hanseniase_00_23",
    "cod_mun": 3530102,
    "mae": 0.685820271056565,
    "rmse": 1.4117183388662693,
    "r2": -0.11984277754231898,
    "n_train": 251,
    "n_test": 12
}