{
    "disease": "TX_tuberculose_00_23",
    "cod_mun": 3528601,
    "mae": 0.0005309333816209497,
    "rmse": 0.0014772825796807514,
    "r2": 0.0,
    "n_train": 251,
    "n_test": 12
}