{
    "disease": "hiv_aids",
    "cod_mun": 3515152,
    "mae": 0.9393106104391952,
    "rmse": 2.6615139443727784,
    "r2": -0.07570005625572263,
    "n_samples": 300
}