{
    "disease": "hanseniase",
    "cod_mun": 3534906,
    "mae": 0.25180481085188994,
    "rmse": 0.9920884665340991,
    "r2": 0.09838965002494904,
    "n_samples": 300
}