{
    "disease": "hanseniase",
    "cod_mun": 3508504,
    "mae": 0.03740992083050363,
    "rmse": 0.14639105531868887,
    "r2": 0.11989154840747196,
    "n_samples": 300
}