{
    "disease": "TX_hanseniase_00_23",
    "cod_mun": 3549409,
    "mae": 0.18609967312468853,
    "rmse": 0.5979950863068493,
    "r2": -0.08117606799208166,
    "n_train": 251,
    "n_test": 12
}