{
    "disease": "hanseniase",
    "cod_mun": 3535200,
    "mae": 0.008690244448002659,
    "rmse": 0.06362349894349499,
    "r2": 0.9872111838202025,
    "n_samples": 300
}