{
    "disease": "TX_sifilis_00_23",
    "cod_mun": 3514502,
    "mae": 1.3541819658698715,
    "rmse": 3.309843735921026,
    "r2": -0.1989558259840183,
    "n_train": 251,
    "n_test": 12
}