{
    "disease": "hiv_aids",
    "cod_mun": 3553708,
    "mae": 2.0995894796378907,
    "rmse": 3.1345237697834403,
    "r2": 0.0006742117684568338,
    "n_samples": 300
}