{
    "disease": "TX_tuberculose_00_23",
    "cod_mun": 3511409,
    "mae": 0.6346721351146698,
    "rmse": 0.6415940732497424,
    "r2": 0.0,
    "n_train": 251,
    "n_test": 12
}