{
    "disease": "tuberculose",
    "cod_mun": 3523008,
    "mae": 0.6095608130380548,
    "rmse": 2.6537206858290077,
    "r2": 0.0009940841220863472,
    "n_samples": 300
}