{
    "disease": "TX_hiv_aids_00_23",
    "cod_mun": 3527405,
    "mae": 0.6798748423655828,
    "rmse": 0.680879522829694,
    "r2": 0.0,
    "n_train": 251,
    "n_test": 12
}