{
    "disease": "sifilis",
    "cod_mun": 3549508,
    "mae": 0.5613251167372008,
    "rmse": 1.5673831595264676,
    "r2": 0.12697070378399866,
    "n_samples": 300
}