{
    "disease": "hiv_aids",
    "cod_mun": 3527801,
    "mae": 0.738349500553749,
    "rmse": 3.408064697356999,
    "r2": 0.00430886262112673,
    "n_samples": 300
}