{
    "disease": "hanseniase",
    "cod_mun": 3512308,
    "mae": 0.12148346417949128,
    "rmse": 0.5244975130144796,
    "r2": 0.2680186986455748,
    "n_samples": 300
}