{
    "disease": "hiv_aids",
    "cod_mun": 3512704,
    "mae": 0.967179077161358,
    "rmse": 4.430296912371091,
    "r2": 0.0024697856916724437,
    "n_samples": 300
}