{
    "disease": "TX_tuberculose_00_23",
    "cod_mun": 3543303,
    "mae": 0.430056445190046,
    "rmse": 0.5318343444932387,
    "r2": -0.5269704620651887,
    "n_train": 251,
    "n_test": 12
}