{
    "disease": "TX_sifilis_00_23",
    "cod_mun": 3548708,
    "mae": 0.16262065261973566,
    "rmse": 0.2169321877055398,
    "r2": -0.15069217071493268,
    "n_train": 251,
    "n_test": 12
}