{
    "disease": "hiv_aids",
    "cod_mun": 3553955,
    "mae": 0.45680890431118504,
    "rmse": 1.7747407668732211,
    "r2": 0.16417168746171584,
    "n_samples": 300
}