{
    "disease": "hanseniase",
    "cod_mun": 3535507,
    "mae": 0.0628602974727342,
    "rmse": 0.27124253122665437,
    "r2": 0.0008253840551174507,
    "n_samples": 300
}