{
    "disease": "hanseniase",
    "cod_mun": 3521903,
    "mae": 0.09088890033449341,
    "rmse": 0.5446288176446356,
    "r2": 0.0010794354252241511,
    "n_samples": 300
}