{
    "disease": "sifilis",
    "cod_mun": 3502903,
    "mae": 0.1941341452921698,
    "rmse": 0.5778788967118812,
    "r2": 0.004647782758211982,
    "n_samples": 300
}