{
    "disease": "sifilis",
    "cod_mun": 3533304,
    "mae": 0.18437029856323914,
    "rmse": 1.2152106848732924,
    "r2": 0.20953675288767892,
    "n_samples": 300
}