{
    "disease": "hepatite",
    "cod_mun": 3525854,
    "mae": 1.9425858639863203,
    "rmse": 5.834979595557493,
    "r2": 0.0037892765312133037,
    "n_samples": 300
}