{
    "disease": "tuberculose",
    "cod_mun": 3546256,
    "mae": 2.22368883905041,
    "rmse": 10.289687828776724,
    "r2": 0.004435515502966836,
    "n_samples": 300
}