{
    "disease": "hiv_aids",
    "cod_mun": 3555406,
    "mae": 1.326753523341049,
    "rmse": 1.836729770959771,
    "r2": 0.3531169796072734,
    "n_samples": 300
}