{
    "disease": "TX_hanseniase_00_23",
    "cod_mun": 3500550,
    "mae": 0.001342324772849679,
    "rmse": 0.0025797459587429106,
    "r2": 0.0,
    "n_train": 251,
    "n_test": 12
}