{
    "disease": "hepatite",
    "cod_mun": 3534757,
    "mae": 0.5940368535460323,
    "rmse": 1.937170904044826,
    "r2": 0.010456496189587439,
    "n_samples": 300
}