{
    "disease": "hepatite",
    "cod_mun": 3554805,
    "mae": 0.12644106302724376,
    "rmse": 0.3871253450292741,
    "r2": 0.4636248107313645,
    "n_samples": 300
}