{
    "disease": "hanseniase",
    "cod_mun": 3530102,
    "mae": 0.37327638360095955,
    "rmse": 0.7351136918926573,
    "r2": 0.019361833608013357,
    "n_samples": 300
}