{
    "disease": "TX_sifilis_00_23",
    "cod_mun": 3515905,
    "mae": 0.03134215452397863,
    "rmse": 0.03162969855250313,
    "r2": 0.0,
    "n_train": 251,
    "n_test": 12
}