{
    "disease": "hanseniase",
    "cod_mun": 3543709,
    "mae": 0.518816680968092,
    "rmse": 1.6691653351931584,
    "r2": 0.0734911101498601,
    "n_samples": 300
}