{
    "disease": "sifilis",
    "cod_mun": 3534708,
    "mae": 0.3167298311266382,
    "rmse": 0.5041317792552754,
    "r2": 0.276989785591625,
    "n_samples": 300
}