{
    "disease": "sifilis",
    "cod_mun": 3502101,
    "mae": 0.22852527709365977,
    "rmse": 0.5060819547459832,
    "r2": 0.12435532342622058,
    "n_samples": 300
}