{
    "disease": "hanseniase",
    "cod_mun": 3551009,
    "mae": 0.12931535937683417,
    "rmse": 0.14489189293541502,
    "r2": -0.358083758545626,
    "n_samples": 300
}