{
    "disease": "hiv_aids",
    "cod_mun": 3534807,
    "mae": 0.2792838730826909,
    "rmse": 1.0963634262956978,
    "r2": 0.3563712277493962,
    "n_samples": 300
}