{
    "disease": "TX_hanseniase_00_23",
    "cod_mun": 3512308,
    "mae": 0.053992073672513165,
    "rmse": 0.06709118058050721,
    "r2": 0.0,
    "n_train": 251,
    "n_test": 12
}