{
    "disease": "hiv_aids",
    "cod_mun": 3532306,
    "mae": 0.002147591314690823,
    "rmse": 0.008897194082784046,
    "r2": 0.999893739885576,
    "n_samples": 300
}