{
    "disease": "hiv_aids",
    "cod_mun": 3517208,
    "mae": 0.18355420280886306,
    "rmse": 0.9417079387958702,
    "r2": 0.004127557579997054,
    "n_samples": 300
}