{
    "disease": "tuberculose",
    "cod_mun": 3516101,
    "mae": 4.001814025372688,
    "rmse": 9.680642422296128,
    "r2": 0.3515747152762654,
    "n_samples": 300
}