{
    "disease": "hanseniase",
    "cod_mun": 3514957,
    "mae": 0.26261729377358667,
    "rmse": 2.2685375793779596,
    "r2": 0.0029792166737041548,
    "n_samples": 300
}