{
    "disease": "hiv_aids",
    "cod_mun": 3515004,
    "mae": 0.4805960723503177,
    "rmse": 0.6182216782837818,
    "r2": 0.027508624476160426,
    "n_samples": 300
}