{
    "disease": "TX_sifilis_00_23",
    "cod_mun": 3556958,
    "mae": 0.12358095496892929,
    "rmse": 0.12358095496892929,
    "r2": 0.0,
    "n_train": 251,
    "n_test": 12
}