{
    "disease": "TX_hepatite_00_23",
    "cod_mun": 3504107,
    "mae": 0.18085166563590369,
    "rmse": 0.18095739169601158,
    "r2": 0.0,
    "n_train": 251,
    "n_test": 12
}