{
    "disease": "TX_hanseniase_00_23",
    "cod_mun": 3519204,
    "mae": 0.0486290417611599,
    "rmse": 0.0486290417611599,
    "r2": 0.0,
    "n_train": 251,
    "n_test": 12
}