{
    "disease": "hepatite",
    "cod_mun": 3532058,
    "mae": 0.15703186340907724,
    "rmse": 1.3260359408481803,
    "r2": 0.0030775621798175834,
    "n_samples": 300
}