{
    "disease": "TX_hepatite_00_23",
    "cod_mun": 3501202,
    "mae": 0.28007056346784037,
    "rmse": 0.7795926394648363,
    "r2": 0.0,
    "n_train": 251,
    "n_test": 12
}