{
    "disease": "hiv_aids",
    "cod_mun": 3521002,
    "mae": 1.587169969960636,
    "rmse": 2.2831637778341234,
    "r2": 0.1345419908653902,
    "n_samples": 300
}