{
    "disease": "sifilis",
    "cod_mun": 3537156,
    "mae": 0.21742764927343416,
    "rmse": 1.8698944650880056,
    "r2": 0.0022427524495844953,
    "n_samples": 300
}