{
    "disease": "TX_sifilis_00_23",
    "cod_mun": 3519204,
    "mae": 2.7916275279389478,
    "rmse": 6.597238959353678,
    "r2": -0.18293080216040347,
    "n_train": 251,
    "n_test": 12
}