{
    "disease": "hanseniase",
    "cod_mun": 3506102,
    "mae": 0.11170699215038525,
    "rmse": 0.2967128652212539,
    "r2": 0.054428984940062985,
    "n_samples": 300
}