{
    "disease": "sifilis",
    "cod_mun": 3542602,
    "mae": 0.49840939486611346,
    "rmse": 0.8036923453063576,
    "r2": 0.21011586914863623,
    "n_samples": 300
}