{
    "disease": "TX_hiv_aids_00_23",
    "cod_mun": 3522703,
    "mae": 0.8231707145749283,
    "rmse": 0.8747863480793543,
    "r2": -0.5656451805622122,
    "n_train": 251,
    "n_test": 12
}