{
    "disease": "hiv_aids",
    "cod_mun": 3509502,
    "mae": 5.1793195545532456,
    "rmse": 6.522158463789912,
    "r2": -1.9965685318211208,
    "n_samples": 300
}