{
    "disease": "TX_hanseniase_00_23",
    "cod_mun": 3505302,
    "mae": 0.08658691930274169,
    "rmse": 0.08658892404715796,
    "r2": 0.0,
    "n_train": 251,
    "n_test": 12
}