{
    "disease": "TX_hepatite_00_23",
    "cod_mun": 3547601,
    "mae": 0.797425828783053,
    "rmse": 1.2399212404280444,
    "r2": -0.13839054007061247,
    "n_train": 251,
    "n_test": 12
}