{
    "disease": "hanseniase",
    "cod_mun": 3554300,
    "mae": 0.3305106488960804,
    "rmse": 1.1337790770606448,
    "r2": 0.08319343190046857,
    "n_samples": 300
}