{
    "disease": "hanseniase",
    "cod_mun": 3520806,
    "mae": 0.005856517244110574,
    "rmse": 0.0352872994532299,
    "r2": 0.9995893572548008,
    "n_samples": 300
}