{
    "disease": "TX_hepatite_00_23",
    "cod_mun": 3515509,
    "mae": 0.49530672033627826,
    "rmse": 0.5364962328242701,
    "r2": 0.0,
    "n_train": 251,
    "n_test": 12
}