{
    "disease": "hiv_aids",
    "cod_mun": 3534807,
    "mae": 0.22323515192324778,
    "rmse": 1.1857154565074874,
    "r2": 0.2471866124204628,
    "n_samples": 300
}