{
    "disease": "TX_tuberculose_00_23",
    "cod_mun": 3536505,
    "mae": 0.821866168281137,
    "rmse": 0.9607383411335076,
    "r2": -0.2746375726323502,
    "n_train": 251,
    "n_test": 12
}