{
    "disease": "TX_sifilis_00_23",
    "cod_mun": 3517604,
    "mae": 0.1271992176771164,
    "rmse": 0.12719923416180992,
    "r2": 0.0,
    "n_train": 251,
    "n_test": 12
}