{
    "disease": "TX_sifilis_00_23",
    "cod_mun": 3547403,
    "mae": 1.1563035249710083,
    "rmse": 1.1563035249710083,
    "r2": 0.0,
    "n_train": 251,
    "n_test": 12
}