{
    "disease": "TX_tuberculose_00_23",
    "cod_mun": 3546900,
    "mae": 5.598577065006474,
    "rmse": 9.097575618888815,
    "r2": -0.04404228420696543,
    "n_train": 251,
    "n_test": 12
}