{
    "disease": "TX_tuberculose_00_23",
    "cod_mun": 3556107,
    "mae": 0.07217046028623979,
    "rmse": 0.08705753926173425,
    "r2": 0.0,
    "n_train": 251,
    "n_test": 12
}