{
    "disease": "sifilis",
    "cod_mun": 3536505,
    "mae": 0.29090559961394435,
    "rmse": 0.430874522617965,
    "r2": 0.03549432975549205,
    "n_samples": 300
}