{
    "disease": "hanseniase",
    "cod_mun": 3537800,
    "mae": 0.038965339775608746,
    "rmse": 0.1945814392271533,
    "r2": 0.004656491677787256,
    "n_samples": 300
}