{
    "disease": "hanseniase",
    "cod_mun": 3548609,
    "mae": 0.05866165307027868,
    "rmse": 0.49679033037840664,
    "r2": 0.0034830033973183294,
    "n_samples": 300
}