{
    "disease": "TX_sifilis_00_23",
    "cod_mun": 3528205,
    "mae": 0.10237539559602737,
    "rmse": 0.10237539559602737,
    "r2": 0.0,
    "n_train": 251,
    "n_test": 12
}