{
    "disease": "TX_hanseniase_00_23",
    "cod_mun": 3508108,
    "mae": 0.052825188574691616,
    "rmse": 0.05282524886863935,
    "r2": 0.0,
    "n_train": 251,
    "n_test": 12
}