{
    "disease": "hanseniase",
    "cod_mun": 3535507,
    "mae": 0.0619106329181061,
    "rmse": 0.2712221051207571,
    "r2": 0.0009758654560737545,
    "n_samples": 300
}