{
    "disease": "hepatite",
    "cod_mun": 3550100,
    "mae": 16.10976202551615,
    "rmse": 23.946400766714113,
    "r2": 0.730672556691598,
    "n_samples": 300
}