{
    "disease": "hepatite",
    "cod_mun": 3551207,
    "mae": 3.2820010160237323,
    "rmse": 7.7795357964938034,
    "r2": 0.22692812503634285,
    "n_samples": 300
}