{
    "disease": "TX_hepatite_00_23",
    "cod_mun": 3547650,
    "mae": 0.3331393400828044,
    "rmse": 0.3342211832498741,
    "r2": 0.0,
    "n_train": 251,
    "n_test": 12
}