{
    "disease": "TX_hiv_aids_00_23",
    "cod_mun": 3536208,
    "mae": 1.558323075497757,
    "rmse": 2.4181238617999834,
    "r2": -0.15682689992406496,
    "n_train": 251,
    "n_test": 12
}