{
    "disease": "TX_hiv_aids_00_23",
    "cod_mun": 3525003,
    "mae": 0.22540854557719223,
    "rmse": 0.24987389314836755,
    "r2": -0.3282151472288546,
    "n_train": 251,
    "n_test": 12
}