{
    "disease": "TX_sifilis_00_23",
    "cod_mun": 3553906,
    "mae": 0.29574308544397354,
    "rmse": 0.2967672339411797,
    "r2": 0.0,
    "n_train": 251,
    "n_test": 12
}