{
    "disease": "tuberculose",
    "cod_mun": 3542404,
    "mae": 0.10815051021969169,
    "rmse": 0.5404125579985404,
    "r2": 0.0005733473560548541,
    "n_samples": 300
}