{
    "disease": "hanseniase",
    "cod_mun": 3520426,
    "mae": 0.048613246485127895,
    "rmse": 0.4755167899714837,
    "r2": 0.1213566973996073,
    "n_samples": 300
}