{
    "disease": "hepatite",
    "cod_mun": 3549409,
    "mae": 0.38306046621922685,
    "rmse": 0.7102841898087988,
    "r2": 0.2918961591170397,
    "n_samples": 300
}