{
    "disease": "TX_hepatite_00_23",
    "cod_mun": 3550209,
    "mae": 0.22753905753294626,
    "rmse": 0.23737560097768992,
    "r2": 0.0,
    "n_train": 251,
    "n_test": 12
}