{
    "disease": "hepatite",
    "cod_mun": 3540507,
    "mae": 2.044151133126546,
    "rmse": 4.456805297470944,
    "r2": 0.4055877351978049,
    "n_samples": 300
}