{
    "disease": "hanseniase",
    "cod_mun": 3555000,
    "mae": 0.2414759757749628,
    "rmse": 0.6526880159984813,
    "r2": 0.5896651504311061,
    "n_samples": 300
}