{
    "disease": "TX_hanseniase_00_23",
    "cod_mun": 3510203,
    "mae": 0.10659231431782246,
    "rmse": 0.10659251188738132,
    "r2": 0.0,
    "n_train": 251,
    "n_test": 12
}