{
    "disease": "hanseniase",
    "cod_mun": 3554003,
    "mae": 0.14695220104484644,
    "rmse": 0.28616797981683834,
    "r2": 0.04896679792159775,
    "n_samples": 300
}