{
    "disease": "hiv_aids",
    "cod_mun": 3511508,
    "mae": 0.5101246220362109,
    "rmse": 0.8611976322506618,
    "r2": 0.11597346561284938,
    "n_samples": 300
}