{
    "disease": "hanseniase",
    "cod_mun": 3554904,
    "mae": 0.1257345404454641,
    "rmse": 1.0503656527785505,
    "r2": 0.007091207643041164,
    "n_samples": 300
}