{
    "disease": "TX_hanseniase_00_23",
    "cod_mun": 3551702,
    "mae": 0.02876327931880951,
    "rmse": 0.03684646718221712,
    "r2": 0.0,
    "n_train": 251,
    "n_test": 12
}