{
    "disease": "TX_tuberculose_00_23",
    "cod_mun": 3528700,
    "mae": 0.3965459540486336,
    "rmse": 0.43410146040976555,
    "r2": 0.0,
    "n_train": 251,
    "n_test": 12
}