{
    "disease": "TX_hiv_aids_00_23",
    "cod_mun": 3529104,
    "mae": 0.029399065012209274,
    "rmse": 0.09684975543360497,
    "r2": 0.0,
    "n_train": 251,
    "n_test": 12
}