{
    "disease": "TX_hiv_aids_00_23",
    "cod_mun": 3546009,
    "mae": 0.6320618490378062,
    "rmse": 0.6432997052652027,
    "r2": 0.0,
    "n_train": 251,
    "n_test": 12
}