{
    "disease": "TX_sifilis_00_23",
    "cod_mun": 3518107,
    "mae": 4.363034362589651,
    "rmse": 7.267060098027798,
    "r2": -0.16341010424588043,
    "n_train": 251,
    "n_test": 12
}