{
    "disease": "TX_hepatite_00_23",
    "cod_mun": 3521150,
    "mae": 0.07492413600751509,
    "rmse": 0.2146766849863948,
    "r2": 0.0,
    "n_train": 251,
    "n_test": 12
}