{
    "disease": "TX_sifilis_00_23",
    "cod_mun": 3532157,
    "mae": 0.3388075108329455,
    "rmse": 0.3388079579831687,
    "r2": 0.0,
    "n_train": 251,
    "n_test": 12
}