{
    "disease": "hanseniase",
    "cod_mun": 3556008,
    "mae": 0.11088525130202927,
    "rmse": 0.6646383310543877,
    "r2": 0.004797156330717645,
    "n_samples": 300
}