{
    "disease": "hanseniase",
    "cod_mun": 3511003,
    "mae": 0.6860187880801394,
    "rmse": 1.481482429429626,
    "r2": 0.057459739954252576,
    "n_samples": 300
}