{
    "disease": "TX_tuberculose_00_23",
    "cod_mun": 3544707,
    "mae": 0.22830976049105325,
    "rmse": 0.2283098886428079,
    "r2": 0.0,
    "n_train": 251,
    "n_test": 12
}