{
    "disease": "hanseniase",
    "cod_mun": 3502507,
    "mae": 0.05685084240917954,
    "rmse": 0.27676162186730424,
    "r2": 0.011106398181979893,
    "n_samples": 300
}