{
    "disease": "TX_hiv_aids_00_23",
    "cod_mun": 3506201,
    "mae": 0.28992068705459434,
    "rmse": 0.7222216231964831,
    "r2": 0.0,
    "n_train": 251,
    "n_test": 12
}