{
    "disease": "TX_sifilis_00_23",
    "cod_mun": 3510708,
    "mae": 1.0119752110004734,
    "rmse": 2.4890359343116315,
    "r2": -0.0333944900200287,
    "n_train": 251,
    "n_test": 12
}