{
    "disease": "hanseniase",
    "cod_mun": 3553807,
    "mae": 0.19270228823888988,
    "rmse": 0.6090843593131369,
    "r2": 0.1231348174806669,
    "n_samples": 300
}