{
    "disease": "TX_hiv_aids_00_23",
    "cod_mun": 3529609,
    "mae": 0.7134491503238678,
    "rmse": 0.7134512608943363,
    "r2": 0.0,
    "n_train": 251,
    "n_test": 12
}