{
    "disease": "hiv_aids",
    "cod_mun": 3509700,
    "mae": 0.7831980254599383,
    "rmse": 1.2741495116990822,
    "r2": 0.413793417818092,
    "n_samples": 300
}