{
    "disease": "sifilis",
    "cod_mun": 3529807,
    "mae": 0.13564679788264258,
    "rmse": 0.8561302001020175,
    "r2": 0.07133790475597601,
    "n_samples": 300
}