{
    "disease": "TX_hanseniase_00_23",
    "cod_mun": 3509254,
    "mae": 0.011368944139879508,
    "rmse": 0.02614823480390305,
    "r2": 0.0,
    "n_train": 251,
    "n_test": 12
}