{
    "disease": "sifilis",
    "cod_mun": 3504305,
    "mae": 0.12936093958758826,
    "rmse": 1.064368928019746,
    "r2": 0.0045358328665336956,
    "n_samples": 300
}