{
    "disease": "TX_sifilis_00_23",
    "cod_mun": 3513850,
    "mae": 0.03846964108136793,
    "rmse": 0.04312556684052732,
    "r2": 0.0,
    "n_train": 251,
    "n_test": 12
}