{
    "disease": "hiv_aids",
    "cod_mun": 3532157,
    "mae": 1.2592986670477175,
    "rmse": 5.41732010426846,
    "r2": 0.057250145688301,
    "n_samples": 300
}