{
    "disease": "hepatite",
    "cod_mun": 3550308,
    "mae": 0.034924096758254336,
    "rmse": 0.07345085991486046,
    "r2": 0.9281912458459737,
    "n_samples": 300
}