{
    "disease": "TX_tuberculose_00_23",
    "cod_mun": 3529401,
    "mae": 0.26351799015524674,
    "rmse": 0.424249207663946,
    "r2": -0.12314852055312153,
    "n_train": 251,
    "n_test": 12
}