{
    "disease": "sifilis",
    "cod_mun": 3523206,
    "mae": 0.18880024677808074,
    "rmse": 0.44557294710370443,
    "r2": 0.046528970654602486,
    "n_samples": 300
}