{
    "disease": "hiv_aids",
    "cod_mun": 3554607,
    "mae": 1.5439368640472997,
    "rmse": 6.82922470896795,
    "r2": 0.009613191941664323,
    "n_samples": 300
}