{
    "disease": "hiv_aids",
    "cod_mun": 3538709,
    "mae": 0.8508775608424286,
    "rmse": 1.2266419026673276,
    "r2": 0.30023790560273056,
    "n_samples": 300
}