{
    "disease": "TX_hiv_aids_00_23",
    "cod_mun": 3536307,
    "mae": 0.029557741867999237,
    "rmse": 0.02955774331009826,
    "r2": 0.0,
    "n_train": 251,
    "n_test": 12
}