{
    "disease": "hiv_aids",
    "cod_mun": 3502200,
    "mae": 0.11917283788999831,
    "rmse": 0.519077336162786,
    "r2": 0.0020604746449476297,
    "n_samples": 300
}