{
    "disease": "hanseniase",
    "cod_mun": 3500105,
    "mae": 0.2786837047931762,
    "rmse": 0.70525037250316,
    "r2": 0.03764138793186533,
    "n_samples": 300
}