{
    "disease": "TX_hepatite_00_23",
    "cod_mun": 3527504,
    "mae": 0.645431637763977,
    "rmse": 0.645431637763977,
    "r2": 0.0,
    "n_train": 251,
    "n_test": 12
}