{
    "disease": "hanseniase",
    "cod_mun": 3530805,
    "mae": 0.10488334734031393,
    "rmse": 0.2721163589394348,
    "r2": 0.119808497229558,
    "n_samples": 300
}