{
    "disease": "tuberculose",
    "cod_mun": 3525003,
    "mae": 0.39520606945660725,
    "rmse": 0.68834060441144,
    "r2": 0.7924899953715702,
    "n_samples": 300
}