{
    "disease": "hiv_aids",
    "cod_mun": 3528304,
    "mae": 2.2086210829622095,
    "rmse": 7.2958757155869325,
    "r2": 0.002494025805786171,
    "n_samples": 300
}