{
    "disease": "TX_hiv_aids_00_23",
    "cod_mun": 3518503,
    "mae": 0.9523848484526383,
    "rmse": 1.8725427504079126,
    "r2": -0.036520420918927377,
    "n_train": 251,
    "n_test": 12
}