{
    "disease": "hanseniase",
    "cod_mun": 3503356,
    "mae": 0.3916045783973233,
    "rmse": 3.2109437471089204,
    "r2": 0.004530663044896577,
    "n_samples": 300
}