{
    "disease": "hiv_aids",
    "cod_mun": 3509601,
    "mae": 1.0605924405498384,
    "rmse": 1.3930729360962206,
    "r2": 0.21900264402142944,
    "n_samples": 300
}