{
    "disease": "TX_hanseniase_00_23",
    "cod_mun": 3533700,
    "mae": 3.1427380492289863,
    "rmse": 3.3602542946572105,
    "r2": 0.0,
    "n_train": 251,
    "n_test": 12
}