{
    "disease": "hanseniase",
    "cod_mun": 3505609,
    "mae": 0.36693594853410777,
    "rmse": 0.8270342126195227,
    "r2": 0.25341095619425813,
    "n_samples": 300
}