{
    "disease": "TX_hepatite_00_23",
    "cod_mun": 3550100,
    "mae": 13.310575444988638,
    "rmse": 15.977784751109482,
    "r2": -0.7001677461529487,
    "n_train": 251,
    "n_test": 12
}