{
    "disease": "hiv_aids",
    "cod_mun": 3508801,
    "mae": 0.15487003252345857,
    "rmse": 0.6805599419171778,
    "r2": 0.08583907640023392,
    "n_samples": 300
}