{
    "disease": "hanseniase",
    "cod_mun": 3557303,
    "mae": 0.06309842595427609,
    "rmse": 0.49203363353167795,
    "r2": 0.8965763880472489,
    "n_samples": 300
}