{
    "disease": "hiv_aids",
    "cod_mun": 3545506,
    "mae": 2.011481368795443,
    "rmse": 4.999405448934758,
    "r2": 0.08166709016320006,
    "n_samples": 300
}