{
    "disease": "sifilis",
    "cod_mun": 3543501,
    "mae": 0.11701703819585227,
    "rmse": 0.9940090169071029,
    "r2": 0.0022790868795256047,
    "n_samples": 300
}