{
    "disease": "sifilis",
    "cod_mun": 3553955,
    "mae": 0.6359342942488189,
    "rmse": 1.4627881049363334,
    "r2": 0.36798009869268644,
    "n_samples": 300
}