{
    "disease": "hanseniase",
    "cod_mun": 3544400,
    "mae": 0.2378211795415348,
    "rmse": 1.9681400332674759,
    "r2": 0.007898354629091053,
    "n_samples": 300
}