{
    "disease": "hepatite",
    "cod_mun": 3553856,
    "mae": 0.9395456679307518,
    "rmse": 3.1477759378308923,
    "r2": 0.09055698675647872,
    "n_samples": 300
}