{
    "disease": "hiv_aids",
    "cod_mun": 3513900,
    "mae": 0.2890281993675906,
    "rmse": 1.118397946953391,
    "r2": 0.0003791281482399267,
    "n_samples": 300
}