{
    "disease": "TX_hanseniase_00_23",
    "cod_mun": 3513603,
    "mae": 0.011851912218844518,
    "rmse": 0.014172082134368337,
    "r2": 0.0,
    "n_train": 251,
    "n_test": 12
}