{
    "disease": "sifilis",
    "cod_mun": 3546207,
    "mae": 0.3156533625682053,
    "rmse": 1.9306775692442533,
    "r2": 0.001009167959617474,
    "n_samples": 300
}