{
    "disease": "TX_hepatite_00_23",
    "cod_mun": 3505351,
    "mae": 0.42518595854441327,
    "rmse": 0.4251859980961893,
    "r2": 0.0,
    "n_train": 251,
    "n_test": 12
}