{
    "disease": "hanseniase",
    "cod_mun": 3517000,
    "mae": 0.12263182741544684,
    "rmse": 0.7487551929182689,
    "r2": 0.002629878525615914,
    "n_samples": 300
}