{
    "disease": "hanseniase",
    "cod_mun": 3525201,
    "mae": 0.5444896983261066,
    "rmse": 1.1409819896734394,
    "r2": 0.09988437451604126,
    "n_samples": 300
}