{
    "disease": "tuberculose",
    "cod_mun": 3548302,
    "mae": 0.24033784687345203,
    "rmse": 2.092195324559079,
    "r2": 0.002858121492566368,
    "n_samples": 300
}