{
    "disease": "TX_hanseniase_00_23",
    "cod_mun": 3515608,
    "mae": 0.002537746653009284,
    "rmse": 0.008463439821101693,
    "r2": 0.0,
    "n_train": 251,
    "n_test": 12
}