{
    "disease": "TX_hiv_aids_00_23",
    "cod_mun": 3553658,
    "mae": 0.523713563879331,
    "rmse": 0.5268846890580062,
    "r2": 0.0,
    "n_train": 251,
    "n_test": 12
}