{
    "disease": "hanseniase",
    "cod_mun": 3552908,
    "mae": 0.12295825737782853,
    "rmse": 1.065566882372357,
    "r2": 0.002663050155129465,
    "n_samples": 300
}