{
    "disease": "TX_hepatite_00_23",
    "cod_mun": 3554755,
    "mae": 4.840256991012619,
    "rmse": 16.687851086041334,
    "r2": -0.08983468304782982,
    "n_train": 251,
    "n_test": 12
}