{
    "disease": "tuberculose",
    "cod_mun": 3540705,
    "mae": 0.8597673023248571,
    "rmse": 1.2330567332680842,
    "r2": 0.20397312606469842,
    "n_samples": 300
}