{
    "disease": "tuberculose",
    "cod_mun": 3553906,
    "mae": 0.2810902081468523,
    "rmse": 1.3278799940405457,
    "r2": 0.25224143328531656,
    "n_samples": 300
}