{
    "disease": "hanseniase",
    "cod_mun": 3505807,
    "mae": 0.5778802872173668,
    "rmse": 0.9744966856110269,
    "r2": -0.030211057927179708,
    "n_samples": 300
}