{
    "disease": "TX_sifilis_00_23",
    "cod_mun": 3521804,
    "mae": 0.8093881566493524,
    "rmse": 1.5690729703108175,
    "r2": -0.09516929499728599,
    "n_train": 251,
    "n_test": 12
}