{
    "disease": "hiv_aids",
    "cod_mun": 3517703,
    "mae": 0.4827859348772434,
    "rmse": 1.2406738550208545,
    "r2": 0.22989452965491175,
    "n_samples": 300
}