{
    "disease": "hepatite",
    "cod_mun": 3508207,
    "mae": 0.49090169914516785,
    "rmse": 2.4743558236047627,
    "r2": 0.0001326437798193636,
    "n_samples": 300
}