{
    "disease": "hiv_aids",
    "cod_mun": 3532058,
    "mae": 0.5024988303707968,
    "rmse": 3.6779827181330242,
    "r2": 0.41949776519992854,
    "n_samples": 300
}