{
    "disease": "sifilis",
    "cod_mun": 3513207,
    "mae": 0.4028514182263708,
    "rmse": 1.125699584888251,
    "r2": 0.005890418478620818,
    "n_samples": 300
}