{
    "disease": "hepatite",
    "cod_mun": 3544905,
    "mae": 0.9195146456378406,
    "rmse": 2.976629714363759,
    "r2": 0.5713020654492249,
    "n_samples": 300
}