{
    "disease": "hanseniase",
    "cod_mun": 3541059,
    "mae": 0.29610462664082426,
    "rmse": 1.8076203159947664,
    "r2": 0.0015342561062352544,
    "n_samples": 300
}