{
    "disease": "sifilis",
    "cod_mun": 3524105,
    "mae": 0.1599399281474389,
    "rmse": 0.5273303580241661,
    "r2": 0.011885410090192172,
    "n_samples": 300
}