{
    "disease": "hiv_aids",
    "cod_mun": 3543709,
    "mae": 1.9406703198259168,
    "rmse": 3.434588067025188,
    "r2": 0.24171285334421866,
    "n_samples": 300
}