{
    "disease": "TX_sifilis_00_23",
    "cod_mun": 3514809,
    "mae": 0.01567573449574411,
    "rmse": 0.016543627910371037,
    "r2": 0.0,
    "n_train": 251,
    "n_test": 12
}