{
    "disease": "TX_hiv_aids_00_23",
    "cod_mun": 3556958,
    "mae": 0.18702994287014008,
    "rmse": 0.1870403342471848,
    "r2": 0.0,
    "n_train": 251,
    "n_test": 12
}