{
    "disease": "TX_sifilis_00_23",
    "cod_mun": 3515350,
    "mae": 1.251675199779443,
    "rmse": 3.6361049366366163,
    "r2": -0.06139508323210108,
    "n_train": 251,
    "n_test": 12
}