{
    "disease": "hanseniase",
    "cod_mun": 3541505,
    "mae": 0.3279286668916178,
    "rmse": 0.7136613545359763,
    "r2": 0.02640026089071268,
    "n_samples": 300
}