{
    "disease": "sifilis",
    "cod_mun": 3546801,
    "mae": 0.13578254582350893,
    "rmse": 0.40064719180319724,
    "r2": 0.0003788594290221603,
    "n_samples": 300
}