{
    "disease": "TX_sifilis_00_23",
    "cod_mun": 3537404,
    "mae": 0.8288813758898304,
    "rmse": 1.6468063425992312,
    "r2": -0.11265054240960182,
    "n_train": 251,
    "n_test": 12
}