{
    "disease": "TX_tuberculose_00_23",
    "cod_mun": 3525003,
    "mae": 0.36830582837858966,
    "rmse": 0.3800143995317117,
    "r2": -0.2515715702343595,
    "n_train": 251,
    "n_test": 12
}