{
    "disease": "hepatite",
    "cod_mun": 3518008,
    "mae": 5.610576061961883,
    "rmse": 11.388007882387273,
    "r2": 0.08491121586050998,
    "n_samples": 300
}