{
    "disease": "TX_hanseniase_00_23",
    "cod_mun": 3505500,
    "mae": 0.07254253389934699,
    "rmse": 0.07255736979044651,
    "r2": 0.0,
    "n_train": 251,
    "n_test": 12
}