{
    "disease": "hiv_aids",
    "cod_mun": 3554706,
    "mae": 1.5336680780006358,
    "rmse": 3.9870340367236747,
    "r2": -0.009435619928314987,
    "n_samples": 300
}