{
    "disease": "sifilis",
    "cod_mun": 3556206,
    "mae": 0.21757895903979602,
    "rmse": 0.3252828475197086,
    "r2": 0.11096383707710622,
    "n_samples": 300
}