{
    "disease": "TX_sifilis_00_23",
    "cod_mun": 3527108,
    "mae": 0.010394964832812548,
    "rmse": 0.017087157305160854,
    "r2": 0.0,
    "n_train": 251,
    "n_test": 12
}