{
    "disease": "hepatite",
    "cod_mun": 3521309,
    "mae": 0.8821192381073284,
    "rmse": 1.8863493765219106,
    "r2": 0.1717978678306713,
    "n_samples": 300
}