{
    "disease": "TX_hanseniase_00_23",
    "cod_mun": 3507159,
    "mae": 0.5939565987015764,
    "rmse": 1.4096360171701765,
    "r2": 0.0,
    "n_train": 251,
    "n_test": 12
}