{
    "disease": "TX_hepatite_00_23",
    "cod_mun": 3525854,
    "mae": 1.0471884608268738,
    "rmse": 1.049162161526145,
    "r2": 0.0,
    "n_train": 251,
    "n_test": 12
}