{
    "disease": "hepatite",
    "cod_mun": 3502002,
    "mae": 0.5531105334221366,
    "rmse": 2.427639630192184,
    "r2": 0.07542805613332582,
    "n_samples": 300
}