{
    "disease": "sifilis",
    "cod_mun": 3504305,
    "mae": 0.13131013742974446,
    "rmse": 1.0642196134960584,
    "r2": 0.0048151097756858885,
    "n_samples": 300
}