{
    "disease": "TX_hanseniase_00_23",
    "cod_mun": 3539004,
    "mae": 0.021376756951212883,
    "rmse": 0.03132490787511463,
    "r2": 0.0,
    "n_train": 251,
    "n_test": 12
}