{
    "disease": "TX_hepatite_00_23",
    "cod_mun": 3537305,
    "mae": 0.006677500360334913,
    "rmse": 0.012270052698403049,
    "r2": 0.0,
    "n_train": 251,
    "n_test": 12
}