{
    "disease": "TX_tuberculose_00_23",
    "cod_mun": 3513306,
    "mae": 0.36525291204452515,
    "rmse": 0.36525291204452515,
    "r2": 0.0,
    "n_train": 251,
    "n_test": 12
}