{
    "disease": "TX_tuberculose_00_23",
    "cod_mun": 3524303,
    "mae": 0.7627467018130591,
    "rmse": 0.8733787637500786,
    "r2": -0.01684972905514548,
    "n_train": 251,
    "n_test": 12
}