{
    "disease": "TX_hiv_aids_00_23",
    "cod_mun": 3553005,
    "mae": 0.6300558342287937,
    "rmse": 0.8828392024577177,
    "r2": 0.0,
    "n_train": 251,
    "n_test": 12
}