{
    "disease": "hepatite",
    "cod_mun": 3542701,
    "mae": 0.6319896265065138,
    "rmse": 1.8373144816554146,
    "r2": 0.15274557455637383,
    "n_samples": 300
}