{
    "disease": "hanseniase",
    "cod_mun": 3518800,
    "mae": 0.06472975426809592,
    "rmse": 0.08802242797875827,
    "r2": 0.4563822000918033,
    "n_samples": 300
}