{
    "disease": "hanseniase",
    "cod_mun": 3503901,
    "mae": 0.04884041028046301,
    "rmse": 0.17568223869557772,
    "r2": 0.059271021074006947,
    "n_samples": 300
}