{
    "disease": "tuberculose",
    "cod_mun": 3534906,
    "mae": 1.0273841649675097,
    "rmse": 2.0295043591827073,
    "r2": 0.3232511686019386,
    "n_samples": 300
}