{
    "disease": "hiv_aids",
    "cod_mun": 3505609,
    "mae": 1.9410573316014446,
    "rmse": 2.6459433746269823,
    "r2": 0.16187512142520755,
    "n_samples": 300
}