{
    "disease": "tuberculose",
    "cod_mun": 3501707,
    "mae": 2.154696203474592,
    "rmse": 2.6704780351550035,
    "r2": 0.05407997401946729,
    "n_samples": 300
}