{
    "disease": "TX_sifilis_00_23",
    "cod_mun": 3512100,
    "mae": 0.12330032885074615,
    "rmse": 0.12330032885074615,
    "r2": 0.0,
    "n_train": 251,
    "n_test": 12
}