{
    "disease": "TX_hiv_aids_00_23",
    "cod_mun": 3544301,
    "mae": 0.027435548331898946,
    "rmse": 0.07408619730446424,
    "r2": 0.0,
    "n_train": 251,
    "n_test": 12
}