{
    "disease": "hepatite",
    "cod_mun": 3547205,
    "mae": 0.7455661578736893,
    "rmse": 4.525583538278669,
    "r2": 0.46555016792616144,
    "n_samples": 300
}