{
    "disease": "hiv_aids",
    "cod_mun": 3529500,
    "mae": 6.20468285230644,
    "rmse": 10.39760410656003,
    "r2": 0.16714743881598593,
    "n_samples": 300
}