{
    "disease": "TX_hepatite_00_23",
    "cod_mun": 3534005,
    "mae": 0.07785155810415745,
    "rmse": 0.0779670966760096,
    "r2": 0.0,
    "n_train": 251,
    "n_test": 12
}