{
    "disease": "TX_hepatite_00_23",
    "cod_mun": 3532306,
    "mae": 0.2790207266807556,
    "rmse": 0.2790212759144326,
    "r2": 0.0,
    "n_train": 251,
    "n_test": 12
}