{
    "disease": "hiv_aids",
    "cod_mun": 3532207,
    "mae": 4.238097607079084,
    "rmse": 6.941555662283659,
    "r2": 0.08033950286320213,
    "n_samples": 300
}