{
    "disease": "sifilis",
    "cod_mun": 3532306,
    "mae": 0.2038459850746074,
    "rmse": 1.1914628428962282,
    "r2": 0.8264356582860904,
    "n_samples": 300
}