{
    "disease": "sifilis",
    "cod_mun": 3508603,
    "mae": 0.3881750062773976,
    "rmse": 1.062587031204111,
    "r2": 0.10584192464791409,
    "n_samples": 300
}