{
    "disease": "sifilis",
    "cod_mun": 3532157,
    "mae": 0.6598566715018623,
    "rmse": 3.275721951876533,
    "r2": 0.005906885357837899,
    "n_samples": 300
}