{
    "disease": "TX_hiv_aids_00_23",
    "cod_mun": 3505708,
    "mae": 0.2415240879441,
    "rmse": 0.30895998658230894,
    "r2": -0.034308382082788746,
    "n_train": 251,
    "n_test": 12
}