{
    "disease": "hanseniase",
    "cod_mun": 3530805,
    "mae": 0.09533117365249869,
    "rmse": 0.27716101071702226,
    "r2": 0.08687098690892026,
    "n_samples": 300
}