{
    "disease": "TX_hanseniase_00_23",
    "cod_mun": 3539202,
    "mae": 0.1984141692519188,
    "rmse": 0.20451610454638,
    "r2": 0.0,
    "n_train": 251,
    "n_test": 12
}