{
    "disease": "hiv_aids",
    "cod_mun": 3524303,
    "mae": 1.3808060996673208,
    "rmse": 1.870219117609477,
    "r2": 0.4796982576555313,
    "n_samples": 300
}