{
    "disease": "TX_hiv_aids_00_23",
    "cod_mun": 3516903,
    "mae": 2.548248903284921,
    "rmse": 3.6784419999764486,
    "r2": -0.033758506163364066,
    "n_train": 251,
    "n_test": 12
}