{
    "disease": "TX_sifilis_00_23",
    "cod_mun": 3509452,
    "mae": 0.6079016923904419,
    "rmse": 0.6079016923904419,
    "r2": 0.0,
    "n_train": 251,
    "n_test": 12
}