{
    "disease": "TX_hanseniase_00_23",
    "cod_mun": 3538907,
    "mae": 0.02940969169139862,
    "rmse": 0.02941001649228666,
    "r2": 0.0,
    "n_train": 251,
    "n_test": 12
}