{
    "disease": "TX_hiv_aids_00_23",
    "cod_mun": 3502309,
    "mae": 1.8588651997610246,
    "rmse": 5.171631589413197,
    "r2": -0.1212548998572045,
    "n_train": 251,
    "n_test": 12
}