{
    "disease": "sifilis",
    "cod_mun": 3519006,
    "mae": 0.48860336906889773,
    "rmse": 1.825879119753989,
    "r2": 0.11808641956567711,
    "n_samples": 300
}