{
    "disease": "tuberculose",
    "cod_mun": 3537305,
    "mae": 0.45223389466239533,
    "rmse": 0.8903729468978683,
    "r2": 0.7197248478569976,
    "n_samples": 300
}