{
    "disease": "hiv_aids",
    "cod_mun": 3505500,
    "mae": 2.1683861460066165,
    "rmse": 2.8143142281690374,
    "r2": 0.44085300014671136,
    "n_samples": 300
}