{
    "disease": "TX_tuberculose_00_23",
    "cod_mun": 3527009,
    "mae": 1.62899345692065,
    "rmse": 4.224564921118887,
    "r2": -0.14283896697035225,
    "n_train": 251,
    "n_test": 12
}