{
    "disease": "hiv_aids",
    "cod_mun": 3504107,
    "mae": 1.0573844660980514,
    "rmse": 1.3598746173887297,
    "r2": -1.6208571221085761,
    "n_samples": 300
}