{
    "disease": "hiv_aids",
    "cod_mun": 3522158,
    "mae": 0.20825841702519868,
    "rmse": 1.7298309713131548,
    "r2": 0.003624252412460449,
    "n_samples": 300
}