{
    "disease": "TX_hanseniase_00_23",
    "cod_mun": 3552601,
    "mae": 0.04990438837558031,
    "rmse": 0.06279106210780594,
    "r2": 0.0,
    "n_train": 251,
    "n_test": 12
}