{
    "disease": "hanseniase",
    "cod_mun": 3532827,
    "mae": 0.1643360849910244,
    "rmse": 1.0086379674074457,
    "r2": 0.4048939703057147,
    "n_samples": 300
}