{
    "disease": "TX_hanseniase_00_23",
    "cod_mun": 3520806,
    "mae": 2.8535448777233796e-06,
    "rmse": 9.864717981792181e-06,
    "r2": 0.0,
    "n_train": 251,
    "n_test": 12
}