{
    "disease": "hiv_aids",
    "cod_mun": 3533106,
    "mae": 2.178693527787091,
    "rmse": 6.78354494992128,
    "r2": 0.0836754760765499,
    "n_samples": 300
}