{
    "disease": "hiv_aids",
    "cod_mun": 3511300,
    "mae": 6.392317302519457,
    "rmse": 6.8256634614210405,
    "r2": -0.8494327318512025,
    "n_samples": 300
}