{
    "disease": "tuberculose",
    "cod_mun": 3550407,
    "mae": 0.7703253630471227,
    "rmse": 1.2971814119105205,
    "r2": 0.35676632545767395,
    "n_samples": 300
}