{
    "disease": "hiv_aids",
    "cod_mun": 3543238,
    "mae": 0.30050231168643876,
    "rmse": 2.5670347038188446,
    "r2": 0.002085465346869375,
    "n_samples": 300
}