{
    "disease": "TX_hepatite_00_23",
    "cod_mun": 3509502,
    "mae": 0.277161202038315,
    "rmse": 0.32788440066356406,
    "r2": -1.163380943830557,
    "n_train": 251,
    "n_test": 12
}