{
    "disease": "sifilis",
    "cod_mun": 3528403,
    "mae": 0.311393480340921,
    "rmse": 0.5983440898229851,
    "r2": 0.1099955200139292,
    "n_samples": 300
}