{
    "disease": "hepatite",
    "cod_mun": 3530201,
    "mae": 0.2301483799140592,
    "rmse": 0.7859154275061893,
    "r2": 0.13254052108640635,
    "n_samples": 300
}