{
    "disease": "hanseniase",
    "cod_mun": 3549250,
    "mae": 0.7225100714241836,
    "rmse": 4.425558134536414,
    "r2": 0.0020826787489813814,
    "n_samples": 300
}