{
    "disease": "TX_hiv_aids_00_23",
    "cod_mun": 3516804,
    "mae": 0.2822381556034088,
    "rmse": 0.2822381556034088,
    "r2": 0.0,
    "n_train": 251,
    "n_test": 12
}