{
    "disease": "hepatite",
    "cod_mun": 3552007,
    "mae": 9.823872180826537,
    "rmse": 13.991578325720981,
    "r2": 0.275211752287438,
    "n_samples": 300
}