{
    "disease": "sifilis",
    "cod_mun": 3529708,
    "mae": 0.21928955152714663,
    "rmse": 0.7110996946397508,
    "r2": 0.043708735815353505,
    "n_samples": 300
}