{
    "disease": "TX_tuberculose_00_23",
    "cod_mun": 3501152,
    "mae": 0.13470655182997385,
    "rmse": 0.1347065793622933,
    "r2": 0.0,
    "n_train": 251,
    "n_test": 12
}