{
    "disease": "TX_hepatite_00_23",
    "cod_mun": 3549409,
    "mae": 0.04081740886613261,
    "rmse": 0.11533575347850346,
    "r2": 0.0,
    "n_train": 251,
    "n_test": 12
}