{
    "disease": "hiv_aids",
    "cod_mun": 3524402,
    "mae": 0.7528093431156266,
    "rmse": 1.0197000170143873,
    "r2": 0.5700376397443376,
    "n_samples": 300
}