{
    "disease": "tuberculose",
    "cod_mun": 3554706,
    "mae": 0.2140934751620335,
    "rmse": 0.9329287479973148,
    "r2": 0.1529678401625807,
    "n_samples": 300
}