{
    "disease": "tuberculose",
    "cod_mun": 3505203,
    "mae": 0.4511852164794776,
    "rmse": 0.9624198882910708,
    "r2": 0.3962861434106476,
    "n_samples": 300
}