{
    "disease": "hanseniase",
    "cod_mun": 3524808,
    "mae": 0.20104586756602577,
    "rmse": 0.49611184388059504,
    "r2": 0.10644052920510005,
    "n_samples": 300
}