{
    "disease": "TX_hanseniase_00_23",
    "cod_mun": 3540408,
    "mae": 0.17742148786783218,
    "rmse": 0.17742150053374123,
    "r2": 0.0,
    "n_train": 251,
    "n_test": 12
}