{
    "disease": "sifilis",
    "cod_mun": 3523503,
    "mae": 0.33314366019386643,
    "rmse": 0.9693413860630898,
    "r2": 0.12158417993853499,
    "n_samples": 300
}