{
    "disease": "TX_hanseniase_00_23",
    "cod_mun": 3552205,
    "mae": 0.010182942506313944,
    "rmse": 0.010938630281084986,
    "r2": 0.0,
    "n_train": 251,
    "n_test": 12
}