{
    "disease": "hepatite",
    "cod_mun": 3523107,
    "mae": 0.10217365403565858,
    "rmse": 0.18006561508239877,
    "r2": 0.3863991944378028,
    "n_samples": 300
}