{
    "disease": "TX_tuberculose_00_23",
    "cod_mun": 3520400,
    "mae": 1.3707725848416679,
    "rmse": 1.398200245959559,
    "r2": -0.14343581840971353,
    "n_train": 251,
    "n_test": 12
}