{
    "disease": "tuberculose",
    "cod_mun": 3540853,
    "mae": 2.9109305627246798,
    "rmse": 7.525209991796145,
    "r2": 0.006393181725350194,
    "n_samples": 300
}