{
    "disease": "TX_hiv_aids_00_23",
    "cod_mun": 3543808,
    "mae": 0.3446304500102997,
    "rmse": 0.3707831704938287,
    "r2": 0.0,
    "n_train": 251,
    "n_test": 12
}