{
    "disease": "sifilis",
    "cod_mun": 3531803,
    "mae": 0.115081930898663,
    "rmse": 0.41428185134606066,
    "r2": 0.10858119232202279,
    "n_samples": 300
}