{
    "disease": "hepatite",
    "cod_mun": 3526100,
    "mae": 0.4693043565449339,
    "rmse": 1.3686254290611695,
    "r2": 0.2011008772546593,
    "n_samples": 300
}