{
    "disease": "TX_hepatite_00_23",
    "cod_mun": 3509601,
    "mae": 0.20957626674013832,
    "rmse": 0.29198490034805114,
    "r2": 0.0,
    "n_train": 251,
    "n_test": 12
}