{
    "disease": "TX_sifilis_00_23",
    "cod_mun": 3509908,
    "mae": 0.1203028926004966,
    "rmse": 0.1203029479700464,
    "r2": 0.0,
    "n_train": 251,
    "n_test": 12
}