{
    "disease": "TX_tuberculose_00_23",
    "cod_mun": 3549805,
    "mae": 0.32861200666646323,
    "rmse": 0.47589349778713413,
    "r2": -0.9213789527928768,
    "n_train": 251,
    "n_test": 12
}