{
    "disease": "tuberculose",
    "cod_mun": 3547304,
    "mae": 0.6936372929621264,
    "rmse": 1.0642507194277455,
    "r2": 0.4284331406381171,
    "n_samples": 300
}