{
    "disease": "TX_sifilis_00_23",
    "cod_mun": 3555802,
    "mae": 0.21136943995952606,
    "rmse": 0.2113694945209609,
    "r2": 0.0,
    "n_train": 251,
    "n_test": 12
}