{
  "mae": 0.1787627609159053,
  "rmse": 0.040573733384110466,
  "r2": -0.3169193555608101,
  "n_train": 264,
  "n_val": 6,
  "n_test": 6
}