{
    "disease": "sifilis",
    "cod_mun": 3554953,
    "mae": 0.19403076926369242,
    "rmse": 1.067183772944435,
    "r2": 0.15317040993224107,
    "n_samples": 300
}