{
    "disease": "TX_hiv_aids_00_23",
    "cod_mun": 3516309,
    "mae": 0.27580690654753387,
    "rmse": 0.2894118197719929,
    "r2": -0.25213628713359526,
    "n_train": 251,
    "n_test": 12
}