{
    "disease": "TX_hepatite_00_23",
    "cod_mun": 3504008,
    "mae": 0.451465994639785,
    "rmse": 0.4943001231205767,
    "r2": -0.3147830786733272,
    "n_train": 251,
    "n_test": 12
}