{
    "disease": "sifilis",
    "cod_mun": 3519600,
    "mae": 0.16993485341912043,
    "rmse": 0.4382827973079204,
    "r2": 0.08855474934066943,
    "n_samples": 300
}