{
    "disease": "hanseniase",
    "cod_mun": 3533007,
    "mae": 0.3759419672196269,
    "rmse": 0.9100046847511288,
    "r2": 0.04034688661752983,
    "n_samples": 300
}