{
    "disease": "sifilis",
    "cod_mun": 3543253,
    "mae": 0.3457989740079912,
    "rmse": 1.794508359814693,
    "r2": 0.0315169381291277,
    "n_samples": 300
}