{
    "disease": "sifilis",
    "cod_mun": 3535309,
    "mae": 0.3232189000515185,
    "rmse": 0.8650210137276475,
    "r2": 0.13590142753900514,
    "n_samples": 300
}