{
    "disease": "hiv_aids",
    "cod_mun": 3556453,
    "mae": 0.3964075731131958,
    "rmse": 0.8055046027115739,
    "r2": 0.23953747148012516,
    "n_samples": 300
}