{
    "disease": "TX_sifilis_00_23",
    "cod_mun": 3543907,
    "mae": 0.3426912187551318,
    "rmse": 0.44257871285763367,
    "r2": -0.43811994781845964,
    "n_train": 251,
    "n_test": 12
}