{
    "disease": "hanseniase",
    "cod_mun": 3547908,
    "mae": 0.6752744732971959,
    "rmse": 2.2125202135498334,
    "r2": 0.06712925910228806,
    "n_samples": 300
}