{
    "disease": "sifilis",
    "cod_mun": 3523008,
    "mae": 0.4185000601293406,
    "rmse": 2.076854352354876,
    "r2": 0.006141944434139623,
    "n_samples": 300
}