{
    "disease": "TX_tuberculose_00_23",
    "cod_mun": 3510153,
    "mae": 0.07133632339537144,
    "rmse": 0.07177170784785188,
    "r2": 0.0,
    "n_train": 251,
    "n_test": 12
}