{
    "disease": "sifilis",
    "cod_mun": 3516705,
    "mae": 0.41908645700597336,
    "rmse": 0.7931135593997894,
    "r2": 0.19150507467686173,
    "n_samples": 300
}