{
    "disease": "hepatite",
    "cod_mun": 3510807,
    "mae": 0.5097845696776913,
    "rmse": 1.034051670687121,
    "r2": 0.24472562744789905,
    "n_samples": 300
}