{
    "disease": "sifilis",
    "cod_mun": 3503356,
    "mae": 0.6794125497115979,
    "rmse": 3.1230950593504723,
    "r2": 0.07709032476291688,
    "n_samples": 300
}