{
    "disease": "hiv_aids",
    "cod_mun": 3522703,
    "mae": 1.056120578125331,
    "rmse": 1.3848154483500723,
    "r2": 0.07959472361841347,
    "n_samples": 300
}