{
  "mae": 0.061071474754265366,
  "rmse": 0.004840389225692983,
  "r2": 0.07103393646331424,
  "n_train": 264,
  "n_val": 6,
  "n_test": 6
}