{
    "disease": "sifilis",
    "cod_mun": 3533601,
    "mae": 0.09488732366963605,
    "rmse": 0.7737188831892868,
    "r2": 0.004711203093440863,
    "n_samples": 300
}