{
    "disease": "TX_hepatite_00_23",
    "cod_mun": 3531506,
    "mae": 0.03616414345257605,
    "rmse": 0.06960882176285134,
    "r2": 0.0,
    "n_train": 251,
    "n_test": 12
}