{
    "disease": "TX_hiv_aids_00_23",
    "cod_mun": 3550902,
    "mae": 4.820513829096418,
    "rmse": 7.371711256467312,
    "r2": -0.06034655689966795,
    "n_train": 251,
    "n_test": 12
}