{
    "disease": "hepatite",
    "cod_mun": 3510302,
    "mae": 0.6547154472579476,
    "rmse": 1.4368717917943428,
    "r2": 0.22119913536977454,
    "n_samples": 300
}