{
    "disease": "hiv_aids",
    "cod_mun": 3527504,
    "mae": 3.0465679242146866,
    "rmse": 9.005898198079741,
    "r2": 0.12797065411882325,
    "n_samples": 300
}