{
    "disease": "TX_hiv_aids_00_23",
    "cod_mun": 3525706,
    "mae": 2.10416703275521,
    "rmse": 2.708935431779101,
    "r2": -0.3538164336150553,
    "n_train": 251,
    "n_test": 12
}