{
    "disease": "TX_sifilis_00_23",
    "cod_mun": 3554508,
    "mae": 0.04856342449784279,
    "rmse": 0.04856342449784279,
    "r2": 0.0,
    "n_train": 251,
    "n_test": 12
}