{
    "disease": "tuberculose",
    "cod_mun": 3551702,
    "mae": 0.5574718031572964,
    "rmse": 0.7171579071908224,
    "r2": 0.2622934543583919,
    "n_samples": 300
}