{
    "disease": "hanseniase",
    "cod_mun": 3509502,
    "mae": 0.08540779129628438,
    "rmse": 0.12258039948065431,
    "r2": -0.10660998445812475,
    "n_samples": 300
}