{
    "disease": "hanseniase",
    "cod_mun": 3550803,
    "mae": 0.051411739904081384,
    "rmse": 0.4451495062603099,
    "r2": 0.002804837791767878,
    "n_samples": 300
}