{
    "disease": "hanseniase",
    "cod_mun": 3529708,
    "mae": 1.4522954543386744,
    "rmse": 1.8860851692464806,
    "r2": 0.06865367166289582,
    "n_samples": 300
}