{
    "disease": "TX_hiv_aids_00_23",
    "cod_mun": 3502002,
    "mae": 1.8399962673290864,
    "rmse": 6.300323015523232,
    "r2": -0.08857226272006402,
    "n_train": 251,
    "n_test": 12
}