{
    "disease": "TX_hanseniase_00_23",
    "cod_mun": 3533502,
    "mae": 0.26498287495159484,
    "rmse": 0.7343047329100337,
    "r2": -0.048391146667064566,
    "n_train": 251,
    "n_test": 12
}