{
    "disease": "hiv_aids",
    "cod_mun": 3515806,
    "mae": 0.01640126657435993,
    "rmse": 0.09340669573791362,
    "r2": 0.9994576041448161,
    "n_samples": 300
}