{
    "disease": "sifilis",
    "cod_mun": 3548005,
    "mae": 0.19420329700450278,
    "rmse": 0.730513692929457,
    "r2": 0.1441411014822226,
    "n_samples": 300
}