{
    "disease": "TX_tuberculose_00_23",
    "cod_mun": 3504008,
    "mae": 0.7495348262446395,
    "rmse": 0.8023912813304586,
    "r2": -3.6771235186573534,
    "n_train": 251,
    "n_test": 12
}