{
    "disease": "TX_hepatite_00_23",
    "cod_mun": 3540705,
    "mae": 0.3393234149910842,
    "rmse": 0.538288375993495,
    "r2": -0.04751868770090195,
    "n_train": 251,
    "n_test": 12
}