{
    "disease": "hanseniase",
    "cod_mun": 3524303,
    "mae": 0.046670620586239546,
    "rmse": 0.17348054889994954,
    "r2": 0.007779828163566593,
    "n_samples": 300
}