{
    "disease": "hanseniase",
    "cod_mun": 3510708,
    "mae": 0.49538545046300064,
    "rmse": 1.599575643872351,
    "r2": 0.0006488326212750195,
    "n_samples": 300
}