{
    "disease": "TX_sifilis_00_23",
    "cod_mun": 3540853,
    "mae": 3.228722717293039,
    "rmse": 11.184623579806777,
    "r2": -0.09090909090909105,
    "n_train": 251,
    "n_test": 12
}