{
    "disease": "hiv_aids",
    "cod_mun": 3537800,
    "mae": 1.0208472270925641,
    "rmse": 1.316379897748713,
    "r2": 0.04224716233011516,
    "n_samples": 300
}