{
    "disease": "hanseniase",
    "cod_mun": 3533403,
    "mae": 0.06266534887151942,
    "rmse": 0.24672615132304107,
    "r2": 7.436639050062421e-05,
    "n_samples": 300
}