{
    "disease": "hiv_aids",
    "cod_mun": 3515152,
    "mae": 1.3400312675479604,
    "rmse": 2.3064332343762315,
    "r2": 0.19217837609116517,
    "n_samples": 300
}