{
    "disease": "TX_hiv_aids_00_23",
    "cod_mun": 3532702,
    "mae": 0.7492431960999966,
    "rmse": 0.9739319319007912,
    "r2": 0.0,
    "n_train": 251,
    "n_test": 12
}