{
    "disease": "sifilis",
    "cod_mun": 3541703,
    "mae": 0.14755546824592927,
    "rmse": 0.6595070050047699,
    "r2": 0.1304051933244007,
    "n_samples": 300
}