{
    "disease": "hiv_aids",
    "cod_mun": 3544202,
    "mae": 4.129543789850534,
    "rmse": 8.085059464831685,
    "r2": -0.01581802926857212,
    "n_samples": 300
}