{
    "disease": "hepatite",
    "cod_mun": 3501608,
    "mae": 0.21965705147754222,
    "rmse": 0.3195499130019788,
    "r2": 0.28616587709640096,
    "n_samples": 300
}