{
    "disease": "hiv_aids",
    "cod_mun": 3523206,
    "mae": 0.1260782728061207,
    "rmse": 0.2994208425741712,
    "r2": 0.09104759911379057,
    "n_samples": 300
}