{
    "disease": "hanseniase",
    "cod_mun": 3520905,
    "mae": 0.19794807322335045,
    "rmse": 0.8729359415452052,
    "r2": 0.1645836306702536,
    "n_samples": 300
}