{
    "disease": "tuberculose",
    "cod_mun": 3532009,
    "mae": 0.8437155968175972,
    "rmse": 1.711405467818958,
    "r2": 0.6598033562132971,
    "n_samples": 300
}