{
    "disease": "sifilis",
    "cod_mun": 3538501,
    "mae": 0.49052741115748766,
    "rmse": 1.2319712129617686,
    "r2": 0.08423133915495618,
    "n_samples": 300
}