{
    "disease": "hiv_aids",
    "cod_mun": 3536109,
    "mae": 0.69132985318122,
    "rmse": 2.814589800181239,
    "r2": 0.001933663241944883,
    "n_samples": 300
}