{
    "disease": "TX_hanseniase_00_23",
    "cod_mun": 3531407,
    "mae": 0.008386553653205434,
    "rmse": 0.008388610966623819,
    "r2": 0.0,
    "n_train": 251,
    "n_test": 12
}