{
    "disease": "hanseniase",
    "cod_mun": 3554409,
    "mae": 0.30376050097938817,
    "rmse": 1.3086132831397088,
    "r2": 0.0011454906838179735,
    "n_samples": 300
}