{
    "disease": "TX_hepatite_00_23",
    "cod_mun": 3501152,
    "mae": 0.051343364951511226,
    "rmse": 0.051344338497426194,
    "r2": 0.0,
    "n_train": 251,
    "n_test": 12
}