{
    "disease": "tuberculose",
    "cod_mun": 3557105,
    "mae": 0.4750731347964659,
    "rmse": 0.6545961655843512,
    "r2": 0.03413998563746867,
    "n_samples": 300
}