{
    "disease": "hiv_aids",
    "cod_mun": 3548005,
    "mae": 6.091505746022555,
    "rmse": 8.342872261788505,
    "r2": 0.3482728968123602,
    "n_samples": 300
}