{
    "disease": "sifilis",
    "cod_mun": 3525607,
    "mae": 0.1533023645074209,
    "rmse": 1.2717002369583317,
    "r2": 0.004149831861884112,
    "n_samples": 300
}