{
    "disease": "TX_hiv_aids_00_23",
    "cod_mun": 3552502,
    "mae": 0.25841658359878167,
    "rmse": 0.3382955621702739,
    "r2": -0.16283487892938786,
    "n_train": 251,
    "n_test": 12
}