{
    "disease": "TX_hanseniase_00_23",
    "cod_mun": 3550803,
    "mae": 0.03196514925609032,
    "rmse": 0.0597562363861288,
    "r2": 0.0,
    "n_train": 251,
    "n_test": 12
}