{
    "disease": "hanseniase",
    "cod_mun": 3536703,
    "mae": 0.25226169170072205,
    "rmse": 0.6015635608036547,
    "r2": 0.4030672968483029,
    "n_samples": 300
}