{
    "disease": "tuberculose",
    "cod_mun": 3513009,
    "mae": 0.3379196835486448,
    "rmse": 0.4724479211801581,
    "r2": 0.3849459282502996,
    "n_samples": 300
}