{
    "disease": "hepatite",
    "cod_mun": 3555356,
    "mae": 0.6236885148599722,
    "rmse": 2.7897132904532973,
    "r2": 0.001276884961288638,
    "n_samples": 300
}