{
    "disease": "hiv_aids",
    "cod_mun": 3524105,
    "mae": 0.7344509455858703,
    "rmse": 1.348586773668461,
    "r2": 0.4267589328995183,
    "n_samples": 300
}