{
    "disease": "TX_hiv_aids_00_23",
    "cod_mun": 3553401,
    "mae": 2.2286672631457036,
    "rmse": 3.401184423908935,
    "r2": -0.0020283565621501687,
    "n_train": 251,
    "n_test": 12
}