{
    "disease": "TX_hanseniase_00_23",
    "cod_mun": 3556206,
    "mae": 0.07457418801883857,
    "rmse": 0.08225847324768089,
    "r2": 0.0,
    "n_train": 251,
    "n_test": 12
}