{
    "disease": "sifilis",
    "cod_mun": 3522653,
    "mae": 0.4883641039039039,
    "rmse": 2.4363109415834634,
    "r2": 0.0033566394830008006,
    "n_samples": 300
}