{
    "disease": "sifilis",
    "cod_mun": 3554003,
    "mae": 0.2641350814946409,
    "rmse": 0.41997254411756907,
    "r2": 0.3755613086645264,
    "n_samples": 300
}