{
    "disease": "sifilis",
    "cod_mun": 3511508,
    "mae": 0.12902438534409186,
    "rmse": 0.34925645962591434,
    "r2": 0.11747272785493112,
    "n_samples": 300
}