{
    "disease": "hanseniase",
    "cod_mun": 3514403,
    "mae": 0.2755923840319394,
    "rmse": 0.6223375976792029,
    "r2": 0.07534879671896721,
    "n_samples": 300
}