{
    "disease": "TX_tuberculose_00_23",
    "cod_mun": 3557154,
    "mae": 3.109452736318408,
    "rmse": 10.771460246075108,
    "r2": -0.09090909090909083,
    "n_train": 251,
    "n_test": 12
}