{
    "disease": "TX_tuberculose_00_23",
    "cod_mun": 3547601,
    "mae": 0.17201484429339567,
    "rmse": 0.1828519260582133,
    "r2": 0.0,
    "n_train": 251,
    "n_test": 12
}