{
    "disease": "tuberculose",
    "cod_mun": 3505500,
    "mae": 0.5254783355347507,
    "rmse": 0.6968321725756565,
    "r2": 0.1933811384632509,
    "n_samples": 300
}