{
    "disease": "sifilis",
    "cod_mun": 3534104,
    "mae": 0.9609223458614343,
    "rmse": 2.9653603690001162,
    "r2": 0.12246470294989431,
    "n_samples": 300
}