{
    "disease": "sifilis",
    "cod_mun": 3537701,
    "mae": 0.08487527153831234,
    "rmse": 0.8786264757905728,
    "r2": 0.15283869620194412,
    "n_samples": 300
}