{
    "disease": "sifilis",
    "cod_mun": 3522703,
    "mae": 0.6828423821392785,
    "rmse": 1.1728111161420052,
    "r2": 0.21158566366005427,
    "n_samples": 300
}