{
    "disease": "sifilis",
    "cod_mun": 3507605,
    "mae": 0.23255031318111022,
    "rmse": 0.30941214583496396,
    "r2": -0.05182054621875354,
    "n_samples": 300
}