{
    "disease": "TX_tuberculose_00_23",
    "cod_mun": 3548005,
    "mae": 2.9226455299660876,
    "rmse": 4.749906281075743,
    "r2": -0.6672410448329413,
    "n_train": 251,
    "n_test": 12
}