{
    "disease": "hiv_aids",
    "cod_mun": 3549300,
    "mae": 0.3157623116065637,
    "rmse": 2.6788245793449805,
    "r2": 0.006164594693403802,
    "n_samples": 300
}