{
    "disease": "hanseniase",
    "cod_mun": 3507100,
    "mae": 0.07235398915593697,
    "rmse": 0.45579743796905664,
    "r2": 0.0010176092421088079,
    "n_samples": 300
}