{
    "disease": "TX_sifilis_00_23",
    "cod_mun": 3511904,
    "mae": 1.18962645729241,
    "rmse": 4.120986932117242,
    "r2": -0.09090909090909127,
    "n_train": 251,
    "n_test": 12
}