{
    "disease": "hiv_aids",
    "cod_mun": 3528700,
    "mae": 0.5451473075724457,
    "rmse": 3.0365644572235535,
    "r2": -0.02852065307435847,
    "n_samples": 300
}