{
    "disease": "tuberculose",
    "cod_mun": 3506003,
    "mae": 0.43517640026062687,
    "rmse": 0.5642071434430024,
    "r2": 0.29848961929734497,
    "n_samples": 300
}