{
    "disease": "tuberculose",
    "cod_mun": 3510906,
    "mae": 1.1933880865598332,
    "rmse": 5.494512994918101,
    "r2": 0.002906979748422911,
    "n_samples": 300
}