{
    "disease": "hanseniase",
    "cod_mun": 3542008,
    "mae": 0.2866012480778653,
    "rmse": 1.3662298473980738,
    "r2": 0.16114184772003926,
    "n_samples": 300
}