{
    "disease": "hiv_aids",
    "cod_mun": 3531407,
    "mae": 3.2035730530561195,
    "rmse": 4.029322322929952,
    "r2": -0.14043786875574882,
    "n_samples": 300
}