{
    "disease": "TX_hepatite_00_23",
    "cod_mun": 3546405,
    "mae": 0.33223657254573374,
    "rmse": 0.6327231815711668,
    "r2": -0.11402093506108835,
    "n_train": 251,
    "n_test": 12
}