{
    "disease": "TX_hepatite_00_23",
    "cod_mun": 3546801,
    "mae": 0.12129553655783336,
    "rmse": 0.12321962854131921,
    "r2": 0.0,
    "n_train": 251,
    "n_test": 12
}