{
    "disease": "TX_hanseniase_00_23",
    "cod_mun": 3536703,
    "mae": 0.10259509117652972,
    "rmse": 0.11072542827266726,
    "r2": 0.0,
    "n_train": 251,
    "n_test": 12
}