{
    "disease": "TX_sifilis_00_23",
    "cod_mun": 3538105,
    "mae": 0.21900473535060883,
    "rmse": 0.21900473535060883,
    "r2": 0.0,
    "n_train": 251,
    "n_test": 12
}