{
    "disease": "hiv_aids",
    "cod_mun": 3518701,
    "mae": 1.1674957707222848,
    "rmse": 2.142784316148873,
    "r2": 0.7454550792890662,
    "n_samples": 300
}