{
    "disease": "TX_hiv_aids_00_23",
    "cod_mun": 3552601,
    "mae": 1.129912440975507,
    "rmse": 1.352110877240021,
    "r2": 0.0,
    "n_train": 251,
    "n_test": 12
}