{
    "disease": "sifilis",
    "cod_mun": 3520103,
    "mae": 0.15886618855101098,
    "rmse": 0.5844914133821604,
    "r2": 0.14294904932026675,
    "n_samples": 300
}