{
    "disease": "hiv_aids",
    "cod_mun": 3537602,
    "mae": 0.6997742049773394,
    "rmse": 1.1106462959251573,
    "r2": 0.18644795546271153,
    "n_samples": 300
}