{
    "disease": "hanseniase",
    "cod_mun": 3528403,
    "mae": 0.0581771683723152,
    "rmse": 0.2509143170697318,
    "r2": 0.0007833310997792386,
    "n_samples": 300
}