{
    "disease": "hiv_aids",
    "cod_mun": 3521804,
    "mae": 2.3644193455568567,
    "rmse": 3.2345932688979966,
    "r2": 0.1466609181546782,
    "n_samples": 300
}