{
    "disease": "hiv_aids",
    "cod_mun": 3515806,
    "mae": 0.28385491353340425,
    "rmse": 2.8900555330213833,
    "r2": 0.48075452616815584,
    "n_samples": 300
}