{
    "disease": "tuberculose",
    "cod_mun": 3530805,
    "mae": 0.5552394120573454,
    "rmse": 0.789457913132932,
    "r2": 0.1499785760361444,
    "n_samples": 300
}