{
    "disease": "TX_tuberculose_00_23",
    "cod_mun": 3517208,
    "mae": 1.6539413183927536,
    "rmse": 1.8007250172414009,
    "r2": 0.0,
    "n_train": 251,
    "n_test": 12
}