{
    "disease": "TX_sifilis_00_23",
    "cod_mun": 3518305,
    "mae": 0.944504707469506,
    "rmse": 1.174915240160592,
    "r2": -0.054923750616128864,
    "n_train": 251,
    "n_test": 12
}