{
    "disease": "hiv_aids",
    "cod_mun": 3503406,
    "mae": 0.07437392092783535,
    "rmse": 0.7234983856812337,
    "r2": 0.5083058239972786,
    "n_samples": 300
}