{
    "disease": "hanseniase",
    "cod_mun": 3511508,
    "mae": 0.051159644168326183,
    "rmse": 0.25472181779417996,
    "r2": 0.001514276984350027,
    "n_samples": 300
}