{
    "disease": "TX_hanseniase_00_23",
    "cod_mun": 3549805,
    "mae": 0.022135239172105987,
    "rmse": 0.032625069281068,
    "r2": 0.0,
    "n_train": 251,
    "n_test": 12
}