{
    "disease": "TX_tuberculose_00_23",
    "cod_mun": 3556354,
    "mae": 0.849055158773432,
    "rmse": 2.8977509980998675,
    "r2": -0.08783615377472986,
    "n_train": 251,
    "n_test": 12
}