{
    "disease": "tuberculose",
    "cod_mun": 3507506,
    "mae": 0.5815364415000556,
    "rmse": 0.7051666536472287,
    "r2": 0.19375049228204932,
    "n_samples": 300
}