{
    "disease": "hanseniase",
    "cod_mun": 3507159,
    "mae": 0.17501601885917106,
    "rmse": 1.491683269684708,
    "r2": 0.0020720923242101286,
    "n_samples": 300
}