{
    "disease": "TX_hiv_aids_00_23",
    "cod_mun": 3524808,
    "mae": 1.2940290992390417,
    "rmse": 1.8728738024937812,
    "r2": -0.12261285949448641,
    "n_train": 251,
    "n_test": 12
}