{
    "disease": "hiv_aids",
    "cod_mun": 3526308,
    "mae": 1.7569525553051502,
    "rmse": 4.196043893003264,
    "r2": 0.14622803188966038,
    "n_samples": 300
}