{
    "disease": "TX_hanseniase_00_23",
    "cod_mun": 3512407,
    "mae": 0.010466120157313222,
    "rmse": 0.03004377301360167,
    "r2": 0.0,
    "n_train": 251,
    "n_test": 12
}