{
    "disease": "hiv_aids",
    "cod_mun": 3516200,
    "mae": 0.4860166361009898,
    "rmse": 0.6201522260799134,
    "r2": 0.48791520128794663,
    "n_samples": 300
}