{
    "disease": "hepatite",
    "cod_mun": 3543600,
    "mae": 0.1897132998115627,
    "rmse": 1.6042823090436562,
    "r2": 0.003228382280965114,
    "n_samples": 300
}