{
    "disease": "hepatite",
    "cod_mun": 3547403,
    "mae": 3.1720920847180354,
    "rmse": 7.593911441105735,
    "r2": 0.04165898819592029,
    "n_samples": 300
}