{
    "disease": "hanseniase",
    "cod_mun": 3531704,
    "mae": 0.18796094989767906,
    "rmse": 1.559780953213155,
    "r2": 0.004491845310119036,
    "n_samples": 300
}