{
    "disease": "hiv_aids",
    "cod_mun": 3508603,
    "mae": 0.33744043042726085,
    "rmse": 0.7961475344704657,
    "r2": 0.09987278749469775,
    "n_samples": 300
}