{
    "disease": "hanseniase",
    "cod_mun": 3504800,
    "mae": 0.1391997866556125,
    "rmse": 0.7874735858357822,
    "r2": 0.4500078798483156,
    "n_samples": 300
}