{
    "disease": "hiv_aids",
    "cod_mun": 3505807,
    "mae": 0.3345664737954654,
    "rmse": 0.8736223840736071,
    "r2": 0.055942775723233806,
    "n_samples": 300
}