{
    "disease": "TX_sifilis_00_23",
    "cod_mun": 3532843,
    "mae": 0.0029309109571234635,
    "rmse": 0.00335840710111972,
    "r2": 0.0,
    "n_train": 251,
    "n_test": 12
}