{
    "disease": "sifilis",
    "cod_mun": 3556206,
    "mae": 0.21808542572320652,
    "rmse": 0.33319814044241675,
    "r2": 0.0671705713374322,
    "n_samples": 300
}