{
    "disease": "hepatite",
    "cod_mun": 3511201,
    "mae": 0.6646134518250585,
    "rmse": 2.1131996532824906,
    "r2": 0.07500850859626462,
    "n_samples": 300
}