{
    "disease": "TX_hiv_aids_00_23",
    "cod_mun": 3535606,
    "mae": 0.47050859530766803,
    "rmse": 0.47053142861155745,
    "r2": 0.0,
    "n_train": 251,
    "n_test": 12
}