{
    "disease": "TX_hiv_aids_00_23",
    "cod_mun": 3543907,
    "mae": 0.284578331647681,
    "rmse": 0.32822059595058034,
    "r2": -0.12608973936974488,
    "n_train": 251,
    "n_test": 12
}