{
    "disease": "hepatite",
    "cod_mun": 3500204,
    "mae": 0.5402919685463228,
    "rmse": 2.6138603445822683,
    "r2": 0.009010107066974804,
    "n_samples": 300
}