{
    "disease": "hanseniase",
    "cod_mun": 3536208,
    "mae": 0.07158208153226463,
    "rmse": 0.4333928569211029,
    "r2": 0.0012541705278513726,
    "n_samples": 300
}