{
    "disease": "TX_hanseniase_00_23",
    "cod_mun": 3539707,
    "mae": 1.2705388030553877e-07,
    "rmse": 1.2705388030553877e-07,
    "r2": 0.0,
    "n_train": 251,
    "n_test": 12
}