{
    "disease": "hiv_aids",
    "cod_mun": 3517901,
    "mae": 1.5771732715961824,
    "rmse": 3.522089484183797,
    "r2": 0.1168308291540654,
    "n_samples": 300
}