{
    "disease": "TX_hepatite_00_23",
    "cod_mun": 3535200,
    "mae": 0.7037384659051895,
    "rmse": 0.7044850295736288,
    "r2": 0.0,
    "n_train": 251,
    "n_test": 12
}