{
    "disease": "hepatite",
    "cod_mun": 3549607,
    "mae": 18.414843437080958,
    "rmse": 26.358217949437538,
    "r2": 0.34507117070765225,
    "n_samples": 300
}