{
    "disease": "TX_hanseniase_00_23",
    "cod_mun": 3505708,
    "mae": 0.08294161968901254,
    "rmse": 0.11136490988641728,
    "r2": -0.048182517161985405,
    "n_train": 251,
    "n_test": 12
}