{
    "disease": "sifilis",
    "cod_mun": 3506706,
    "mae": 0.5538481108625728,
    "rmse": 1.7568571606816528,
    "r2": 0.14696473827972856,
    "n_samples": 300
}