{
    "disease": "TX_hiv_aids_00_23",
    "cod_mun": 3507456,
    "mae": 0.023637793802966673,
    "rmse": 0.023637802970536782,
    "r2": 0.0,
    "n_train": 251,
    "n_test": 12
}