{
    "disease": "sifilis",
    "cod_mun": 3505401,
    "mae": 0.41967891125567425,
    "rmse": 1.8454057909131298,
    "r2": 0.34525961623560686,
    "n_samples": 300
}