{
    "disease": "TX_hanseniase_00_23",
    "cod_mun": 3552502,
    "mae": 0.11767411108140145,
    "rmse": 0.20611419415683316,
    "r2": -0.31190616223891543,
    "n_train": 251,
    "n_test": 12
}