{
    "disease": "TX_hanseniase_00_23",
    "cod_mun": 3524709,
    "mae": 0.012717142390708128,
    "rmse": 0.021539129930448785,
    "r2": 0.0,
    "n_train": 251,
    "n_test": 12
}