{
    "disease": "TX_tuberculose_00_23",
    "cod_mun": 3546108,
    "mae": 0.10090924799442291,
    "rmse": 0.10090924799442291,
    "r2": 0.0,
    "n_train": 251,
    "n_test": 12
}