{
    "disease": "hiv_aids",
    "cod_mun": 3524907,
    "mae": 1.1229635114651841,
    "rmse": 3.177799634400629,
    "r2": 0.10943909852020406,
    "n_samples": 300
}