{
    "disease": "hepatite",
    "cod_mun": 3515350,
    "mae": 4.073075108842307,
    "rmse": 6.686680547209166,
    "r2": 0.18175761189240225,
    "n_samples": 300
}