{
    "disease": "TX_sifilis_00_23",
    "cod_mun": 3542909,
    "mae": 0.7639914861742062,
    "rmse": 2.6286559799005103,
    "r2": -0.09531358749561347,
    "n_train": 251,
    "n_test": 12
}