{
    "disease": "hanseniase",
    "cod_mun": 3511904,
    "mae": 0.13864357713218767,
    "rmse": 0.5782906499540859,
    "r2": 0.7026693017906627,
    "n_samples": 300
}