{
    "disease": "sifilis",
    "cod_mun": 3527603,
    "mae": 0.3639396324758218,
    "rmse": 1.368608395149911,
    "r2": 0.002112123581971992,
    "n_samples": 300
}