{
    "disease": "tuberculose",
    "cod_mun": 3502754,
    "mae": 1.3158468242493122,
    "rmse": 2.2257923914464826,
    "r2": 0.18362046453850556,
    "n_samples": 300
}