{
    "disease": "hanseniase",
    "cod_mun": 3556107,
    "mae": 0.3191258155328282,
    "rmse": 1.123715027249762,
    "r2": 0.09054711105746571,
    "n_samples": 300
}