{
    "disease": "TX_hiv_aids_00_23",
    "cod_mun": 3556008,
    "mae": 2.247696245702718,
    "rmse": 3.365658296994023,
    "r2": -0.1075825370415242,
    "n_train": 251,
    "n_test": 12
}