{
    "disease": "hanseniase",
    "cod_mun": 3525706,
    "mae": 0.3744234030968306,
    "rmse": 0.8839387669258696,
    "r2": 0.1031782171240817,
    "n_samples": 300
}