{
    "disease": "TX_sifilis_00_23",
    "cod_mun": 3517307,
    "mae": 4.5116895636619345,
    "rmse": 9.003356800327317,
    "r2": -0.27892703654237394,
    "n_train": 251,
    "n_test": 12
}