{
    "disease": "TX_tuberculose_00_23",
    "cod_mun": 3523305,
    "mae": 1.1395023066895087,
    "rmse": 1.731449197652394,
    "r2": 0.09028801476148818,
    "n_train": 251,
    "n_test": 12
}