{
    "disease": "hanseniase",
    "cod_mun": 3556701,
    "mae": 0.06335912365436647,
    "rmse": 0.1814073925770445,
    "r2": 0.07382400116947929,
    "n_samples": 300
}