{
    "disease": "TX_hanseniase_00_23",
    "cod_mun": 3512902,
    "mae": 2.1142553743831494,
    "rmse": 4.207266763588812,
    "r2": -0.10585532604303172,
    "n_train": 251,
    "n_test": 12
}