{
    "disease": "TX_hanseniase_00_23",
    "cod_mun": 3516408,
    "mae": 0.07702729850809743,
    "rmse": 0.1752525342724373,
    "r2": -0.02116334061736702,
    "n_train": 251,
    "n_test": 12
}