{
    "disease": "hanseniase",
    "cod_mun": 3544202,
    "mae": 0.4541489186927701,
    "rmse": 1.470851064737462,
    "r2": 0.6993363385209845,
    "n_samples": 300
}