{
    "disease": "TX_tuberculose_00_23",
    "cod_mun": 3556453,
    "mae": 0.43099426352997866,
    "rmse": 0.7407478563535442,
    "r2": -0.14252692944571144,
    "n_train": 251,
    "n_test": 12
}