{
    "disease": "hanseniase",
    "cod_mun": 3525508,
    "mae": 0.055675230061098945,
    "rmse": 0.477526981872158,
    "r2": 0.0030224050665684787,
    "n_samples": 300
}