{
    "disease": "TX_hanseniase_00_23",
    "cod_mun": 3553609,
    "mae": 0.004081762434604268,
    "rmse": 0.007811690612667899,
    "r2": 0.0,
    "n_train": 251,
    "n_test": 12
}