{
    "disease": "hanseniase",
    "cod_mun": 3538907,
    "mae": 0.12764287564376184,
    "rmse": 0.5361570436345836,
    "r2": 0.011488423008992776,
    "n_samples": 300
}