{
    "disease": "hepatite",
    "cod_mun": 3530102,
    "mae": 1.0619975101453956,
    "rmse": 1.610271101663816,
    "r2": 0.17437243927702661,
    "n_samples": 300
}