{
    "disease": "hiv_aids",
    "cod_mun": 3503158,
    "mae": 0.1681698233905815,
    "rmse": 0.9568924042138189,
    "r2": 0.8110978852302667,
    "n_samples": 300
}