{
    "disease": "TX_hepatite_00_23",
    "cod_mun": 3530003,
    "mae": 15.22031657062572,
    "rmse": 19.72385116402995,
    "r2": -3.815523211255708,
    "n_train": 251,
    "n_test": 12
}