{
    "disease": "hepatite",
    "cod_mun": 3523404,
    "mae": 0.40498985306584556,
    "rmse": 0.5460837688145177,
    "r2": 0.2396009034415868,
    "n_samples": 300
}