{
    "disease": "TX_hiv_aids_00_23",
    "cod_mun": 3514106,
    "mae": 0.3254704376061757,
    "rmse": 0.33516557403042146,
    "r2": 0.0,
    "n_train": 251,
    "n_test": 12
}