{
    "disease": "sifilis",
    "cod_mun": 3526100,
    "mae": 0.6117903878717381,
    "rmse": 1.2921973444386814,
    "r2": 0.07269588695788776,
    "n_samples": 300
}