{
    "disease": "sifilis",
    "cod_mun": 3515608,
    "mae": 0.00550686243478592,
    "rmse": 0.022438475962580525,
    "r2": 0.9995358735247012,
    "n_samples": 300
}