{
    "disease": "sifilis",
    "cod_mun": 3538600,
    "mae": 0.32354377714881044,
    "rmse": 0.6378206546655198,
    "r2": 0.05768509415979717,
    "n_samples": 300
}