{
    "disease": "TX_tuberculose_00_23",
    "cod_mun": 3545159,
    "mae": 0.018041869935890038,
    "rmse": 0.018042334585165496,
    "r2": 0.0,
    "n_train": 251,
    "n_test": 12
}