{
    "disease": "TX_sifilis_00_23",
    "cod_mun": 3503703,
    "mae": 0.1246521274248759,
    "rmse": 0.12465943927304067,
    "r2": 0.0,
    "n_train": 251,
    "n_test": 12
}