{
    "disease": "hiv_aids",
    "cod_mun": 3555703,
    "mae": 6.696946462215632,
    "rmse": 15.881924395407834,
    "r2": 0.07020872752313989,
    "n_samples": 300
}