{
    "disease": "sifilis",
    "cod_mun": 3520608,
    "mae": 0.2681165936273984,
    "rmse": 1.6578686433560825,
    "r2": 8.255661086054022e-05,
    "n_samples": 300
}