{
    "disease": "hiv_aids",
    "cod_mun": 3549805,
    "mae": 1.702003168121791,
    "rmse": 2.3812901525731967,
    "r2": 0.2799795811983272,
    "n_samples": 300
}