{
    "disease": "TX_hanseniase_00_23",
    "cod_mun": 3522901,
    "mae": 1.231513473794826,
    "rmse": 2.9548811828656603,
    "r2": -0.17218443475034806,
    "n_train": 251,
    "n_test": 12
}