{
    "disease": "hanseniase",
    "cod_mun": 3517505,
    "mae": 0.11552875430414086,
    "rmse": 0.5708695109216556,
    "r2": 0.001444572265220323,
    "n_samples": 300
}