{
    "disease": "hanseniase",
    "cod_mun": 3534708,
    "mae": 0.16806683492727045,
    "rmse": 0.2560131725174245,
    "r2": -0.082725469507543,
    "n_samples": 300
}