{
    "disease": "hepatite",
    "cod_mun": 3513850,
    "mae": 2.654349171742252,
    "rmse": 8.260557300602104,
    "r2": 0.07282658602304737,
    "n_samples": 300
}