{
    "disease": "tuberculose",
    "cod_mun": 3510005,
    "mae": 0.9481409123492557,
    "rmse": 1.833620448145301,
    "r2": 0.11607340965217561,
    "n_samples": 300
}