{
    "disease": "TX_sifilis_00_23",
    "cod_mun": 3557204,
    "mae": 0.7077662709860232,
    "rmse": 2.389078097280549,
    "r2": -0.09215204218661488,
    "n_train": 251,
    "n_test": 12
}