{
    "disease": "hepatite",
    "cod_mun": 3527207,
    "mae": 0.43714025830490283,
    "rmse": 0.7737887911598293,
    "r2": 0.721090748517676,
    "n_samples": 300
}