{
    "disease": "hepatite",
    "cod_mun": 3554201,
    "mae": 1.202965815120449,
    "rmse": 3.521914512491105,
    "r2": 0.001126873982233989,
    "n_samples": 300
}