{
    "disease": "hepatite",
    "cod_mun": 3510005,
    "mae": 1.4507641402407416,
    "rmse": 2.0536846110460365,
    "r2": 0.17132559390877367,
    "n_samples": 300
}