{
    "disease": "hiv_aids",
    "cod_mun": 3521804,
    "mae": 2.834312205059776,
    "rmse": 3.7278854233469665,
    "r2": -0.13346311248442966,
    "n_samples": 300
}