{
    "disease": "sifilis",
    "cod_mun": 3509007,
    "mae": 0.20016102814977232,
    "rmse": 0.4600709347345286,
    "r2": 0.6905409120320626,
    "n_samples": 300
}