{
    "disease": "TX_tuberculose_00_23",
    "cod_mun": 3522158,
    "mae": 0.3325348168727942,
    "rmse": 1.105861063087962,
    "r2": 0.0,
    "n_train": 251,
    "n_test": 12
}