{
    "disease": "hanseniase",
    "cod_mun": 3502754,
    "mae": 0.05181342153755,
    "rmse": 0.44161292212631936,
    "r2": 0.0038065241448269616,
    "n_samples": 300
}