{
    "disease": "hiv_aids",
    "cod_mun": 3526605,
    "mae": 2.072999923460288,
    "rmse": 4.9180716784236225,
    "r2": 0.19370884005381472,
    "n_samples": 300
}