{
    "disease": "TX_hiv_aids_00_23",
    "cod_mun": 3538006,
    "mae": 0.44086704530523085,
    "rmse": 0.4882703044736436,
    "r2": -1.6682401996740452,
    "n_train": 251,
    "n_test": 12
}