{
    "disease": "TX_hepatite_00_23",
    "cod_mun": 3540606,
    "mae": 2.161109359434774,
    "rmse": 2.2438410478620265,
    "r2": -11.7501102474298,
    "n_train": 251,
    "n_test": 12
}