{
    "disease": "hanseniase",
    "cod_mun": 3507902,
    "mae": 0.21103093565446837,
    "rmse": 0.6815099491694625,
    "r2": 0.17641319097823915,
    "n_samples": 300
}