{
    "disease": "TX_tuberculose_00_23",
    "cod_mun": 3531407,
    "mae": 2.3674400031660316,
    "rmse": 4.619536832114185,
    "r2": -0.31159482289725493,
    "n_train": 251,
    "n_test": 12
}