{
    "disease": "TX_hepatite_00_23",
    "cod_mun": 3525607,
    "mae": 0.3513893236716588,
    "rmse": 0.35138941093703724,
    "r2": 0.0,
    "n_train": 251,
    "n_test": 12
}