{
    "disease": "tuberculose",
    "cod_mun": 3536307,
    "mae": 0.28524721549148213,
    "rmse": 0.9744615747731231,
    "r2": 0.06622189367524312,
    "n_samples": 300
}