{
    "disease": "TX_tuberculose_00_23",
    "cod_mun": 3553955,
    "mae": 0.43868257850408554,
    "rmse": 0.44233415014795985,
    "r2": 0.0,
    "n_train": 251,
    "n_test": 12
}