{
    "disease": "hepatite",
    "cod_mun": 3522604,
    "mae": 0.5030492037455883,
    "rmse": 0.846374061111701,
    "r2": 0.25530843047982843,
    "n_samples": 300
}