{
    "disease": "hanseniase",
    "cod_mun": 3535408,
    "mae": 0.08845426300614648,
    "rmse": 0.5399879917178021,
    "r2": 0.0005486012012543284,
    "n_samples": 300
}