{
    "disease": "hiv_aids",
    "cod_mun": 3508009,
    "mae": 0.13253692730849334,
    "rmse": 0.5844371505332091,
    "r2": 0.08732922174595814,
    "n_samples": 300
}