{
    "disease": "TX_hepatite_00_23",
    "cod_mun": 3527256,
    "mae": 3.1029956936836243,
    "rmse": 3.301874126777837,
    "r2": 0.0,
    "n_train": 251,
    "n_test": 12
}