{
    "disease": "hiv_aids",
    "cod_mun": 3550605,
    "mae": 0.49117149934606935,
    "rmse": 0.636817860721611,
    "r2": 0.1258634512598068,
    "n_samples": 300
}