{
    "disease": "sifilis",
    "cod_mun": 3548500,
    "mae": 0.24904939153590136,
    "rmse": 0.36109015837704306,
    "r2": 0.5567670549090781,
    "n_samples": 300
}