{
    "disease": "tuberculose",
    "cod_mun": 3527009,
    "mae": 1.4661155185893207,
    "rmse": 3.2039576655913273,
    "r2": 0.1748781775081667,
    "n_samples": 300
}