{
    "disease": "hiv_aids",
    "cod_mun": 3551702,
    "mae": 1.36254000675588,
    "rmse": 1.774480448328943,
    "r2": 0.3102456851280775,
    "n_samples": 300
}