{
    "disease": "tuberculose",
    "cod_mun": 3553401,
    "mae": 0.1756258985835993,
    "rmse": 0.6119971090318896,
    "r2": 0.31459893356150237,
    "n_samples": 300
}