{
    "disease": "TX_hepatite_00_23",
    "cod_mun": 3500204,
    "mae": 0.3318787117799123,
    "rmse": 0.37699951629567824,
    "r2": 0.0,
    "n_train": 251,
    "n_test": 12
}