{
    "disease": "hiv_aids",
    "cod_mun": 3518008,
    "mae": 1.4993955071692626,
    "rmse": 7.203349409163335,
    "r2": 0.04501491045279715,
    "n_samples": 300
}