{
    "disease": "sifilis",
    "cod_mun": 3530607,
    "mae": 0.20689134953391022,
    "rmse": 0.32048810050462917,
    "r2": 0.509320984397085,
    "n_samples": 300
}