{
    "disease": "tuberculose",
    "cod_mun": 3550803,
    "mae": 0.39220241851182797,
    "rmse": 1.0818929279964704,
    "r2": 0.7505912525671243,
    "n_samples": 300
}