{
    "disease": "TX_hepatite_00_23",
    "cod_mun": 3514957,
    "mae": 16.619108658465606,
    "rmse": 18.074075412153043,
    "r2": -0.2779952023477643,
    "n_train": 251,
    "n_test": 12
}