{
    "disease": "sifilis",
    "cod_mun": 3546504,
    "mae": 0.11879056149488099,
    "rmse": 1.0145283834289875,
    "r2": 0.003282303731604208,
    "n_samples": 300
}