{
    "disease": "tuberculose",
    "cod_mun": 3504107,
    "mae": 0.5940320416966962,
    "rmse": 0.788700231206886,
    "r2": 0.48523367278999574,
    "n_samples": 300
}