{
    "disease": "hiv_aids",
    "cod_mun": 3532900,
    "mae": 1.069074857300475,
    "rmse": 2.6592165895411046,
    "r2": 0.16505978361479356,
    "n_samples": 300
}