{
    "disease": "TX_hepatite_00_23",
    "cod_mun": 3533007,
    "mae": 0.5528260075058083,
    "rmse": 1.4972939190925305,
    "r2": -0.09977767535682402,
    "n_train": 251,
    "n_test": 12
}