{
    "disease": "hanseniase",
    "cod_mun": 3550209,
    "mae": 0.04470574187076109,
    "rmse": 0.261228698113692,
    "r2": 0.005869485276401631,
    "n_samples": 300
}