{
    "disease": "hanseniase",
    "cod_mun": 3539400,
    "mae": 0.059147016586639296,
    "rmse": 0.515427034592423,
    "r2": 0.003165262482903608,
    "n_samples": 300
}