{
    "disease": "hanseniase",
    "cod_mun": 3502705,
    "mae": 0.07353567996373878,
    "rmse": 0.4580349333402724,
    "r2": 0.17206873782243737,
    "n_samples": 300
}