{
    "disease": "hanseniase",
    "cod_mun": 3524808,
    "mae": 0.18496384977325975,
    "rmse": 0.4782753453258515,
    "r2": 0.16953705402053643,
    "n_samples": 300
}