{
    "disease": "hiv_aids",
    "cod_mun": 3544004,
    "mae": 0.6136213347932922,
    "rmse": 1.626216014478413,
    "r2": -0.09146983817372822,
    "n_samples": 300
}