{
    "disease": "sifilis",
    "cod_mun": 3556503,
    "mae": 0.16331517956854127,
    "rmse": 0.43242533740202727,
    "r2": -0.16049341614219026,
    "n_samples": 300
}