{
    "disease": "TX_hanseniase_00_23",
    "cod_mun": 3527306,
    "mae": 0.07064057979732752,
    "rmse": 0.08974901532753037,
    "r2": 0.0,
    "n_train": 251,
    "n_test": 12
}