{
    "disease": "TX_tuberculose_00_23",
    "cod_mun": 3541208,
    "mae": 0.25952698041995365,
    "rmse": 0.25952703921736897,
    "r2": 0.0,
    "n_train": 251,
    "n_test": 12
}