{
    "disease": "TX_hiv_aids_00_23",
    "cod_mun": 3506102,
    "mae": 0.9904251505834251,
    "rmse": 1.0065254749298207,
    "r2": -6.601763764525565,
    "n_train": 251,
    "n_test": 12
}