{
    "disease": "tuberculose",
    "cod_mun": 3519006,
    "mae": 0.53477379041378,
    "rmse": 1.7385652381735883,
    "r2": 0.0069399754901930955,
    "n_samples": 300
}