{
    "disease": "hanseniase",
    "cod_mun": 3543303,
    "mae": 0.024152723499847664,
    "rmse": 0.11004876987114044,
    "r2": 0.4193838819577116,
    "n_samples": 300
}