{
    "disease": "hanseniase",
    "cod_mun": 3553906,
    "mae": 0.10386052016119306,
    "rmse": 0.8606741515838429,
    "r2": 0.008025497806327109,
    "n_samples": 300
}