{
    "disease": "hanseniase",
    "cod_mun": 3538204,
    "mae": 0.0481419925159492,
    "rmse": 0.40850025078419866,
    "r2": 0.006062786723364022,
    "n_samples": 300
}