{
    "disease": "TX_tuberculose_00_23",
    "cod_mun": 3507100,
    "mae": 0.046960049929718174,
    "rmse": 0.05347093298992868,
    "r2": 0.0,
    "n_train": 251,
    "n_test": 12
}