{
    "disease": "tuberculose",
    "cod_mun": 3551504,
    "mae": 1.6448253274006246,
    "rmse": 2.1774045237465223,
    "r2": 0.1363747871201456,
    "n_samples": 300
}