{
    "disease": "hanseniase",
    "cod_mun": 3540705,
    "mae": 0.07610102134862573,
    "rmse": 0.2839700287329383,
    "r2": 0.14680272266619165,
    "n_samples": 300
}