{
    "disease": "TX_hanseniase_00_23",
    "cod_mun": 3511904,
    "mae": 0.01745475611339013,
    "rmse": 0.022322978373761508,
    "r2": 0.0,
    "n_train": 251,
    "n_test": 12
}