{
    "disease": "hanseniase",
    "cod_mun": 3520301,
    "mae": 0.12747572131391077,
    "rmse": 0.5652205353516284,
    "r2": 0.09118095518559732,
    "n_samples": 300
}