{
    "disease": "TX_hanseniase_00_23",
    "cod_mun": 3525706,
    "mae": 0.41254272983312285,
    "rmse": 0.7572130550650872,
    "r2": -9.052899855022112e-05,
    "n_train": 251,
    "n_test": 12
}