{
    "disease": "sifilis",
    "cod_mun": 3512308,
    "mae": 0.3012004403391248,
    "rmse": 0.8788303493867485,
    "r2": 0.11342347218508286,
    "n_samples": 300
}