{
    "disease": "hepatite",
    "cod_mun": 3551702,
    "mae": 0.15128488942732188,
    "rmse": 0.32577174923236696,
    "r2": 0.2718492632804951,
    "n_samples": 300
}