{
    "disease": "TX_hepatite_00_23",
    "cod_mun": 3501103,
    "mae": 1.4726409316062927,
    "rmse": 1.5947915905355914,
    "r2": 0.0,
    "n_train": 251,
    "n_test": 12
}