{
    "disease": "hiv_aids",
    "cod_mun": 3504909,
    "mae": 0.5556862950975778,
    "rmse": 1.7348115074703072,
    "r2": 0.13487733106245314,
    "n_samples": 300
}