{
    "disease": "TX_hepatite_00_23",
    "cod_mun": 3543501,
    "mae": 0.21609242260456085,
    "rmse": 0.21609242260456085,
    "r2": 0.0,
    "n_train": 251,
    "n_test": 12
}