{
    "disease": "TX_tuberculose_00_23",
    "cod_mun": 3532900,
    "mae": 0.9652944957636346,
    "rmse": 2.977999556239238,
    "r2": -0.07843235308856311,
    "n_train": 251,
    "n_test": 12
}