{
    "disease": "sifilis",
    "cod_mun": 3506409,
    "mae": 0.17225504478843282,
    "rmse": 1.0173097856877897,
    "r2": 0.0072846049491364084,
    "n_samples": 300
}