{
    "disease": "hiv_aids",
    "cod_mun": 3552205,
    "mae": 0.5163116815995203,
    "rmse": 0.7690443918372373,
    "r2": 0.7558396307153714,
    "n_samples": 300
}