{
    "disease": "TX_hepatite_00_23",
    "cod_mun": 3539905,
    "mae": 0.17396542554100355,
    "rmse": 0.2238957702070069,
    "r2": 0.0,
    "n_train": 251,
    "n_test": 12
}