{
    "disease": "hanseniase",
    "cod_mun": 3550605,
    "mae": 0.09291117340720774,
    "rmse": 0.23741158657748787,
    "r2": 0.16011788873496224,
    "n_samples": 300
}