{
    "disease": "TX_hepatite_00_23",
    "cod_mun": 3528908,
    "mae": 0.045757764019072056,
    "rmse": 0.1341414805772843,
    "r2": 0.0,
    "n_train": 251,
    "n_test": 12
}