{
    "disease": "hanseniase",
    "cod_mun": 3534708,
    "mae": 0.08460612726883135,
    "rmse": 0.21856858953826278,
    "r2": 0.21083243090208614,
    "n_samples": 300
}