{
    "disease": "TX_hiv_aids_00_23",
    "cod_mun": 3535804,
    "mae": 0.30157526085774106,
    "rmse": 0.37145305219376507,
    "r2": 0.0,
    "n_train": 251,
    "n_test": 12
}