{
    "disease": "hanseniase",
    "cod_mun": 3515103,
    "mae": 0.031104163389323893,
    "rmse": 0.1555792685827006,
    "r2": 0.0033094249102698647,
    "n_samples": 300
}