{
    "disease": "hanseniase",
    "cod_mun": 3532405,
    "mae": 0.23278308138191317,
    "rmse": 0.8006914439186638,
    "r2": 0.07604567932453155,
    "n_samples": 300
}