{
    "disease": "TX_hanseniase_00_23",
    "cod_mun": 3525102,
    "mae": 0.2550675409535567,
    "rmse": 0.26408291698811326,
    "r2": 0.0,
    "n_train": 251,
    "n_test": 12
}