{
    "disease": "TX_hepatite_00_23",
    "cod_mun": 3513603,
    "mae": 0.37130753447612125,
    "rmse": 0.3713080623922653,
    "r2": 0.0,
    "n_train": 251,
    "n_test": 12
}