{
    "disease": "hepatite",
    "cod_mun": 3515806,
    "mae": 3.0965401436833733,
    "rmse": 9.264168971533127,
    "r2": 0.051141321229592696,
    "n_samples": 300
}