{
    "disease": "hiv_aids",
    "cod_mun": 3501152,
    "mae": 0.8816798532333071,
    "rmse": 1.5952104929347874,
    "r2": 0.45786048000305335,
    "n_samples": 300
}