{
    "disease": "hiv_aids",
    "cod_mun": 3535705,
    "mae": 2.5039692982179864,
    "rmse": 5.548593944601957,
    "r2": 0.0907495139879203,
    "n_samples": 300
}