{
    "disease": "TX_hiv_aids_00_23",
    "cod_mun": 3500204,
    "mae": 3.058354028095304,
    "rmse": 6.390547372833932,
    "r2": -0.006526525125575056,
    "n_train": 251,
    "n_test": 12
}