{
    "disease": "hiv_aids",
    "cod_mun": 3528908,
    "mae": 0.49840557742862074,
    "rmse": 2.5060947033269256,
    "r2": 0.0013005942876580523,
    "n_samples": 300
}