{
    "disease": "TX_tuberculose_00_23",
    "cod_mun": 3502754,
    "mae": 0.31905225416024524,
    "rmse": 0.36122490494505866,
    "r2": 0.0,
    "n_train": 251,
    "n_test": 12
}