{
    "disease": "TX_hanseniase_00_23",
    "cod_mun": 3536000,
    "mae": 0.02524266205728054,
    "rmse": 0.02524266205728054,
    "r2": 0.0,
    "n_train": 251,
    "n_test": 12
}