{
    "disease": "TX_tuberculose_00_23",
    "cod_mun": 3552403,
    "mae": 0.3903750650726281,
    "rmse": 0.4421171653984627,
    "r2": -0.2952456319687802,
    "n_train": 251,
    "n_test": 12
}