{
    "disease": "sifilis",
    "cod_mun": 3501400,
    "mae": 0.878087619189639,
    "rmse": 2.8981879731390743,
    "r2": 0.06981561065981823,
    "n_samples": 300
}