{
    "disease": "TX_hiv_aids_00_23",
    "cod_mun": 3542008,
    "mae": 1.119855523109436,
    "rmse": 1.119855523109436,
    "r2": 0.0,
    "n_train": 251,
    "n_test": 12
}