{
    "disease": "TX_hiv_aids_00_23",
    "cod_mun": 3518206,
    "mae": 0.4823510794360297,
    "rmse": 0.9474978794482359,
    "r2": 0.3781458029219935,
    "n_train": 251,
    "n_test": 12
}