{
    "disease": "TX_hanseniase_00_23",
    "cod_mun": 3506904,
    "mae": 0.1620561615563929,
    "rmse": 0.4787416226396493,
    "r2": 0.0,
    "n_train": 251,
    "n_test": 12
}