{
    "disease": "hiv_aids",
    "cod_mun": 3522901,
    "mae": 0.3273231072433844,
    "rmse": 1.143344943032791,
    "r2": 0.0019505178064516127,
    "n_samples": 300
}