{
    "disease": "hanseniase",
    "cod_mun": 3524105,
    "mae": 0.294024667998435,
    "rmse": 0.6375827074151637,
    "r2": 0.10578204333738195,
    "n_samples": 300
}