{
    "disease": "hepatite",
    "cod_mun": 3552106,
    "mae": 0.6103196075028265,
    "rmse": 1.1187116505021775,
    "r2": 0.1831305586536347,
    "n_samples": 300
}