{
    "disease": "TX_tuberculose_00_23",
    "cod_mun": 3541406,
    "mae": 0.049163013173549125,
    "rmse": 0.11540811337446455,
    "r2": 0.10398582960254354,
    "n_train": 251,
    "n_test": 12
}