{
    "disease": "sifilis",
    "cod_mun": 3518404,
    "mae": 0.28714606050566793,
    "rmse": 0.5997054881463283,
    "r2": 0.544326192598021,
    "n_samples": 300
}