{
    "disease": "sifilis",
    "cod_mun": 3554805,
    "mae": 0.24069536755697452,
    "rmse": 0.5116873901310268,
    "r2": 0.07329749776301997,
    "n_samples": 300
}