{
    "disease": "sifilis",
    "cod_mun": 3545001,
    "mae": 0.18535020615285613,
    "rmse": 0.8828994644780389,
    "r2": 0.2607629276072825,
    "n_samples": 300
}