{
    "disease": "sifilis",
    "cod_mun": 3500501,
    "mae": 0.24532303992288143,
    "rmse": 0.8143174653834764,
    "r2": 0.010142180342939788,
    "n_samples": 300
}