{
    "disease": "hanseniase",
    "cod_mun": 3510005,
    "mae": 0.07596079525276127,
    "rmse": 0.26538884537436197,
    "r2": 0.33908638786126055,
    "n_samples": 300
}