{
    "disease": "sifilis",
    "cod_mun": 3521002,
    "mae": 0.14890510646041052,
    "rmse": 0.5154817895849619,
    "r2": 0.0010268965673160269,
    "n_samples": 300
}