{
    "disease": "tuberculose",
    "cod_mun": 3527405,
    "mae": 1.5469784132457238,
    "rmse": 2.2640404281655253,
    "r2": 0.09130909618175465,
    "n_samples": 300
}