{
    "disease": "sifilis",
    "cod_mun": 3535507,
    "mae": 0.23637290641439945,
    "rmse": 0.607589084621587,
    "r2": 0.702303405484421,
    "n_samples": 300
}