{
    "disease": "hanseniase",
    "cod_mun": 3530102,
    "mae": 0.30623585915064716,
    "rmse": 0.7268149878377126,
    "r2": 0.0413777228475688,
    "n_samples": 300
}