{
    "disease": "TX_tuberculose_00_23",
    "cod_mun": 3526803,
    "mae": 0.7270272335224791,
    "rmse": 0.7281390657282233,
    "r2": -1.9955483015688187,
    "n_train": 251,
    "n_test": 12
}