{
    "disease": "hiv_aids",
    "cod_mun": 3533700,
    "mae": 0.8980556533716446,
    "rmse": 4.312937118429103,
    "r2": 0.2378810388408541,
    "n_samples": 300
}