{
    "disease": "hepatite",
    "cod_mun": 3511300,
    "mae": 0.6463919127744376,
    "rmse": 1.9976439059133062,
    "r2": 0.054838995279406944,
    "n_samples": 300
}