{
    "disease": "hanseniase",
    "cod_mun": 3521101,
    "mae": 0.12004942271993611,
    "rmse": 1.0362755685048552,
    "r2": 0.0029117683750791157,
    "n_samples": 300
}