{
    "disease": "TX_hiv_aids_00_23",
    "cod_mun": 3521804,
    "mae": 2.0316848602561968,
    "rmse": 2.115072894121333,
    "r2": -0.9899659989728866,
    "n_train": 251,
    "n_test": 12
}