{
    "disease": "hiv_aids",
    "cod_mun": 3504701,
    "mae": 7.547400987341449,
    "rmse": 16.512735255626396,
    "r2": 0.18516772786742974,
    "n_samples": 300
}