{
    "disease": "hanseniase",
    "cod_mun": 3520442,
    "mae": 0.2621834700804818,
    "rmse": 0.7543948014875788,
    "r2": 0.0707540389969834,
    "n_samples": 300
}