{
    "disease": "sifilis",
    "cod_mun": 3553500,
    "mae": 0.16427253147559123,
    "rmse": 1.012931182071141,
    "r2": 0.0010886833505325821,
    "n_samples": 300
}