{
    "disease": "tuberculose",
    "cod_mun": 3556453,
    "mae": 0.7847445570353085,
    "rmse": 1.3542298512728175,
    "r2": 0.7752252214063025,
    "n_samples": 300
}