{
    "disease": "sifilis",
    "cod_mun": 3501004,
    "mae": 0.22587866781680124,
    "rmse": 0.850056285619486,
    "r2": 0.04831510215283252,
    "n_samples": 300
}