{
    "disease": "TX_tuberculose_00_23",
    "cod_mun": 3529203,
    "mae": 0.7692172610246432,
    "rmse": 1.5899205412712507,
    "r2": -0.12808672266756882,
    "n_train": 251,
    "n_test": 12
}