{
    "disease": "TX_hiv_aids_00_23",
    "cod_mun": 3522158,
    "mae": 0.10114736857091582,
    "rmse": 0.25330760982805617,
    "r2": 0.0,
    "n_train": 251,
    "n_test": 12
}