{
    "disease": "tuberculose",
    "cod_mun": 3510302,
    "mae": 1.8267341390658764,
    "rmse": 2.5382371201170564,
    "r2": 0.14131369054191723,
    "n_samples": 300
}