{
    "disease": "hanseniase",
    "cod_mun": 3539202,
    "mae": 0.2530497368144386,
    "rmse": 0.8347987980522844,
    "r2": 0.06026093967708579,
    "n_samples": 300
}