{
    "disease": "TX_hepatite_00_23",
    "cod_mun": 3550704,
    "mae": 0.13057539674142996,
    "rmse": 0.14896109515410266,
    "r2": 0.0,
    "n_train": 251,
    "n_test": 12
}