{
    "disease": "tuberculose",
    "cod_mun": 3503901,
    "mae": 0.6015319834552393,
    "rmse": 0.810232788127964,
    "r2": 0.18343030310913278,
    "n_samples": 300
}