{
    "disease": "hiv_aids",
    "cod_mun": 3549409,
    "mae": 1.176204054615399,
    "rmse": 1.5041889892923848,
    "r2": -0.006913258096690633,
    "n_samples": 300
}