{
    "disease": "sifilis",
    "cod_mun": 3513405,
    "mae": 0.2562300458624324,
    "rmse": 0.5853741492940345,
    "r2": 0.16660752006577817,
    "n_samples": 300
}