{
    "disease": "TX_hanseniase_00_23",
    "cod_mun": 3551207,
    "mae": 0.1776293609679366,
    "rmse": 0.5583567116823237,
    "r2": 0.0,
    "n_train": 251,
    "n_test": 12
}