{
    "disease": "hanseniase",
    "cod_mun": 3507803,
    "mae": 0.09501496018828069,
    "rmse": 0.5675884998428086,
    "r2": 0.5257098003896745,
    "n_samples": 300
}