{
    "disease": "TX_hiv_aids_00_23",
    "cod_mun": 3550100,
    "mae": 0.4023556647201379,
    "rmse": 0.4500297261094619,
    "r2": 0.0,
    "n_train": 251,
    "n_test": 12
}