{
    "disease": "tuberculose",
    "cod_mun": 3514403,
    "mae": 0.743595712643532,
    "rmse": 1.0639661675255505,
    "r2": 0.13135154407648897,
    "n_samples": 300
}