{
    "disease": "TX_sifilis_00_23",
    "cod_mun": 3522901,
    "mae": 0.08295166492462158,
    "rmse": 0.08295166492462158,
    "r2": 0.0,
    "n_train": 251,
    "n_test": 12
}