{
    "disease": "tuberculose",
    "cod_mun": 3507605,
    "mae": 0.5543549506472656,
    "rmse": 0.7595890044064174,
    "r2": 0.5117207591385085,
    "n_samples": 300
}