{
    "disease": "hanseniase",
    "cod_mun": 3512100,
    "mae": 0.2175231069202438,
    "rmse": 1.301972236600916,
    "r2": 0.004538673420959816,
    "n_samples": 300
}