{
    "disease": "hanseniase",
    "cod_mun": 3501905,
    "mae": 0.20532260165523047,
    "rmse": 0.40650858233456644,
    "r2": 0.07424332678272438,
    "n_samples": 300
}