{
    "disease": "TX_hepatite_00_23",
    "cod_mun": 3539509,
    "mae": 0.05785356213649114,
    "rmse": 0.11349032997731055,
    "r2": 0.0,
    "n_train": 251,
    "n_test": 12
}