{
    "disease": "hanseniase",
    "cod_mun": 3518107,
    "mae": 0.012653254843284084,
    "rmse": 0.08243301281300902,
    "r2": 0.9990913899811155,
    "n_samples": 300
}