{
    "disease": "TX_sifilis_00_23",
    "cod_mun": 3519808,
    "mae": 0.3615924236558688,
    "rmse": 1.2165312969551376,
    "r2": 0.0,
    "n_train": 251,
    "n_test": 12
}