{
    "disease": "TX_hepatite_00_23",
    "cod_mun": 3556958,
    "mae": 25.78135800051884,
    "rmse": 28.928621245644457,
    "r2": -0.21473249482445045,
    "n_train": 251,
    "n_test": 12
}