{
    "disease": "TX_tuberculose_00_23",
    "cod_mun": 3505906,
    "mae": 1.4689883540619768,
    "rmse": 1.7500913210242859,
    "r2": -0.262708666626029,
    "n_train": 251,
    "n_test": 12
}