{
    "disease": "TX_hanseniase_00_23",
    "cod_mun": 3519501,
    "mae": 1.318954018121376,
    "rmse": 4.566727270080954,
    "r2": -0.09081609987914274,
    "n_train": 251,
    "n_test": 12
}