{
    "disease": "hanseniase",
    "cod_mun": 3530607,
    "mae": 0.1272211988126726,
    "rmse": 0.1617983548103284,
    "r2": 0.03473769231306134,
    "n_samples": 300
}