{
    "disease": "TX_tuberculose_00_23",
    "cod_mun": 3541604,
    "mae": 1.1054309651077798,
    "rmse": 1.2062955684764154,
    "r2": -0.2938767530220121,
    "n_train": 251,
    "n_test": 12
}