{
    "disease": "sifilis",
    "cod_mun": 3535408,
    "mae": 0.5098946041556136,
    "rmse": 1.3869751065562084,
    "r2": 0.09639310881624719,
    "n_samples": 300
}