{
    "disease": "TX_hanseniase_00_23",
    "cod_mun": 3552106,
    "mae": 0.002553607538478294,
    "rmse": 0.0027810109953435727,
    "r2": 0.0,
    "n_train": 251,
    "n_test": 12
}