{
    "disease": "TX_sifilis_00_23",
    "cod_mun": 3552007,
    "mae": 0.005898951135653381,
    "rmse": 0.006328716514135778,
    "r2": 0.0,
    "n_train": 251,
    "n_test": 12
}