{
    "disease": "TX_hiv_aids_00_23",
    "cod_mun": 3508603,
    "mae": 1.4761975792665913,
    "rmse": 1.5896349761994248,
    "r2": -2.4704558405540618,
    "n_train": 251,
    "n_test": 12
}