{
    "disease": "sifilis",
    "cod_mun": 3534906,
    "mae": 0.3342286055903634,
    "rmse": 1.1048297004735776,
    "r2": 0.11698636183453037,
    "n_samples": 300
}