{
    "disease": "sifilis",
    "cod_mun": 3514908,
    "mae": 0.09041825169390333,
    "rmse": 0.5465805932971907,
    "r2": 0.004351918301035207,
    "n_samples": 300
}