{
    "disease": "TX_tuberculose_00_23",
    "cod_mun": 3555604,
    "mae": 2.643014007026294,
    "rmse": 5.572343665887955,
    "r2": -0.029877900280154357,
    "n_train": 251,
    "n_test": 12
}