{
    "disease": "sifilis",
    "cod_mun": 3505708,
    "mae": 0.2911127858928226,
    "rmse": 0.37186780295718785,
    "r2": 0.4007471596362857,
    "n_samples": 300
}