{
    "disease": "TX_hanseniase_00_23",
    "cod_mun": 3530706,
    "mae": 0.028991549275815487,
    "rmse": 0.031178729781839103,
    "r2": 0.0,
    "n_train": 251,
    "n_test": 12
}