{
    "disease": "hanseniase",
    "cod_mun": 3534757,
    "mae": 0.0016385477157692294,
    "rmse": 0.009492583961360521,
    "r2": 0.999900132845037,
    "n_samples": 300
}