{
    "disease": "TX_tuberculose_00_23",
    "cod_mun": 3514205,
    "mae": 0.3616584651172161,
    "rmse": 0.9384836575266013,
    "r2": 0.0,
    "n_train": 251,
    "n_test": 12
}