{
    "disease": "TX_hiv_aids_00_23",
    "cod_mun": 3530409,
    "mae": 3.1415721774101257,
    "rmse": 3.3965898666694647,
    "r2": 0.0,
    "n_train": 251,
    "n_test": 12
}