{
    "disease": "hiv_aids",
    "cod_mun": 3518206,
    "mae": 0.6887495747625163,
    "rmse": 1.226090300140086,
    "r2": 0.2149116487793128,
    "n_samples": 300
}