{
    "disease": "TX_hepatite_00_23",
    "cod_mun": 3521507,
    "mae": 1.9302819053223021,
    "rmse": 4.2276384356024375,
    "r2": -0.12267966786437734,
    "n_train": 251,
    "n_test": 12
}