{
    "disease": "TX_hiv_aids_00_23",
    "cod_mun": 3517901,
    "mae": 0.34622822391490143,
    "rmse": 0.49187486394334184,
    "r2": 0.0,
    "n_train": 251,
    "n_test": 12
}