{
    "disease": "TX_hepatite_00_23",
    "cod_mun": 3505104,
    "mae": 0.4703093618154526,
    "rmse": 0.4847705721547576,
    "r2": 0.0,
    "n_train": 251,
    "n_test": 12
}