{
    "disease": "tuberculose",
    "cod_mun": 3517604,
    "mae": 0.07851937374913084,
    "rmse": 0.46439400829752536,
    "r2": 0.006764129027324262,
    "n_samples": 300
}