{
    "disease": "TX_hiv_aids_00_23",
    "cod_mun": 3522406,
    "mae": 0.0783302653580904,
    "rmse": 0.07836499708561051,
    "r2": 0.0,
    "n_train": 251,
    "n_test": 12
}