{
    "disease": "TX_hepatite_00_23",
    "cod_mun": 3514502,
    "mae": 0.018738646002020687,
    "rmse": 0.020554182050075632,
    "r2": 0.0,
    "n_train": 251,
    "n_test": 12
}