{
    "disease": "TX_hanseniase_00_23",
    "cod_mun": 3515103,
    "mae": 0.05333250264326731,
    "rmse": 0.05333250536746927,
    "r2": 0.0,
    "n_train": 251,
    "n_test": 12
}