{
    "disease": "sifilis",
    "cod_mun": 3540903,
    "mae": 0.36063308721622117,
    "rmse": 1.0897771888023233,
    "r2": 0.08894884930159908,
    "n_samples": 300
}