{
    "disease": "hiv_aids",
    "cod_mun": 3525607,
    "mae": 0.6902523196102215,
    "rmse": 2.690090057695122,
    "r2": 0.0736544306564596,
    "n_samples": 300
}