{
    "disease": "hepatite",
    "cod_mun": 3544004,
    "mae": 0.6614886561698987,
    "rmse": 1.1551290862621357,
    "r2": 0.09970483593521151,
    "n_samples": 300
}