{
    "disease": "hiv_aids",
    "cod_mun": 3555356,
    "mae": 2.2148538363196586,
    "rmse": 5.012329116840419,
    "r2": 0.08665621811947699,
    "n_samples": 300
}