{
    "disease": "TX_hanseniase_00_23",
    "cod_mun": 3543501,
    "mae": 0.4148130218187968,
    "rmse": 0.43738980841991426,
    "r2": 0.0,
    "n_train": 251,
    "n_test": 12
}