{
    "disease": "hiv_aids",
    "cod_mun": 3531001,
    "mae": 1.2457571715562747,
    "rmse": 5.408526958036361,
    "r2": 8.621902201677578e-05,
    "n_samples": 300
}