{
    "disease": "TX_hepatite_00_23",
    "cod_mun": 3549102,
    "mae": 0.013061556033790112,
    "rmse": 0.013061556033790112,
    "r2": 0.0,
    "n_train": 251,
    "n_test": 12
}