{
    "disease": "sifilis",
    "cod_mun": 3506904,
    "mae": 0.6535959911026091,
    "rmse": 1.8610918641294838,
    "r2": 0.0003358872874708041,
    "n_samples": 300
}