{
    "disease": "hiv_aids",
    "cod_mun": 3512001,
    "mae": 1.5730527682446058,
    "rmse": 2.24817447150162,
    "r2": 0.04621036251817168,
    "n_samples": 300
}