{
    "disease": "hanseniase",
    "cod_mun": 3548054,
    "mae": 0.0033082816547588055,
    "rmse": 0.009832679777200681,
    "r2": 0.9998602807534291,
    "n_samples": 300
}