{
    "disease": "sifilis",
    "cod_mun": 3506201,
    "mae": 0.003568283071733941,
    "rmse": 0.024026097325191367,
    "r2": 0.9998738011712822,
    "n_samples": 300
}