{
    "disease": "tuberculose",
    "cod_mun": 3551801,
    "mae": 1.3323491061274766,
    "rmse": 2.4075217035661938,
    "r2": 0.11130886196939349,
    "n_samples": 300
}