{
    "disease": "TX_hiv_aids_00_23",
    "cod_mun": 3501301,
    "mae": 1.6892725702466802,
    "rmse": 1.6963187258111414,
    "r2": -0.5509983695520855,
    "n_train": 251,
    "n_test": 12
}