{
    "disease": "hepatite",
    "cod_mun": 3532405,
    "mae": 0.20190576358392429,
    "rmse": 0.7799261361585258,
    "r2": 0.002322868973297365,
    "n_samples": 300
}