{
    "disease": "hiv_aids",
    "cod_mun": 3509304,
    "mae": 0.3331988863372601,
    "rmse": 1.4921560736011885,
    "r2": 0.17344016591243194,
    "n_samples": 300
}