{
    "disease": "tuberculose",
    "cod_mun": 3524006,
    "mae": 0.35496216420422694,
    "rmse": 0.8094126043165696,
    "r2": 0.15210880277826888,
    "n_samples": 300
}