{
    "disease": "hiv_aids",
    "cod_mun": 3508702,
    "mae": 0.7682407899952817,
    "rmse": 1.3471894568654432,
    "r2": 0.1088870562811366,
    "n_samples": 300
}