{
    "disease": "hepatite",
    "cod_mun": 3501103,
    "mae": 1.3493034223991909,
    "rmse": 3.9622607203983073,
    "r2": 0.06852299426583774,
    "n_samples": 300
}