{
    "disease": "TX_hiv_aids_00_23",
    "cod_mun": 3537305,
    "mae": 0.742217296095872,
    "rmse": 1.011263218339582,
    "r2": -0.013883777132997599,
    "n_train": 251,
    "n_test": 12
}