{
    "disease": "hiv_aids",
    "cod_mun": 3552908,
    "mae": 0.8464294913206323,
    "rmse": 2.5472213130574084,
    "r2": 0.093224078494334,
    "n_samples": 300
}