{
    "disease": "hiv_aids",
    "cod_mun": 3542107,
    "mae": 3.7607089898176507,
    "rmse": 6.382351038061279,
    "r2": 0.3943939327919572,
    "n_samples": 300
}