{
    "disease": "TX_hanseniase_00_23",
    "cod_mun": 3503703,
    "mae": 0.36154042184352875,
    "rmse": 0.3919633501680285,
    "r2": 0.0,
    "n_train": 251,
    "n_test": 12
}