{
    "disease": "sifilis",
    "cod_mun": 3515186,
    "mae": 0.2431618038058196,
    "rmse": 0.5594107479104306,
    "r2": 0.03912819749184204,
    "n_samples": 300
}