{
    "disease": "hanseniase",
    "cod_mun": 3509452,
    "mae": 0.12037767929851893,
    "rmse": 1.0404831295769505,
    "r2": 0.0027460851315682655,
    "n_samples": 300
}