{
    "disease": "hepatite",
    "cod_mun": 3520103,
    "mae": 0.9167400461201171,
    "rmse": 1.5743755601780005,
    "r2": 0.14971051699393811,
    "n_samples": 300
}