{
    "disease": "sifilis",
    "cod_mun": 3556701,
    "mae": 0.14971929029202571,
    "rmse": 0.3339063605132538,
    "r2": 0.1394752305852177,
    "n_samples": 300
}