{
    "disease": "hiv_aids",
    "cod_mun": 3540853,
    "mae": 3.090530333013686,
    "rmse": 9.81235366047533,
    "r2": 0.09645640915624765,
    "n_samples": 300
}