{
    "disease": "hiv_aids",
    "cod_mun": 3549607,
    "mae": 0.996539632926072,
    "rmse": 3.6702419630645893,
    "r2": 0.2626843478413552,
    "n_samples": 300
}