{
    "disease": "hanseniase",
    "cod_mun": 3511300,
    "mae": 0.21327040584729867,
    "rmse": 1.0301614113787958,
    "r2": 0.009336547505153336,
    "n_samples": 300
}