{
    "disease": "TX_hepatite_00_23",
    "cod_mun": 3543709,
    "mae": 3.9655121979779917,
    "rmse": 6.191482157713981,
    "r2": -0.31501207791986596,
    "n_train": 251,
    "n_test": 12
}