{
    "disease": "TX_tuberculose_00_23",
    "cod_mun": 3500501,
    "mae": 0.368959903717041,
    "rmse": 0.39827031164208265,
    "r2": 0.0,
    "n_train": 251,
    "n_test": 12
}