{
    "disease": "sifilis",
    "cod_mun": 3549250,
    "mae": 0.014369595043362555,
    "rmse": 0.050252521925432385,
    "r2": 0.9997299092233664,
    "n_samples": 300
}