{
    "disease": "hiv_aids",
    "cod_mun": 3525706,
    "mae": 2.1406917976665607,
    "rmse": 2.8075426521587983,
    "r2": 0.03198341161347307,
    "n_samples": 300
}