{
    "disease": "hiv_aids",
    "cod_mun": 3527207,
    "mae": 1.5029021616440472,
    "rmse": 2.6545623138833876,
    "r2": -0.43886779849651547,
    "n_samples": 300
}