{
    "disease": "sifilis",
    "cod_mun": 3519402,
    "mae": 0.7553065703252105,
    "rmse": 2.6677625821707274,
    "r2": -0.07143974747435,
    "n_samples": 300
}