{
    "disease": "tuberculose",
    "cod_mun": 3516705,
    "mae": 0.5334727915084541,
    "rmse": 0.87367119593273,
    "r2": 0.04840206829722715,
    "n_samples": 300
}