{
    "disease": "TX_tuberculose_00_23",
    "cod_mun": 3513504,
    "mae": 0.9616025174527576,
    "rmse": 1.1964994444849766,
    "r2": -0.15260793808730266,
    "n_train": 251,
    "n_test": 12
}