{
    "disease": "TX_hepatite_00_23",
    "cod_mun": 3534500,
    "mae": 4.3068607307042335,
    "rmse": 11.534945133885637,
    "r2": -0.06696771815960911,
    "n_train": 251,
    "n_test": 12
}