{
    "disease": "TX_sifilis_00_23",
    "cod_mun": 3501905,
    "mae": 0.27483834107453303,
    "rmse": 0.5634532049517799,
    "r2": -0.1185321597723401,
    "n_train": 251,
    "n_test": 12
}