{
    "disease": "TX_hanseniase_00_23",
    "cod_mun": 3534708,
    "mae": 0.054928064035872616,
    "rmse": 0.07159133243230897,
    "r2": 0.0,
    "n_train": 251,
    "n_test": 12
}