{
    "disease": "TX_hepatite_00_23",
    "cod_mun": 3517604,
    "mae": 0.2729480030635993,
    "rmse": 0.28091329986450564,
    "r2": 0.0,
    "n_train": 251,
    "n_test": 12
}