{
    "disease": "tuberculose",
    "cod_mun": 3541109,
    "mae": 0.4549828126055982,
    "rmse": 3.7260033174334026,
    "r2": 0.32280365898874397,
    "n_samples": 300
}