{
    "disease": "hanseniase",
    "cod_mun": 3525003,
    "mae": 0.07339184706699568,
    "rmse": 0.18865535047804602,
    "r2": 0.07812408672706961,
    "n_samples": 300
}