{
    "disease": "hanseniase",
    "cod_mun": 3530201,
    "mae": 0.042825018520188586,
    "rmse": 0.349784531234356,
    "r2": 0.005738755423589814,
    "n_samples": 300
}