{
    "disease": "TX_hepatite_00_23",
    "cod_mun": 3510708,
    "mae": 0.24792401771992445,
    "rmse": 0.37939413261024235,
    "r2": 0.0,
    "n_train": 251,
    "n_test": 12
}