{
    "disease": "TX_hiv_aids_00_23",
    "cod_mun": 3504305,
    "mae": 13.289123569925627,
    "rmse": 13.978527737303212,
    "r2": 0.0,
    "n_train": 251,
    "n_test": 12
}