{
    "disease": "TX_hiv_aids_00_23",
    "cod_mun": 3532009,
    "mae": 0.2468634999046723,
    "rmse": 0.2996054226508774,
    "r2": 0.0,
    "n_train": 251,
    "n_test": 12
}