{
    "disease": "hanseniase",
    "cod_mun": 3506805,
    "mae": 0.23959207015465844,
    "rmse": 1.2803934692523913,
    "r2": 0.0026556335088160354,
    "n_samples": 300
}