{
    "disease": "sifilis",
    "cod_mun": 3504404,
    "mae": 0.4431289835590311,
    "rmse": 1.3840120668719964,
    "r2": 0.0007460451339665886,
    "n_samples": 300
}