{
    "disease": "TX_hepatite_00_23",
    "cod_mun": 3546504,
    "mae": 0.013033316005021334,
    "rmse": 0.013928212446897214,
    "r2": 0.0,
    "n_train": 251,
    "n_test": 12
}