{
    "disease": "hanseniase",
    "cod_mun": 3556206,
    "mae": 0.21083008673503617,
    "rmse": 0.6387512048789439,
    "r2": -0.09486440971515853,
    "n_samples": 300
}