{
    "disease": "hanseniase",
    "cod_mun": 3537404,
    "mae": 0.40982028699974427,
    "rmse": 0.9299049469102769,
    "r2": 0.021148601091219854,
    "n_samples": 300
}