{
    "disease": "tuberculose",
    "cod_mun": 3549003,
    "mae": 0.5498116156635636,
    "rmse": 2.700944384774698,
    "r2": 0.1230308404228504,
    "n_samples": 300
}