{
    "disease": "TX_sifilis_00_23",
    "cod_mun": 3509254,
    "mae": 0.22295847038427988,
    "rmse": 0.23041952736987156,
    "r2": 0.0,
    "n_train": 251,
    "n_test": 12
}