{
    "disease": "sifilis",
    "cod_mun": 3516002,
    "mae": 0.19578439541122236,
    "rmse": 0.8449520376507661,
    "r2": 0.001009670078341185,
    "n_samples": 300
}