{
    "disease": "sifilis",
    "cod_mun": 3541000,
    "mae": 0.3742342651472215,
    "rmse": 0.5741950219785347,
    "r2": 0.8550053158501191,
    "n_samples": 300
}