{
    "disease": "TX_tuberculose_00_23",
    "cod_mun": 3502507,
    "mae": 0.22183082811534405,
    "rmse": 0.2787627999481955,
    "r2": 0.0,
    "n_train": 251,
    "n_test": 12
}