{
    "disease": "hanseniase",
    "cod_mun": 3540606,
    "mae": 0.06546170915614252,
    "rmse": 0.3166611523143555,
    "r2": 0.1379188448123051,
    "n_samples": 300
}