{
    "disease": "TX_hiv_aids_00_23",
    "cod_mun": 3554409,
    "mae": 0.22658784687519073,
    "rmse": 0.22658784687519073,
    "r2": 0.0,
    "n_train": 251,
    "n_test": 12
}