{
    "disease": "hiv_aids",
    "cod_mun": 3520103,
    "mae": 0.9071118605931155,
    "rmse": 1.4799273804019055,
    "r2": 0.10816124561032514,
    "n_samples": 300
}