{
    "disease": "sifilis",
    "cod_mun": 3510708,
    "mae": 0.48223690739033853,
    "rmse": 1.8096154966807918,
    "r2": 0.04984132713750633,
    "n_samples": 300
}