{
    "disease": "hanseniase",
    "cod_mun": 3521903,
    "mae": 0.09010897762792751,
    "rmse": 0.5445383093932553,
    "r2": 0.001411415806259697,
    "n_samples": 300
}