{
    "disease": "hanseniase",
    "cod_mun": 3526100,
    "mae": 0.21123606712813395,
    "rmse": 0.7497009723821852,
    "r2": 0.07993261846365018,
    "n_samples": 300
}