{
    "disease": "TX_sifilis_00_23",
    "cod_mun": 3536703,
    "mae": 1.1588702810234361,
    "rmse": 1.784134916329936,
    "r2": -0.4720965963849477,
    "n_train": 251,
    "n_test": 12
}