{
    "disease": "TX_tuberculose_00_23",
    "cod_mun": 3526209,
    "mae": 1.406894653994132,
    "rmse": 2.0512391239896797,
    "r2": -0.3168346045128225,
    "n_train": 251,
    "n_test": 12
}