{
    "disease": "TX_hiv_aids_00_23",
    "cod_mun": 3554201,
    "mae": 0.26221257261931896,
    "rmse": 0.5836590635694373,
    "r2": 0.0,
    "n_train": 251,
    "n_test": 12
}