{
    "disease": "sifilis",
    "cod_mun": 3519501,
    "mae": 0.35178105567729234,
    "rmse": 1.5158694040726044,
    "r2": 0.011317985970750288,
    "n_samples": 300
}