{
    "disease": "tuberculose",
    "cod_mun": 3513801,
    "mae": 0.4009521103781655,
    "rmse": 0.5094231612199438,
    "r2": 0.16799693900185542,
    "n_samples": 300
}