{
    "disease": "tuberculose",
    "cod_mun": 3501806,
    "mae": 0.3687348772198966,
    "rmse": 1.6600245609550213,
    "r2": 0.3237625168406755,
    "n_samples": 300
}