{
    "disease": "hepatite",
    "cod_mun": 3515400,
    "mae": 0.48573648274321735,
    "rmse": 1.33936746494701,
    "r2": 0.07123368952658937,
    "n_samples": 300
}