{
    "disease": "hiv_aids",
    "cod_mun": 3522802,
    "mae": 1.919047779889922,
    "rmse": 2.927869758033036,
    "r2": 0.053538228803629906,
    "n_samples": 300
}