{
    "disease": "TX_hiv_aids_00_23",
    "cod_mun": 3532157,
    "mae": 0.9746111035346985,
    "rmse": 0.9746111035346985,
    "r2": 0.0,
    "n_train": 251,
    "n_test": 12
}