{
    "disease": "sifilis",
    "cod_mun": 3504107,
    "mae": 0.23169369707358156,
    "rmse": 0.3735021128069969,
    "r2": 0.20528656119971078,
    "n_samples": 300
}