{
    "disease": "hiv_aids",
    "cod_mun": 3506607,
    "mae": 0.8996060230793582,
    "rmse": 2.337497648037422,
    "r2": -0.17386891600956922,
    "n_samples": 300
}