{
    "disease": "hiv_aids",
    "cod_mun": 3552551,
    "mae": 0.7344658313110809,
    "rmse": 6.315859966747816,
    "r2": 0.004603278061433236,
    "n_samples": 300
}