{
    "disease": "hiv_aids",
    "cod_mun": 3525607,
    "mae": 0.6436515600025032,
    "rmse": 2.7724898269915643,
    "r2": 0.016035766298416854,
    "n_samples": 300
}