{
    "disease": "TX_sifilis_00_23",
    "cod_mun": 3513306,
    "mae": 0.18503601849079132,
    "rmse": 0.18503601849079132,
    "r2": 0.0,
    "n_train": 251,
    "n_test": 12
}