{
    "disease": "tuberculose",
    "cod_mun": 3535705,
    "mae": 0.6977476892718232,
    "rmse": 2.0910201243055866,
    "r2": 0.7024155097163697,
    "n_samples": 300
}