{
    "disease": "TX_tuberculose_00_23",
    "cod_mun": 3505203,
    "mae": 0.3455010602871577,
    "rmse": 0.3466369807498821,
    "r2": 0.0,
    "n_train": 251,
    "n_test": 12
}