{
    "disease": "TX_hiv_aids_00_23",
    "cod_mun": 3557006,
    "mae": 0.4676683743794759,
    "rmse": 0.49038135156899076,
    "r2": 0.0,
    "n_train": 251,
    "n_test": 12
}