{
    "disease": "TX_hiv_aids_00_23",
    "cod_mun": 3529203,
    "mae": 1.3276780061647235,
    "rmse": 1.7768430380539575,
    "r2": -0.04365271812972393,
    "n_train": 251,
    "n_test": 12
}