{
    "disease": "hanseniase",
    "cod_mun": 3514502,
    "mae": 0.10731509465298421,
    "rmse": 0.6507136859472468,
    "r2": 0.001840120683410218,
    "n_samples": 300
}