{
    "disease": "hiv_aids",
    "cod_mun": 3529906,
    "mae": 0.6219102388789542,
    "rmse": 1.730558881833919,
    "r2": -0.0732966935103454,
    "n_samples": 300
}