{
    "disease": "hiv_aids",
    "cod_mun": 3519303,
    "mae": 1.320172870171247,
    "rmse": 1.82497893697754,
    "r2": -0.04987108139984975,
    "n_samples": 300
}