{
    "disease": "TX_sifilis_00_23",
    "cod_mun": 3557303,
    "mae": 0.20540371537208557,
    "rmse": 0.20540371537208557,
    "r2": 0.0,
    "n_train": 251,
    "n_test": 12
}