{
    "disease": "TX_hiv_aids_00_23",
    "cod_mun": 3546801,
    "mae": 0.09124017755190532,
    "rmse": 0.1333813601722141,
    "r2": 0.0,
    "n_train": 251,
    "n_test": 12
}