{
    "disease": "hiv_aids",
    "cod_mun": 3540002,
    "mae": 1.6383645375711646,
    "rmse": 2.317429251641427,
    "r2": 0.18538998123229056,
    "n_samples": 300
}