{
    "disease": "TX_sifilis_00_23",
    "cod_mun": 3521606,
    "mae": 1.5225667551451627,
    "rmse": 3.9866851563870425,
    "r2": -0.03852753952321408,
    "n_train": 251,
    "n_test": 12
}