{
    "disease": "hiv_aids",
    "cod_mun": 3518404,
    "mae": 1.0126437419094778,
    "rmse": 1.443851978721927,
    "r2": 0.4735234818562841,
    "n_samples": 300
}