{
    "disease": "TX_hanseniase_00_23",
    "cod_mun": 3547304,
    "mae": 0.022537813909366378,
    "rmse": 0.040129022296747995,
    "r2": 0.0,
    "n_train": 251,
    "n_test": 12
}