{
    "disease": "tuberculose",
    "cod_mun": 3531902,
    "mae": 0.5235224110218604,
    "rmse": 1.0282679893927096,
    "r2": 0.0627047099572331,
    "n_samples": 300
}