{
    "disease": "TX_hepatite_00_23",
    "cod_mun": 3526100,
    "mae": 0.32690298557281494,
    "rmse": 0.3269030116888301,
    "r2": 0.0,
    "n_train": 251,
    "n_test": 12
}