{
    "disease": "hiv_aids",
    "cod_mun": 3510609,
    "mae": 0.4818797071951701,
    "rmse": 0.6394957773566744,
    "r2": 0.2139915300589169,
    "n_samples": 300
}