{
    "disease": "hanseniase",
    "cod_mun": 3536505,
    "mae": 0.12983308315035144,
    "rmse": 0.3460150535058119,
    "r2": 0.5646938361899949,
    "n_samples": 300
}