{
    "disease": "sifilis",
    "cod_mun": 3532405,
    "mae": 0.07468682340943647,
    "rmse": 0.4449501902125622,
    "r2": 0.00653410631750484,
    "n_samples": 300
}