{
    "disease": "TX_tuberculose_00_23",
    "cod_mun": 3509403,
    "mae": 2.8626112252408213,
    "rmse": 4.284206352381051,
    "r2": -0.44498908965203854,
    "n_train": 251,
    "n_test": 12
}