{
    "disease": "TX_hepatite_00_23",
    "cod_mun": 3503901,
    "mae": 0.24056178552814134,
    "rmse": 0.3899566410247894,
    "r2": -0.04284622873307464,
    "n_train": 251,
    "n_test": 12
}