{
    "disease": "TX_hiv_aids_00_23",
    "cod_mun": 3524907,
    "mae": 0.12372943696876366,
    "rmse": 0.15709917021986478,
    "r2": 0.0,
    "n_train": 251,
    "n_test": 12
}