{
    "disease": "sifilis",
    "cod_mun": 3512803,
    "mae": 0.5046550974530234,
    "rmse": 0.62186757778076,
    "r2": -0.2835617035692073,
    "n_samples": 300
}