{
    "disease": "TX_hiv_aids_00_23",
    "cod_mun": 3549300,
    "mae": 0.08205749094486237,
    "rmse": 0.08205749094486237,
    "r2": 0.0,
    "n_train": 251,
    "n_test": 12
}