{
    "disease": "TX_hanseniase_00_23",
    "cod_mun": 3515004,
    "mae": 0.054856749330366245,
    "rmse": 0.09197935600258161,
    "r2": 0.14868455484510557,
    "n_train": 251,
    "n_test": 12
}