{
    "disease": "TX_hepatite_00_23",
    "cod_mun": 3540853,
    "mae": 24.434560757374314,
    "rmse": 31.950037941111713,
    "r2": -0.17978580162362934,
    "n_train": 251,
    "n_test": 12
}