{
    "disease": "hanseniase",
    "cod_mun": 3556602,
    "mae": 0.06331620171399059,
    "rmse": 0.5296910649841781,
    "r2": 0.003227312700828988,
    "n_samples": 300
}