{
    "disease": "TX_hiv_aids_00_23",
    "cod_mun": 3548203,
    "mae": 0.02242804318666458,
    "rmse": 0.022435617661064857,
    "r2": 0.0,
    "n_train": 251,
    "n_test": 12
}