{
    "disease": "hanseniase",
    "cod_mun": 3503406,
    "mae": 0.17037635608845508,
    "rmse": 1.0396994698025765,
    "r2": 0.0006244518847176028,
    "n_samples": 300
}