{
    "disease": "tuberculose",
    "cod_mun": 3556800,
    "mae": 0.16407455087761835,
    "rmse": 0.6490517368112215,
    "r2": 0.25924470528347565,
    "n_samples": 300
}