{
    "disease": "TX_hanseniase_00_23",
    "cod_mun": 3518602,
    "mae": 0.07763927057385445,
    "rmse": 0.07763951096833226,
    "r2": 0.0,
    "n_train": 251,
    "n_test": 12
}