{
    "disease": "TX_sifilis_00_23",
    "cod_mun": 3530102,
    "mae": 0.42007108193222303,
    "rmse": 1.0091605285256644,
    "r2": -0.04044412457940183,
    "n_train": 251,
    "n_test": 12
}