{
    "disease": "TX_hiv_aids_00_23",
    "cod_mun": 3552106,
    "mae": 0.8854395326208842,
    "rmse": 1.5946942811058968,
    "r2": -0.16748917146835107,
    "n_train": 251,
    "n_test": 12
}