{
    "disease": "tuberculose",
    "cod_mun": 3523206,
    "mae": 0.4964593932751801,
    "rmse": 0.7308240208753635,
    "r2": 0.3093822382764775,
    "n_samples": 300
}