{
    "disease": "hanseniase",
    "cod_mun": 3521150,
    "mae": 0.3109988307739799,
    "rmse": 1.9496939914716065,
    "r2": 0.0025774985216047153,
    "n_samples": 300
}