{
    "disease": "hepatite",
    "cod_mun": 3513504,
    "mae": 0.40310903382395763,
    "rmse": 0.6817111459573963,
    "r2": 0.42517319460203207,
    "n_samples": 300
}