{
    "disease": "TX_hiv_aids_00_23",
    "cod_mun": 3527306,
    "mae": 0.371441349986916,
    "rmse": 0.5560486143800151,
    "r2": -0.15964460582083917,
    "n_train": 251,
    "n_test": 12
}