{
    "disease": "sifilis",
    "cod_mun": 3506003,
    "mae": 0.17999442919790706,
    "rmse": 0.27697584144905235,
    "r2": 0.4993137825361931,
    "n_samples": 300
}