{
    "disease": "hiv_aids",
    "cod_mun": 3511508,
    "mae": 0.6034115632255613,
    "rmse": 0.8800485187657671,
    "r2": 0.07684871387045877,
    "n_samples": 300
}