{
    "disease": "tuberculose",
    "cod_mun": 3508405,
    "mae": 0.3591289871778245,
    "rmse": 0.6787077409271903,
    "r2": 0.08462600438586865,
    "n_samples": 300
}