{
    "disease": "TX_hanseniase_00_23",
    "cod_mun": 3550100,
    "mae": 0.10179355243841808,
    "rmse": 0.10572539245299882,
    "r2": 0.0,
    "n_train": 251,
    "n_test": 12
}