{
    "disease": "hiv_aids",
    "cod_mun": 3505708,
    "mae": 0.5280407803560646,
    "rmse": 0.7179908853532196,
    "r2": -0.1486018758363281,
    "n_samples": 300
}