{
    "disease": "hepatite",
    "cod_mun": 3509106,
    "mae": 1.1929585733828874,
    "rmse": 3.2376741127915967,
    "r2": 0.05861167645321197,
    "n_samples": 300
}