{
    "disease": "hanseniase",
    "cod_mun": 3549102,
    "mae": 0.01555003449939278,
    "rmse": 0.0780856110127122,
    "r2": 0.5610855439891638,
    "n_samples": 300
}