{
    "disease": "sifilis",
    "cod_mun": 3512704,
    "mae": 0.1472101721743288,
    "rmse": 0.9859801963479873,
    "r2": 0.3626421970086594,
    "n_samples": 300
}