{
    "disease": "hanseniase",
    "cod_mun": 3541059,
    "mae": 0.2985777681495063,
    "rmse": 1.8074287247300496,
    "r2": 0.00174590141147013,
    "n_samples": 300
}