{
    "disease": "sifilis",
    "cod_mun": 3507902,
    "mae": 0.12948692532274203,
    "rmse": 0.48920791084915355,
    "r2": 0.06724586596777715,
    "n_samples": 300
}