{
    "disease": "hiv_aids",
    "cod_mun": 3548203,
    "mae": 0.09952346341078266,
    "rmse": 0.8471287423380102,
    "r2": 0.0029401216152649123,
    "n_samples": 300
}