{
    "disease": "sifilis",
    "cod_mun": 3541505,
    "mae": 0.35352504100350707,
    "rmse": 1.0744311347189566,
    "r2": 0.17684839781224393,
    "n_samples": 300
}