{
    "disease": "hiv_aids",
    "cod_mun": 3516804,
    "mae": 0.49626146309453606,
    "rmse": 2.488474043126958,
    "r2": 0.0011896946314824408,
    "n_samples": 300
}