{
    "disease": "hanseniase",
    "cod_mun": 3552809,
    "mae": 0.03758084046706761,
    "rmse": 0.08973507885652295,
    "r2": 0.009211025802129735,
    "n_samples": 300
}