{
    "disease": "sifilis",
    "cod_mun": 3507506,
    "mae": 0.263590981934596,
    "rmse": 0.4448539899255248,
    "r2": 0.1598664786842079,
    "n_samples": 300
}