{
    "disease": "TX_sifilis_00_23",
    "cod_mun": 3512407,
    "mae": 0.18170071641604105,
    "rmse": 0.18390731445563283,
    "r2": 0.0,
    "n_train": 251,
    "n_test": 12
}