{
    "disease": "tuberculose",
    "cod_mun": 3517505,
    "mae": 0.16432943249225024,
    "rmse": 0.6271060813839388,
    "r2": 0.012349446973715428,
    "n_samples": 300
}