{
    "disease": "sifilis",
    "cod_mun": 3530904,
    "mae": 0.5752905972720797,
    "rmse": 2.863879715194995,
    "r2": 0.0043859334421089136,
    "n_samples": 300
}