{
    "disease": "TX_sifilis_00_23",
    "cod_mun": 3539608,
    "mae": 0.025573451227198046,
    "rmse": 0.02557434147494712,
    "r2": 0.0,
    "n_train": 251,
    "n_test": 12
}