{
    "disease": "TX_tuberculose_00_23",
    "cod_mun": 3505500,
    "mae": 0.9800740484962808,
    "rmse": 1.2280366762017187,
    "r2": -0.5183085780111545,
    "n_train": 251,
    "n_test": 12
}