{
    "disease": "TX_hiv_aids_00_23",
    "cod_mun": 3537800,
    "mae": 0.6056572514214322,
    "rmse": 0.7187659133289048,
    "r2": -0.7966657386004596,
    "n_train": 251,
    "n_test": 12
}