{
    "disease": "TX_tuberculose_00_23",
    "cod_mun": 3536109,
    "mae": 0.2715064361691475,
    "rmse": 0.2942600390221432,
    "r2": 0.0,
    "n_train": 251,
    "n_test": 12
}