{
    "disease": "hanseniase",
    "cod_mun": 3519600,
    "mae": 0.1439094163034767,
    "rmse": 0.4675567525887712,
    "r2": 0.10186138886579654,
    "n_samples": 300
}