{
    "disease": "TX_hanseniase_00_23",
    "cod_mun": 3552908,
    "mae": 0.003669456656401356,
    "rmse": 0.0036711220613298077,
    "r2": 0.0,
    "n_train": 251,
    "n_test": 12
}