{
    "disease": "hiv_aids",
    "cod_mun": 3537206,
    "mae": 0.9328938859946235,
    "rmse": 2.320900654656486,
    "r2": 0.4638909924218919,
    "n_samples": 300
}