{
    "disease": "TX_hepatite_00_23",
    "cod_mun": 3545704,
    "mae": 0.1827021303276221,
    "rmse": 0.21597132004401143,
    "r2": 0.0,
    "n_train": 251,
    "n_test": 12
}