{
    "disease": "TX_hanseniase_00_23",
    "cod_mun": 3554102,
    "mae": 0.0729731032072976,
    "rmse": 0.09316991357324672,
    "r2": -0.10556774344974285,
    "n_train": 251,
    "n_test": 12
}