{
    "disease": "sifilis",
    "cod_mun": 3509304,
    "mae": 0.1307522988155976,
    "rmse": 0.7297272396114917,
    "r2": 0.10584926660383187,
    "n_samples": 300
}