{
    "disease": "hiv_aids",
    "cod_mun": 3517000,
    "mae": 0.8642968108380088,
    "rmse": 1.8574881070937406,
    "r2": 0.041756390299908186,
    "n_samples": 300
}