{
    "disease": "sifilis",
    "cod_mun": 3554102,
    "mae": 0.14841991691186082,
    "rmse": 0.19011790814962404,
    "r2": 0.12253656018070458,
    "n_samples": 300
}