{
    "disease": "sifilis",
    "cod_mun": 3500303,
    "mae": 0.09808923855692336,
    "rmse": 0.38038468975260026,
    "r2": 0.002581620963730935,
    "n_samples": 300
}