{
    "disease": "TX_hiv_aids_00_23",
    "cod_mun": 3526902,
    "mae": 0.4742099535703493,
    "rmse": 0.6410400609857299,
    "r2": -19.41032401223636,
    "n_train": 251,
    "n_test": 12
}