{
    "disease": "hiv_aids",
    "cod_mun": 3524808,
    "mae": 0.6103427174508346,
    "rmse": 1.0479581183305686,
    "r2": 0.3403139349959379,
    "n_samples": 300
}