{
    "disease": "hanseniase",
    "cod_mun": 3552304,
    "mae": 0.08780371956578142,
    "rmse": 0.7445357219107397,
    "r2": 0.0022116693151605915,
    "n_samples": 300
}