{
    "disease": "TX_hanseniase_00_23",
    "cod_mun": 3553401,
    "mae": 0.36713687868524775,
    "rmse": 1.1253655747994893,
    "r2": -0.06708248890220969,
    "n_train": 251,
    "n_test": 12
}