{
    "disease": "TX_hepatite_00_23",
    "cod_mun": 3541653,
    "mae": 0.0037292457515529045,
    "rmse": 0.007393454665515619,
    "r2": 0.0,
    "n_train": 251,
    "n_test": 12
}