{
    "disease": "TX_hepatite_00_23",
    "cod_mun": 3511607,
    "mae": 0.5020547213643421,
    "rmse": 1.544823019976248,
    "r2": -0.10548037857741366,
    "n_train": 251,
    "n_test": 12
}