{
    "disease": "TX_hiv_aids_00_23",
    "cod_mun": 3523800,
    "mae": 0.10832868458237499,
    "rmse": 0.34150787386535997,
    "r2": 0.0,
    "n_train": 251,
    "n_test": 12
}