{
    "disease": "hepatite",
    "cod_mun": 3543808,
    "mae": 1.1772099835029082,
    "rmse": 3.1418951841830043,
    "r2": 0.12810622950490824,
    "n_samples": 300
}