{
    "disease": "hanseniase",
    "cod_mun": 3530003,
    "mae": 0.4787264278490935,
    "rmse": 2.9386103028299773,
    "r2": 0.002418405480995256,
    "n_samples": 300
}