{
    "disease": "hanseniase",
    "cod_mun": 3514809,
    "mae": 0.04630870543498651,
    "rmse": 0.3969488849198144,
    "r2": 0.004188208149704886,
    "n_samples": 300
}