{
    "disease": "TX_hepatite_00_23",
    "cod_mun": 3555109,
    "mae": 0.5400836418357781,
    "rmse": 1.8172362719447073,
    "r2": -0.08454635228345153,
    "n_train": 251,
    "n_test": 12
}