{
    "disease": "tuberculose",
    "cod_mun": 3518107,
    "mae": 0.7782719151818855,
    "rmse": 2.3200506064532354,
    "r2": 0.2910591654194957,
    "n_samples": 300
}