{
    "disease": "sifilis",
    "cod_mun": 3554607,
    "mae": 0.4953540966277844,
    "rmse": 3.068092011450188,
    "r2": 0.0006617483032692606,
    "n_samples": 300
}