{
    "disease": "hiv_aids",
    "cod_mun": 3540507,
    "mae": 0.7654402447456787,
    "rmse": 2.951166039633497,
    "r2": -0.013252441657941594,
    "n_samples": 300
}