{
    "disease": "hanseniase",
    "cod_mun": 3545308,
    "mae": 0.08368036047470113,
    "rmse": 0.3252250922267819,
    "r2": 0.006134576912668832,
    "n_samples": 300
}