{
    "disease": "TX_hepatite_00_23",
    "cod_mun": 3540754,
    "mae": 0.4143108069456514,
    "rmse": 1.4191866890921288,
    "r2": -0.09102867522810443,
    "n_train": 251,
    "n_test": 12
}