{
    "disease": "TX_hepatite_00_23",
    "cod_mun": 3525904,
    "mae": 0.01660871971398592,
    "rmse": 0.017902880950558253,
    "r2": 0.0,
    "n_train": 251,
    "n_test": 12
}