{
    "disease": "tuberculose",
    "cod_mun": 3545209,
    "mae": 0.3829730289004102,
    "rmse": 0.5081478336112546,
    "r2": 0.34294327275737424,
    "n_samples": 300
}