{
    "disease": "hiv_aids",
    "cod_mun": 3536703,
    "mae": 0.9620589041443617,
    "rmse": 1.456068821187235,
    "r2": 0.25160491722741885,
    "n_samples": 300
}