{
    "disease": "hiv_aids",
    "cod_mun": 3517802,
    "mae": 1.4629308070371705,
    "rmse": 2.827929510447677,
    "r2": 0.2886560887970534,
    "n_samples": 300
}