{
    "disease": "hiv_aids",
    "cod_mun": 3503901,
    "mae": 0.6268341306243653,
    "rmse": 0.8208757302729726,
    "r2": 0.13555324314957373,
    "n_samples": 300
}