{
    "disease": "hepatite",
    "cod_mun": 3550605,
    "mae": 0.29832054026262617,
    "rmse": 0.5115999858869562,
    "r2": 0.27421504809199715,
    "n_samples": 300
}