{
    "disease": "TX_hanseniase_00_23",
    "cod_mun": 3548708,
    "mae": 0.012928028125315905,
    "rmse": 0.012964626055411899,
    "r2": 0.0,
    "n_train": 251,
    "n_test": 12
}