{
    "disease": "hanseniase",
    "cod_mun": 3542701,
    "mae": 0.09227069948582661,
    "rmse": 0.7574660591732937,
    "r2": 0.004309241997562663,
    "n_samples": 300
}