{
    "disease": "hiv_aids",
    "cod_mun": 3510708,
    "mae": 3.4146946090365495,
    "rmse": 4.628934722484691,
    "r2": 0.14139424033547465,
    "n_samples": 300
}