{
    "disease": "TX_hepatite_00_23",
    "cod_mun": 3535408,
    "mae": 0.18343878727561483,
    "rmse": 0.35943100104702247,
    "r2": 0.0,
    "n_train": 251,
    "n_test": 12
}