{
    "disease": "TX_hiv_aids_00_23",
    "cod_mun": 3542602,
    "mae": 0.5393917459654023,
    "rmse": 0.6906258780808208,
    "r2": -0.010727675883565713,
    "n_train": 251,
    "n_test": 12
}