{
    "disease": "tuberculose",
    "cod_mun": 3520442,
    "mae": 0.716079554301511,
    "rmse": 2.179318144137678,
    "r2": 0.30704950324387326,
    "n_samples": 300
}