{
    "disease": "TX_hiv_aids_00_23",
    "cod_mun": 3520905,
    "mae": 0.6763433143496513,
    "rmse": 0.7696975158330724,
    "r2": 0.0,
    "n_train": 251,
    "n_test": 12
}