{
    "disease": "TX_hepatite_00_23",
    "cod_mun": 3530508,
    "mae": 0.5715270455569752,
    "rmse": 0.628197254009018,
    "r2": -0.21785610777304365,
    "n_train": 251,
    "n_test": 12
}