{
    "disease": "hepatite",
    "cod_mun": 3512308,
    "mae": 0.379005608037632,
    "rmse": 1.1205834409662436,
    "r2": 0.1162251662747753,
    "n_samples": 300
}