{
    "disease": "TX_tuberculose_00_23",
    "cod_mun": 3546306,
    "mae": 0.4770970543225606,
    "rmse": 0.48886190297830123,
    "r2": 0.0,
    "n_train": 251,
    "n_test": 12
}