{
    "disease": "sifilis",
    "cod_mun": 3503802,
    "mae": 0.09024919786045188,
    "rmse": 0.32208741658065954,
    "r2": 0.07499959545920287,
    "n_samples": 300
}