{
    "disease": "TX_hepatite_00_23",
    "cod_mun": 3511409,
    "mae": 0.4294573782519808,
    "rmse": 1.3501523752820963,
    "r2": -0.09694521634777087,
    "n_train": 251,
    "n_test": 12
}