{
    "disease": "TX_hepatite_00_23",
    "cod_mun": 3507704,
    "mae": 1.801462239646016,
    "rmse": 5.455350629571977,
    "r2": -0.11846027494161482,
    "n_train": 251,
    "n_test": 12
}