{
    "disease": "TX_sifilis_00_23",
    "cod_mun": 3533601,
    "mae": 0.04840768128633499,
    "rmse": 0.04840768128633499,
    "r2": 0.0,
    "n_train": 251,
    "n_test": 12
}