{
    "disease": "TX_hiv_aids_00_23",
    "cod_mun": 3534708,
    "mae": 0.7581214557091395,
    "rmse": 0.9142368310790461,
    "r2": -3.442354532623283,
    "n_train": 251,
    "n_test": 12
}