{
    "disease": "TX_tuberculose_00_23",
    "cod_mun": 3526902,
    "mae": 0.3508999756191287,
    "rmse": 0.40269848109087253,
    "r2": -0.20817765469475802,
    "n_train": 251,
    "n_test": 12
}