{
    "disease": "sifilis",
    "cod_mun": 3519808,
    "mae": 0.4220661275130641,
    "rmse": 1.9403009446144561,
    "r2": 0.0007814408219805058,
    "n_samples": 300
}