{
    "disease": "hanseniase",
    "cod_mun": 3505302,
    "mae": 0.14036516135854404,
    "rmse": 0.40639666114446205,
    "r2": 0.14297986811330887,
    "n_samples": 300
}