{
    "disease": "hanseniase",
    "cod_mun": 3507506,
    "mae": 0.1760653145488448,
    "rmse": 0.31415681871908857,
    "r2": 0.08774177307214648,
    "n_samples": 300
}