{
    "disease": "hiv_aids",
    "cod_mun": 3501004,
    "mae": 2.3748465046807525,
    "rmse": 3.1601627897396827,
    "r2": -0.04427791765488376,
    "n_samples": 300
}