{
    "disease": "TX_hanseniase_00_23",
    "cod_mun": 3507803,
    "mae": 0.006562201412937914,
    "rmse": 0.012304410780186972,
    "r2": 0.0,
    "n_train": 251,
    "n_test": 12
}