{
    "disease": "hiv_aids",
    "cod_mun": 3510153,
    "mae": 0.32360078137627096,
    "rmse": 1.953713615062618,
    "r2": 0.004979582603850785,
    "n_samples": 300
}