{
    "disease": "hiv_aids",
    "cod_mun": 3530102,
    "mae": 1.346372901917589,
    "rmse": 2.0806191019393725,
    "r2": 0.28539510358927145,
    "n_samples": 300
}