{
    "disease": "sifilis",
    "cod_mun": 3531308,
    "mae": 0.16669366964053972,
    "rmse": 0.40350291596966265,
    "r2": 0.074639373653828,
    "n_samples": 300
}