{
    "disease": "hiv_aids",
    "cod_mun": 3547908,
    "mae": 1.8925580762756544,
    "rmse": 4.154693770494095,
    "r2": 0.485108364904998,
    "n_samples": 300
}