{
    "disease": "hiv_aids",
    "cod_mun": 3509304,
    "mae": 0.49903225195543577,
    "rmse": 1.4180747494978827,
    "r2": 0.25347553787351984,
    "n_samples": 300
}