{
    "disease": "hiv_aids",
    "cod_mun": 3517307,
    "mae": 0.8228587696928915,
    "rmse": 2.7152251002624967,
    "r2": 0.01208852045687192,
    "n_samples": 300
}