{
    "disease": "sifilis",
    "cod_mun": 3525003,
    "mae": 0.23686481155119102,
    "rmse": 0.367110989301636,
    "r2": 0.25287804682263526,
    "n_samples": 300
}