{
    "disease": "hanseniase",
    "cod_mun": 3556909,
    "mae": 1.575121320850581,
    "rmse": 4.377005654092581,
    "r2": 0.23924526260276724,
    "n_samples": 300
}