{
    "disease": "sifilis",
    "cod_mun": 3505807,
    "mae": 0.30865212751586074,
    "rmse": 0.9043992815217713,
    "r2": 0.6036072737067923,
    "n_samples": 300
}