{
    "disease": "sifilis",
    "cod_mun": 3540754,
    "mae": 0.18445085047037846,
    "rmse": 0.6341617750672343,
    "r2": 0.19276144378766136,
    "n_samples": 300
}