{
    "disease": "hanseniase",
    "cod_mun": 3531803,
    "mae": 0.08830304965453314,
    "rmse": 0.2996793626696854,
    "r2": 0.07577456850172004,
    "n_samples": 300
}