{
    "disease": "hanseniase",
    "cod_mun": 3539202,
    "mae": 0.3011144465887275,
    "rmse": 0.8333877745909596,
    "r2": 0.0634350535602426,
    "n_samples": 300
}