{
    "disease": "hiv_aids",
    "cod_mun": 3549706,
    "mae": 0.7643115585368999,
    "rmse": 1.1347055727799513,
    "r2": 0.23136308390015992,
    "n_samples": 300
}