{
    "disease": "hanseniase",
    "cod_mun": 3534005,
    "mae": 0.1668430243263443,
    "rmse": 1.4374299830880781,
    "r2": 0.002415343194710484,
    "n_samples": 300
}