{
    "disease": "TX_tuberculose_00_23",
    "cod_mun": 3519501,
    "mae": 1.441537981733742,
    "rmse": 4.489294969335518,
    "r2": -0.05413848959680245,
    "n_train": 251,
    "n_test": 12
}