{
    "disease": "TX_tuberculose_00_23",
    "cod_mun": 3510203,
    "mae": 0.8279599925813003,
    "rmse": 0.8752854058885767,
    "r2": -0.17814239929547737,
    "n_train": 251,
    "n_test": 12
}