{
    "disease": "hiv_aids",
    "cod_mun": 3527702,
    "mae": 0.005524305876112114,
    "rmse": 0.02877045589041305,
    "r2": 0.9995448716966049,
    "n_samples": 300
}