{
    "disease": "hiv_aids",
    "cod_mun": 3503703,
    "mae": 1.8468967956714906,
    "rmse": 3.518739883020952,
    "r2": 0.06062088353819495,
    "n_samples": 300
}