{
    "disease": "TX_tuberculose_00_23",
    "cod_mun": 3520426,
    "mae": 1.6193946814762221,
    "rmse": 2.85299622843296,
    "r2": -0.05970675143483861,
    "n_train": 251,
    "n_test": 12
}