{
    "disease": "tuberculose",
    "cod_mun": 3528809,
    "mae": 0.3377864464145952,
    "rmse": 1.0076069886634162,
    "r2": 0.07055757789353878,
    "n_samples": 300
}