{
    "disease": "hanseniase",
    "cod_mun": 3526407,
    "mae": 0.19760796874341435,
    "rmse": 0.6012870930640191,
    "r2": 0.060690018452186356,
    "n_samples": 300
}