{
    "disease": "TX_tuberculose_00_23",
    "cod_mun": 3516200,
    "mae": 0.3288625076663037,
    "rmse": 0.43728542306693996,
    "r2": -0.7817509388481416,
    "n_train": 251,
    "n_test": 12
}