{
    "disease": "TX_hanseniase_00_23",
    "cod_mun": 3532009,
    "mae": 0.008441279196025183,
    "rmse": 0.00992434875249524,
    "r2": 0.0,
    "n_train": 251,
    "n_test": 12
}