{
    "disease": "tuberculose",
    "cod_mun": 3517901,
    "mae": 0.3541432695057136,
    "rmse": 1.2435078972669757,
    "r2": 0.0803827579184857,
    "n_samples": 300
}