{
    "disease": "sifilis",
    "cod_mun": 3536703,
    "mae": 0.26095215616647366,
    "rmse": 0.5864082507707854,
    "r2": 0.13540187021500028,
    "n_samples": 300
}