{
    "disease": "hanseniase",
    "cod_mun": 3510906,
    "mae": 0.23518484507724874,
    "rmse": 1.9505235333014392,
    "r2": 0.004082748898632804,
    "n_samples": 300
}