{
    "disease": "TX_sifilis_00_23",
    "cod_mun": 3518701,
    "mae": 0.6883098326141353,
    "rmse": 0.8519728658326565,
    "r2": -0.7970092673126659,
    "n_train": 251,
    "n_test": 12
}