{
    "disease": "hepatite",
    "cod_mun": 3506359,
    "mae": 0.5655467324480469,
    "rmse": 0.9049715219710882,
    "r2": 0.08241484874253924,
    "n_samples": 300
}