{
    "disease": "hanseniase",
    "cod_mun": 3538808,
    "mae": 0.04535321033582604,
    "rmse": 0.26723795105989395,
    "r2": 0.13309106899683265,
    "n_samples": 300
}