{
    "disease": "TX_hiv_aids_00_23",
    "cod_mun": 3530805,
    "mae": 0.5869949749676242,
    "rmse": 0.631877012978629,
    "r2": -1.3804099599927833,
    "n_train": 251,
    "n_test": 12
}