{
    "disease": "TX_sifilis_00_23",
    "cod_mun": 3525201,
    "mae": 0.12943892180919647,
    "rmse": 0.12943892180919647,
    "r2": 0.0,
    "n_train": 251,
    "n_test": 12
}