{
    "disease": "TX_sifilis_00_23",
    "cod_mun": 3506409,
    "mae": 0.04878414422273636,
    "rmse": 0.04878414422273636,
    "r2": 0.0,
    "n_train": 251,
    "n_test": 12
}