{
    "disease": "TX_hanseniase_00_23",
    "cod_mun": 3516002,
    "mae": 0.6468304328349898,
    "rmse": 2.2193401945977373,
    "r2": -0.09120259931702024,
    "n_train": 251,
    "n_test": 12
}