{
    "disease": "hanseniase",
    "cod_mun": 3543600,
    "mae": 0.3776366052319671,
    "rmse": 2.2717550221775547,
    "r2": 0.0074479497768227265,
    "n_samples": 300
}