{
    "disease": "sifilis",
    "cod_mun": 3528106,
    "mae": 0.06182461835024013,
    "rmse": 0.6593258531093585,
    "r2": 0.271802494598516,
    "n_samples": 300
}