{
    "disease": "hiv_aids",
    "cod_mun": 3507506,
    "mae": 0.774881757819812,
    "rmse": 1.0189971226793388,
    "r2": 0.147120026840033,
    "n_samples": 300
}