{
    "disease": "hepatite",
    "cod_mun": 3516200,
    "mae": 0.15373135677031233,
    "rmse": 0.19476575438391294,
    "r2": 0.09781649976565887,
    "n_samples": 300
}