{
    "disease": "sifilis",
    "cod_mun": 3530508,
    "mae": 0.22976934003884547,
    "rmse": 0.50416688223182,
    "r2": 0.0019793844569711005,
    "n_samples": 300
}