{
    "disease": "TX_hepatite_00_23",
    "cod_mun": 3525805,
    "mae": 11.796704847000735,
    "rmse": 11.909296475887878,
    "r2": -0.15499392189574945,
    "n_train": 251,
    "n_test": 12
}