{
    "disease": "TX_sifilis_00_23",
    "cod_mun": 3511607,
    "mae": 0.558498841918906,
    "rmse": 1.500159772630923,
    "r2": -0.04248209561097216,
    "n_train": 251,
    "n_test": 12
}