{
    "disease": "TX_tuberculose_00_23",
    "cod_mun": 3541802,
    "mae": 0.9920904443909725,
    "rmse": 1.8861090651237253,
    "r2": 0.0,
    "n_train": 251,
    "n_test": 12
}