{
    "disease": "tuberculose",
    "cod_mun": 3517703,
    "mae": 0.6492447612802205,
    "rmse": 1.419853192353552,
    "r2": 0.2865832070855958,
    "n_samples": 300
}