{
    "disease": "TX_tuberculose_00_23",
    "cod_mun": 3541653,
    "mae": 0.12174896337091923,
    "rmse": 0.12174903339448766,
    "r2": 0.0,
    "n_train": 251,
    "n_test": 12
}