{
    "disease": "sifilis",
    "cod_mun": 3539400,
    "mae": 0.13706632265117083,
    "rmse": 0.5815279426114068,
    "r2": 0.39122916052307943,
    "n_samples": 300
}