{
    "disease": "TX_tuberculose_00_23",
    "cod_mun": 3525300,
    "mae": 0.3786981927759682,
    "rmse": 0.3801532899991466,
    "r2": -0.012586078454019933,
    "n_train": 251,
    "n_test": 12
}