{
    "disease": "hiv_aids",
    "cod_mun": 3505005,
    "mae": 0.414330894489175,
    "rmse": 3.3140983454120794,
    "r2": 0.005394827950839343,
    "n_samples": 300
}