{
    "disease": "TX_hiv_aids_00_23",
    "cod_mun": 3512407,
    "mae": 0.2268244232982397,
    "rmse": 0.2648710605742701,
    "r2": 0.0,
    "n_train": 251,
    "n_test": 12
}