{
    "disease": "tuberculose",
    "cod_mun": 3522406,
    "mae": 0.5016100591391301,
    "rmse": 0.7354094594526658,
    "r2": 0.09085598695426744,
    "n_samples": 300
}