{
    "disease": "hiv_aids",
    "cod_mun": 3536703,
    "mae": 0.8877113752598537,
    "rmse": 1.3838934861057883,
    "r2": 0.3239599101468893,
    "n_samples": 300
}