{
    "disease": "sifilis",
    "cod_mun": 3532603,
    "mae": 0.3595553207285923,
    "rmse": 1.2034453716746805,
    "r2": 0.06652775994215876,
    "n_samples": 300
}