{
    "disease": "hepatite",
    "cod_mun": 3545001,
    "mae": 0.3097041213165475,
    "rmse": 1.1033456861672633,
    "r2": 0.3099772578885206,
    "n_samples": 300
}