{
    "disease": "sifilis",
    "cod_mun": 3522802,
    "mae": 0.3187533019506674,
    "rmse": 0.9852313239860696,
    "r2": 0.0484839705603487,
    "n_samples": 300
}