{
    "disease": "TX_hiv_aids_00_23",
    "cod_mun": 3509502,
    "mae": 0.9941389830604188,
    "rmse": 1.0921149049653351,
    "r2": -20.85958749700044,
    "n_train": 251,
    "n_test": 12
}