{
    "disease": "sifilis",
    "cod_mun": 3540259,
    "mae": 0.5665709695327767,
    "rmse": 2.1563798526173006,
    "r2": 0.2449523190113082,
    "n_samples": 300
}