{
    "disease": "TX_hepatite_00_23",
    "cod_mun": 3526209,
    "mae": 0.14517904818058014,
    "rmse": 0.14517904818058014,
    "r2": 0.0,
    "n_train": 251,
    "n_test": 12
}