{
    "disease": "sifilis",
    "cod_mun": 3553302,
    "mae": 0.25110876364791324,
    "rmse": 0.7782997042363906,
    "r2": 0.025275683115854264,
    "n_samples": 300
}