{
    "disease": "hanseniase",
    "cod_mun": 3533700,
    "mae": 0.6459956515969577,
    "rmse": 2.6462790038149437,
    "r2": 0.013889969932296742,
    "n_samples": 300
}