{
    "disease": "hiv_aids",
    "cod_mun": 3500501,
    "mae": 1.4194948682213069,
    "rmse": 2.7183522245509986,
    "r2": 0.2662751356631661,
    "n_samples": 300
}