{
    "disease": "tuberculose",
    "cod_mun": 3534401,
    "mae": 0.28949831065505105,
    "rmse": 0.4058895574222685,
    "r2": 0.7700018079938197,
    "n_samples": 300
}