{
    "disease": "TX_hepatite_00_23",
    "cod_mun": 3518404,
    "mae": 0.047395168881242476,
    "rmse": 0.09350342419572709,
    "r2": 0.0,
    "n_train": 251,
    "n_test": 12
}