{
    "disease": "TX_tuberculose_00_23",
    "cod_mun": 3506904,
    "mae": 0.3919411102930705,
    "rmse": 0.3919747600657833,
    "r2": 0.0,
    "n_train": 251,
    "n_test": 12
}