{
    "disease": "TX_tuberculose_00_23",
    "cod_mun": 3508108,
    "mae": 0.06211562041668609,
    "rmse": 0.17065137140956407,
    "r2": 0.0,
    "n_train": 251,
    "n_test": 12
}