{
    "disease": "sifilis",
    "cod_mun": 3501202,
    "mae": 0.34662789285528073,
    "rmse": 2.1173600759317552,
    "r2": 0.002643601742726709,
    "n_samples": 300
}