{
    "disease": "sifilis",
    "cod_mun": 3546801,
    "mae": 0.135990333288193,
    "rmse": 0.4006453449576116,
    "r2": 0.00038807522622952284,
    "n_samples": 300
}