{
    "disease": "TX_hepatite_00_23",
    "cod_mun": 3529401,
    "mae": 0.043842468754413944,
    "rmse": 0.08327428612071429,
    "r2": -0.3335950023620702,
    "n_train": 251,
    "n_test": 12
}