{
    "disease": "hepatite",
    "cod_mun": 3519402,
    "mae": 1.6763781874453105,
    "rmse": 3.2211171058713344,
    "r2": 0.09663897787496478,
    "n_samples": 300
}