{
    "disease": "sifilis",
    "cod_mun": 3555802,
    "mae": 0.36591459819763317,
    "rmse": 1.4287672104729063,
    "r2": 0.0007122274222823854,
    "n_samples": 300
}