{
    "disease": "hanseniase",
    "cod_mun": 3538709,
    "mae": 0.05473043689395193,
    "rmse": 0.10625940097909294,
    "r2": 0.007654900937467124,
    "n_samples": 300
}