{
    "disease": "tuberculose",
    "cod_mun": 3514700,
    "mae": 0.09707608570504701,
    "rmse": 0.81153021609564,
    "r2": 0.0040715737292814635,
    "n_samples": 300
}