{
    "disease": "sifilis",
    "cod_mun": 3521002,
    "mae": 0.14983380695859044,
    "rmse": 0.5156112822100609,
    "r2": 0.0005249354885566992,
    "n_samples": 300
}