{
    "disease": "hiv_aids",
    "cod_mun": 3553658,
    "mae": 0.9317842573484946,
    "rmse": 5.197202757720648,
    "r2": 0.053886072689879216,
    "n_samples": 300
}