{
    "disease": "sifilis",
    "cod_mun": 3546306,
    "mae": 0.06299305609699002,
    "rmse": 0.31470317164914524,
    "r2": 0.0002983535503746637,
    "n_samples": 300
}