{
    "disease": "TX_hepatite_00_23",
    "cod_mun": 3545308,
    "mae": 0.006135420362018825,
    "rmse": 0.0069694418455912115,
    "r2": 0.0,
    "n_train": 251,
    "n_test": 12
}