{
    "disease": "sifilis",
    "cod_mun": 3544103,
    "mae": 0.21327793765287603,
    "rmse": 0.4923751624155895,
    "r2": 0.0023164229670733505,
    "n_samples": 300
}