{
    "disease": "TX_hiv_aids_00_23",
    "cod_mun": 3510005,
    "mae": 1.2417770822842915,
    "rmse": 1.2559513613513227,
    "r2": 0.0,
    "n_train": 251,
    "n_test": 12
}