{
    "disease": "sifilis",
    "cod_mun": 3533304,
    "mae": 0.10911226817405928,
    "rmse": 1.2710336072510067,
    "r2": 0.13524597758943924,
    "n_samples": 300
}