{
    "disease": "sifilis",
    "cod_mun": 3549300,
    "mae": 0.521956844019713,
    "rmse": 4.195417168223667,
    "r2": 0.3436855715508653,
    "n_samples": 300
}