{
    "disease": "TX_tuberculose_00_23",
    "cod_mun": 3546603,
    "mae": 0.42939142948359277,
    "rmse": 0.8044523437449609,
    "r2": -0.023717105465352217,
    "n_train": 251,
    "n_test": 12
}