{
    "disease": "TX_hiv_aids_00_23",
    "cod_mun": 3515202,
    "mae": 0.17575998604297638,
    "rmse": 0.17575998604297638,
    "r2": 0.0,
    "n_train": 251,
    "n_test": 12
}