{
    "disease": "hiv_aids",
    "cod_mun": 3511904,
    "mae": 0.5445286386491419,
    "rmse": 2.083236974314364,
    "r2": 0.009568648152159187,
    "n_samples": 300
}