{
    "disease": "sifilis",
    "cod_mun": 3527900,
    "mae": 0.2852332546438303,
    "rmse": 1.950182475467603,
    "r2": 0.21237697917639287,
    "n_samples": 300
}