{
    "disease": "sifilis",
    "cod_mun": 3514106,
    "mae": 0.15118783927318005,
    "rmse": 0.535289997410991,
    "r2": 0.0055014271382910485,
    "n_samples": 300
}