{
    "disease": "hiv_aids",
    "cod_mun": 3534708,
    "mae": 1.072829004502,
    "rmse": 1.5011995404122198,
    "r2": 0.5712542127443934,
    "n_samples": 300
}