{
    "disease": "TX_tuberculose_00_23",
    "cod_mun": 3541703,
    "mae": 0.00010254779287303488,
    "rmse": 0.00020381283146103077,
    "r2": 0.0,
    "n_train": 251,
    "n_test": 12
}