{
    "disease": "sifilis",
    "cod_mun": 3517901,
    "mae": 0.5631386693212248,
    "rmse": 1.6401750190743274,
    "r2": 0.22146608146480828,
    "n_samples": 300
}