{
    "disease": "sifilis",
    "cod_mun": 3517109,
    "mae": 0.14046841763044532,
    "rmse": 1.199444719028543,
    "r2": 0.002267155226180373,
    "n_samples": 300
}