{
    "disease": "sifilis",
    "cod_mun": 3519253,
    "mae": 0.07733948148117138,
    "rmse": 0.6221580241041711,
    "r2": 0.005243748973423612,
    "n_samples": 300
}