{
    "disease": "TX_hiv_aids_00_23",
    "cod_mun": 3541406,
    "mae": 0.91552988075326,
    "rmse": 1.0784254116370682,
    "r2": -1.5018234758928468,
    "n_train": 251,
    "n_test": 12
}