{
    "disease": "hanseniase",
    "cod_mun": 3554607,
    "mae": 0.24452875898172854,
    "rmse": 1.9056506531100335,
    "r2": 0.23411109213735737,
    "n_samples": 300
}