{
    "disease": "hiv_aids",
    "cod_mun": 3537107,
    "mae": 8.908132031792226,
    "rmse": 11.11520227584676,
    "r2": -6.28807930332942,
    "n_samples": 300
}