{
    "disease": "hiv_aids",
    "cod_mun": 3503109,
    "mae": 2.2019548133384252,
    "rmse": 4.070537543877564,
    "r2": 0.07669505019428957,
    "n_samples": 300
}