{
    "disease": "tuberculose",
    "cod_mun": 3554409,
    "mae": 0.6241691153194282,
    "rmse": 1.8999646514087511,
    "r2": 0.06109118959453563,
    "n_samples": 300
}