{
    "disease": "hepatite",
    "cod_mun": 3539707,
    "mae": 1.077663794541651,
    "rmse": 4.2546365063769365,
    "r2": 0.12541145138785403,
    "n_samples": 300
}