{
    "disease": "TX_tuberculose_00_23",
    "cod_mun": 3500709,
    "mae": 1.672096340011788,
    "rmse": 2.130340139514507,
    "r2": -0.10872464758015887,
    "n_train": 251,
    "n_test": 12
}