{
    "disease": "tuberculose",
    "cod_mun": 3523404,
    "mae": 0.5641186010958336,
    "rmse": 0.8036344643319218,
    "r2": 0.7385850538511327,
    "n_samples": 300
}