{
    "disease": "tuberculose",
    "cod_mun": 3509304,
    "mae": 0.08731900442520793,
    "rmse": 0.553597799083705,
    "r2": 0.5128889639221703,
    "n_samples": 300
}