{
    "disease": "hiv_aids",
    "cod_mun": 3500907,
    "mae": 1.0920376627133248,
    "rmse": 3.937759870321975,
    "r2": 0.0031481284139890375,
    "n_samples": 300
}