{
    "disease": "TX_tuberculose_00_23",
    "cod_mun": 3526704,
    "mae": 0.7269877101145418,
    "rmse": 0.8290303907203552,
    "r2": -0.38403234361002125,
    "n_train": 251,
    "n_test": 12
}