{
    "disease": "hanseniase",
    "cod_mun": 3500709,
    "mae": 0.21062868011573338,
    "rmse": 0.7136752947946798,
    "r2": 0.03623070994191291,
    "n_samples": 300
}