{
    "disease": "sifilis",
    "cod_mun": 3541653,
    "mae": 0.18335132963778536,
    "rmse": 1.5643057904491569,
    "r2": 0.002506063854707863,
    "n_samples": 300
}