{
    "disease": "tuberculose",
    "cod_mun": 3546603,
    "mae": 0.3620649211180719,
    "rmse": 1.0621114055421141,
    "r2": 0.13501217607063454,
    "n_samples": 300
}