{
    "disease": "sifilis",
    "cod_mun": 3518404,
    "mae": 0.3628783691218167,
    "rmse": 0.9158609995989049,
    "r2": -0.06276477276577386,
    "n_samples": 300
}