{
    "disease": "TX_tuberculose_00_23",
    "cod_mun": 3521606,
    "mae": 0.5436229863359282,
    "rmse": 1.2961515426214008,
    "r2": 0.0,
    "n_train": 251,
    "n_test": 12
}