{
    "disease": "hepatite",
    "cod_mun": 3507704,
    "mae": 0.839606211146693,
    "rmse": 3.402341755831672,
    "r2": 0.8241222213198736,
    "n_samples": 300
}