{
    "disease": "TX_hanseniase_00_23",
    "cod_mun": 3542206,
    "mae": 3.858431135614713,
    "rmse": 4.4407212960245745,
    "r2": 0.0,
    "n_train": 251,
    "n_test": 12
}