{
    "disease": "sifilis",
    "cod_mun": 3532801,
    "mae": 0.20023244296304513,
    "rmse": 1.2100275568629095,
    "r2": 0.004738085608894993,
    "n_samples": 300
}