{
    "disease": "TX_hanseniase_00_23",
    "cod_mun": 3506706,
    "mae": 0.34719374775886536,
    "rmse": 0.34719374775886536,
    "r2": 0.0,
    "n_train": 251,
    "n_test": 12
}