{
    "disease": "hiv_aids",
    "cod_mun": 3553500,
    "mae": 1.0266918252071862,
    "rmse": 2.4045676488141527,
    "r2": 0.09732734430992063,
    "n_samples": 300
}