{
    "disease": "hanseniase",
    "cod_mun": 3554409,
    "mae": 0.30235133547426735,
    "rmse": 1.3086320591964986,
    "r2": 0.001116827237131468,
    "n_samples": 300
}