{
    "disease": "hepatite",
    "cod_mun": 3536257,
    "mae": 2.0039692536520697,
    "rmse": 6.625325634113269,
    "r2": 0.12272902332878288,
    "n_samples": 300
}