{
    "disease": "hepatite",
    "cod_mun": 3520905,
    "mae": 0.3798928136594023,
    "rmse": 1.4807716343170134,
    "r2": 0.7130758524510385,
    "n_samples": 300
}