{
    "disease": "TX_sifilis_00_23",
    "cod_mun": 3551108,
    "mae": 0.0782141387462616,
    "rmse": 0.0782141387462616,
    "r2": 0.0,
    "n_train": 251,
    "n_test": 12
}