{
    "disease": "sifilis",
    "cod_mun": 3527603,
    "mae": 0.30159037386028525,
    "rmse": 1.0208356183481269,
    "r2": 0.44481851204261813,
    "n_samples": 300
}