{
    "disease": "TX_hiv_aids_00_23",
    "cod_mun": 3520509,
    "mae": 0.12773753700146695,
    "rmse": 0.13245762232130134,
    "r2": -0.6323797574236214,
    "n_train": 251,
    "n_test": 12
}