{
    "disease": "sifilis",
    "cod_mun": 3550209,
    "mae": 0.1199037411182442,
    "rmse": 0.5430536432050582,
    "r2": 0.026788581498045305,
    "n_samples": 300
}