{
    "disease": "hiv_aids",
    "cod_mun": 3538204,
    "mae": 1.3971417767898162,
    "rmse": 2.7222919756256854,
    "r2": 0.12219330803477779,
    "n_samples": 300
}