{
    "disease": "hanseniase",
    "cod_mun": 3539509,
    "mae": 0.4385060161543915,
    "rmse": 0.9141937027482435,
    "r2": 0.05637825501566207,
    "n_samples": 300
}