{
    "disease": "hanseniase",
    "cod_mun": 3524006,
    "mae": 0.2541930932443853,
    "rmse": 0.5580030487739859,
    "r2": 0.0826441104555592,
    "n_samples": 300
}