{
    "disease": "hiv_aids",
    "cod_mun": 3512902,
    "mae": 1.909955289708483,
    "rmse": 3.692306091797646,
    "r2": 0.30422194176800665,
    "n_samples": 300
}