{
    "disease": "hepatite",
    "cod_mun": 3555307,
    "mae": 5.894363946496078,
    "rmse": 17.474782456748564,
    "r2": 0.32137839526860656,
    "n_samples": 300
}