{
    "disease": "sifilis",
    "cod_mun": 3556354,
    "mae": 0.20198788691173544,
    "rmse": 1.2423721044532043,
    "r2": 0.041408410089699754,
    "n_samples": 300
}