{
    "disease": "TX_hiv_aids_00_23",
    "cod_mun": 3509809,
    "mae": 0.14810378228624663,
    "rmse": 0.14810520025484,
    "r2": 0.0,
    "n_train": 251,
    "n_test": 12
}