{
    "disease": "hepatite",
    "cod_mun": 3500303,
    "mae": 0.823497313134203,
    "rmse": 1.547221530308875,
    "r2": 0.09592007388434387,
    "n_samples": 300
}