{
    "disease": "hanseniase",
    "cod_mun": 3507456,
    "mae": 0.47557164510730493,
    "rmse": 3.552608919088005,
    "r2": 0.15909276955686635,
    "n_samples": 300
}