{
    "disease": "hanseniase",
    "cod_mun": 3521408,
    "mae": 0.07053972887907697,
    "rmse": 0.4301093988435055,
    "r2": 0.0015920974135810173,
    "n_samples": 300
}