{
    "disease": "hanseniase",
    "cod_mun": 3528809,
    "mae": 0.07236705382999731,
    "rmse": 0.47972055832850935,
    "r2": 0.7976617283184317,
    "n_samples": 300
}