{
    "disease": "tuberculose",
    "cod_mun": 3522505,
    "mae": 0.582882006481052,
    "rmse": 0.8363531758118496,
    "r2": 0.7189346994052035,
    "n_samples": 300
}