{
    "disease": "TX_hepatite_00_23",
    "cod_mun": 3541000,
    "mae": 0.008481313901332518,
    "rmse": 0.010103270905179401,
    "r2": 0.0,
    "n_train": 251,
    "n_test": 12
}