{
    "disease": "sifilis",
    "cod_mun": 3542701,
    "mae": 0.4424078171607428,
    "rmse": 1.6403383239907277,
    "r2": 0.07014271921989434,
    "n_samples": 300
}