{
    "disease": "sifilis",
    "cod_mun": 3540408,
    "mae": 0.006470237605732257,
    "rmse": 0.020690054337787162,
    "r2": 0.9997669305512259,
    "n_samples": 300
}