{
    "disease": "hanseniase",
    "cod_mun": 3541901,
    "mae": 0.20158676448616672,
    "rmse": 0.9967643792481086,
    "r2": 0.009615357936142765,
    "n_samples": 300
}