{
    "disease": "sifilis",
    "cod_mun": 3535002,
    "mae": 0.32746191839749145,
    "rmse": 1.1763626218028784,
    "r2": 0.006909143228846504,
    "n_samples": 300
}