{
    "disease": "TX_hiv_aids_00_23",
    "cod_mun": 3546306,
    "mae": 0.21878735348582268,
    "rmse": 0.21963836672737047,
    "r2": 0.0,
    "n_train": 251,
    "n_test": 12
}