{
    "disease": "hiv_aids",
    "cod_mun": 3506003,
    "mae": 1.4281366148172419,
    "rmse": 2.091033292648346,
    "r2": 0.439517107722058,
    "n_samples": 300
}