{
    "disease": "TX_sifilis_00_23",
    "cod_mun": 3501509,
    "mae": 5.920022640940864,
    "rmse": 13.85826233247532,
    "r2": -0.1573025764896998,
    "n_train": 251,
    "n_test": 12
}