{
    "disease": "TX_tuberculose_00_23",
    "cod_mun": 3523107,
    "mae": 0.2729826501962641,
    "rmse": 0.34773995274907726,
    "r2": -0.030275487818120173,
    "n_train": 251,
    "n_test": 12
}