{
    "disease": "TX_sifilis_00_23",
    "cod_mun": 3552551,
    "mae": 0.31970920755217475,
    "rmse": 0.7606969832795207,
    "r2": 0.0,
    "n_train": 251,
    "n_test": 12
}