{
    "disease": "TX_hanseniase_00_23",
    "cod_mun": 3530003,
    "mae": 0.21189278985063234,
    "rmse": 0.21190163138280085,
    "r2": 0.0,
    "n_train": 251,
    "n_test": 12
}