{
    "disease": "hepatite",
    "cod_mun": 3537909,
    "mae": 0.26367294210683023,
    "rmse": 0.7761541533679032,
    "r2": 0.005274650728896435,
    "n_samples": 300
}