{
    "disease": "sifilis",
    "cod_mun": 3536109,
    "mae": 0.7494872403031753,
    "rmse": 2.385446118540005,
    "r2": 0.051282334493600756,
    "n_samples": 300
}