{
    "disease": "hiv_aids",
    "cod_mun": 3529401,
    "mae": 0.3577121771984146,
    "rmse": 0.4977792713968976,
    "r2": 0.37200612452091375,
    "n_samples": 300
}