{
    "disease": "hepatite",
    "cod_mun": 3534104,
    "mae": 1.2389860030467537,
    "rmse": 3.0062978610893145,
    "r2": 0.08228349525167755,
    "n_samples": 300
}