{
    "disease": "TX_hepatite_00_23",
    "cod_mun": 3511003,
    "mae": 0.1172527087231477,
    "rmse": 0.15917300932233425,
    "r2": 0.0,
    "n_train": 251,
    "n_test": 12
}