{
    "disease": "TX_sifilis_00_23",
    "cod_mun": 3530409,
    "mae": 1.8096272167933407,
    "rmse": 6.268732564491051,
    "r2": -0.09090909090909083,
    "n_train": 251,
    "n_test": 12
}