{
    "disease": "TX_hanseniase_00_23",
    "cod_mun": 3524105,
    "mae": 0.16841727898766598,
    "rmse": 0.18881721048019637,
    "r2": 0.0,
    "n_train": 251,
    "n_test": 12
}