{
    "disease": "hepatite",
    "cod_mun": 3517604,
    "mae": 0.743131172302932,
    "rmse": 1.3334355203422341,
    "r2": 0.2630263018474568,
    "n_samples": 300
}