{
    "disease": "TX_hiv_aids_00_23",
    "cod_mun": 3511300,
    "mae": 4.119170318660484,
    "rmse": 5.618514690932343,
    "r2": -0.09509490144569033,
    "n_train": 251,
    "n_test": 12
}