{
    "disease": "TX_hanseniase_00_23",
    "cod_mun": 3512001,
    "mae": 0.084308922290802,
    "rmse": 0.084308922290802,
    "r2": 0.0,
    "n_train": 251,
    "n_test": 12
}