{
    "disease": "TX_tuberculose_00_23",
    "cod_mun": 3548708,
    "mae": 0.3188031468389152,
    "rmse": 0.3729907337602176,
    "r2": -1.3971148974594652,
    "n_train": 251,
    "n_test": 12
}