{
    "disease": "TX_hepatite_00_23",
    "cod_mun": 3538907,
    "mae": 0.138181130712231,
    "rmse": 0.1431235328245715,
    "r2": 0.0,
    "n_train": 251,
    "n_test": 12
}