{
    "disease": "sifilis",
    "cod_mun": 3540804,
    "mae": 0.24616145910414608,
    "rmse": 0.8741676806061693,
    "r2": 0.0005816118014971838,
    "n_samples": 300
}