{
    "disease": "hiv_aids",
    "cod_mun": 3541000,
    "mae": 0.4705992009228921,
    "rmse": 0.6309715370344708,
    "r2": 0.6381113059298928,
    "n_samples": 300
}