{
    "disease": "TX_sifilis_00_23",
    "cod_mun": 3531902,
    "mae": 0.026733635536705453,
    "rmse": 0.04875863707092827,
    "r2": 0.0,
    "n_train": 251,
    "n_test": 12
}