{
    "disease": "hiv_aids",
    "cod_mun": 3511003,
    "mae": 0.6501437486359463,
    "rmse": 1.3464294947890678,
    "r2": 0.050462002408653284,
    "n_samples": 300
}