{
    "disease": "hanseniase",
    "cod_mun": 3520806,
    "mae": 0.01585875893436053,
    "rmse": 0.12684840848483042,
    "r2": 0.9946936321377055,
    "n_samples": 300
}