{
    "disease": "hepatite",
    "cod_mun": 3517505,
    "mae": 0.5215855566268295,
    "rmse": 1.2254584303041893,
    "r2": 0.009900082754700001,
    "n_samples": 300
}