{
    "disease": "TX_hepatite_00_23",
    "cod_mun": 3546207,
    "mae": 1.5227153599262238,
    "rmse": 1.5371110108767556,
    "r2": 0.0,
    "n_train": 251,
    "n_test": 12
}