{
    "disease": "hanseniase",
    "cod_mun": 3554904,
    "mae": 0.0020854200115548037,
    "rmse": 0.007831303780115192,
    "r2": 0.9999448054147214,
    "n_samples": 300
}