{
    "disease": "tuberculose",
    "cod_mun": 3515103,
    "mae": 0.6038466353392509,
    "rmse": 0.9016330114617783,
    "r2": 0.16977612602207903,
    "n_samples": 300
}