{
    "disease": "hiv_aids",
    "cod_mun": 3536307,
    "mae": 0.09826521509818315,
    "rmse": 0.5913379161046948,
    "r2": 0.0011583797138448038,
    "n_samples": 300
}