{
    "disease": "hanseniase",
    "cod_mun": 3544509,
    "mae": 0.22445710454062304,
    "rmse": 1.8910142377113661,
    "r2": 0.00591775121813054,
    "n_samples": 300
}