{
    "disease": "sifilis",
    "cod_mun": 3520004,
    "mae": 0.21419767663235906,
    "rmse": 0.7995996961014861,
    "r2": 0.18051791712772736,
    "n_samples": 300
}