{
    "disease": "sifilis",
    "cod_mun": 3506300,
    "mae": 0.06237695763523681,
    "rmse": 0.5165877318122831,
    "r2": 0.0036866797718890787,
    "n_samples": 300
}