{
    "disease": "sifilis",
    "cod_mun": 3541653,
    "mae": 0.18392871231528976,
    "rmse": 1.5642894399215712,
    "r2": 0.002526915873517943,
    "n_samples": 300
}