{
    "disease": "sifilis",
    "cod_mun": 3531506,
    "mae": 0.19985671276483039,
    "rmse": 0.9399735484850522,
    "r2": 0.22153309324280945,
    "n_samples": 300
}