{
    "disease": "sifilis",
    "cod_mun": 3555505,
    "mae": 2.405806031797613,
    "rmse": 5.02417133727849,
    "r2": 0.3118438738750129,
    "n_samples": 300
}