{
    "disease": "TX_hepatite_00_23",
    "cod_mun": 3540309,
    "mae": 1.1415440539518993,
    "rmse": 1.9372016343242064,
    "r2": 0.0,
    "n_train": 251,
    "n_test": 12
}