{
    "disease": "TX_hanseniase_00_23",
    "cod_mun": 3556404,
    "mae": 0.06271759048104286,
    "rmse": 0.06272547423756543,
    "r2": 0.0,
    "n_train": 251,
    "n_test": 12
}