{
    "disease": "tuberculose",
    "cod_mun": 3549250,
    "mae": 0.4351011460438193,
    "rmse": 2.721334830203689,
    "r2": 0.15931415963611384,
    "n_samples": 300
}