{
    "disease": "hanseniase",
    "cod_mun": 3527603,
    "mae": 0.3886393576262169,
    "rmse": 1.2489370136270097,
    "r2": 0.1687742283019502,
    "n_samples": 300
}