{
    "disease": "TX_hiv_aids_00_23",
    "cod_mun": 3519907,
    "mae": 0.20197417587041855,
    "rmse": 0.25145737753643416,
    "r2": 0.0,
    "n_train": 251,
    "n_test": 12
}