{
    "disease": "hanseniase",
    "cod_mun": 3540754,
    "mae": 0.10266072128805706,
    "rmse": 0.5246302543197598,
    "r2": 0.0014463745630409752,
    "n_samples": 300
}