{
    "disease": "sifilis",
    "cod_mun": 3507159,
    "mae": 0.7201930704069778,
    "rmse": 3.1108343739795763,
    "r2": 0.001660032869268302,
    "n_samples": 300
}