{
    "disease": "hepatite",
    "cod_mun": 3541703,
    "mae": 0.5412576349691058,
    "rmse": 1.5750876195504866,
    "r2": 0.07486546545855455,
    "n_samples": 300
}