{
    "disease": "hepatite",
    "cod_mun": 3529104,
    "mae": 4.034839883349771,
    "rmse": 10.265306189305866,
    "r2": 0.2444690842183772,
    "n_samples": 300
}