{
    "disease": "TX_hanseniase_00_23",
    "cod_mun": 3518503,
    "mae": 0.015142844815272838,
    "rmse": 0.03321310502974932,
    "r2": 0.0,
    "n_train": 251,
    "n_test": 12
}