{
    "disease": "hiv_aids",
    "cod_mun": 3556008,
    "mae": 2.2588929252149845,
    "rmse": 3.5177864521222464,
    "r2": -0.022765948320566887,
    "n_samples": 300
}