{
    "disease": "TX_sifilis_00_23",
    "cod_mun": 3518008,
    "mae": 0.34380048559978604,
    "rmse": 1.0883882614352989,
    "r2": 0.0,
    "n_train": 251,
    "n_test": 12
}