{
    "disease": "TX_hiv_aids_00_23",
    "cod_mun": 3548807,
    "mae": 0.13035689494197797,
    "rmse": 0.2055064841215134,
    "r2": 0.1535128702566474,
    "n_train": 251,
    "n_test": 12
}