{
    "disease": "hiv_aids",
    "cod_mun": 3535507,
    "mae": 0.616722176201363,
    "rmse": 1.0513639990673858,
    "r2": 0.2623052216868993,
    "n_samples": 300
}