{
    "disease": "tuberculose",
    "cod_mun": 3543907,
    "mae": 0.3620885575062934,
    "rmse": 0.5463377670298317,
    "r2": 0.7017827578453442,
    "n_samples": 300
}