{
    "disease": "TX_tuberculose_00_23",
    "cod_mun": 3515103,
    "mae": 1.3998181523155377,
    "rmse": 1.7625806239557786,
    "r2": -0.21283287491427516,
    "n_train": 251,
    "n_test": 12
}