{
    "disease": "TX_sifilis_00_23",
    "cod_mun": 3549250,
    "mae": 0.002880545701676359,
    "rmse": 0.0030899489033866974,
    "r2": 0.0,
    "n_train": 251,
    "n_test": 12
}