{
    "disease": "hanseniase",
    "cod_mun": 3526407,
    "mae": 0.19191944543014577,
    "rmse": 0.6165854063603208,
    "r2": 0.01228498231338293,
    "n_samples": 300
}