{
    "disease": "TX_hiv_aids_00_23",
    "cod_mun": 3542107,
    "mae": 4.452896356582642,
    "rmse": 4.456755624778634,
    "r2": 0.0,
    "n_train": 251,
    "n_test": 12
}