{
    "disease": "hanseniase",
    "cod_mun": 3542909,
    "mae": 0.45993627122322667,
    "rmse": 1.1719796045968205,
    "r2": 0.023917952542951926,
    "n_samples": 300
}