{
    "disease": "TX_tuberculose_00_23",
    "cod_mun": 3545308,
    "mae": 0.4112286402964494,
    "rmse": 0.6093920343570775,
    "r2": 0.01901541192587075,
    "n_train": 251,
    "n_test": 12
}