{
    "disease": "sifilis",
    "cod_mun": 3536604,
    "mae": 0.30056576665992585,
    "rmse": 1.3189892350408061,
    "r2": 0.2052984005062355,
    "n_samples": 300
}