{
    "disease": "hiv_aids",
    "cod_mun": 3544202,
    "mae": 3.866587022956081,
    "rmse": 6.150303679719048,
    "r2": 0.4121823798586728,
    "n_samples": 300
}