{
    "disease": "hiv_aids",
    "cod_mun": 3541208,
    "mae": 2.103532259386802,
    "rmse": 3.089762969254786,
    "r2": 0.11212654478380679,
    "n_samples": 300
}