{
    "disease": "hiv_aids",
    "cod_mun": 3500709,
    "mae": 1.285284137468061,
    "rmse": 1.9383576491503074,
    "r2": 0.2951002492039757,
    "n_samples": 300
}