{
    "disease": "hiv_aids",
    "cod_mun": 3543600,
    "mae": 0.5430173674920843,
    "rmse": 2.780624216227398,
    "r2": -2.6958910436469807e-05,
    "n_samples": 300
}