{
    "disease": "hiv_aids",
    "cod_mun": 3543501,
    "mae": 0.20828130419770916,
    "rmse": 1.2393668416573274,
    "r2": 0.004973505692675184,
    "n_samples": 300
}