{
    "disease": "sifilis",
    "cod_mun": 3553955,
    "mae": 0.5009337634141202,
    "rmse": 1.2572290525963068,
    "r2": 0.5331291806792088,
    "n_samples": 300
}