{
    "disease": "TX_tuberculose_00_23",
    "cod_mun": 3539400,
    "mae": 1.133718904258923,
    "rmse": 1.833922610449795,
    "r2": -0.006550106648392617,
    "n_train": 251,
    "n_test": 12
}