{
    "disease": "sifilis",
    "cod_mun": 3554904,
    "mae": 0.3482416861004053,
    "rmse": 1.7211554602444543,
    "r2": 0.007189371555958224,
    "n_samples": 300
}