{
    "disease": "hanseniase",
    "cod_mun": 3548500,
    "mae": 0.06339158297097755,
    "rmse": 0.0841433812871662,
    "r2": -0.05118674083493646,
    "n_samples": 300
}