{
    "disease": "hepatite",
    "cod_mun": 3536570,
    "mae": 12.507246745260803,
    "rmse": 20.925576529993688,
    "r2": 0.142241288016133,
    "n_samples": 300
}