{
    "disease": "hiv_aids",
    "cod_mun": 3516804,
    "mae": 0.5015137128739314,
    "rmse": 2.4883074350125116,
    "r2": 0.0013234346890854676,
    "n_samples": 300
}