{
    "disease": "hiv_aids",
    "cod_mun": 3548906,
    "mae": 0.8328862655112562,
    "rmse": 1.2376431813501065,
    "r2": 0.5743900358639695,
    "n_samples": 300
}