{
    "disease": "hanseniase",
    "cod_mun": 3546900,
    "mae": 0.18980266470879725,
    "rmse": 1.0842098297270208,
    "r2": 0.6870337500729129,
    "n_samples": 300
}