{
    "disease": "hanseniase",
    "cod_mun": 3539806,
    "mae": 0.01896285440595057,
    "rmse": 0.09324892001993533,
    "r2": 0.0038202753964298175,
    "n_samples": 300
}