{
    "disease": "sifilis",
    "cod_mun": 3531605,
    "mae": 0.4801629495777065,
    "rmse": 3.0806796111234123,
    "r2": 0.003762424140007492,
    "n_samples": 300
}