{
    "disease": "TX_hepatite_00_23",
    "cod_mun": 3532801,
    "mae": 0.23558363566795984,
    "rmse": 0.2719260278544528,
    "r2": 0.0,
    "n_train": 251,
    "n_test": 12
}