{
    "disease": "hepatite",
    "cod_mun": 3522703,
    "mae": 0.525218679087079,
    "rmse": 0.9135541084065629,
    "r2": 0.13365230898603075,
    "n_samples": 300
}