{
    "disease": "TX_hepatite_00_23",
    "cod_mun": 3543253,
    "mae": 14.808834469311899,
    "rmse": 15.320282152013514,
    "r2": -0.3930381785563275,
    "n_train": 251,
    "n_test": 12
}