{
    "disease": "hiv_aids",
    "cod_mun": 3501509,
    "mae": 0.8677450391286204,
    "rmse": 3.7856402298438265,
    "r2": 0.004703974792658494,
    "n_samples": 300
}