{
    "disease": "hanseniase",
    "cod_mun": 3522406,
    "mae": 0.0776086088124746,
    "rmse": 0.22633287934404125,
    "r2": 0.06570892127582717,
    "n_samples": 300
}