{
    "disease": "hiv_aids",
    "cod_mun": 3535200,
    "mae": 0.7246408912647708,
    "rmse": 2.211848702194325,
    "r2": 0.07620958659384525,
    "n_samples": 300
}