{
    "disease": "sifilis",
    "cod_mun": 3501301,
    "mae": 0.2724545427772154,
    "rmse": 0.9844430753050419,
    "r2": 0.3216200431865981,
    "n_samples": 300
}