{
    "disease": "tuberculose",
    "cod_mun": 3546702,
    "mae": 1.4828599654899757,
    "rmse": 2.7025345266323924,
    "r2": 0.16959053435989058,
    "n_samples": 300
}