{
    "disease": "hanseniase",
    "cod_mun": 3500402,
    "mae": 0.09580204637110726,
    "rmse": 0.5884858808751896,
    "r2": 0.6964261964705538,
    "n_samples": 300
}