{
    "disease": "hepatite",
    "cod_mun": 3514205,
    "mae": 0.00812532884877219,
    "rmse": 0.02962946357943503,
    "r2": 0.9998646718929737,
    "n_samples": 300
}