{
    "disease": "TX_hiv_aids_00_23",
    "cod_mun": 3556800,
    "mae": 0.36665045718352,
    "rmse": 0.37198724753229373,
    "r2": 0.0,
    "n_train": 251,
    "n_test": 12
}