{
    "disease": "sifilis",
    "cod_mun": 3520426,
    "mae": 0.4025166055040251,
    "rmse": 1.2525466391416988,
    "r2": 0.08484478704115639,
    "n_samples": 300
}