{
    "disease": "hiv_aids",
    "cod_mun": 3545803,
    "mae": 0.4358328152455428,
    "rmse": 0.5992082322471806,
    "r2": 0.3260624954298199,
    "n_samples": 300
}