{
    "disease": "hiv_aids",
    "cod_mun": 3523206,
    "mae": 0.0868524573618402,
    "rmse": 0.28459419912285816,
    "r2": 0.17883737927434573,
    "n_samples": 300
}