{
    "disease": "TX_hepatite_00_23",
    "cod_mun": 3556453,
    "mae": 0.014589376204336682,
    "rmse": 0.015977621970288777,
    "r2": 0.0,
    "n_train": 251,
    "n_test": 12
}