{
    "disease": "TX_sifilis_00_23",
    "cod_mun": 3534906,
    "mae": 1.440094059034955,
    "rmse": 3.0598978998586057,
    "r2": -0.08423111205772882,
    "n_train": 251,
    "n_test": 12
}