{
    "disease": "hiv_aids",
    "cod_mun": 3507001,
    "mae": 0.7416453593906803,
    "rmse": 1.1370305854835405,
    "r2": 0.14771778538635383,
    "n_samples": 300
}