{
    "disease": "TX_sifilis_00_23",
    "cod_mun": 3528601,
    "mae": 0.31825093428293866,
    "rmse": 0.3198385159880795,
    "r2": 0.0,
    "n_train": 251,
    "n_test": 12
}