{
    "disease": "TX_hanseniase_00_23",
    "cod_mun": 3511508,
    "mae": 0.027500842077036698,
    "rmse": 0.02750084844386645,
    "r2": 0.0,
    "n_train": 251,
    "n_test": 12
}