{
    "disease": "tuberculose",
    "cod_mun": 3524501,
    "mae": 0.23495891345005845,
    "rmse": 1.4401288013949878,
    "r2": 0.0022647039259989787,
    "n_samples": 300
}