{
    "disease": "hanseniase",
    "cod_mun": 3507001,
    "mae": 0.08803333994341228,
    "rmse": 0.2963117086184281,
    "r2": 0.3235008321301821,
    "n_samples": 300
}