{
    "disease": "TX_hepatite_00_23",
    "cod_mun": 3548807,
    "mae": 0.014265016482871337,
    "rmse": 0.02821784406682115,
    "r2": 0.0,
    "n_train": 251,
    "n_test": 12
}