{
    "disease": "hiv_aids",
    "cod_mun": 3541703,
    "mae": 1.4625781245348026,
    "rmse": 2.5891067482720582,
    "r2": 0.03608105810933626,
    "n_samples": 300
}