{
    "disease": "TX_hiv_aids_00_23",
    "cod_mun": 3511508,
    "mae": 0.1319381290425857,
    "rmse": 0.1632203086029415,
    "r2": 0.0,
    "n_train": 251,
    "n_test": 12
}