{
    "disease": "TX_hepatite_00_23",
    "cod_mun": 3520905,
    "mae": 0.05984622269170359,
    "rmse": 0.14148591720996112,
    "r2": 0.0,
    "n_train": 251,
    "n_test": 12
}