{
    "disease": "TX_hepatite_00_23",
    "cod_mun": 3505906,
    "mae": 0.4901968221482233,
    "rmse": 0.5445250978361024,
    "r2": -0.3668786775566928,
    "n_train": 251,
    "n_test": 12
}