{
    "disease": "hepatite",
    "cod_mun": 3533601,
    "mae": 0.09168908685853927,
    "rmse": 0.8500712271725647,
    "r2": 0.8482774713909675,
    "n_samples": 300
}