{
    "disease": "hanseniase",
    "cod_mun": 3531209,
    "mae": 0.2661863170126963,
    "rmse": 1.3682842916697935,
    "r2": 5.333306914434566e-06,
    "n_samples": 300
}