{
    "disease": "TX_hiv_aids_00_23",
    "cod_mun": 3551702,
    "mae": 0.9244290492711486,
    "rmse": 1.0552656345984075,
    "r2": -0.9952278757091195,
    "n_train": 251,
    "n_test": 12
}