{
    "disease": "tuberculose",
    "cod_mun": 3536604,
    "mae": 0.37411934832146276,
    "rmse": 1.4260456441953102,
    "r2": 0.008032401870422867,
    "n_samples": 300
}