{
    "disease": "hiv_aids",
    "cod_mun": 3532868,
    "mae": 3.1691056346772526,
    "rmse": 11.503280572713738,
    "r2": 0.17385198761143295,
    "n_samples": 300
}