{
    "disease": "sifilis",
    "cod_mun": 3543402,
    "mae": 0.15723541630974902,
    "rmse": 0.2080762614076977,
    "r2": 0.5733248346248263,
    "n_samples": 300
}