{
    "disease": "TX_sifilis_00_23",
    "cod_mun": 3540903,
    "mae": 0.6284602362246688,
    "rmse": 1.6680371124605278,
    "r2": -0.056976912064198526,
    "n_train": 251,
    "n_test": 12
}