{
    "disease": "hanseniase",
    "cod_mun": 3516705,
    "mae": 0.0866639099352402,
    "rmse": 0.2876630415199171,
    "r2": 0.04719950342266477,
    "n_samples": 300
}