{
    "disease": "TX_hepatite_00_23",
    "cod_mun": 3521309,
    "mae": 1.0772214597985075,
    "rmse": 1.9128803672456107,
    "r2": -0.001987258526517266,
    "n_train": 251,
    "n_test": 12
}