{
    "disease": "hepatite",
    "cod_mun": 3538204,
    "mae": 0.2321555890082801,
    "rmse": 0.9991374867186853,
    "r2": 0.31716010026846153,
    "n_samples": 300
}