{
    "disease": "sifilis",
    "cod_mun": 3529005,
    "mae": 0.3275893749069187,
    "rmse": 0.4983753939508718,
    "r2": 0.5737480811173764,
    "n_samples": 300
}