{
    "disease": "hanseniase",
    "cod_mun": 3507308,
    "mae": 0.16066480875469166,
    "rmse": 1.2920506999801733,
    "r2": 0.00985061394133746,
    "n_samples": 300
}