{
    "disease": "hiv_aids",
    "cod_mun": 3509007,
    "mae": 0.6219187451602096,
    "rmse": 0.8436083192030039,
    "r2": 0.05728272307202986,
    "n_samples": 300
}