{
    "disease": "TX_hiv_aids_00_23",
    "cod_mun": 3523602,
    "mae": 2.027245311793836,
    "rmse": 2.8125522710299315,
    "r2": -0.10133992419438798,
    "n_train": 251,
    "n_test": 12
}