{
    "disease": "TX_hiv_aids_00_23",
    "cod_mun": 3533700,
    "mae": 0.6956383734941483,
    "rmse": 0.6956401699649009,
    "r2": 0.0,
    "n_train": 251,
    "n_test": 12
}