{
    "disease": "TX_hanseniase_00_23",
    "cod_mun": 3529708,
    "mae": 1.4990398951688875,
    "rmse": 2.4182708205824333,
    "r2": -0.14008949900962975,
    "n_train": 251,
    "n_test": 12
}