{
    "disease": "hepatite",
    "cod_mun": 3531001,
    "mae": 1.223252986006667,
    "rmse": 5.302627021007941,
    "r2": 0.0008240537758464894,
    "n_samples": 300
}