{
    "disease": "hanseniase",
    "cod_mun": 3506904,
    "mae": 0.22882069315883977,
    "rmse": 1.137711089619102,
    "r2": 0.004284609226228864,
    "n_samples": 300
}