{
    "disease": "TX_hiv_aids_00_23",
    "cod_mun": 3526209,
    "mae": 0.9076231171480265,
    "rmse": 1.4082964592811078,
    "r2": 0.006868389422540089,
    "n_train": 251,
    "n_test": 12
}