{
    "disease": "hepatite",
    "cod_mun": 3509957,
    "mae": 0.667030096596048,
    "rmse": 2.4866781741751027,
    "r2": 0.199849731828734,
    "n_samples": 300
}