{
    "disease": "tuberculose",
    "cod_mun": 3525805,
    "mae": 0.4511475844514063,
    "rmse": 2.26514901353861,
    "r2": 0.004609143706026053,
    "n_samples": 300
}