{
    "disease": "TX_hiv_aids_00_23",
    "cod_mun": 3540507,
    "mae": 0.8122718433539072,
    "rmse": 1.0673028744636688,
    "r2": 0.0,
    "n_train": 251,
    "n_test": 12
}