{
    "disease": "TX_hepatite_00_23",
    "cod_mun": 3529807,
    "mae": 0.11778952926397324,
    "rmse": 0.11778952926397324,
    "r2": 0.0,
    "n_train": 251,
    "n_test": 12
}