{
    "disease": "sifilis",
    "cod_mun": 3553302,
    "mae": 0.22840433525557075,
    "rmse": 0.7872075782094252,
    "r2": 0.0028359738284300384,
    "n_samples": 300
}