{
    "disease": "sifilis",
    "cod_mun": 3500600,
    "mae": 0.44891741864001894,
    "rmse": 2.8077255731619624,
    "r2": 0.00027435407807219203,
    "n_samples": 300
}