{
    "disease": "hiv_aids",
    "cod_mun": 3535002,
    "mae": 2.241556666050532,
    "rmse": 4.311690638571193,
    "r2": -0.020103627653595524,
    "n_samples": 300
}