{
    "disease": "sifilis",
    "cod_mun": 3554656,
    "mae": 0.21342388979685395,
    "rmse": 1.8281840350586385,
    "r2": 0.002399940147700619,
    "n_samples": 300
}