{
    "disease": "tuberculose",
    "cod_mun": 3523602,
    "mae": 2.0424261917246667,
    "rmse": 3.063722359478917,
    "r2": 0.13922196745467652,
    "n_samples": 300
}