{
    "disease": "sifilis",
    "cod_mun": 3525508,
    "mae": 0.16362830286193697,
    "rmse": 0.6939164102857397,
    "r2": 0.1520439986904003,
    "n_samples": 300
}