{
    "disease": "TX_tuberculose_00_23",
    "cod_mun": 3539202,
    "mae": 0.011317043409993252,
    "rmse": 0.015253403558168465,
    "r2": 0.0,
    "n_train": 251,
    "n_test": 12
}