{
    "disease": "hiv_aids",
    "cod_mun": 3510104,
    "mae": 0.378120502744576,
    "rmse": 2.9871387778169516,
    "r2": 0.6543168956029543,
    "n_samples": 300
}