{
    "disease": "TX_hanseniase_00_23",
    "cod_mun": 3514007,
    "mae": 0.007863114869299656,
    "rmse": 0.016484692412466955,
    "r2": 0.0,
    "n_train": 251,
    "n_test": 12
}