{
    "disease": "TX_hanseniase_00_23",
    "cod_mun": 3542701,
    "mae": 0.009375719237141311,
    "rmse": 0.009588070740770834,
    "r2": 0.0,
    "n_train": 251,
    "n_test": 12
}