{
    "disease": "TX_hanseniase_00_23",
    "cod_mun": 3537008,
    "mae": 0.03060338677217563,
    "rmse": 0.06154132196027039,
    "r2": 0.0,
    "n_train": 251,
    "n_test": 12
}