{
    "disease": "hiv_aids",
    "cod_mun": 3515129,
    "mae": 2.905761341016435,
    "rmse": 7.059821833449246,
    "r2": 0.08146487283843884,
    "n_samples": 300
}