{
    "disease": "tuberculose",
    "cod_mun": 3557204,
    "mae": 0.1612505010435747,
    "rmse": 0.8024909839516242,
    "r2": 0.0005164986144082784,
    "n_samples": 300
}