{
    "disease": "hanseniase",
    "cod_mun": 3509403,
    "mae": 0.4044189716424942,
    "rmse": 0.9159283151282116,
    "r2": 0.04418216310375411,
    "n_samples": 300
}