{
    "disease": "sifilis",
    "cod_mun": 3526605,
    "mae": 0.4231741553465721,
    "rmse": 1.5773331876193675,
    "r2": 0.12039960199716215,
    "n_samples": 300
}