{
    "disease": "hepatite",
    "cod_mun": 3552809,
    "mae": 0.14923585040991388,
    "rmse": 0.2705247198855488,
    "r2": 0.3936591306055258,
    "n_samples": 300
}