{
    "disease": "hiv_aids",
    "cod_mun": 3530409,
    "mae": 7.578556048388157,
    "rmse": 12.720278104178037,
    "r2": 0.1555118340614129,
    "n_samples": 300
}