{
    "disease": "sifilis",
    "cod_mun": 3501103,
    "mae": 0.32950158086037634,
    "rmse": 1.9631278552638367,
    "r2": 0.006479050652552609,
    "n_samples": 300
}