{
    "disease": "TX_tuberculose_00_23",
    "cod_mun": 3515509,
    "mae": 0.3696007416730938,
    "rmse": 0.428389042195815,
    "r2": -0.23939538931231774,
    "n_train": 251,
    "n_test": 12
}