{
    "disease": "TX_tuberculose_00_23",
    "cod_mun": 3503604,
    "mae": 1.7218342534406201,
    "rmse": 2.914033767648962,
    "r2": -0.0686959486835419,
    "n_train": 251,
    "n_test": 12
}