{
    "disease": "TX_tuberculose_00_23",
    "cod_mun": 3515004,
    "mae": 0.3704451422100002,
    "rmse": 0.436783608842665,
    "r2": -0.19983759448500038,
    "n_train": 251,
    "n_test": 12
}