{
    "disease": "TX_hanseniase_00_23",
    "cod_mun": 3547809,
    "mae": 0.016429702906558912,
    "rmse": 0.01645780849050896,
    "r2": 0.0,
    "n_train": 251,
    "n_test": 12
}