{
    "disease": "TX_hiv_aids_00_23",
    "cod_mun": 3511201,
    "mae": 1.8586133619149525,
    "rmse": 1.9029801028741162,
    "r2": 0.0,
    "n_train": 251,
    "n_test": 12
}