{
    "disease": "TX_sifilis_00_23",
    "cod_mun": 3516705,
    "mae": 0.871592142247931,
    "rmse": 1.0132602250599154,
    "r2": 0.0617112875751199,
    "n_train": 251,
    "n_test": 12
}