{
    "disease": "TX_tuberculose_00_23",
    "cod_mun": 3511300,
    "mae": 0.11259448070389529,
    "rmse": 0.34613854257651844,
    "r2": 0.0,
    "n_train": 251,
    "n_test": 12
}