{
    "disease": "TX_hanseniase_00_23",
    "cod_mun": 3519303,
    "mae": 0.048637669533491135,
    "rmse": 0.048637669533491135,
    "r2": 0.0,
    "n_train": 251,
    "n_test": 12
}