{
    "disease": "hiv_aids",
    "cod_mun": 3515004,
    "mae": 0.46013740657623337,
    "rmse": 0.5877936357889851,
    "r2": 0.12088223143074162,
    "n_samples": 300
}