{
    "disease": "hiv_aids",
    "cod_mun": 3525003,
    "mae": 0.6014008753851466,
    "rmse": 0.727570328492444,
    "r2": 0.05245191837351648,
    "n_samples": 300
}