{
    "disease": "tuberculose",
    "cod_mun": 3536406,
    "mae": 0.7472401737784775,
    "rmse": 2.276172000546965,
    "r2": 0.0614894024545003,
    "n_samples": 300
}