{
    "disease": "sifilis",
    "cod_mun": 3541406,
    "mae": 0.32516526404012247,
    "rmse": 0.4245096281555909,
    "r2": 0.19847628487873736,
    "n_samples": 300
}