{
    "disease": "hiv_aids",
    "cod_mun": 3520426,
    "mae": 1.6685706503878317,
    "rmse": 3.779027312904227,
    "r2": 0.2281474788450223,
    "n_samples": 300
}