{
    "disease": "TX_hanseniase_00_23",
    "cod_mun": 3529104,
    "mae": 0.16296207318858555,
    "rmse": 0.5374024529788454,
    "r2": 0.0,
    "n_train": 251,
    "n_test": 12
}