{
    "disease": "TX_hiv_aids_00_23",
    "cod_mun": 3554300,
    "mae": 0.831157009185592,
    "rmse": 1.255887427339986,
    "r2": -0.019159278051741557,
    "n_train": 251,
    "n_test": 12
}