{
    "disease": "TX_sifilis_00_23",
    "cod_mun": 3526605,
    "mae": 0.19036240627368292,
    "rmse": 0.19036263995297664,
    "r2": 0.0,
    "n_train": 251,
    "n_test": 12
}