{
    "disease": "hepatite",
    "cod_mun": 3532843,
    "mae": 0.9813469469325362,
    "rmse": 4.473882301350967,
    "r2": 0.6225690030809337,
    "n_samples": 300
}