{
    "disease": "TX_hepatite_00_23",
    "cod_mun": 3503000,
    "mae": 1.9081855658257314,
    "rmse": 5.295887161179664,
    "r2": -0.07816580855792488,
    "n_train": 251,
    "n_test": 12
}