{
    "disease": "tuberculose",
    "cod_mun": 3502309,
    "mae": 0.6441844971960904,
    "rmse": 2.2439639978177652,
    "r2": 0.05429849533804321,
    "n_samples": 300
}