{
    "disease": "hiv_aids",
    "cod_mun": 3550407,
    "mae": 1.6699883820555803,
    "rmse": 2.0912807677423535,
    "r2": -0.2983852195633523,
    "n_samples": 300
}