{
    "disease": "tuberculose",
    "cod_mun": 3531704,
    "mae": 0.14926466147192077,
    "rmse": 0.8776328481439826,
    "r2": 0.9757193894542936,
    "n_samples": 300
}