{
    "disease": "hiv_aids",
    "cod_mun": 3517406,
    "mae": 1.0781235483580558,
    "rmse": 2.0230220216909354,
    "r2": -0.2636082111302729,
    "n_samples": 300
}