{
    "disease": "TX_hanseniase_00_23",
    "cod_mun": 3551009,
    "mae": 0.10648270402245545,
    "rmse": 0.14454190054460142,
    "r2": 0.037464164051990156,
    "n_train": 251,
    "n_test": 12
}