{
    "disease": "hiv_aids",
    "cod_mun": 3511003,
    "mae": 0.45960300375911745,
    "rmse": 1.3822925455432793,
    "r2": -0.000794815931109305,
    "n_samples": 300
}