{
    "disease": "tuberculose",
    "cod_mun": 3507902,
    "mae": 0.3865204364803643,
    "rmse": 0.9379998435355538,
    "r2": 0.042396265384105014,
    "n_samples": 300
}