{
    "disease": "TX_hanseniase_00_23",
    "cod_mun": 3503208,
    "mae": 0.04876203959186872,
    "rmse": 0.049442197706616904,
    "r2": 0.0,
    "n_train": 251,
    "n_test": 12
}