{
    "disease": "TX_hanseniase_00_23",
    "cod_mun": 3552403,
    "mae": 0.016338234146436054,
    "rmse": 0.02441079413568795,
    "r2": 0.0,
    "n_train": 251,
    "n_test": 12
}