{
    "disease": "TX_sifilis_00_23",
    "cod_mun": 3542602,
    "mae": 0.6757601489169346,
    "rmse": 0.7440879812537022,
    "r2": 0.010055543551153012,
    "n_train": 251,
    "n_test": 12
}