{
    "disease": "hanseniase",
    "cod_mun": 3503208,
    "mae": 0.0954523481172126,
    "rmse": 0.1765351222088263,
    "r2": 0.05319881560609507,
    "n_samples": 300
}