{
    "disease": "sifilis",
    "cod_mun": 3555000,
    "mae": 0.23193083599382902,
    "rmse": 0.609086055981289,
    "r2": 0.06676451333770461,
    "n_samples": 300
}