{
    "disease": "hanseniase",
    "cod_mun": 3531506,
    "mae": 0.17022821662256746,
    "rmse": 0.6760255432200281,
    "r2": 0.12843010864103654,
    "n_samples": 300
}