{
    "disease": "hiv_aids",
    "cod_mun": 3536406,
    "mae": 1.9672983207749895,
    "rmse": 4.038145503508056,
    "r2": 0.15165831157893483,
    "n_samples": 300
}