{
    "disease": "hiv_aids",
    "cod_mun": 3551207,
    "mae": 0.33841513267193385,
    "rmse": 2.09751814981901,
    "r2": 4.499606411090262e-05,
    "n_samples": 300
}