{
    "disease": "TX_hepatite_00_23",
    "cod_mun": 3533403,
    "mae": 0.11183648556470871,
    "rmse": 0.11294498970130638,
    "r2": 0.0,
    "n_train": 251,
    "n_test": 12
}