{
    "disease": "hanseniase",
    "cod_mun": 3508108,
    "mae": 0.1306334635620208,
    "rmse": 0.6553532519993598,
    "r2": 0.0009360440971719619,
    "n_samples": 300
}