{
    "disease": "hiv_aids",
    "cod_mun": 3530003,
    "mae": 0.23873320718934177,
    "rmse": 2.0244185942513027,
    "r2": 0.007134024800889094,
    "n_samples": 300
}