{
    "disease": "TX_tuberculose_00_23",
    "cod_mun": 3514700,
    "mae": 0.007717094772184889,
    "rmse": 0.007718121551154845,
    "r2": 0.0,
    "n_train": 251,
    "n_test": 12
}