{
    "disease": "tuberculose",
    "cod_mun": 3510807,
    "mae": 0.8080666722560511,
    "rmse": 1.3656163661646248,
    "r2": 0.1665198223287483,
    "n_samples": 300
}