{
    "disease": "sifilis",
    "cod_mun": 3535606,
    "mae": 0.2923135328234732,
    "rmse": 0.9079222717702168,
    "r2": 0.0007469211895724248,
    "n_samples": 300
}