{
    "disease": "sifilis",
    "cod_mun": 3553708,
    "mae": 0.29558507265737083,
    "rmse": 0.7592586902205898,
    "r2": -0.03444303641005009,
    "n_samples": 300
}