{
    "disease": "TX_hanseniase_00_23",
    "cod_mun": 3529906,
    "mae": 0.081704281270504,
    "rmse": 0.081704281270504,
    "r2": 0.0,
    "n_train": 251,
    "n_test": 12
}