{
    "disease": "hiv_aids",
    "cod_mun": 3512803,
    "mae": 9.671383840491181,
    "rmse": 12.61868370717429,
    "r2": -3.5999359021626427,
    "n_samples": 300
}