{
    "disease": "hiv_aids",
    "cod_mun": 3528304,
    "mae": 2.4424671932676802,
    "rmse": 7.019478919129225,
    "r2": 0.07664139855168461,
    "n_samples": 300
}