{
    "disease": "TX_hepatite_00_23",
    "cod_mun": 3533700,
    "mae": 9.861854908179401,
    "rmse": 10.192962622064497,
    "r2": -0.03842410971242449,
    "n_train": 251,
    "n_test": 12
}