{
    "disease": "TX_hanseniase_00_23",
    "cod_mun": 3526308,
    "mae": 0.07743581384420395,
    "rmse": 0.07743581384420395,
    "r2": 0.0,
    "n_train": 251,
    "n_test": 12
}