{
    "disease": "hiv_aids",
    "cod_mun": 3529807,
    "mae": 0.8301601280145896,
    "rmse": 1.9953611621332275,
    "r2": 0.09588402034576671,
    "n_samples": 300
}