{
    "disease": "TX_hanseniase_00_23",
    "cod_mun": 3511003,
    "mae": 0.3643805409471194,
    "rmse": 0.36438210659982806,
    "r2": 0.0,
    "n_train": 251,
    "n_test": 12
}