{
    "disease": "tuberculose",
    "cod_mun": 3534005,
    "mae": 0.9107170710390589,
    "rmse": 2.9475310562124166,
    "r2": 0.5971826271194782,
    "n_samples": 300
}