{
    "disease": "hiv_aids",
    "cod_mun": 3551603,
    "mae": 1.7033332023931564,
    "rmse": 2.369422980452077,
    "r2": 0.14000355899028383,
    "n_samples": 300
}