{
    "disease": "TX_hiv_aids_00_23",
    "cod_mun": 3536802,
    "mae": 0.003015471544737617,
    "rmse": 0.003386647815305173,
    "r2": 0.0,
    "n_train": 251,
    "n_test": 12
}