{
    "disease": "hepatite",
    "cod_mun": 3526001,
    "mae": 0.7675186376077724,
    "rmse": 1.5742029026803364,
    "r2": 0.18429528959530184,
    "n_samples": 300
}