{
    "disease": "sifilis",
    "cod_mun": 3501509,
    "mae": 1.1068064316862396,
    "rmse": 3.9560474584189786,
    "r2": 0.10251712779687971,
    "n_samples": 300
}