{
    "disease": "TX_hiv_aids_00_23",
    "cod_mun": 3509957,
    "mae": 2.018950414785328,
    "rmse": 5.759878809903368,
    "r2": -0.06588046575062023,
    "n_train": 251,
    "n_test": 12
}