{
    "disease": "sifilis",
    "cod_mun": 3512506,
    "mae": 0.22978356365191133,
    "rmse": 1.395830872346101,
    "r2": 0.0041576853936998726,
    "n_samples": 300
}