{
    "disease": "TX_hepatite_00_23",
    "cod_mun": 3503307,
    "mae": 0.06087592259670297,
    "rmse": 0.06704967382708066,
    "r2": 0.0,
    "n_train": 251,
    "n_test": 12
}