{
    "disease": "tuberculose",
    "cod_mun": 3532900,
    "mae": 0.5326693134045623,
    "rmse": 1.613225614806501,
    "r2": 0.5721748424575923,
    "n_samples": 300
}