{
    "disease": "TX_hiv_aids_00_23",
    "cod_mun": 3550407,
    "mae": 1.0872287482366427,
    "rmse": 1.140925316204092,
    "r2": -0.05546031598227619,
    "n_train": 251,
    "n_test": 12
}