{
    "disease": "hiv_aids",
    "cod_mun": 3521101,
    "mae": 0.22686429582255835,
    "rmse": 1.1077408015141568,
    "r2": 0.0646086611858051,
    "n_samples": 300
}