{
    "disease": "TX_tuberculose_00_23",
    "cod_mun": 3520806,
    "mae": 0.11410011351108551,
    "rmse": 0.11410011351108551,
    "r2": 0.0,
    "n_train": 251,
    "n_test": 12
}