{
    "disease": "TX_tuberculose_00_23",
    "cod_mun": 3528858,
    "mae": 2.9653182005454144,
    "rmse": 8.62446510168003,
    "r2": -0.05717037191779473,
    "n_train": 251,
    "n_test": 12
}