{
    "disease": "hanseniase",
    "cod_mun": 3548906,
    "mae": 0.09267718051748952,
    "rmse": 0.13721297812153435,
    "r2": -0.0006127981575387853,
    "n_samples": 300
}