{
    "disease": "TX_hepatite_00_23",
    "cod_mun": 3552403,
    "mae": 0.0030244982772273943,
    "rmse": 0.0071833450132517225,
    "r2": 0.0,
    "n_train": 251,
    "n_test": 12
}