{
    "disease": "hiv_aids",
    "cod_mun": 3553955,
    "mae": 0.568898154863719,
    "rmse": 1.587198028660582,
    "r2": 0.33148761400790017,
    "n_samples": 300
}