{
    "disease": "tuberculose",
    "cod_mun": 3530300,
    "mae": 0.2619233121967143,
    "rmse": 0.5182470991279604,
    "r2": 0.037610333699629406,
    "n_samples": 300
}