{
    "disease": "TX_hiv_aids_00_23",
    "cod_mun": 3541000,
    "mae": 0.15495026937644066,
    "rmse": 0.1821962632939934,
    "r2": -0.015017561318704686,
    "n_train": 251,
    "n_test": 12
}