{
    "disease": "TX_hiv_aids_00_23",
    "cod_mun": 3544251,
    "mae": 1.3154569087816756,
    "rmse": 1.9748009309517798,
    "r2": -0.5168401536610738,
    "n_train": 251,
    "n_test": 12
}