{
    "disease": "TX_hepatite_00_23",
    "cod_mun": 3531001,
    "mae": 0.5130285173654556,
    "rmse": 0.513028684013751,
    "r2": 0.0,
    "n_train": 251,
    "n_test": 12
}