{
    "disease": "TX_hiv_aids_00_23",
    "cod_mun": 3550704,
    "mae": 0.35882797340552014,
    "rmse": 0.3632812338606932,
    "r2": 0.0,
    "n_train": 251,
    "n_test": 12
}