{
    "disease": "hanseniase",
    "cod_mun": 3534104,
    "mae": 0.1100833867924266,
    "rmse": 0.9468119596949783,
    "r2": 0.002844065922319783,
    "n_samples": 300
}