{
    "disease": "sifilis",
    "cod_mun": 3548302,
    "mae": 1.1010482788885418,
    "rmse": 6.1361576179362975,
    "r2": 0.007716698359259144,
    "n_samples": 300
}