{
    "disease": "TX_hepatite_00_23",
    "cod_mun": 3502705,
    "mae": 0.45253780608375865,
    "rmse": 0.48905027914333393,
    "r2": 0.0,
    "n_train": 251,
    "n_test": 12
}