{
    "disease": "TX_hiv_aids_00_23",
    "cod_mun": 3530102,
    "mae": 0.37834542741378147,
    "rmse": 0.46456881405355693,
    "r2": 0.0,
    "n_train": 251,
    "n_test": 12
}