{
    "disease": "sifilis",
    "cod_mun": 3503208,
    "mae": 0.25774039107811964,
    "rmse": 0.3318802427782192,
    "r2": 0.15546623053130892,
    "n_samples": 300
}