{
    "disease": "sifilis",
    "cod_mun": 3521150,
    "mae": 0.11986367229132978,
    "rmse": 0.925477898566239,
    "r2": 0.2038695805538877,
    "n_samples": 300
}