{
    "disease": "hiv_aids",
    "cod_mun": 3532801,
    "mae": 4.960093524830135,
    "rmse": 7.336739350995125,
    "r2": 0.01547502020909619,
    "n_samples": 300
}