{
    "disease": "hanseniase",
    "cod_mun": 3544905,
    "mae": 0.7662896371688016,
    "rmse": 2.2400908684887773,
    "r2": 0.32806065188580347,
    "n_samples": 300
}