{
    "disease": "TX_hepatite_00_23",
    "cod_mun": 3547007,
    "mae": 0.6482227261488637,
    "rmse": 2.187671060370758,
    "r2": 0.0,
    "n_train": 251,
    "n_test": 12
}