{
    "disease": "TX_hanseniase_00_23",
    "cod_mun": 3501608,
    "mae": 0.02364574931561947,
    "rmse": 0.02364574931561947,
    "r2": 0.0,
    "n_train": 251,
    "n_test": 12
}