{
    "disease": "TX_hiv_aids_00_23",
    "cod_mun": 3555604,
    "mae": 3.5143245711391256,
    "rmse": 4.780617767454344,
    "r2": -0.23528425983483237,
    "n_train": 251,
    "n_test": 12
}