{
    "disease": "hiv_aids",
    "cod_mun": 3508702,
    "mae": 0.7103874174565514,
    "rmse": 1.34626023279141,
    "r2": 0.11011592282872784,
    "n_samples": 300
}