{
    "disease": "TX_sifilis_00_23",
    "cod_mun": 3551504,
    "mae": 0.485213506724728,
    "rmse": 0.8643707624502733,
    "r2": -0.06501335887351223,
    "n_train": 251,
    "n_test": 12
}