{
    "disease": "hiv_aids",
    "cod_mun": 3549409,
    "mae": 1.0710267470591557,
    "rmse": 1.4173052881551065,
    "r2": 0.10604828117670717,
    "n_samples": 300
}