{
    "disease": "hiv_aids",
    "cod_mun": 3536406,
    "mae": 2.855955558320868,
    "rmse": 4.291347703861832,
    "r2": 0.04193650845491603,
    "n_samples": 300
}