{
    "disease": "tuberculose",
    "cod_mun": 3555901,
    "mae": 0.9418393742268573,
    "rmse": 5.817352207878305,
    "r2": 0.004096786820353748,
    "n_samples": 300
}