{
    "disease": "hiv_aids",
    "cod_mun": 3501806,
    "mae": 2.3600498944810337,
    "rmse": 4.537857968798605,
    "r2": 0.027520252814510093,
    "n_samples": 300
}