{
    "disease": "hepatite",
    "cod_mun": 3508900,
    "mae": 0.6600727149795458,
    "rmse": 2.755156817659802,
    "r2": 0.00925751349930859,
    "n_samples": 300
}