{
    "disease": "TX_hepatite_00_23",
    "cod_mun": 3510302,
    "mae": 0.4511919940511386,
    "rmse": 0.4534409777294514,
    "r2": 0.0,
    "n_train": 251,
    "n_test": 12
}