{
    "disease": "tuberculose",
    "cod_mun": 3527801,
    "mae": 0.2769501159094989,
    "rmse": 1.6029384347440783,
    "r2": 0.26327851822067494,
    "n_samples": 300
}