{
    "disease": "TX_sifilis_00_23",
    "cod_mun": 3508405,
    "mae": 0.031248603016138077,
    "rmse": 0.031248603016138077,
    "r2": 0.0,
    "n_train": 251,
    "n_test": 12
}