{
    "disease": "TX_hepatite_00_23",
    "cod_mun": 3509254,
    "mae": 0.8484440976915973,
    "rmse": 1.970572358096405,
    "r2": -0.05658484426659438,
    "n_train": 251,
    "n_test": 12
}