{
    "disease": "TX_hanseniase_00_23",
    "cod_mun": 3501707,
    "mae": 0.12006432376801968,
    "rmse": 0.1268564748508258,
    "r2": 0.0,
    "n_train": 251,
    "n_test": 12
}