{
    "disease": "TX_tuberculose_00_23",
    "cod_mun": 3516804,
    "mae": 0.014447971635187665,
    "rmse": 0.024254423547796087,
    "r2": 0.0,
    "n_train": 251,
    "n_test": 12
}