{
    "disease": "TX_hepatite_00_23",
    "cod_mun": 3503604,
    "mae": 0.010089237320547303,
    "rmse": 0.014208697642259715,
    "r2": 0.0,
    "n_train": 251,
    "n_test": 12
}