{
    "disease": "TX_hanseniase_00_23",
    "cod_mun": 3510609,
    "mae": 0.04332386420652229,
    "rmse": 0.07199978915801973,
    "r2": -0.11984263514458626,
    "n_train": 251,
    "n_test": 12
}