{
    "disease": "TX_hepatite_00_23",
    "cod_mun": 3535705,
    "mae": 0.011091904093821844,
    "rmse": 0.02169778658562993,
    "r2": 0.0,
    "n_train": 251,
    "n_test": 12
}