{
    "disease": "TX_hanseniase_00_23",
    "cod_mun": 3519055,
    "mae": 0.05653270880187241,
    "rmse": 0.16943477728670095,
    "r2": 0.0,
    "n_train": 251,
    "n_test": 12
}