{
    "disease": "hiv_aids",
    "cod_mun": 3546405,
    "mae": 0.7056578495085406,
    "rmse": 1.1079607818301658,
    "r2": 0.07987553629412425,
    "n_samples": 300
}