{
    "disease": "TX_hiv_aids_00_23",
    "cod_mun": 3501509,
    "mae": 0.04896144910405079,
    "rmse": 0.049083609916984,
    "r2": 0.0,
    "n_train": 251,
    "n_test": 12
}