{
    "disease": "hiv_aids",
    "cod_mun": 3554300,
    "mae": 0.8618921864222437,
    "rmse": 1.5658221871476559,
    "r2": 0.04935865409588569,
    "n_samples": 300
}