{
    "disease": "sifilis",
    "cod_mun": 3536406,
    "mae": 0.4774806812638909,
    "rmse": 1.7204079948970725,
    "r2": 0.15084831636332086,
    "n_samples": 300
}