{
    "disease": "TX_tuberculose_00_23",
    "cod_mun": 3530300,
    "mae": 0.40774270876063134,
    "rmse": 0.6033082223306544,
    "r2": -0.058547695539540534,
    "n_train": 251,
    "n_test": 12
}