{
    "disease": "tuberculose",
    "cod_mun": 3544608,
    "mae": 1.2988581548064098,
    "rmse": 3.4810886154750458,
    "r2": 0.30679329421103185,
    "n_samples": 300
}