{
    "disease": "hepatite",
    "cod_mun": 3525706,
    "mae": 0.31365557001466393,
    "rmse": 0.8025056669696584,
    "r2": 0.4569234353813788,
    "n_samples": 300
}