{
    "disease": "hiv_aids",
    "cod_mun": 3533007,
    "mae": 2.06176628469935,
    "rmse": 2.8780654971240067,
    "r2": 0.03590192669985326,
    "n_samples": 300
}