{
    "disease": "hanseniase",
    "cod_mun": 3510401,
    "mae": 0.060444672518571545,
    "rmse": 0.2548016826456692,
    "r2": 0.01331364321589612,
    "n_samples": 300
}