{
    "disease": "hanseniase",
    "cod_mun": 3518008,
    "mae": 0.3422109744258417,
    "rmse": 2.922184918850922,
    "r2": 0.005521425122998025,
    "n_samples": 300
}