{
    "disease": "TX_tuberculose_00_23",
    "cod_mun": 3508801,
    "mae": 0.902128152242707,
    "rmse": 1.7334918605675185,
    "r2": -0.06812583016251228,
    "n_train": 251,
    "n_test": 12
}