{
    "disease": "tuberculose",
    "cod_mun": 3511102,
    "mae": 0.44890674420109394,
    "rmse": 0.6705714527422767,
    "r2": 0.13771017135162233,
    "n_samples": 300
}