{
    "disease": "TX_tuberculose_00_23",
    "cod_mun": 3532868,
    "mae": 0.0934623759239912,
    "rmse": 0.09483340572362645,
    "r2": 0.0,
    "n_train": 251,
    "n_test": 12
}