{
    "disease": "TX_sifilis_00_23",
    "cod_mun": 3531506,
    "mae": 1.963819847129443,
    "rmse": 3.8873182929453254,
    "r2": -0.2803350505442852,
    "n_train": 251,
    "n_test": 12
}