{
    "disease": "hanseniase",
    "cod_mun": 3529906,
    "mae": 0.03633791907611292,
    "rmse": 0.2833896164333369,
    "r2": 0.9058954376394387,
    "n_samples": 300
}