{
    "disease": "tuberculose",
    "cod_mun": 3552551,
    "mae": 4.1216211570305745,
    "rmse": 7.5467724900221524,
    "r2": 0.35289838791011696,
    "n_samples": 300
}