{
    "disease": "TX_tuberculose_00_23",
    "cod_mun": 3552700,
    "mae": 1.3642222856507413,
    "rmse": 1.92254818500055,
    "r2": -0.02928854755354493,
    "n_train": 251,
    "n_test": 12
}