{
    "disease": "hanseniase",
    "cod_mun": 3527900,
    "mae": 0.22734542853204023,
    "rmse": 1.8989915551875014,
    "r2": 0.004099536146068061,
    "n_samples": 300
}