{
    "disease": "TX_hepatite_00_23",
    "cod_mun": 3549904,
    "mae": 0.0024885144794476823,
    "rmse": 0.005245668312410298,
    "r2": 0.0,
    "n_train": 251,
    "n_test": 12
}