{
    "disease": "tuberculose",
    "cod_mun": 3536703,
    "mae": 0.6245719077499994,
    "rmse": 0.997854653435383,
    "r2": 0.0746848963957838,
    "n_samples": 300
}