{
    "disease": "hiv_aids",
    "cod_mun": 3519071,
    "mae": 2.901703712081453,
    "rmse": 3.9837944649796477,
    "r2": 0.6336942336130524,
    "n_samples": 300
}