{
    "disease": "TX_hiv_aids_00_23",
    "cod_mun": 3536000,
    "mae": 0.09995783182481925,
    "rmse": 0.10200592959464692,
    "r2": 0.0,
    "n_train": 251,
    "n_test": 12
}