{
    "disease": "hepatite",
    "cod_mun": 3522307,
    "mae": 0.3426203810628081,
    "rmse": 0.5447649328279861,
    "r2": 0.19069725164559725,
    "n_samples": 300
}