{
    "disease": "TX_hanseniase_00_23",
    "cod_mun": 3550308,
    "mae": 0.03514939954519957,
    "rmse": 0.050659024000008934,
    "r2": -0.4060791205240193,
    "n_train": 251,
    "n_test": 12
}