{
    "disease": "TX_tuberculose_00_23",
    "cod_mun": 3539103,
    "mae": 1.6070226461807666,
    "rmse": 3.1692028765319393,
    "r2": -0.2008775465263588,
    "n_train": 251,
    "n_test": 12
}