{
    "disease": "TX_hiv_aids_00_23",
    "cod_mun": 3551009,
    "mae": 1.0782539383014764,
    "rmse": 1.108724335233384,
    "r2": -12.765186439126156,
    "n_train": 251,
    "n_test": 12
}