{
    "disease": "TX_hanseniase_00_23",
    "cod_mun": 3546900,
    "mae": 0.27083443353573483,
    "rmse": 0.2708414096127631,
    "r2": 0.0,
    "n_train": 251,
    "n_test": 12
}