{
    "disease": "sifilis",
    "cod_mun": 3547106,
    "mae": 0.7027702908973587,
    "rmse": 3.5252567064927076,
    "r2": 0.0009295286285394555,
    "n_samples": 300
}