{
    "disease": "hanseniase",
    "cod_mun": 3534609,
    "mae": 0.42409775207203576,
    "rmse": 0.8677048252685206,
    "r2": 0.06843837830597665,
    "n_samples": 300
}