{
    "disease": "TX_sifilis_00_23",
    "cod_mun": 3545803,
    "mae": 0.3083354903610253,
    "rmse": 0.47503777270984066,
    "r2": -0.02201255330565388,
    "n_train": 251,
    "n_test": 12
}