{
    "disease": "hanseniase",
    "cod_mun": 3512902,
    "mae": 0.5566746659727664,
    "rmse": 1.5890308130614332,
    "r2": 0.03535813649337771,
    "n_samples": 300
}