{
    "disease": "TX_sifilis_00_23",
    "cod_mun": 3556800,
    "mae": 0.10241443663835526,
    "rmse": 0.10241443663835526,
    "r2": 0.0,
    "n_train": 251,
    "n_test": 12
}