{
    "disease": "TX_hiv_aids_00_23",
    "cod_mun": 3512209,
    "mae": 0.6473982045926595,
    "rmse": 0.9822077617693089,
    "r2": -0.003186757879085622,
    "n_train": 251,
    "n_test": 12
}