{
    "disease": "TX_hiv_aids_00_23",
    "cod_mun": 3524204,
    "mae": 3.5076605876286826,
    "rmse": 3.667638197864885,
    "r2": 0.0,
    "n_train": 251,
    "n_test": 12
}