{
    "disease": "sifilis",
    "cod_mun": 3546108,
    "mae": 0.3192032343767654,
    "rmse": 2.6868605401632495,
    "r2": 0.005778522399813468,
    "n_samples": 300
}