{
    "disease": "hiv_aids",
    "cod_mun": 3510609,
    "mae": 0.4611870134272515,
    "rmse": 0.6179575335500754,
    "r2": 0.2660455196807907,
    "n_samples": 300
}