{
    "disease": "TX_hiv_aids_00_23",
    "cod_mun": 3536703,
    "mae": 0.21947640428940454,
    "rmse": 0.2709423196111023,
    "r2": 0.0,
    "n_train": 251,
    "n_test": 12
}