{
    "disease": "sifilis",
    "cod_mun": 3515350,
    "mae": 0.4371085602341406,
    "rmse": 1.7315877516745808,
    "r2": 0.015674897185297243,
    "n_samples": 300
}