{
    "disease": "hiv_aids",
    "cod_mun": 3540903,
    "mae": 1.039018050188226,
    "rmse": 1.9462573109554,
    "r2": 0.056729210744201564,
    "n_samples": 300
}