{
    "disease": "TX_hiv_aids_00_23",
    "cod_mun": 3546900,
    "mae": 1.6197978190421012,
    "rmse": 4.004875860390495,
    "r2": -0.03000705467195619,
    "n_train": 251,
    "n_test": 12
}