{
    "disease": "TX_sifilis_00_23",
    "cod_mun": 3532306,
    "mae": 0.28321609646081924,
    "rmse": 0.28321611362536464,
    "r2": 0.0,
    "n_train": 251,
    "n_test": 12
}