{
    "disease": "hiv_aids",
    "cod_mun": 3537701,
    "mae": 1.346139270020604,
    "rmse": 3.6940119722923335,
    "r2": 0.06744333781739098,
    "n_samples": 300
}