{
    "disease": "tuberculose",
    "cod_mun": 3511409,
    "mae": 0.636816818383418,
    "rmse": 1.3430837123725379,
    "r2": 0.14442616339540648,
    "n_samples": 300
}