{
    "disease": "sifilis",
    "cod_mun": 3502408,
    "mae": 0.3914767180609772,
    "rmse": 2.3225736690512155,
    "r2": 0.008008513693355424,
    "n_samples": 300
}