{
    "disease": "TX_hiv_aids_00_23",
    "cod_mun": 3513801,
    "mae": 0.5144149463133306,
    "rmse": 0.5648437455949105,
    "r2": -3.401198870436649,
    "n_train": 251,
    "n_test": 12
}