{
    "disease": "TX_hepatite_00_23",
    "cod_mun": 3502200,
    "mae": 0.6247699827223162,
    "rmse": 1.1387564538073374,
    "r2": 0.02804913721872304,
    "n_train": 251,
    "n_test": 12
}