{
    "disease": "hanseniase",
    "cod_mun": 3538105,
    "mae": 0.0006023326951882453,
    "rmse": 0.004232161543225184,
    "r2": 0.9999061610976647,
    "n_samples": 300
}