{
    "disease": "hepatite",
    "cod_mun": 3548005,
    "mae": 0.240942065417642,
    "rmse": 0.8517174480660282,
    "r2": 0.17944583158916227,
    "n_samples": 300
}