{
    "disease": "tuberculose",
    "cod_mun": 3506359,
    "mae": 1.973404673531063,
    "rmse": 2.6505309306039155,
    "r2": 0.18626889561151838,
    "n_samples": 300
}