{
    "disease": "hiv_aids",
    "cod_mun": 3502002,
    "mae": 0.4428318945176504,
    "rmse": 2.2238827520349935,
    "r2": 0.0036810965674486384,
    "n_samples": 300
}