{
    "disease": "TX_sifilis_00_23",
    "cod_mun": 3524402,
    "mae": 0.5800389437047565,
    "rmse": 0.7491909256954405,
    "r2": -0.8809134313597828,
    "n_train": 251,
    "n_test": 12
}