{
    "disease": "TX_hepatite_00_23",
    "cod_mun": 3548054,
    "mae": 0.40226195571691886,
    "rmse": 0.9492367048257371,
    "r2": 0.0,
    "n_train": 251,
    "n_test": 12
}