{
    "disease": "hiv_aids",
    "cod_mun": 3528601,
    "mae": 2.016943709976703,
    "rmse": 3.4801934425447514,
    "r2": 0.06337302905049069,
    "n_samples": 300
}