{
    "disease": "TX_sifilis_00_23",
    "cod_mun": 3502101,
    "mae": 0.7986461987080017,
    "rmse": 1.1674587732960267,
    "r2": -0.17625593136552964,
    "n_train": 251,
    "n_test": 12
}