{
    "disease": "TX_hanseniase_00_23",
    "cod_mun": 3546108,
    "mae": 0.19868930305043855,
    "rmse": 0.19869722572848736,
    "r2": 0.0,
    "n_train": 251,
    "n_test": 12
}