{
    "disease": "sifilis",
    "cod_mun": 3551801,
    "mae": 0.5206519507151013,
    "rmse": 1.3492750730410794,
    "r2": 0.2019675733120102,
    "n_samples": 300
}