{
    "disease": "TX_hiv_aids_00_23",
    "cod_mun": 3544608,
    "mae": 0.030999849977282185,
    "rmse": 0.03190742556963097,
    "r2": 0.0,
    "n_train": 251,
    "n_test": 12
}