{
    "disease": "hepatite",
    "cod_mun": 3500550,
    "mae": 0.2227872550332874,
    "rmse": 1.3660017853024309,
    "r2": -9.444035139249962e-06,
    "n_samples": 300
}