{
    "disease": "hanseniase",
    "cod_mun": 3543808,
    "mae": 0.7233015203114841,
    "rmse": 2.1070416200434567,
    "r2": 0.11323879321840802,
    "n_samples": 300
}