{
    "disease": "TX_hiv_aids_00_23",
    "cod_mun": 3540606,
    "mae": 0.3886382287385411,
    "rmse": 0.5162034485055956,
    "r2": -0.22689918081885296,
    "n_train": 251,
    "n_test": 12
}