{
    "disease": "TX_tuberculose_00_23",
    "cod_mun": 3522604,
    "mae": 0.7935976310522209,
    "rmse": 0.9270465714513377,
    "r2": -0.04070494228500676,
    "n_train": 251,
    "n_test": 12
}