{
    "disease": "TX_tuberculose_00_23",
    "cod_mun": 3518701,
    "mae": 1.933015582221108,
    "rmse": 2.0914087103852244,
    "r2": -3.751802192456232,
    "n_train": 251,
    "n_test": 12
}