{
    "disease": "hepatite",
    "cod_mun": 3529203,
    "mae": 2.5576340349416324,
    "rmse": 3.8965712460366384,
    "r2": 0.4162292937868739,
    "n_samples": 300
}