{
    "disease": "TX_hanseniase_00_23",
    "cod_mun": 3502309,
    "mae": 0.000941718477406539,
    "rmse": 0.000941962809868042,
    "r2": 0.0,
    "n_train": 251,
    "n_test": 12
}