{
    "disease": "TX_hanseniase_00_23",
    "cod_mun": 3520707,
    "mae": 0.32576945920785266,
    "rmse": 0.3323764608510594,
    "r2": 0.0,
    "n_train": 251,
    "n_test": 12
}