{
    "disease": "sifilis",
    "cod_mun": 3504909,
    "mae": 0.2083852530706734,
    "rmse": 0.9406502231645304,
    "r2": 0.1411305076575482,
    "n_samples": 300
}