{
    "disease": "TX_sifilis_00_23",
    "cod_mun": 3532801,
    "mae": 0.10721561312675476,
    "rmse": 0.10721561312675476,
    "r2": 0.0,
    "n_train": 251,
    "n_test": 12
}