{
    "disease": "sifilis",
    "cod_mun": 3514403,
    "mae": 0.5665978885327043,
    "rmse": 1.0891625330443013,
    "r2": 0.23193202434105264,
    "n_samples": 300
}