{
    "disease": "TX_tuberculose_00_23",
    "cod_mun": 3507456,
    "mae": 0.0073905385021741194,
    "rmse": 0.01336504377008269,
    "r2": 0.0,
    "n_train": 251,
    "n_test": 12
}