{
    "disease": "TX_sifilis_00_23",
    "cod_mun": 3508603,
    "mae": 1.1502741811532684,
    "rmse": 1.8654046730973688,
    "r2": -0.030766588551848217,
    "n_train": 251,
    "n_test": 12
}