{
    "disease": "hiv_aids",
    "cod_mun": 3515608,
    "mae": 2.891835170923183,
    "rmse": 5.046727924161746,
    "r2": 0.23662415943786552,
    "n_samples": 300
}