{
    "disease": "sifilis",
    "cod_mun": 3504800,
    "mae": 0.15127652506786432,
    "rmse": 0.9147343866412619,
    "r2": 0.003679402712023494,
    "n_samples": 300
}