{
    "disease": "tuberculose",
    "cod_mun": 3513207,
    "mae": 0.421017806042796,
    "rmse": 1.883119284631001,
    "r2": 0.26999296772366954,
    "n_samples": 300
}