{
    "disease": "TX_sifilis_00_23",
    "cod_mun": 3530508,
    "mae": 0.227008236119684,
    "rmse": 0.4221558405827791,
    "r2": 3.033368163862793e-05,
    "n_train": 251,
    "n_test": 12
}