{
    "disease": "hepatite",
    "cod_mun": 3535903,
    "mae": 0.37832153188001,
    "rmse": 2.0793240740319634,
    "r2": 0.15914908694982677,
    "n_samples": 300
}