{
    "disease": "sifilis",
    "cod_mun": 3511607,
    "mae": 0.31851514943528175,
    "rmse": 0.9708454818531413,
    "r2": 0.11596907748322294,
    "n_samples": 300
}