{
    "disease": "hanseniase",
    "cod_mun": 3553906,
    "mae": 0.10117070050947771,
    "rmse": 0.8613258997906769,
    "r2": 0.006522577355926207,
    "n_samples": 300
}