{
    "disease": "TX_hepatite_00_23",
    "cod_mun": 3536109,
    "mae": 0.02503557161738475,
    "rmse": 0.025035899059057416,
    "r2": 0.0,
    "n_train": 251,
    "n_test": 12
}