{
    "disease": "hepatite",
    "cod_mun": 3543907,
    "mae": 0.2829076454769943,
    "rmse": 0.4845757846833857,
    "r2": 0.5309853092650632,
    "n_samples": 300
}