{
    "disease": "TX_hiv_aids_00_23",
    "cod_mun": 3556107,
    "mae": 1.2349630881577844,
    "rmse": 2.0536625383277736,
    "r2": -0.10264376624885418,
    "n_train": 251,
    "n_test": 12
}