{
    "disease": "TX_tuberculose_00_23",
    "cod_mun": 3539707,
    "mae": 0.02613023839270075,
    "rmse": 0.02613794184362544,
    "r2": 0.0,
    "n_train": 251,
    "n_test": 12
}