{
    "disease": "TX_sifilis_00_23",
    "cod_mun": 3515152,
    "mae": 1.19498724482776,
    "rmse": 2.1307995566247246,
    "r2": -0.32321517604725014,
    "n_train": 251,
    "n_test": 12
}