{
    "disease": "TX_hiv_aids_00_23",
    "cod_mun": 3524709,
    "mae": 0.2473235453168551,
    "rmse": 0.35332781848493705,
    "r2": 0.0,
    "n_train": 251,
    "n_test": 12
}