{
    "disease": "TX_tuberculose_00_23",
    "cod_mun": 3503307,
    "mae": 0.6143781160848277,
    "rmse": 0.6601208355148018,
    "r2": -0.04017278405016844,
    "n_train": 251,
    "n_test": 12
}