{
    "disease": "TX_tuberculose_00_23",
    "cod_mun": 3507605,
    "mae": 0.5615688461811144,
    "rmse": 0.617486000952305,
    "r2": -1.4131075184937019,
    "n_train": 251,
    "n_test": 12
}