{
    "disease": "hanseniase",
    "cod_mun": 3513801,
    "mae": 0.05684363720624846,
    "rmse": 0.0990264937503518,
    "r2": 0.00036017747184979854,
    "n_samples": 300
}