{
    "disease": "sifilis",
    "cod_mun": 3518701,
    "mae": 0.15492445063712987,
    "rmse": 0.27003743542661796,
    "r2": 0.6809012722123688,
    "n_samples": 300
}