{
    "disease": "hanseniase",
    "cod_mun": 3512209,
    "mae": 0.16418617576849884,
    "rmse": 0.5700723259062318,
    "r2": 0.017294307062599934,
    "n_samples": 300
}