{
    "disease": "TX_sifilis_00_23",
    "cod_mun": 3510609,
    "mae": 0.5316724322053988,
    "rmse": 0.9285984630655024,
    "r2": -0.000491037907226044,
    "n_train": 251,
    "n_test": 12
}