{
    "disease": "hepatite",
    "cod_mun": 3503356,
    "mae": 1.001353272944815,
    "rmse": 4.812923594696552,
    "r2": 0.00851250233979739,
    "n_samples": 300
}