{
    "disease": "TX_hanseniase_00_23",
    "cod_mun": 3537305,
    "mae": 0.06816377801199754,
    "rmse": 0.06816537025884858,
    "r2": 0.0,
    "n_train": 251,
    "n_test": 12
}