{
    "disease": "TX_hepatite_00_23",
    "cod_mun": 3500550,
    "mae": 0.01859225643177827,
    "rmse": 0.018667623522851392,
    "r2": 0.0,
    "n_train": 251,
    "n_test": 12
}