{
    "disease": "hanseniase",
    "cod_mun": 3525102,
    "mae": 0.3334464048326339,
    "rmse": 1.163998924216164,
    "r2": 0.14003441401254546,
    "n_samples": 300
}