{
    "disease": "TX_hanseniase_00_23",
    "cod_mun": 3513801,
    "mae": 0.07685366912554974,
    "rmse": 0.11324092957091422,
    "r2": -0.5124718854070474,
    "n_train": 251,
    "n_test": 12
}