{
    "disease": "hiv_aids",
    "cod_mun": 3535606,
    "mae": 0.8222936349884358,
    "rmse": 1.9422397003293512,
    "r2": -0.015352032127860848,
    "n_samples": 300
}