{
    "disease": "sifilis",
    "cod_mun": 3534807,
    "mae": 0.2314375060096234,
    "rmse": 0.9764672092850782,
    "r2": 0.3004524184016395,
    "n_samples": 300
}