{
    "disease": "TX_hanseniase_00_23",
    "cod_mun": 3548500,
    "mae": 0.04579543634244638,
    "rmse": 0.07024497635429912,
    "r2": -0.10729125884185597,
    "n_train": 251,
    "n_test": 12
}