{
    "disease": "hiv_aids",
    "cod_mun": 3537909,
    "mae": 0.46122469785686376,
    "rmse": 1.050149153484466,
    "r2": 0.09769045069677895,
    "n_samples": 300
}