{
    "disease": "hiv_aids",
    "cod_mun": 3501004,
    "mae": 1.8168119962301283,
    "rmse": 2.9361892478505194,
    "r2": 0.09850095218356825,
    "n_samples": 300
}