{
    "disease": "TX_tuberculose_00_23",
    "cod_mun": 3550001,
    "mae": 0.6895506083965302,
    "rmse": 0.7393054659773901,
    "r2": 0.0,
    "n_train": 251,
    "n_test": 12
}