{
    "disease": "hiv_aids",
    "cod_mun": 3538204,
    "mae": 1.4500125537248667,
    "rmse": 2.766250155510721,
    "r2": 0.09361567958202499,
    "n_samples": 300
}