{
    "disease": "TX_hanseniase_00_23",
    "cod_mun": 3535309,
    "mae": 0.04955518990755081,
    "rmse": 0.04955518990755081,
    "r2": 0.0,
    "n_train": 251,
    "n_test": 12
}