{
    "disease": "hiv_aids",
    "cod_mun": 3510203,
    "mae": 0.2873040535388778,
    "rmse": 0.549540848766389,
    "r2": 0.05004950378180917,
    "n_samples": 300
}