{
    "disease": "hanseniase",
    "cod_mun": 3521408,
    "mae": 0.07033343967345372,
    "rmse": 0.43009672334442045,
    "r2": 0.0016509435211577994,
    "n_samples": 300
}