{
    "disease": "sifilis",
    "cod_mun": 3532827,
    "mae": 0.46548454572751363,
    "rmse": 1.5964207320472228,
    "r2": 0.03679454491535372,
    "n_samples": 300
}