{
    "disease": "hiv_aids",
    "cod_mun": 3533908,
    "mae": 1.0622473232212937,
    "rmse": 1.5152967029313835,
    "r2": 0.06681748584355651,
    "n_samples": 300
}