{
    "disease": "TX_tuberculose_00_23",
    "cod_mun": 3554607,
    "mae": 0.021860403707250953,
    "rmse": 0.02262691987240452,
    "r2": 0.0,
    "n_train": 251,
    "n_test": 12
}