{
    "disease": "tuberculose",
    "cod_mun": 3522604,
    "mae": 0.8543386144489401,
    "rmse": 1.4713032478905836,
    "r2": 0.3552016870158552,
    "n_samples": 300
}