{
    "disease": "tuberculose",
    "cod_mun": 3544301,
    "mae": 0.9681554199624671,
    "rmse": 2.869170948825546,
    "r2": 0.4777060791314499,
    "n_samples": 300
}