{
    "disease": "hepatite",
    "cod_mun": 3506201,
    "mae": 0.5447659866054366,
    "rmse": 3.2197526806229746,
    "r2": 0.004445320814014164,
    "n_samples": 300
}