{
    "disease": "TX_hiv_aids_00_23",
    "cod_mun": 3543006,
    "mae": 0.11069349199533463,
    "rmse": 0.11069349199533463,
    "r2": 0.0,
    "n_train": 251,
    "n_test": 12
}