{
    "disease": "TX_hiv_aids_00_23",
    "cod_mun": 3547007,
    "mae": 0.10297874718283613,
    "rmse": 0.12047868762353603,
    "r2": 0.0,
    "n_train": 251,
    "n_test": 12
}