{
    "disease": "hiv_aids",
    "cod_mun": 3505351,
    "mae": 0.11024472794722735,
    "rmse": 0.9062000621813264,
    "r2": 0.1701941768909757,
    "n_samples": 300
}