{
    "disease": "hiv_aids",
    "cod_mun": 3546306,
    "mae": 0.4564853792633978,
    "rmse": 1.0036318250853258,
    "r2": 0.37655858035686274,
    "n_samples": 300
}