{
    "disease": "hiv_aids",
    "cod_mun": 3511409,
    "mae": 1.2602418555925685,
    "rmse": 2.8922682943775153,
    "r2": -0.1227124062583329,
    "n_samples": 300
}