{
    "disease": "sifilis",
    "cod_mun": 3513702,
    "mae": 0.12080274334042064,
    "rmse": 0.4882587650576435,
    "r2": 0.0062643258120458345,
    "n_samples": 300
}