{
    "disease": "sifilis",
    "cod_mun": 3513603,
    "mae": 0.11597120051062831,
    "rmse": 0.4275490670567784,
    "r2": 0.3614321515684178,
    "n_samples": 300
}