{
    "disease": "TX_hanseniase_00_23",
    "cod_mun": 3550001,
    "mae": 0.015448605855150769,
    "rmse": 0.0439079659384849,
    "r2": 0.0,
    "n_train": 251,
    "n_test": 12
}