{
    "disease": "TX_hiv_aids_00_23",
    "cod_mun": 3554607,
    "mae": 0.5744905471801758,
    "rmse": 0.5744905471801758,
    "r2": 0.0,
    "n_train": 251,
    "n_test": 12
}