{
    "disease": "TX_hepatite_00_23",
    "cod_mun": 3510203,
    "mae": 0.3664838721354802,
    "rmse": 0.3664859712521119,
    "r2": 0.0,
    "n_train": 251,
    "n_test": 12
}