{
    "disease": "TX_hepatite_00_23",
    "cod_mun": 3537107,
    "mae": 0.08503378182649612,
    "rmse": 0.10131033047378067,
    "r2": 0.0,
    "n_train": 251,
    "n_test": 12
}