{
    "disease": "TX_sifilis_00_23",
    "cod_mun": 3538006,
    "mae": 0.4216021902360554,
    "rmse": 0.4840402066828591,
    "r2": -0.10575045270446881,
    "n_train": 251,
    "n_test": 12
}