{
    "disease": "TX_tuberculose_00_23",
    "cod_mun": 3549953,
    "mae": 0.03168983797271115,
    "rmse": 0.09513875421681203,
    "r2": 0.0,
    "n_train": 251,
    "n_test": 12
}