{
    "disease": "hanseniase",
    "cod_mun": 3510203,
    "mae": 0.11858506534396403,
    "rmse": 0.49018331436054374,
    "r2": 0.2552434893765141,
    "n_samples": 300
}