{
    "disease": "TX_sifilis_00_23",
    "cod_mun": 3510401,
    "mae": 0.1338959721227487,
    "rmse": 0.13395860547362728,
    "r2": 0.0,
    "n_train": 251,
    "n_test": 12
}