{
    "disease": "TX_hiv_aids_00_23",
    "cod_mun": 3549706,
    "mae": 0.18911961605772376,
    "rmse": 0.22182171521473393,
    "r2": 0.0,
    "n_train": 251,
    "n_test": 12
}