{
    "disease": "TX_hanseniase_00_23",
    "cod_mun": 3530805,
    "mae": 0.03893790599492301,
    "rmse": 0.09463772173165332,
    "r2": 0.0,
    "n_train": 251,
    "n_test": 12
}