{
    "disease": "hiv_aids",
    "cod_mun": 3536570,
    "mae": 0.6886672332674159,
    "rmse": 4.253621206266524,
    "r2": 0.0037849222085815093,
    "n_samples": 300
}