{
    "disease": "hepatite",
    "cod_mun": 3549201,
    "mae": 1.0041268701352217,
    "rmse": 4.405121315065376,
    "r2": -1.9276743136842356e-05,
    "n_samples": 300
}