{
    "disease": "hiv_aids",
    "cod_mun": 3507407,
    "mae": 0.4841687132714222,
    "rmse": 1.3756403239337496,
    "r2": 0.10857803946413247,
    "n_samples": 300
}