{
    "disease": "hepatite",
    "cod_mun": 3551108,
    "mae": 0.0708493704305535,
    "rmse": 0.5902443172541108,
    "r2": 0.006386156016199407,
    "n_samples": 300
}