{
    "disease": "hanseniase",
    "cod_mun": 3556800,
    "mae": 0.07895414013063237,
    "rmse": 0.46760330428355473,
    "r2": 0.004948841953933858,
    "n_samples": 300
}