{
    "disease": "TX_hiv_aids_00_23",
    "cod_mun": 3548906,
    "mae": 0.3699905194396988,
    "rmse": 0.4446373077189907,
    "r2": -0.3420469284167498,
    "n_train": 251,
    "n_test": 12
}