{
    "disease": "sifilis",
    "cod_mun": 3502606,
    "mae": 0.4154708252179778,
    "rmse": 2.104987665378119,
    "r2": 0.16212156235111164,
    "n_samples": 300
}