{
    "disease": "hepatite",
    "cod_mun": 3539400,
    "mae": 0.8073506025319632,
    "rmse": 1.9749337880117737,
    "r2": 0.22107001273277593,
    "n_samples": 300
}