{
    "disease": "sifilis",
    "cod_mun": 3543303,
    "mae": 0.04245980907378724,
    "rmse": 0.16123041647232209,
    "r2": 0.03605150201676943,
    "n_samples": 300
}