{
    "disease": "hiv_aids",
    "cod_mun": 3545704,
    "mae": 1.1376815929495019,
    "rmse": 3.117207078515298,
    "r2": 0.19167939239598775,
    "n_samples": 300
}