{
    "disease": "sifilis",
    "cod_mun": 3545605,
    "mae": 0.5990254447867219,
    "rmse": 1.426136094337084,
    "r2": 0.05132030896618789,
    "n_samples": 300
}