{
    "disease": "TX_tuberculose_00_23",
    "cod_mun": 3506706,
    "mae": 0.37867868443330127,
    "rmse": 0.3802603961435278,
    "r2": 0.0,
    "n_train": 251,
    "n_test": 12
}