{
    "disease": "hiv_aids",
    "cod_mun": 3550902,
    "mae": 3.3442509403689105,
    "rmse": 4.466803633193471,
    "r2": 0.008655115371518307,
    "n_samples": 300
}