{
    "disease": "TX_hanseniase_00_23",
    "cod_mun": 3516606,
    "mae": 0.011541130351057896,
    "rmse": 0.012184211565463551,
    "r2": 0.0,
    "n_train": 251,
    "n_test": 12
}