{
    "disease": "hanseniase",
    "cod_mun": 3501707,
    "mae": 0.1927124995863341,
    "rmse": 0.5781556607391235,
    "r2": 0.00436773160107129,
    "n_samples": 300
}