{
    "disease": "TX_hepatite_00_23",
    "cod_mun": 3528858,
    "mae": 22.638431261209266,
    "rmse": 28.427746590661283,
    "r2": -0.2148561637821289,
    "n_train": 251,
    "n_test": 12
}