{
    "disease": "hanseniase",
    "cod_mun": 3531605,
    "mae": 0.9792602790280669,
    "rmse": 3.4916132074357917,
    "r2": 0.0031819294225382544,
    "n_samples": 300
}