{
    "disease": "TX_hiv_aids_00_23",
    "cod_mun": 3535507,
    "mae": 0.27450144694497186,
    "rmse": 0.3785850564620486,
    "r2": 0.0,
    "n_train": 251,
    "n_test": 12
}