{
    "disease": "TX_tuberculose_00_23",
    "cod_mun": 3556305,
    "mae": 1.260395371037494,
    "rmse": 1.7550234241327112,
    "r2": -0.2535434221404471,
    "n_train": 251,
    "n_test": 12
}