{
    "disease": "hanseniase",
    "cod_mun": 3528007,
    "mae": 0.14413362208942662,
    "rmse": 0.5548414640780196,
    "r2": 0.33928350660745277,
    "n_samples": 300
}