{
    "disease": "hanseniase",
    "cod_mun": 3538808,
    "mae": 0.04678977558886442,
    "rmse": 0.25816841358794024,
    "r2": 0.1909349840162584,
    "n_samples": 300
}