{
    "disease": "hanseniase",
    "cod_mun": 3543402,
    "mae": 0.22558739207964398,
    "rmse": 0.27970471305984673,
    "r2": -0.9004197895881629,
    "n_samples": 300
}