{
    "disease": "hiv_aids",
    "cod_mun": 3510708,
    "mae": 2.7904154924348394,
    "rmse": 4.442338692929386,
    "r2": 0.20922119843764786,
    "n_samples": 300
}