{
    "disease": "TX_hepatite_00_23",
    "cod_mun": 3506904,
    "mae": 0.03275363254942931,
    "rmse": 0.07823100748219156,
    "r2": 0.0,
    "n_train": 251,
    "n_test": 12
}