{
    "disease": "TX_tuberculose_00_23",
    "cod_mun": 3524808,
    "mae": 0.22089507058262825,
    "rmse": 0.22115345282760435,
    "r2": 0.0,
    "n_train": 251,
    "n_test": 12
}