{
    "disease": "hanseniase",
    "cod_mun": 3508009,
    "mae": 0.2764787272386741,
    "rmse": 0.8703970822536291,
    "r2": 0.08481061993378691,
    "n_samples": 300
}