{
    "disease": "tuberculose",
    "cod_mun": 3520806,
    "mae": 0.005305791258079868,
    "rmse": 0.023084760236728546,
    "r2": 0.9998234064565706,
    "n_samples": 300
}