{
    "disease": "hanseniase",
    "cod_mun": 3523404,
    "mae": 0.11009041153464975,
    "rmse": 0.2168236708969318,
    "r2": 0.032215023724702196,
    "n_samples": 300
}