{
    "disease": "hanseniase",
    "cod_mun": 3509007,
    "mae": 0.06828489239545857,
    "rmse": 0.18895815450573095,
    "r2": 0.10887497678216373,
    "n_samples": 300
}