{
    "disease": "TX_hiv_aids_00_23",
    "cod_mun": 3509106,
    "mae": 0.5790195961793264,
    "rmse": 0.6302235517288679,
    "r2": 0.0,
    "n_train": 251,
    "n_test": 12
}