{
    "disease": "hiv_aids",
    "cod_mun": 3501707,
    "mae": 1.7318624887159448,
    "rmse": 2.509293774232328,
    "r2": 0.544861202383442,
    "n_samples": 300
}