{
    "disease": "hanseniase",
    "cod_mun": 3536208,
    "mae": 0.07044694886931645,
    "rmse": 0.43338245543770937,
    "r2": 0.0013021100050801815,
    "n_samples": 300
}