{
    "disease": "sifilis",
    "cod_mun": 3554508,
    "mae": 0.14020204506569287,
    "rmse": 0.31944193289684386,
    "r2": 0.056246459029353546,
    "n_samples": 300
}