{
    "disease": "sifilis",
    "cod_mun": 3510708,
    "mae": 0.6440810843557735,
    "rmse": 1.7489869902020785,
    "r2": 0.1124421254232344,
    "n_samples": 300
}