{
    "disease": "hiv_aids",
    "cod_mun": 3501905,
    "mae": 4.351435079143608,
    "rmse": 5.641185559319268,
    "r2": -1.2019334652196405,
    "n_samples": 300
}