{
    "disease": "TX_hanseniase_00_23",
    "cod_mun": 3504503,
    "mae": 0.0008288243576923074,
    "rmse": 0.0008809033493606361,
    "r2": 0.0,
    "n_train": 251,
    "n_test": 12
}