{
    "disease": "hanseniase",
    "cod_mun": 3537008,
    "mae": 0.1624301672988593,
    "rmse": 0.7038042862105589,
    "r2": 0.0042385563132876225,
    "n_samples": 300
}