{
    "disease": "hepatite",
    "cod_mun": 3524808,
    "mae": 0.5919311259965212,
    "rmse": 0.8468506108850288,
    "r2": 0.12441997781991287,
    "n_samples": 300
}