{
    "disease": "hanseniase",
    "cod_mun": 3515152,
    "mae": 0.14416384855324058,
    "rmse": 0.4072869754168623,
    "r2": -0.04635724629088145,
    "n_samples": 300
}