{
    "disease": "TX_hepatite_00_23",
    "cod_mun": 3516101,
    "mae": 14.339779542517787,
    "rmse": 17.353150833286808,
    "r2": -0.07681856492485362,
    "n_train": 251,
    "n_test": 12
}