{
    "disease": "hanseniase",
    "cod_mun": 3505500,
    "mae": 0.1146322503518753,
    "rmse": 0.32243192241526136,
    "r2": -0.10320339968972037,
    "n_samples": 300
}