{
    "disease": "hiv_aids",
    "cod_mun": 3515350,
    "mae": 0.4617236692324185,
    "rmse": 1.5477408321740904,
    "r2": 0.0010571463428914463,
    "n_samples": 300
}