{
    "disease": "hiv_aids",
    "cod_mun": 3522802,
    "mae": 1.2176406360055627,
    "rmse": 3.2062606389192148,
    "r2": -0.1350035404867873,
    "n_samples": 300
}