{
    "disease": "hepatite",
    "cod_mun": 3502200,
    "mae": 0.7494884428328725,
    "rmse": 1.4074405834089574,
    "r2": 0.13610169744287148,
    "n_samples": 300
}