{
    "disease": "sifilis",
    "cod_mun": 3542602,
    "mae": 0.5113030306275769,
    "rmse": 0.8204069681576872,
    "r2": 0.17691932389849718,
    "n_samples": 300
}