{
    "disease": "hiv_aids",
    "cod_mun": 3537602,
    "mae": 0.605535592016748,
    "rmse": 1.0004306067715882,
    "r2": 0.33990303563550905,
    "n_samples": 300
}