{
    "disease": "TX_hanseniase_00_23",
    "cod_mun": 3549904,
    "mae": 0.0255258923910741,
    "rmse": 0.038501729390210286,
    "r2": -0.021193716960650866,
    "n_train": 251,
    "n_test": 12
}