{
    "disease": "TX_hepatite_00_23",
    "cod_mun": 3550605,
    "mae": 0.07772146227459113,
    "rmse": 0.07900238914799594,
    "r2": 0.0,
    "n_train": 251,
    "n_test": 12
}