{
    "disease": "tuberculose",
    "cod_mun": 3550209,
    "mae": 0.6456321341469944,
    "rmse": 1.115133530951197,
    "r2": 0.26849030799598694,
    "n_samples": 300
}