{
    "disease": "tuberculose",
    "cod_mun": 3542701,
    "mae": 0.2791989261241902,
    "rmse": 1.469936858688554,
    "r2": 0.19736654194008196,
    "n_samples": 300
}