{
    "disease": "TX_tuberculose_00_23",
    "cod_mun": 3539608,
    "mae": 5.764560952551922,
    "rmse": 11.312738474417309,
    "r2": -0.3166152631544168,
    "n_train": 251,
    "n_test": 12
}