{
    "disease": "tuberculose",
    "cod_mun": 3553658,
    "mae": 0.48641135573708577,
    "rmse": 2.8747013754273993,
    "r2": 0.005502995053972448,
    "n_samples": 300
}