{
    "disease": "hiv_aids",
    "cod_mun": 3545308,
    "mae": 0.7152721411762408,
    "rmse": 1.1222061257977505,
    "r2": 0.11236682555891642,
    "n_samples": 300
}