{
    "disease": "sifilis",
    "cod_mun": 3557006,
    "mae": 0.19861123241936943,
    "rmse": 0.3858602643189461,
    "r2": 0.5740829063984526,
    "n_samples": 300
}