{
    "disease": "sifilis",
    "cod_mun": 3524600,
    "mae": 0.36487401350756093,
    "rmse": 1.3637152414507023,
    "r2": 0.03682656805237827,
    "n_samples": 300
}