{
    "disease": "TX_hiv_aids_00_23",
    "cod_mun": 3526704,
    "mae": 0.7139249990383784,
    "rmse": 0.719403613753905,
    "r2": 0.0,
    "n_train": 251,
    "n_test": 12
}