{
    "disease": "tuberculose",
    "cod_mun": 3503703,
    "mae": 0.3078209142432553,
    "rmse": 1.3989055677707662,
    "r2": 0.09405535952978761,
    "n_samples": 300
}