{
    "disease": "tuberculose",
    "cod_mun": 3506805,
    "mae": 0.3441365798507095,
    "rmse": 1.2877053821386613,
    "r2": 0.5234241962471882,
    "n_samples": 300
}