{
    "disease": "tuberculose",
    "cod_mun": 3525508,
    "mae": 0.4195397481653653,
    "rmse": 1.2976233014741188,
    "r2": 0.011624232753033925,
    "n_samples": 300
}