{
    "disease": "hepatite",
    "cod_mun": 3519006,
    "mae": 5.00325560357071,
    "rmse": 6.4376671484565,
    "r2": 0.22896684434299364,
    "n_samples": 300
}