{
    "disease": "TX_tuberculose_00_23",
    "cod_mun": 3529708,
    "mae": 0.9633436519561503,
    "rmse": 2.1237361109412602,
    "r2": -0.18703615257606465,
    "n_train": 251,
    "n_test": 12
}