{
    "disease": "sifilis",
    "cod_mun": 3515707,
    "mae": 0.3281457877680623,
    "rmse": 0.43271970139969623,
    "r2": 0.012411874532232137,
    "n_samples": 300
}