{
    "disease": "tuberculose",
    "cod_mun": 3546900,
    "mae": 1.062079760707512,
    "rmse": 3.089548242807439,
    "r2": 0.7563793825716316,
    "n_samples": 300
}