{
    "disease": "hepatite",
    "cod_mun": 3532603,
    "mae": 0.43143386734583117,
    "rmse": 1.7570402283661541,
    "r2": 0.155613227380486,
    "n_samples": 300
}