{
    "disease": "TX_hanseniase_00_23",
    "cod_mun": 3548906,
    "mae": 0.05243697389960289,
    "rmse": 0.05263312811653328,
    "r2": 0.0,
    "n_train": 251,
    "n_test": 12
}