{
    "disease": "TX_hiv_aids_00_23",
    "cod_mun": 3556206,
    "mae": 0.07768249441869557,
    "rmse": 0.09877505477233538,
    "r2": 0.0,
    "n_train": 251,
    "n_test": 12
}