{
    "disease": "hiv_aids",
    "cod_mun": 3533403,
    "mae": 0.7890683409134539,
    "rmse": 1.0680687352559994,
    "r2": 0.04226559503788996,
    "n_samples": 300
}