{
    "disease": "sifilis",
    "cod_mun": 3534104,
    "mae": 0.7423506666022608,
    "rmse": 3.1140623621637182,
    "r2": 0.032247622486656025,
    "n_samples": 300
}