{
    "disease": "TX_sifilis_00_23",
    "cod_mun": 3556701,
    "mae": 0.37073141646881896,
    "rmse": 0.4208734810395757,
    "r2": 0.0,
    "n_train": 251,
    "n_test": 12
}