{
    "disease": "hiv_aids",
    "cod_mun": 3545506,
    "mae": 1.9736377006343537,
    "rmse": 5.096441142169793,
    "r2": 0.04567246251025514,
    "n_samples": 300
}