{
    "disease": "hanseniase",
    "cod_mun": 3528007,
    "mae": 0.21922699639253834,
    "rmse": 0.6695166621630774,
    "r2": 0.03794453823731503,
    "n_samples": 300
}