{
    "disease": "TX_sifilis_00_23",
    "cod_mun": 3531100,
    "mae": 0.6728258421764309,
    "rmse": 1.1444750299588995,
    "r2": -0.25582509809271436,
    "n_train": 251,
    "n_test": 12
}