{
    "disease": "TX_sifilis_00_23",
    "cod_mun": 3552502,
    "mae": 0.49457929337367607,
    "rmse": 0.5964622404770107,
    "r2": -0.5102510561151332,
    "n_train": 251,
    "n_test": 12
}