{
    "disease": "TX_hanseniase_00_23",
    "cod_mun": 3520202,
    "mae": 0.0008151040237862617,
    "rmse": 0.0009754061513497514,
    "r2": 0.0,
    "n_train": 251,
    "n_test": 12
}