{
    "disease": "hiv_aids",
    "cod_mun": 3527108,
    "mae": 0.339315896035366,
    "rmse": 0.5480177554185147,
    "r2": 0.08216945296679157,
    "n_samples": 300
}