{
    "disease": "TX_sifilis_00_23",
    "cod_mun": 3531407,
    "mae": 0.024078106973320246,
    "rmse": 0.024080279458364155,
    "r2": 0.0,
    "n_train": 251,
    "n_test": 12
}