{
    "disease": "hiv_aids",
    "cod_mun": 3525201,
    "mae": 1.5950463472922438,
    "rmse": 3.5152455727038623,
    "r2": -0.21904817276269672,
    "n_samples": 300
}