{
    "disease": "TX_hiv_aids_00_23",
    "cod_mun": 3541208,
    "mae": 1.5898721763358286,
    "rmse": 2.25704780655152,
    "r2": 0.2424906615070338,
    "n_train": 251,
    "n_test": 12
}