{
    "disease": "TX_hiv_aids_00_23",
    "cod_mun": 3522505,
    "mae": 0.7723555369901219,
    "rmse": 0.7980533679433005,
    "r2": -13.562129443839469,
    "n_train": 251,
    "n_test": 12
}