{
    "disease": "TX_hiv_aids_00_23",
    "cod_mun": 3513603,
    "mae": 0.13273103721439838,
    "rmse": 0.15211188530931383,
    "r2": 0.0,
    "n_train": 251,
    "n_test": 12
}