{
    "disease": "hiv_aids",
    "cod_mun": 3554904,
    "mae": 1.2637182220824872,
    "rmse": 3.53350966077643,
    "r2": 0.29190682229223874,
    "n_samples": 300
}