{
    "disease": "tuberculose",
    "cod_mun": 3532108,
    "mae": 0.3053871636263234,
    "rmse": 1.8385043918436152,
    "r2": 0.175034557348428,
    "n_samples": 300
}