{
    "disease": "TX_hepatite_00_23",
    "cod_mun": 3525201,
    "mae": 0.06225588531621421,
    "rmse": 0.17247469700635837,
    "r2": 0.0,
    "n_train": 251,
    "n_test": 12
}