{
    "disease": "TX_hepatite_00_23",
    "cod_mun": 3551207,
    "mae": 8.144861578941345,
    "rmse": 9.709627903410942,
    "r2": 0.0,
    "n_train": 251,
    "n_test": 12
}