{
    "disease": "sifilis",
    "cod_mun": 3503208,
    "mae": 0.37004975269976154,
    "rmse": 0.414063611192206,
    "r2": -0.31458403164906024,
    "n_samples": 300
}