{
    "disease": "TX_tuberculose_00_23",
    "cod_mun": 3537909,
    "mae": 0.6239735356832576,
    "rmse": 0.9018240030728606,
    "r2": 0.055485571708652204,
    "n_train": 251,
    "n_test": 12
}