{
    "disease": "TX_hanseniase_00_23",
    "cod_mun": 3517901,
    "mae": 0.003171439292297388,
    "rmse": 0.0037572983983361168,
    "r2": 0.0,
    "n_train": 251,
    "n_test": 12
}