{
    "disease": "sifilis",
    "cod_mun": 3512100,
    "mae": 0.4285172296828785,
    "rmse": 1.8489139437289663,
    "r2": 0.007083773000900684,
    "n_samples": 300
}