{
    "disease": "sifilis",
    "cod_mun": 3552106,
    "mae": 0.1807882210332143,
    "rmse": 0.4693309668974696,
    "r2": 0.07903324926594302,
    "n_samples": 300
}