{
    "disease": "hanseniase",
    "cod_mun": 3513603,
    "mae": 0.7094292823414691,
    "rmse": 2.195238165698698,
    "r2": -0.11607570717005733,
    "n_samples": 300
}