{
    "disease": "hepatite",
    "cod_mun": 3541406,
    "mae": 0.2778138620121849,
    "rmse": 0.5315767874810251,
    "r2": 0.29485997143723464,
    "n_samples": 300
}