{
    "disease": "hanseniase",
    "cod_mun": 3500501,
    "mae": 0.000940652442992693,
    "rmse": 0.005995282287726458,
    "r2": 0.9996452425160505,
    "n_samples": 300
}