{
    "disease": "tuberculose",
    "cod_mun": 3521705,
    "mae": 1.4540926725831562,
    "rmse": 2.485771529555261,
    "r2": 0.310389266141347,
    "n_samples": 300
}