{
    "disease": "TX_tuberculose_00_23",
    "cod_mun": 3517604,
    "mae": 0.03941120890279611,
    "rmse": 0.03941274190727184,
    "r2": 0.0,
    "n_train": 251,
    "n_test": 12
}