{
    "disease": "sifilis",
    "cod_mun": 3552007,
    "mae": 0.12199737779560675,
    "rmse": 1.0243212260703263,
    "r2": 0.003911642606385213,
    "n_samples": 300
}