{
    "disease": "TX_hiv_aids_00_23",
    "cod_mun": 3544509,
    "mae": 0.003495074595169475,
    "rmse": 0.004621402561939962,
    "r2": 0.0,
    "n_train": 251,
    "n_test": 12
}