{
    "disease": "hanseniase",
    "cod_mun": 3528502,
    "mae": 0.09180345195076314,
    "rmse": 0.30188372139448766,
    "r2": 0.19027596411190772,
    "n_samples": 300
}