{
    "disease": "TX_hiv_aids_00_23",
    "cod_mun": 3501707,
    "mae": 1.823925521264013,
    "rmse": 2.0704027123687045,
    "r2": -0.23906288454864377,
    "n_train": 251,
    "n_test": 12
}