{
    "disease": "TX_sifilis_00_23",
    "cod_mun": 3533700,
    "mae": 0.9083375334739685,
    "rmse": 0.9083375334739685,
    "r2": 0.0,
    "n_train": 251,
    "n_test": 12
}