{
    "disease": "sifilis",
    "cod_mun": 3516309,
    "mae": 0.15873299004304953,
    "rmse": 0.27006406940665106,
    "r2": 0.6137735457527669,
    "n_samples": 300
}