{
    "disease": "sifilis",
    "cod_mun": 3531209,
    "mae": 0.0694320121729813,
    "rmse": 0.5866683111438874,
    "r2": 0.32748293444352694,
    "n_samples": 300
}