{
    "disease": "TX_hepatite_00_23",
    "cod_mun": 3504503,
    "mae": 0.1710488687065149,
    "rmse": 0.31156072880109054,
    "r2": -0.09101430971286106,
    "n_train": 251,
    "n_test": 12
}