{
    "disease": "sifilis",
    "cod_mun": 3523800,
    "mae": 0.08952928803476816,
    "rmse": 0.7333189425547039,
    "r2": 0.004823674661105448,
    "n_samples": 300
}