{
    "disease": "tuberculose",
    "cod_mun": 3532207,
    "mae": 0.1420058847768262,
    "rmse": 1.2362555252704637,
    "r2": 0.002299274015973296,
    "n_samples": 300
}