{
    "disease": "hiv_aids",
    "cod_mun": 3539905,
    "mae": 4.333938387512613,
    "rmse": 7.80950555809281,
    "r2": 0.06382935509318666,
    "n_samples": 300
}