{
    "disease": "tuberculose",
    "cod_mun": 3553807,
    "mae": 0.7064380278892098,
    "rmse": 1.3393739760342565,
    "r2": 0.35907297006899586,
    "n_samples": 300
}