{
    "disease": "hepatite",
    "cod_mun": 3517307,
    "mae": 1.643454874823898,
    "rmse": 4.119347396958222,
    "r2": 0.054831771772630655,
    "n_samples": 300
}