{
    "disease": "TX_hanseniase_00_23",
    "cod_mun": 3507902,
    "mae": 0.0015404673370843132,
    "rmse": 0.0016077653181876528,
    "r2": 0.0,
    "n_train": 251,
    "n_test": 12
}