{
    "disease": "TX_hiv_aids_00_23",
    "cod_mun": 3524105,
    "mae": 0.9190528131564591,
    "rmse": 1.1468875282541753,
    "r2": -1.4053255789598609,
    "n_train": 251,
    "n_test": 12
}