{
    "disease": "hanseniase",
    "cod_mun": 3506300,
    "mae": 1.7266560948264442,
    "rmse": 2.425791748449921,
    "r2": -0.1944258560610752,
    "n_samples": 300
}