{
    "disease": "hiv_aids",
    "cod_mun": 3554508,
    "mae": 0.5866976325683513,
    "rmse": 1.0367142528683935,
    "r2": 0.18500573618175098,
    "n_samples": 300
}