{
    "disease": "sifilis",
    "cod_mun": 3547502,
    "mae": 0.4499694436331532,
    "rmse": 1.0556323486347723,
    "r2": 0.673177373245246,
    "n_samples": 300
}