{
    "disease": "TX_hepatite_00_23",
    "cod_mun": 3503406,
    "mae": 0.028779353170345228,
    "rmse": 0.0302500907297709,
    "r2": 0.0,
    "n_train": 251,
    "n_test": 12
}