{
    "disease": "sifilis",
    "cod_mun": 3530102,
    "mae": 0.3245521328110016,
    "rmse": 0.9016072163248421,
    "r2": 0.0688989368676568,
    "n_samples": 300
}