{
    "disease": "hanseniase",
    "cod_mun": 3532603,
    "mae": 0.29978874487287904,
    "rmse": 1.1798882861055247,
    "r2": 0.0004352238049478707,
    "n_samples": 300
}