{
    "disease": "hiv_aids",
    "cod_mun": 3530607,
    "mae": 0.4499694552996499,
    "rmse": 0.5810617523579299,
    "r2": 0.21638191500921355,
    "n_samples": 300
}