{
    "disease": "TX_hanseniase_00_23",
    "cod_mun": 3534104,
    "mae": 0.062278036028146744,
    "rmse": 0.062278036028146744,
    "r2": 0.0,
    "n_train": 251,
    "n_test": 12
}