{
    "disease": "TX_sifilis_00_23",
    "cod_mun": 3531209,
    "mae": 1.0342972984154566,
    "rmse": 3.5829109419735996,
    "r2": -0.0909090909090906,
    "n_train": 251,
    "n_test": 12
}