{
    "disease": "TX_hepatite_00_23",
    "cod_mun": 3552502,
    "mae": 0.022547751665115356,
    "rmse": 0.023300050086153618,
    "r2": 0.0,
    "n_train": 251,
    "n_test": 12
}