{
    "disease": "TX_hepatite_00_23",
    "cod_mun": 3524105,
    "mae": 0.5181959364106391,
    "rmse": 0.801242332023611,
    "r2": -0.17397806424559525,
    "n_train": 251,
    "n_test": 12
}