{
    "disease": "TX_tuberculose_00_23",
    "cod_mun": 3508702,
    "mae": 0.24118460714817047,
    "rmse": 0.24118460714817047,
    "r2": 0.0,
    "n_train": 251,
    "n_test": 12
}