{
    "disease": "hanseniase",
    "cod_mun": 3552007,
    "mae": 0.46029468221711606,
    "rmse": 1.9881289688293693,
    "r2": 0.0039069646379679135,
    "n_samples": 300
}