{
    "disease": "tuberculose",
    "cod_mun": 3553302,
    "mae": 0.53654149419148,
    "rmse": 1.2315696269916776,
    "r2": 0.7733573491996245,
    "n_samples": 300
}