{
    "disease": "TX_hanseniase_00_23",
    "cod_mun": 3548005,
    "mae": 0.02873524761525914,
    "rmse": 0.06502143103954647,
    "r2": 0.0,
    "n_train": 251,
    "n_test": 12
}