{
    "disease": "hiv_aids",
    "cod_mun": 3552809,
    "mae": 0.6444117399580184,
    "rmse": 0.8589173293461062,
    "r2": -0.1060114314866003,
    "n_samples": 300
}