{
    "disease": "TX_tuberculose_00_23",
    "cod_mun": 3552601,
    "mae": 0.11128561509152253,
    "rmse": 0.2233346951321857,
    "r2": 0.0,
    "n_train": 251,
    "n_test": 12
}