{
    "disease": "hepatite",
    "cod_mun": 3528700,
    "mae": 0.3098211849246951,
    "rmse": 1.854313469322071,
    "r2": 0.006509642020521289,
    "n_samples": 300
}