{
    "disease": "TX_sifilis_00_23",
    "cod_mun": 3511102,
    "mae": 0.5098427176734824,
    "rmse": 0.600961724086792,
    "r2": -0.16478219796301974,
    "n_train": 251,
    "n_test": 12
}