{
    "disease": "hanseniase",
    "cod_mun": 3501301,
    "mae": 0.0007329578837844464,
    "rmse": 0.004591067688383938,
    "r2": 0.9996492361724344,
    "n_samples": 300
}