{
    "disease": "hiv_aids",
    "cod_mun": 3509809,
    "mae": 0.27175173059575874,
    "rmse": 1.6686408357259361,
    "r2": 0.003291275204787558,
    "n_samples": 300
}