{
    "disease": "sifilis",
    "cod_mun": 3514908,
    "mae": 0.08954244909552173,
    "rmse": 0.5466169002838205,
    "r2": 0.004219640709609895,
    "n_samples": 300
}