{
    "disease": "hiv_aids",
    "cod_mun": 3529005,
    "mae": 3.16797342092398,
    "rmse": 3.9661478299509785,
    "r2": -12.404606734703274,
    "n_samples": 300
}