{
    "disease": "hepatite",
    "cod_mun": 3533106,
    "mae": 0.9432452562929929,
    "rmse": 4.642328517513454,
    "r2": 0.007038714369243082,
    "n_samples": 300
}