{
    "disease": "sifilis",
    "cod_mun": 3521507,
    "mae": 0.464020733112805,
    "rmse": 2.0870651302850995,
    "r2": 0.013356435025258295,
    "n_samples": 300
}