{
    "disease": "hanseniase",
    "cod_mun": 3510401,
    "mae": 0.060066646740243985,
    "rmse": 0.25481150698366467,
    "r2": 0.01323755480831712,
    "n_samples": 300
}