{
    "disease": "TX_tuberculose_00_23",
    "cod_mun": 3550100,
    "mae": 0.7842701073250818,
    "rmse": 1.1492976350750364,
    "r2": -0.09731669151707911,
    "n_train": 251,
    "n_test": 12
}