{
    "disease": "TX_tuberculose_00_23",
    "cod_mun": 3532827,
    "mae": 0.27917492389678955,
    "rmse": 0.27917492389678955,
    "r2": 0.0,
    "n_train": 251,
    "n_test": 12
}