{
    "disease": "sifilis",
    "cod_mun": 3527405,
    "mae": 0.42392488849113996,
    "rmse": 1.2189339629310358,
    "r2": 0.08105313528453739,
    "n_samples": 300
}