{
    "disease": "TX_hiv_aids_00_23",
    "cod_mun": 3539202,
    "mae": 1.722603966253753,
    "rmse": 1.7338445029796947,
    "r2": -1.5341739950357072,
    "n_train": 251,
    "n_test": 12
}