{
    "disease": "hiv_aids",
    "cod_mun": 3531803,
    "mae": 3.1351945965469934,
    "rmse": 4.360682571881614,
    "r2": 0.38390096608411106,
    "n_samples": 300
}