{
    "disease": "hepatite",
    "cod_mun": 3545308,
    "mae": 0.5114951802427885,
    "rmse": 1.1277871546912865,
    "r2": 0.26752361885867204,
    "n_samples": 300
}