{
    "disease": "tuberculose",
    "cod_mun": 3504305,
    "mae": 0.6322720851377713,
    "rmse": 2.307421017816473,
    "r2": 0.1542317159394967,
    "n_samples": 300
}