{
    "disease": "TX_hanseniase_00_23",
    "cod_mun": 3506102,
    "mae": 0.06230574815223614,
    "rmse": 0.06446301457752335,
    "r2": 0.0,
    "n_train": 251,
    "n_test": 12
}