{
    "disease": "tuberculose",
    "cod_mun": 3530508,
    "mae": 0.7406327404354023,
    "rmse": 0.9612348714386343,
    "r2": 0.24725246570466808,
    "n_samples": 300
}