{
    "disease": "TX_hepatite_00_23",
    "cod_mun": 3532603,
    "mae": 0.31551843881607056,
    "rmse": 0.31551843881607056,
    "r2": 0.0,
    "n_train": 251,
    "n_test": 12
}