{
    "disease": "TX_tuberculose_00_23",
    "cod_mun": 3547502,
    "mae": 1.2335236068841668,
    "rmse": 2.4465937378860816,
    "r2": -0.04435560757306645,
    "n_train": 251,
    "n_test": 12
}