{
    "disease": "hiv_aids",
    "cod_mun": 3547601,
    "mae": 1.743261013611253,
    "rmse": 2.314600768473058,
    "r2": 0.12496179991186851,
    "n_samples": 300
}