{
    "disease": "tuberculose",
    "cod_mun": 3520608,
    "mae": 0.2647676885438599,
    "rmse": 1.6231728061256432,
    "r2": 0.0010630707036445308,
    "n_samples": 300
}