{
    "disease": "TX_tuberculose_00_23",
    "cod_mun": 3534401,
    "mae": 0.382473165755006,
    "rmse": 0.5371454913219661,
    "r2": -0.0836550522617705,
    "n_train": 251,
    "n_test": 12
}