{
    "disease": "hiv_aids",
    "cod_mun": 3525805,
    "mae": 2.554431622435673,
    "rmse": 5.361429675393055,
    "r2": 0.0006230332397575422,
    "n_samples": 300
}