{
    "disease": "TX_hiv_aids_00_23",
    "cod_mun": 3517505,
    "mae": 1.9849580339995707,
    "rmse": 2.5493608604174343,
    "r2": 0.0017260519535431396,
    "n_train": 251,
    "n_test": 12
}