{
    "disease": "TX_hepatite_00_23",
    "cod_mun": 3525300,
    "mae": 0.0692069512291509,
    "rmse": 0.21865197739770756,
    "r2": -0.09630420414774754,
    "n_train": 251,
    "n_test": 12
}