{
    "disease": "hepatite",
    "cod_mun": 3556602,
    "mae": 0.34587049209583803,
    "rmse": 1.235369552417524,
    "r2": 0.047146934478852764,
    "n_samples": 300
}