{
    "disease": "hiv_aids",
    "cod_mun": 3542701,
    "mae": 1.5836051304785046,
    "rmse": 4.344327276501528,
    "r2": 0.03417084417553384,
    "n_samples": 300
}