{
    "disease": "TX_hanseniase_00_23",
    "cod_mun": 3527504,
    "mae": 0.0003804465974705333,
    "rmse": 0.0005976927828447117,
    "r2": 0.0,
    "n_train": 251,
    "n_test": 12
}