{
    "disease": "sifilis",
    "cod_mun": 3528106,
    "mae": 0.07412345612080269,
    "rmse": 0.6285188998539798,
    "r2": 0.3382626325696029,
    "n_samples": 300
}