{
    "disease": "sifilis",
    "cod_mun": 3519071,
    "mae": 0.1778809182864529,
    "rmse": 0.3023291540321357,
    "r2": 0.3474774316438619,
    "n_samples": 300
}