{
    "disease": "TX_hiv_aids_00_23",
    "cod_mun": 3505500,
    "mae": 3.8857832467446776,
    "rmse": 4.029911045212545,
    "r2": -19.338298149868315,
    "n_train": 251,
    "n_test": 12
}