{
    "disease": "TX_tuberculose_00_23",
    "cod_mun": 3521150,
    "mae": 0.11607960673669974,
    "rmse": 0.11611443785859295,
    "r2": 0.0,
    "n_train": 251,
    "n_test": 12
}