{
    "disease": "TX_tuberculose_00_23",
    "cod_mun": 3532058,
    "mae": 2.1671386915430677,
    "rmse": 7.139117209597987,
    "r2": -0.08575195285655646,
    "n_train": 251,
    "n_test": 12
}