{
    "disease": "hepatite",
    "cod_mun": 3503802,
    "mae": 0.12225101401994046,
    "rmse": 0.37948965082991315,
    "r2": 0.10103979399729446,
    "n_samples": 300
}