{
    "disease": "TX_hanseniase_00_23",
    "cod_mun": 3504008,
    "mae": 0.017895567124166217,
    "rmse": 0.050447359749985106,
    "r2": 0.0,
    "n_train": 251,
    "n_test": 12
}