{
    "disease": "hepatite",
    "cod_mun": 3518800,
    "mae": 0.0678967020437021,
    "rmse": 0.11759235696999766,
    "r2": 0.6241609859826058,
    "n_samples": 300
}