{
    "disease": "TX_hiv_aids_00_23",
    "cod_mun": 3502101,
    "mae": 0.5705918422082169,
    "rmse": 0.6672546541829215,
    "r2": 0.16036566270084218,
    "n_train": 251,
    "n_test": 12
}