{
    "disease": "TX_sifilis_00_23",
    "cod_mun": 3513504,
    "mae": 1.1486879156468959,
    "rmse": 1.4656641976895113,
    "r2": -0.5419815935417029,
    "n_train": 251,
    "n_test": 12
}