{
    "disease": "tuberculose",
    "cod_mun": 3555109,
    "mae": 0.4850498592420868,
    "rmse": 1.3538303958659677,
    "r2": 0.11837714226448859,
    "n_samples": 300
}