{
    "disease": "sifilis",
    "cod_mun": 3526902,
    "mae": 0.39525263239044284,
    "rmse": 0.5277770807379197,
    "r2": 0.5429049873204843,
    "n_samples": 300
}