{
    "disease": "TX_tuberculose_00_23",
    "cod_mun": 3527108,
    "mae": 0.23956980582384854,
    "rmse": 0.4129126657100699,
    "r2": -0.22446803439636032,
    "n_train": 251,
    "n_test": 12
}