{
    "disease": "hepatite",
    "cod_mun": 3524907,
    "mae": 1.6791079513246683,
    "rmse": 3.8362536339750277,
    "r2": 0.1847878071260507,
    "n_samples": 300
}