{
    "disease": "sifilis",
    "cod_mun": 3542909,
    "mae": 0.16897570064019393,
    "rmse": 0.8207021862446096,
    "r2": 0.010370454911771132,
    "n_samples": 300
}