{
    "disease": "TX_tuberculose_00_23",
    "cod_mun": 3514908,
    "mae": 0.6554543177286783,
    "rmse": 0.6557909726393886,
    "r2": 0.0,
    "n_train": 251,
    "n_test": 12
}