{
    "disease": "TX_hanseniase_00_23",
    "cod_mun": 3534807,
    "mae": 0.14595919474959373,
    "rmse": 0.14935374853666525,
    "r2": 0.0,
    "n_train": 251,
    "n_test": 12
}