{
    "disease": "sifilis",
    "cod_mun": 3551603,
    "mae": 0.20385735172926148,
    "rmse": 0.6390725555940178,
    "r2": 0.06692835916703033,
    "n_samples": 300
}