{
    "disease": "sifilis",
    "cod_mun": 3502705,
    "mae": 0.29243728764595145,
    "rmse": 1.0530866394159204,
    "r2": -0.07925231730186244,
    "n_samples": 300
}