{
    "disease": "tuberculose",
    "cod_mun": 3553609,
    "mae": 0.34192004577093443,
    "rmse": 1.2210241668652055,
    "r2": 0.11274687730559285,
    "n_samples": 300
}