{
    "disease": "sifilis",
    "cod_mun": 3541059,
    "mae": 0.7049970944909273,
    "rmse": 3.09777125366953,
    "r2": 0.07639982389036515,
    "n_samples": 300
}