{
    "disease": "tuberculose",
    "cod_mun": 3555208,
    "mae": 0.007190885563141022,
    "rmse": 0.04194070828588893,
    "r2": 0.9998021634408037,
    "n_samples": 300
}