{
    "disease": "TX_sifilis_00_23",
    "cod_mun": 3515707,
    "mae": 0.35836429851882506,
    "rmse": 0.42861532151335796,
    "r2": -0.11757673244759026,
    "n_train": 251,
    "n_test": 12
}