{
    "disease": "TX_tuberculose_00_23",
    "cod_mun": 3501400,
    "mae": 3.2094700902843663,
    "rmse": 5.860700717434268,
    "r2": -3.79664608236574e-05,
    "n_train": 251,
    "n_test": 12
}