{
    "disease": "sifilis",
    "cod_mun": 3534401,
    "mae": 0.28294107424016357,
    "rmse": 0.39320100966876376,
    "r2": 0.6833150491129916,
    "n_samples": 300
}