{
    "disease": "hiv_aids",
    "cod_mun": 3509700,
    "mae": 1.0154845460253212,
    "rmse": 1.5796020187255975,
    "r2": 0.09904050512262008,
    "n_samples": 300
}