{
    "disease": "sifilis",
    "cod_mun": 3536257,
    "mae": 0.6342382018790937,
    "rmse": 3.762084110331031,
    "r2": 0.007116977150543269,
    "n_samples": 300
}