{
    "disease": "sifilis",
    "cod_mun": 3552809,
    "mae": 0.4038969024006318,
    "rmse": 0.5301092950911143,
    "r2": 0.18137677928806806,
    "n_samples": 300
}