{
    "disease": "sifilis",
    "cod_mun": 3529302,
    "mae": 0.12604556367540506,
    "rmse": 0.3778783780830913,
    "r2": 0.042042604971037956,
    "n_samples": 300
}