{
    "disease": "TX_sifilis_00_23",
    "cod_mun": 3548302,
    "mae": 0.6145414113998413,
    "rmse": 0.6145414113998413,
    "r2": 0.0,
    "n_train": 251,
    "n_test": 12
}