{
    "disease": "hepatite",
    "cod_mun": 3529005,
    "mae": 0.18729558208829594,
    "rmse": 0.33392263316036874,
    "r2": 0.4404288199440932,
    "n_samples": 300
}