{
    "disease": "hanseniase",
    "cod_mun": 3535705,
    "mae": 0.002452066117792109,
    "rmse": 0.006551616477757429,
    "r2": 0.999961919035678,
    "n_samples": 300
}