{
    "disease": "TX_sifilis_00_23",
    "cod_mun": 3516853,
    "mae": 0.10434511676430702,
    "rmse": 0.16940422691371065,
    "r2": 0.0,
    "n_train": 251,
    "n_test": 12
}