{
    "disease": "hanseniase",
    "cod_mun": 3552700,
    "mae": 0.5806375378035926,
    "rmse": 1.3923947772195948,
    "r2": 0.005170880564814406,
    "n_samples": 300
}