{
    "disease": "hepatite",
    "cod_mun": 3551801,
    "mae": 0.360630335374784,
    "rmse": 1.1917434282139332,
    "r2": 0.21771848345395406,
    "n_samples": 300
}