{
    "disease": "TX_hiv_aids_00_23",
    "cod_mun": 3509452,
    "mae": 1.0734106202920277,
    "rmse": 1.2342589015219327,
    "r2": 0.0,
    "n_train": 251,
    "n_test": 12
}