{
    "disease": "hanseniase",
    "cod_mun": 3535903,
    "mae": 0.003406859882443701,
    "rmse": 0.01539022987536973,
    "r2": 0.9999007010160637,
    "n_samples": 300
}