{
    "disease": "hepatite",
    "cod_mun": 3524303,
    "mae": 0.26867063507513456,
    "rmse": 0.5640487341944015,
    "r2": 0.2735756051218303,
    "n_samples": 300
}