{
    "disease": "sifilis",
    "cod_mun": 3522109,
    "mae": 0.19948337743145567,
    "rmse": 0.37555290365752725,
    "r2": 0.32122245925249737,
    "n_samples": 300
}