{
    "disease": "hanseniase",
    "cod_mun": 3531209,
    "mae": 0.26608428142907997,
    "rmse": 1.368279237524332,
    "r2": 1.2720820171119307e-05,
    "n_samples": 300
}