{
    "disease": "TX_hanseniase_00_23",
    "cod_mun": 3508405,
    "mae": 0.03616078058257699,
    "rmse": 0.054090265351439515,
    "r2": 0.0,
    "n_train": 251,
    "n_test": 12
}