{
    "disease": "TX_hepatite_00_23",
    "cod_mun": 3546306,
    "mae": 0.4731740210382884,
    "rmse": 0.9656460927716299,
    "r2": -0.016783597616277568,
    "n_train": 251,
    "n_test": 12
}