{
    "disease": "tuberculose",
    "cod_mun": 3512902,
    "mae": 0.38128799951984965,
    "rmse": 1.5553701697095068,
    "r2": 0.05999947875742884,
    "n_samples": 300
}