{
    "disease": "TX_sifilis_00_23",
    "cod_mun": 3513900,
    "mae": 0.06302427500486374,
    "rmse": 0.063024293973169,
    "r2": 0.0,
    "n_train": 251,
    "n_test": 12
}