{
    "disease": "TX_hepatite_00_23",
    "cod_mun": 3510500,
    "mae": 0.45729103590066394,
    "rmse": 0.535440413673719,
    "r2": -1.6867849619465116,
    "n_train": 251,
    "n_test": 12
}