{
    "disease": "TX_tuberculose_00_23",
    "cod_mun": 3511706,
    "mae": 0.5712662217107981,
    "rmse": 1.8202939558557347,
    "r2": -0.07450176147895715,
    "n_train": 251,
    "n_test": 12
}