{
    "disease": "TX_sifilis_00_23",
    "cod_mun": 3510203,
    "mae": 0.5649164595175248,
    "rmse": 0.7281954301087552,
    "r2": -0.4826260276796366,
    "n_train": 251,
    "n_test": 12
}