{
    "disease": "TX_hiv_aids_00_23",
    "cod_mun": 3555406,
    "mae": 0.9906016681732362,
    "rmse": 1.1918058365196347,
    "r2": -1.3369681577253507,
    "n_train": 251,
    "n_test": 12
}