{
    "disease": "TX_hiv_aids_00_23",
    "cod_mun": 3545506,
    "mae": 1.2246570487817128,
    "rmse": 1.2498521058955316,
    "r2": 0.0,
    "n_train": 251,
    "n_test": 12
}