{
    "disease": "TX_tuberculose_00_23",
    "cod_mun": 3530805,
    "mae": 0.5170577371040618,
    "rmse": 0.563584282386422,
    "r2": -0.08209737258564864,
    "n_train": 251,
    "n_test": 12
}