{
    "disease": "hanseniase",
    "cod_mun": 3543709,
    "mae": 0.8504522852212847,
    "rmse": 1.7265472268020214,
    "r2": 0.008693847562870727,
    "n_samples": 300
}