{
    "disease": "sifilis",
    "cod_mun": 3539608,
    "mae": 0.3107538739749521,
    "rmse": 1.910023000397111,
    "r2": 0.0009538604030869813,
    "n_samples": 300
}