{
    "disease": "hiv_aids",
    "cod_mun": 3542909,
    "mae": 0.7906582898589247,
    "rmse": 1.751423744470746,
    "r2": 0.4745415816827505,
    "n_samples": 300
}