{
    "disease": "TX_hepatite_00_23",
    "cod_mun": 3549250,
    "mae": 2.920713186264038,
    "rmse": 3.0730586028984064,
    "r2": 0.0,
    "n_train": 251,
    "n_test": 12
}