{
    "disease": "sifilis",
    "cod_mun": 3529005,
    "mae": 0.4378966871222152,
    "rmse": 0.581377757166066,
    "r2": 0.41994391446114465,
    "n_samples": 300
}