{
    "disease": "TX_hiv_aids_00_23",
    "cod_mun": 3522109,
    "mae": 0.48684591062572197,
    "rmse": 0.565581185111575,
    "r2": -0.05206466342573868,
    "n_train": 251,
    "n_test": 12
}