{
    "disease": "hepatite",
    "cod_mun": 3549805,
    "mae": 0.128694276394132,
    "rmse": 0.21939868642555388,
    "r2": 0.5626408036876299,
    "n_samples": 300
}