{
    "disease": "hepatite",
    "cod_mun": 3521507,
    "mae": 1.2892549076128972,
    "rmse": 3.5054103795030924,
    "r2": 0.18039148365089064,
    "n_samples": 300
}