{
    "disease": "TX_sifilis_00_23",
    "cod_mun": 3521705,
    "mae": 0.19450372457504272,
    "rmse": 0.19450372457504272,
    "r2": 0.0,
    "n_train": 251,
    "n_test": 12
}