{
    "disease": "hanseniase",
    "cod_mun": 3525904,
    "mae": 0.3457239621841155,
    "rmse": 0.6178931412969154,
    "r2": 0.1021718007275858,
    "n_samples": 300
}