{
    "disease": "TX_hepatite_00_23",
    "cod_mun": 3528601,
    "mae": 0.28384512414534885,
    "rmse": 0.2962504231029852,
    "r2": 0.0,
    "n_train": 251,
    "n_test": 12
}