{
    "disease": "hiv_aids",
    "cod_mun": 3553807,
    "mae": 1.253264774013311,
    "rmse": 1.8036388066134708,
    "r2": 0.06819546449510272,
    "n_samples": 300
}