{
    "disease": "hanseniase",
    "cod_mun": 3534401,
    "mae": 0.03979995858751314,
    "rmse": 0.05831541480639952,
    "r2": 0.03858099672352078,
    "n_samples": 300
}