{
    "disease": "tuberculose",
    "cod_mun": 3510153,
    "mae": 0.5946400549954349,
    "rmse": 2.613115515009735,
    "r2": 0.00016259349732183903,
    "n_samples": 300
}