{
    "disease": "TX_tuberculose_00_23",
    "cod_mun": 3540101,
    "mae": 0.12517167876164118,
    "rmse": 0.168652579413879,
    "r2": 0.0,
    "n_train": 251,
    "n_test": 12
}