{
    "disease": "hiv_aids",
    "cod_mun": 3532843,
    "mae": 0.3334474091951217,
    "rmse": 2.789052050069816,
    "r2": 0.007347472139569655,
    "n_samples": 300
}