{
    "disease": "hepatite",
    "cod_mun": 3528502,
    "mae": 0.21497849645995218,
    "rmse": 0.4880290009990702,
    "r2": 0.339387612228351,
    "n_samples": 300
}