{
    "disease": "TX_hiv_aids_00_23",
    "cod_mun": 3515806,
    "mae": 0.19194433093070984,
    "rmse": 0.19194433093070984,
    "r2": 0.0,
    "n_train": 251,
    "n_test": 12
}