{
    "disease": "TX_hanseniase_00_23",
    "cod_mun": 3519071,
    "mae": 0.058209870010614395,
    "rmse": 0.058209870010614395,
    "r2": 0.0,
    "n_train": 251,
    "n_test": 12
}