{
    "disease": "tuberculose",
    "cod_mun": 3542305,
    "mae": 0.5505533456313345,
    "rmse": 2.730215260637675,
    "r2": 0.326352145293725,
    "n_samples": 300
}