{
    "disease": "sifilis",
    "cod_mun": 3515129,
    "mae": 0.008411807018387379,
    "rmse": 0.038103510839781946,
    "r2": 0.9999105496316478,
    "n_samples": 300
}