{
    "disease": "hiv_aids",
    "cod_mun": 3506201,
    "mae": 0.48875587359889927,
    "rmse": 2.9908346577477483,
    "r2": 0.0026889128430873654,
    "n_samples": 300
}