{
    "disease": "TX_hanseniase_00_23",
    "cod_mun": 3551306,
    "mae": 9.09542268345831e-06,
    "rmse": 1.4444533589744573e-05,
    "r2": 0.0,
    "n_train": 251,
    "n_test": 12
}