{
    "disease": "tuberculose",
    "cod_mun": 3532827,
    "mae": 0.4948592469970951,
    "rmse": 1.6734284094200933,
    "r2": 0.1561489890190899,
    "n_samples": 300
}