{
    "disease": "TX_sifilis_00_23",
    "cod_mun": 3529609,
    "mae": 0.08037425950169563,
    "rmse": 0.0803747034321917,
    "r2": 0.0,
    "n_train": 251,
    "n_test": 12
}