{
    "disease": "sifilis",
    "cod_mun": 3520301,
    "mae": 0.33206582991839717,
    "rmse": 0.802077008980785,
    "r2": 0.38274468787373506,
    "n_samples": 300
}