{
    "disease": "hepatite",
    "cod_mun": 3518602,
    "mae": 3.28324159639937,
    "rmse": 4.617291498605285,
    "r2": 0.4132642351972956,
    "n_samples": 300
}