{
    "disease": "hepatite",
    "cod_mun": 3534807,
    "mae": 1.2310635752876002,
    "rmse": 3.07658072883258,
    "r2": 0.09364087603691362,
    "n_samples": 300
}