{
    "disease": "TX_hanseniase_00_23",
    "cod_mun": 3521002,
    "mae": 0.08192946823934714,
    "rmse": 0.09276879178120086,
    "r2": 0.0,
    "n_train": 251,
    "n_test": 12
}