{
    "disease": "hanseniase",
    "cod_mun": 3512902,
    "mae": 0.4472422847678202,
    "rmse": 1.5859640926674698,
    "r2": 0.03907792871652527,
    "n_samples": 300
}