{
    "disease": "TX_hepatite_00_23",
    "cod_mun": 3527108,
    "mae": 0.02863157307729125,
    "rmse": 0.02879871113611341,
    "r2": 0.0,
    "n_train": 251,
    "n_test": 12
}