{
    "disease": "sifilis",
    "cod_mun": 3504107,
    "mae": 0.2565099235110002,
    "rmse": 0.38000517886248686,
    "r2": 0.1773720481581812,
    "n_samples": 300
}