{
    "disease": "TX_hiv_aids_00_23",
    "cod_mun": 3523503,
    "mae": 0.5112544149160385,
    "rmse": 0.5592194051305137,
    "r2": 0.0,
    "n_train": 251,
    "n_test": 12
}