{
    "disease": "TX_hanseniase_00_23",
    "cod_mun": 3545605,
    "mae": 0.06992202268641752,
    "rmse": 0.10949918047968824,
    "r2": 0.0,
    "n_train": 251,
    "n_test": 12
}