{
    "disease": "hiv_aids",
    "cod_mun": 3522307,
    "mae": 0.3546959057132804,
    "rmse": 0.45914416047044443,
    "r2": 0.1448626634814919,
    "n_samples": 300
}