{
    "disease": "TX_hepatite_00_23",
    "cod_mun": 3513801,
    "mae": 0.000572875810272914,
    "rmse": 0.0006136192642151262,
    "r2": 0.0,
    "n_train": 251,
    "n_test": 12
}