{
    "disease": "TX_hiv_aids_00_23",
    "cod_mun": 3517208,
    "mae": 0.03820234164595604,
    "rmse": 0.03821996054514159,
    "r2": 0.0,
    "n_train": 251,
    "n_test": 12
}