{
    "disease": "tuberculose",
    "cod_mun": 3521200,
    "mae": 0.4706641964887127,
    "rmse": 2.1257893165202115,
    "r2": 0.1680856219980854,
    "n_samples": 300
}