{
    "disease": "hepatite",
    "cod_mun": 3513702,
    "mae": 1.9850777870458045,
    "rmse": 3.4102214003749194,
    "r2": 0.38560426621332144,
    "n_samples": 300
}