{
    "disease": "TX_hiv_aids_00_23",
    "cod_mun": 3530300,
    "mae": 1.475657724844613,
    "rmse": 1.7591983203753734,
    "r2": -0.05267772015490513,
    "n_train": 251,
    "n_test": 12
}