{
    "disease": "hepatite",
    "cod_mun": 3514908,
    "mae": 0.04369659918782338,
    "rmse": 0.3697431403040089,
    "r2": 0.004338755277339845,
    "n_samples": 300
}