{
    "disease": "sifilis",
    "cod_mun": 3528809,
    "mae": 0.15247683117190444,
    "rmse": 0.7451964552966764,
    "r2": 0.006945282036575295,
    "n_samples": 300
}