{
    "disease": "TX_hepatite_00_23",
    "cod_mun": 3553203,
    "mae": 3.4754211277963427,
    "rmse": 5.752372478791423,
    "r2": -0.0218248893483457,
    "n_train": 251,
    "n_test": 12
}