{
    "disease": "sifilis",
    "cod_mun": 3509403,
    "mae": 0.5148058484721763,
    "rmse": 1.296018344268329,
    "r2": 0.34643018312063434,
    "n_samples": 300
}