{
    "disease": "TX_hiv_aids_00_23",
    "cod_mun": 3550308,
    "mae": 0.4500338063696964,
    "rmse": 0.5146150835570245,
    "r2": -9.606603795951747,
    "n_train": 251,
    "n_test": 12
}