{
    "disease": "hanseniase",
    "cod_mun": 3509403,
    "mae": 0.37944840806030344,
    "rmse": 0.9029826221480178,
    "r2": 0.07101020019938653,
    "n_samples": 300
}