{
    "disease": "hepatite",
    "cod_mun": 3554102,
    "mae": 0.1305701192141895,
    "rmse": 0.25404751501428774,
    "r2": 0.37758773600373974,
    "n_samples": 300
}