{
    "disease": "hepatite",
    "cod_mun": 3528601,
    "mae": 1.284709054266385,
    "rmse": 2.7321918703859125,
    "r2": 0.0679856754115834,
    "n_samples": 300
}