{
    "disease": "TX_hanseniase_00_23",
    "cod_mun": 3544202,
    "mae": 0.17084158305078745,
    "rmse": 0.2582954315102104,
    "r2": 0.0,
    "n_train": 251,
    "n_test": 12
}