{
    "disease": "TX_hepatite_00_23",
    "cod_mun": 3525003,
    "mae": 0.2289041087835945,
    "rmse": 0.36745013628556955,
    "r2": -0.17017929252493058,
    "n_train": 251,
    "n_test": 12
}