{
    "disease": "hiv_aids",
    "cod_mun": 3556404,
    "mae": 0.7535236977040262,
    "rmse": 1.134582655269365,
    "r2": 0.03600028743836192,
    "n_samples": 300
}