{
    "disease": "TX_hanseniase_00_23",
    "cod_mun": 3534609,
    "mae": 0.07485863007605076,
    "rmse": 0.0758879702128571,
    "r2": 0.0,
    "n_train": 251,
    "n_test": 12
}