{
    "disease": "hiv_aids",
    "cod_mun": 3515657,
    "mae": 0.4020750717669182,
    "rmse": 3.4491272440281104,
    "r2": 0.0025240632874010682,
    "n_samples": 300
}