{
    "disease": "sifilis",
    "cod_mun": 3539301,
    "mae": 0.35884227312013073,
    "rmse": 0.6080207113617643,
    "r2": 0.10920390689906145,
    "n_samples": 300
}