{
    "disease": "tuberculose",
    "cod_mun": 3545100,
    "mae": 0.5211195215966368,
    "rmse": 2.294267524391824,
    "r2": 0.0027176480108230816,
    "n_samples": 300
}