{
    "disease": "TX_hepatite_00_23",
    "cod_mun": 3503703,
    "mae": 1.7402081133332103,
    "rmse": 2.123772168819536,
    "r2": 0.0,
    "n_train": 251,
    "n_test": 12
}