{
    "disease": "hanseniase",
    "cod_mun": 3554805,
    "mae": 0.12046164383286585,
    "rmse": 0.3793977541862174,
    "r2": 0.03834165774123255,
    "n_samples": 300
}