{
    "disease": "TX_tuberculose_00_23",
    "cod_mun": 3518602,
    "mae": 1.1945080603963685,
    "rmse": 1.77435986551614,
    "r2": -0.10962856745512672,
    "n_train": 251,
    "n_test": 12
}