{
    "disease": "TX_hanseniase_00_23",
    "cod_mun": 3518859,
    "mae": 1.4535973882229574,
    "rmse": 3.7881611288772508,
    "r2": -0.03845728992264141,
    "n_train": 251,
    "n_test": 12
}