{
    "disease": "sifilis",
    "cod_mun": 3537602,
    "mae": 0.2616203041295635,
    "rmse": 0.49343307786640095,
    "r2": 0.26830958878002487,
    "n_samples": 300
}