{
    "disease": "hiv_aids",
    "cod_mun": 3553104,
    "mae": 0.6574626757826552,
    "rmse": 2.3427871302227348,
    "r2": 0.008359745525244211,
    "n_samples": 300
}