{
    "disease": "sifilis",
    "cod_mun": 3516903,
    "mae": 0.19375058446443746,
    "rmse": 0.8620804078971838,
    "r2": 0.10924138924102422,
    "n_samples": 300
}