{
    "disease": "hanseniase",
    "cod_mun": 3527306,
    "mae": 0.14619048807059457,
    "rmse": 0.4722577947319808,
    "r2": 0.07381066080863574,
    "n_samples": 300
}