{
    "disease": "sifilis",
    "cod_mun": 3513900,
    "mae": 0.11789541033903667,
    "rmse": 0.7102242751490991,
    "r2": 0.003543478755546836,
    "n_samples": 300
}