{
    "disease": "sifilis",
    "cod_mun": 3517505,
    "mae": 0.16594676437982123,
    "rmse": 0.7576595677430993,
    "r2": 0.00315805282007231,
    "n_samples": 300
}