{
    "disease": "sifilis",
    "cod_mun": 3555406,
    "mae": 0.43748374295355263,
    "rmse": 0.7351748704105706,
    "r2": 0.22485890304048606,
    "n_samples": 300
}