{
    "disease": "hiv_aids",
    "cod_mun": 3523008,
    "mae": 1.3458623334255977,
    "rmse": 3.474307502382559,
    "r2": 0.07665978437636789,
    "n_samples": 300
}