{
    "disease": "sifilis",
    "cod_mun": 3516309,
    "mae": 0.2866282887348499,
    "rmse": 0.406459645732241,
    "r2": 0.1251305110748081,
    "n_samples": 300
}