{
    "disease": "tuberculose",
    "cod_mun": 3537909,
    "mae": 0.6526723660861459,
    "rmse": 1.224290990975943,
    "r2": 0.052748744169143325,
    "n_samples": 300
}