{
    "disease": "hiv_aids",
    "cod_mun": 3547908,
    "mae": 1.8746882533553677,
    "rmse": 6.041432907399926,
    "r2": -0.08872378870659992,
    "n_samples": 300
}