{
    "disease": "tuberculose",
    "cod_mun": 3540507,
    "mae": 0.7126498463336033,
    "rmse": 2.120104116773758,
    "r2": 0.11755395020303794,
    "n_samples": 300
}