{
    "disease": "hiv_aids",
    "cod_mun": 3556602,
    "mae": 1.6076152185997032,
    "rmse": 2.6103864350577797,
    "r2": 0.033901098714870126,
    "n_samples": 300
}