{
    "disease": "TX_hanseniase_00_23",
    "cod_mun": 3520509,
    "mae": 0.2388306439416494,
    "rmse": 0.2997351142375157,
    "r2": -0.8028726379215461,
    "n_train": 251,
    "n_test": 12
}