{
    "disease": "TX_sifilis_00_23",
    "cod_mun": 3539202,
    "mae": 0.46805962369616366,
    "rmse": 1.1117355619145763,
    "r2": -0.041883437359987674,
    "n_train": 251,
    "n_test": 12
}