{
    "disease": "TX_hanseniase_00_23",
    "cod_mun": 3503000,
    "mae": 0.06885667331516743,
    "rmse": 0.0688566860729903,
    "r2": 0.0,
    "n_train": 251,
    "n_test": 12
}