{
    "disease": "TX_hepatite_00_23",
    "cod_mun": 3501806,
    "mae": 0.07230553403496742,
    "rmse": 0.0735513215027073,
    "r2": 0.0,
    "n_train": 251,
    "n_test": 12
}