{
    "disease": "sifilis",
    "cod_mun": 3500907,
    "mae": 0.17417573565534905,
    "rmse": 1.3727283875820229,
    "r2": 0.006108448772675357,
    "n_samples": 300
}