{
    "disease": "TX_sifilis_00_23",
    "cod_mun": 3523909,
    "mae": 0.21536934428753884,
    "rmse": 0.2710945150300598,
    "r2": -0.2217034310283792,
    "n_train": 251,
    "n_test": 12
}