{
    "disease": "hepatite",
    "cod_mun": 3531506,
    "mae": 0.6546245104451395,
    "rmse": 1.637889650334811,
    "r2": 0.3202085599031884,
    "n_samples": 300
}