{
    "disease": "hepatite",
    "cod_mun": 3544301,
    "mae": 0.4976701543829594,
    "rmse": 1.6251526548379276,
    "r2": 0.10470470485446848,
    "n_samples": 300
}