{
    "disease": "TX_hanseniase_00_23",
    "cod_mun": 3503901,
    "mae": 0.0010207673476543278,
    "rmse": 0.00113108876197972,
    "r2": 0.0,
    "n_train": 251,
    "n_test": 12
}