{
    "disease": "tuberculose",
    "cod_mun": 3542107,
    "mae": 0.2979744598107372,
    "rmse": 1.1354785879151408,
    "r2": 0.20892427931890423,
    "n_samples": 300
}