{
    "disease": "TX_tuberculose_00_23",
    "cod_mun": 3538006,
    "mae": 0.33944504085046806,
    "rmse": 0.4604425778443391,
    "r2": -1.3068576459854482,
    "n_train": 251,
    "n_test": 12
}