{
    "disease": "hepatite",
    "cod_mun": 3523602,
    "mae": 0.6551368833133874,
    "rmse": 1.6075224303818243,
    "r2": 0.06491749346659192,
    "n_samples": 300
}