{
    "disease": "hiv_aids",
    "cod_mun": 3541604,
    "mae": 0.41725911356931644,
    "rmse": 0.840521203370876,
    "r2": 0.09181015997618713,
    "n_samples": 300
}