{
    "disease": "tuberculose",
    "cod_mun": 3504701,
    "mae": 3.5373212111663905,
    "rmse": 7.00372000694297,
    "r2": 0.1599333835699489,
    "n_samples": 300
}