{
    "disease": "hepatite",
    "cod_mun": 3516606,
    "mae": 1.0678395444035493,
    "rmse": 2.579991130013429,
    "r2": 0.08761559560084442,
    "n_samples": 300
}