{
    "disease": "sifilis",
    "cod_mun": 3516408,
    "mae": 0.2932200141419861,
    "rmse": 0.649519671663953,
    "r2": 0.30813396969153073,
    "n_samples": 300
}