{
    "disease": "hanseniase",
    "cod_mun": 3556909,
    "mae": 0.47663675289135443,
    "rmse": 1.8423082610793116,
    "r2": 0.8652232283742829,
    "n_samples": 300
}