{
    "disease": "hiv_aids",
    "cod_mun": 3522307,
    "mae": 0.4217305526632756,
    "rmse": 0.5419462234926368,
    "r2": -0.19137951094500338,
    "n_samples": 300
}