{
    "disease": "hiv_aids",
    "cod_mun": 3540200,
    "mae": 1.7075425724217743,
    "rmse": 2.3018896215953135,
    "r2": 0.21056041073056997,
    "n_samples": 300
}