{
    "disease": "hanseniase",
    "cod_mun": 3552403,
    "mae": 0.06392697640904904,
    "rmse": 0.12233720009863094,
    "r2": 0.04184485954241235,
    "n_samples": 300
}