{
    "disease": "hiv_aids",
    "cod_mun": 3549607,
    "mae": 0.7661644130366353,
    "rmse": 4.008477845130083,
    "r2": 0.12052593706248871,
    "n_samples": 300
}