{
    "disease": "TX_hepatite_00_23",
    "cod_mun": 3546108,
    "mae": 0.00618656810062627,
    "rmse": 0.011452675042120886,
    "r2": 0.0,
    "n_train": 251,
    "n_test": 12
}