{
    "disease": "TX_sifilis_00_23",
    "cod_mun": 3532504,
    "mae": 0.10859777716298898,
    "rmse": 0.13331078282999867,
    "r2": 0.0,
    "n_train": 251,
    "n_test": 12
}