{
    "disease": "sifilis",
    "cod_mun": 3515194,
    "mae": 0.15800522745356171,
    "rmse": 1.3401927378425897,
    "r2": 0.005933599109850807,
    "n_samples": 300
}