{
    "disease": "TX_hepatite_00_23",
    "cod_mun": 3519501,
    "mae": 1.2736817002296448,
    "rmse": 1.2739023275899737,
    "r2": 0.0,
    "n_train": 251,
    "n_test": 12
}