{
    "disease": "TX_tuberculose_00_23",
    "cod_mun": 3520707,
    "mae": 0.8617146818044906,
    "rmse": 2.981565564337706,
    "r2": 0.0,
    "n_train": 251,
    "n_test": 12
}