{
    "disease": "hiv_aids",
    "cod_mun": 3538808,
    "mae": 0.7380364635059102,
    "rmse": 1.2990081366192967,
    "r2": 0.3048057455596589,
    "n_samples": 300
}