{
    "disease": "hiv_aids",
    "cod_mun": 3504008,
    "mae": 1.053739939493043,
    "rmse": 1.3849428626923164,
    "r2": 0.5109237578676674,
    "n_samples": 300
}