{
    "disease": "TX_hanseniase_00_23",
    "cod_mun": 3504107,
    "mae": 0.02397159766405821,
    "rmse": 0.02397649553435599,
    "r2": 0.0,
    "n_train": 251,
    "n_test": 12
}