{
    "disease": "hiv_aids",
    "cod_mun": 3551306,
    "mae": 3.386166033516119,
    "rmse": 6.6769810941175045,
    "r2": -0.029165432110250356,
    "n_samples": 300
}