{
    "disease": "TX_hiv_aids_00_23",
    "cod_mun": 3514809,
    "mae": 0.22560392692685127,
    "rmse": 0.23861535163735556,
    "r2": 0.0,
    "n_train": 251,
    "n_test": 12
}