{
    "disease": "hiv_aids",
    "cod_mun": 3553856,
    "mae": 0.016728117874725758,
    "rmse": 0.10938765027083239,
    "r2": 0.9922356469399911,
    "n_samples": 300
}