{
    "disease": "sifilis",
    "cod_mun": 3521150,
    "mae": 0.1780042876941313,
    "rmse": 0.9581086478311668,
    "r2": 0.14673951259946894,
    "n_samples": 300
}