{
    "disease": "hanseniase",
    "cod_mun": 3513801,
    "mae": 0.056693854370172096,
    "rmse": 0.09903845970238333,
    "r2": 0.00011857819048932683,
    "n_samples": 300
}