{
    "disease": "TX_hepatite_00_23",
    "cod_mun": 3507803,
    "mae": 0.16297566145658493,
    "rmse": 0.16636975169358745,
    "r2": 0.0,
    "n_train": 251,
    "n_test": 12
}