{
    "disease": "sifilis",
    "cod_mun": 3527801,
    "mae": 1.0965542139608797,
    "rmse": 3.3416133467248508,
    "r2": 0.13685403371772897,
    "n_samples": 300
}