{
    "disease": "tuberculose",
    "cod_mun": 3523701,
    "mae": 0.11048767824218989,
    "rmse": 0.8783295567581435,
    "r2": 0.005876920006115283,
    "n_samples": 300
}