{
    "disease": "TX_sifilis_00_23",
    "cod_mun": 3531605,
    "mae": 0.1665541703502337,
    "rmse": 0.16655549808419123,
    "r2": 0.0,
    "n_train": 251,
    "n_test": 12
}