{
    "disease": "sifilis",
    "cod_mun": 3538808,
    "mae": 0.20314300419888956,
    "rmse": 0.7246817574761393,
    "r2": 0.47353172297025037,
    "n_samples": 300
}