{
    "disease": "TX_tuberculose_00_23",
    "cod_mun": 3544905,
    "mae": 0.1462700180709362,
    "rmse": 0.14627074371318038,
    "r2": 0.0,
    "n_train": 251,
    "n_test": 12
}