{
    "disease": "sifilis",
    "cod_mun": 3508009,
    "mae": 0.3246014402496525,
    "rmse": 0.912488485169652,
    "r2": 0.022469828676599968,
    "n_samples": 300
}