{
    "disease": "hepatite",
    "cod_mun": 3508801,
    "mae": 1.6702645655867776,
    "rmse": 3.420883031406433,
    "r2": 0.08590903858130838,
    "n_samples": 300
}