{
    "disease": "TX_hiv_aids_00_23",
    "cod_mun": 3547502,
    "mae": 0.5174277673165003,
    "rmse": 0.5904831943810709,
    "r2": 0.0,
    "n_train": 251,
    "n_test": 12
}