{
    "disease": "TX_hiv_aids_00_23",
    "cod_mun": 3524006,
    "mae": 0.9113183621670783,
    "rmse": 1.0017235962548106,
    "r2": -0.36417632509906905,
    "n_train": 251,
    "n_test": 12
}