{
    "disease": "TX_sifilis_00_23",
    "cod_mun": 3542107,
    "mae": 0.0917334333062172,
    "rmse": 0.0917334333062172,
    "r2": 0.0,
    "n_train": 251,
    "n_test": 12
}