{
    "disease": "tuberculose",
    "cod_mun": 3549508,
    "mae": 0.48510009702259765,
    "rmse": 1.7764269200087124,
    "r2": 0.4036131594067446,
    "n_samples": 300
}