{
    "disease": "hepatite",
    "cod_mun": 3554508,
    "mae": 0.2985762256027864,
    "rmse": 0.6589975399033284,
    "r2": 0.14197622342822813,
    "n_samples": 300
}