{
    "disease": "hanseniase",
    "cod_mun": 3544103,
    "mae": 0.07453957768329642,
    "rmse": 0.28967409950290723,
    "r2": 0.004724740928647275,
    "n_samples": 300
}