{
    "disease": "TX_tuberculose_00_23",
    "cod_mun": 3526308,
    "mae": 1.6433680085779683,
    "rmse": 5.692672697722932,
    "r2": -0.09091134250110233,
    "n_train": 251,
    "n_test": 12
}