{
    "disease": "hiv_aids",
    "cod_mun": 3550407,
    "mae": 1.2559906224646917,
    "rmse": 1.719777087361015,
    "r2": 0.12194202252095387,
    "n_samples": 300
}