{
    "disease": "hiv_aids",
    "cod_mun": 3527009,
    "mae": 0.8562474558368454,
    "rmse": 2.8961718494259494,
    "r2": 0.4419058520587692,
    "n_samples": 300
}