{
    "disease": "hiv_aids",
    "cod_mun": 3537404,
    "mae": 1.6149278187134264,
    "rmse": 2.2646038486691538,
    "r2": 0.10512799613306378,
    "n_samples": 300
}