{
    "disease": "hanseniase",
    "cod_mun": 3533700,
    "mae": 0.5135804075835275,
    "rmse": 2.47097599128585,
    "r2": 0.14021242341707307,
    "n_samples": 300
}