{
    "disease": "TX_hanseniase_00_23",
    "cod_mun": 3540754,
    "mae": 0.009228413798458254,
    "rmse": 0.015842274393168446,
    "r2": 0.0,
    "n_train": 251,
    "n_test": 12
}