{
    "disease": "TX_tuberculose_00_23",
    "cod_mun": 3533007,
    "mae": 0.7174853253990948,
    "rmse": 1.4613433041479156,
    "r2": -0.047599508361767295,
    "n_train": 251,
    "n_test": 12
}