{
    "disease": "hanseniase",
    "cod_mun": 3521705,
    "mae": 0.3223152740405609,
    "rmse": 0.7993426720721132,
    "r2": 0.044409156796652804,
    "n_samples": 300
}