{
    "disease": "TX_hepatite_00_23",
    "cod_mun": 3521903,
    "mae": 1.9032737870784355,
    "rmse": 2.7596028941761275,
    "r2": -0.1496097297097545,
    "n_train": 251,
    "n_test": 12
}