{
    "disease": "TX_hepatite_00_23",
    "cod_mun": 3517802,
    "mae": 0.10117564847071965,
    "rmse": 0.10117605232258325,
    "r2": 0.0,
    "n_train": 251,
    "n_test": 12
}