{
    "disease": "hanseniase",
    "cod_mun": 3556503,
    "mae": 0.18695142578475918,
    "rmse": 0.45089511695220896,
    "r2": 0.22971324251742875,
    "n_samples": 300
}