{
    "disease": "hiv_aids",
    "cod_mun": 3555901,
    "mae": 2.4341911229034086,
    "rmse": 8.186425911622049,
    "r2": 0.19056952750569,
    "n_samples": 300
}