{
    "disease": "tuberculose",
    "cod_mun": 3545159,
    "mae": 0.10265004548160768,
    "rmse": 0.6076803081375634,
    "r2": 0.21701021920634866,
    "n_samples": 300
}