{
    "disease": "TX_hanseniase_00_23",
    "cod_mun": 3550506,
    "mae": 0.08136119383076827,
    "rmse": 0.08136136476474776,
    "r2": 0.0,
    "n_train": 251,
    "n_test": 12
}