{
    "disease": "sifilis",
    "cod_mun": 3533502,
    "mae": 0.33990216184845407,
    "rmse": 0.6950835870836708,
    "r2": 0.22803952348749068,
    "n_samples": 300
}