{
    "disease": "tuberculose",
    "cod_mun": 3514809,
    "mae": 0.5389267099988638,
    "rmse": 1.2745773857788014,
    "r2": 0.17198964710235087,
    "n_samples": 300
}