{
    "disease": "TX_sifilis_00_23",
    "cod_mun": 3537156,
    "mae": 0.09531536574165027,
    "rmse": 0.09531538633947557,
    "r2": 0.0,
    "n_train": 251,
    "n_test": 12
}