{
    "disease": "hiv_aids",
    "cod_mun": 3511201,
    "mae": 2.2294608127029747,
    "rmse": 6.002061638335819,
    "r2": 0.04609500232825703,
    "n_samples": 300
}