{
    "disease": "hiv_aids",
    "cod_mun": 3511607,
    "mae": 0.1845342076507111,
    "rmse": 0.7911058830652483,
    "r2": 0.006883873679322305,
    "n_samples": 300
}