{
    "disease": "TX_hiv_aids_00_23",
    "cod_mun": 3539400,
    "mae": 1.79533052444458,
    "rmse": 1.79533052444458,
    "r2": 0.0,
    "n_train": 251,
    "n_test": 12
}