{
    "disease": "sifilis",
    "cod_mun": 3539103,
    "mae": 0.3614394862411319,
    "rmse": 1.1551545847320877,
    "r2": 0.006682370190173259,
    "n_samples": 300
}