{
    "disease": "sifilis",
    "cod_mun": 3539202,
    "mae": 0.4841979285824915,
    "rmse": 1.2370375358336874,
    "r2": -0.004783791171400376,
    "n_samples": 300
}