{
    "disease": "hiv_aids",
    "cod_mun": 3525805,
    "mae": 2.6322465647376254,
    "rmse": 5.229768863503037,
    "r2": 0.0491038297293529,
    "n_samples": 300
}