{
    "disease": "hiv_aids",
    "cod_mun": 3525003,
    "mae": 0.5588800606249023,
    "rmse": 0.700090060270765,
    "r2": 0.12267779593296935,
    "n_samples": 300
}