{
    "disease": "hanseniase",
    "cod_mun": 3508009,
    "mae": 0.2797188908588533,
    "rmse": 0.8569782226777583,
    "r2": 0.11281193534208667,
    "n_samples": 300
}