{
    "disease": "tuberculose",
    "cod_mun": 3537800,
    "mae": 0.5001698888274577,
    "rmse": 0.8416087683912302,
    "r2": 0.37557895981419986,
    "n_samples": 300
}