{
    "disease": "TX_tuberculose_00_23",
    "cod_mun": 3547304,
    "mae": 0.3376008338782657,
    "rmse": 0.362193413125069,
    "r2": -0.44013493762480116,
    "n_train": 251,
    "n_test": 12
}