{
    "disease": "hepatite",
    "cod_mun": 3503406,
    "mae": 0.23677385911644933,
    "rmse": 1.53949490920515,
    "r2": 0.0027622483554302635,
    "n_samples": 300
}