{
    "disease": "hiv_aids",
    "cod_mun": 3530607,
    "mae": 0.828929146205582,
    "rmse": 1.0450662723068538,
    "r2": -1.5348223934819276,
    "n_samples": 300
}