{
    "disease": "TX_hepatite_00_23",
    "cod_mun": 3537404,
    "mae": 1.3275132414959658,
    "rmse": 1.8801674258237913,
    "r2": -0.07431837000359698,
    "n_train": 251,
    "n_test": 12
}