{
    "disease": "sifilis",
    "cod_mun": 3508504,
    "mae": 0.37985747149145427,
    "rmse": 0.5851392578847725,
    "r2": 0.2576829417356683,
    "n_samples": 300
}