{
    "disease": "sifilis",
    "cod_mun": 3537404,
    "mae": 0.2559521187713647,
    "rmse": 0.7935759834102625,
    "r2": 0.09021099855982795,
    "n_samples": 300
}