{
    "disease": "TX_hepatite_00_23",
    "cod_mun": 3555356,
    "mae": 0.2956091469774644,
    "rmse": 0.5499480754151259,
    "r2": 0.0,
    "n_train": 251,
    "n_test": 12
}