{
    "disease": "hiv_aids",
    "cod_mun": 3523602,
    "mae": 1.4287237833539204,
    "rmse": 2.2598615210055355,
    "r2": 0.1333573529044686,
    "n_samples": 300
}