{
    "disease": "sifilis",
    "cod_mun": 3535200,
    "mae": 0.41109457662999555,
    "rmse": 1.4657722396161466,
    "r2": 0.009489642552751754,
    "n_samples": 300
}