{
    "disease": "TX_hepatite_00_23",
    "cod_mun": 3532702,
    "mae": 0.44545582061012584,
    "rmse": 0.7827277910888814,
    "r2": 0.0,
    "n_train": 251,
    "n_test": 12
}