{
    "disease": "hiv_aids",
    "cod_mun": 3540309,
    "mae": 0.520300049527796,
    "rmse": 3.1599931826403025,
    "r2": 0.00032415018248033167,
    "n_samples": 300
}