{
    "disease": "TX_hepatite_00_23",
    "cod_mun": 3518305,
    "mae": 1.3714410066604614,
    "rmse": 1.3714410066604614,
    "r2": 0.0,
    "n_train": 251,
    "n_test": 12
}