{
    "disease": "TX_hepatite_00_23",
    "cod_mun": 3552601,
    "mae": 3.44750555765008,
    "rmse": 5.210253111784336,
    "r2": -0.13907015645485332,
    "n_train": 251,
    "n_test": 12
}