{
    "disease": "tuberculose",
    "cod_mun": 3544004,
    "mae": 0.7983661008333343,
    "rmse": 1.2451953716758069,
    "r2": 0.1560002553994475,
    "n_samples": 300
}