{
    "disease": "hiv_aids",
    "cod_mun": 3508108,
    "mae": 0.6699440992262888,
    "rmse": 1.6818915883854064,
    "r2": 0.012047624911198929,
    "n_samples": 300
}