{
    "disease": "sifilis",
    "cod_mun": 3534302,
    "mae": 0.046514139180516764,
    "rmse": 0.23432673724808067,
    "r2": 0.004445155308818727,
    "n_samples": 300
}