{
    "disease": "hanseniase",
    "cod_mun": 3521705,
    "mae": 0.2437665741962234,
    "rmse": 0.7804277262762959,
    "r2": 0.08909861160701649,
    "n_samples": 300
}