{
    "disease": "TX_hepatite_00_23",
    "cod_mun": 3523008,
    "mae": 3.185275693734487,
    "rmse": 3.2166959575157614,
    "r2": 0.0,
    "n_train": 251,
    "n_test": 12
}