{
    "disease": "tuberculose",
    "cod_mun": 3500204,
    "mae": 0.18385910990633675,
    "rmse": 1.5949931320852462,
    "r2": 0.0026152583212407654,
    "n_samples": 300
}