{
    "disease": "tuberculose",
    "cod_mun": 3504909,
    "mae": 2.9425804181965853,
    "rmse": 4.313481702512863,
    "r2": 0.1295531074855938,
    "n_samples": 300
}