{
    "disease": "hepatite",
    "cod_mun": 3528007,
    "mae": 0.10600468643838473,
    "rmse": 0.4932146399941209,
    "r2": 0.7755564884682703,
    "n_samples": 300
}