{
    "disease": "TX_hiv_aids_00_23",
    "cod_mun": 3511706,
    "mae": 0.13940343912690878,
    "rmse": 0.2634506974623389,
    "r2": 0.0,
    "n_train": 251,
    "n_test": 12
}