{
    "disease": "hiv_aids",
    "cod_mun": 3548500,
    "mae": 4.399833153010436,
    "rmse": 6.643498913307659,
    "r2": -0.627685313894021,
    "n_samples": 300
}