{
    "disease": "sifilis",
    "cod_mun": 3536703,
    "mae": 0.29709081999220116,
    "rmse": 0.6040408308814426,
    "r2": 0.08262533961594232,
    "n_samples": 300
}