{
    "disease": "tuberculose",
    "cod_mun": 3538907,
    "mae": 1.6551577041117989,
    "rmse": 2.264167224187201,
    "r2": 0.06117787150105636,
    "n_samples": 300
}