{
    "disease": "TX_tuberculose_00_23",
    "cod_mun": 3511003,
    "mae": 0.20226293802261353,
    "rmse": 0.27610783436482705,
    "r2": 0.0,
    "n_train": 251,
    "n_test": 12
}