{
    "disease": "hepatite",
    "cod_mun": 3517802,
    "mae": 0.3655210347765213,
    "rmse": 1.323664284309235,
    "r2": 0.12231874697307776,
    "n_samples": 300
}