{
    "disease": "sifilis",
    "cod_mun": 3523404,
    "mae": 0.14520463725869215,
    "rmse": 0.27919293759890823,
    "r2": 0.0011640655357536556,
    "n_samples": 300
}