{
    "disease": "hanseniase",
    "cod_mun": 3531407,
    "mae": 0.06069478445384386,
    "rmse": 0.37860151873458514,
    "r2": 4.6230414077363946e-05,
    "n_samples": 300
}