{
    "disease": "TX_tuberculose_00_23",
    "cod_mun": 3535705,
    "mae": 1.5124531223581663,
    "rmse": 4.6855761217963305,
    "r2": -0.06908705091351175,
    "n_train": 251,
    "n_test": 12
}