{
    "disease": "TX_tuberculose_00_23",
    "cod_mun": 3545803,
    "mae": 0.5337075929297416,
    "rmse": 0.7703495860300281,
    "r2": -0.3565117690714137,
    "n_train": 251,
    "n_test": 12
}