{
    "disease": "hiv_aids",
    "cod_mun": 3547205,
    "mae": 1.5700103089100446,
    "rmse": 6.812707965395189,
    "r2": 0.0037632242052563214,
    "n_samples": 300
}