{
    "disease": "hiv_aids",
    "cod_mun": 3519808,
    "mae": 6.462223150797734,
    "rmse": 7.080737588403096,
    "r2": -0.4027023895354449,
    "n_samples": 300
}