{
    "disease": "sifilis",
    "cod_mun": 3540705,
    "mae": 0.31920693121437843,
    "rmse": 0.6665249283192152,
    "r2": 0.18408673923839125,
    "n_samples": 300
}