{
    "disease": "hiv_aids",
    "cod_mun": 3520202,
    "mae": 1.3129570327514746,
    "rmse": 2.661703315619648,
    "r2": 0.04866919097354139,
    "n_samples": 300
}