{
    "disease": "TX_hanseniase_00_23",
    "cod_mun": 3517604,
    "mae": 0.0015874086772479739,
    "rmse": 0.0026150484467827514,
    "r2": 0.0,
    "n_train": 251,
    "n_test": 12
}