{
    "disease": "hanseniase",
    "cod_mun": 3554706,
    "mae": 0.28029833805904414,
    "rmse": 1.3533056468174605,
    "r2": 0.3322107005295384,
    "n_samples": 300
}