{
    "disease": "hiv_aids",
    "cod_mun": 3500709,
    "mae": 1.258921824843355,
    "rmse": 2.1726242585839435,
    "r2": 0.1144179993754545,
    "n_samples": 300
}