{
    "disease": "tuberculose",
    "cod_mun": 3513702,
    "mae": 0.5706595254382512,
    "rmse": 1.0173267517702782,
    "r2": 0.08193095442111631,
    "n_samples": 300
}