{
    "disease": "hanseniase",
    "cod_mun": 3520707,
    "mae": 1.0350924442187983,
    "rmse": 3.182053397008702,
    "r2": 0.3063391732692693,
    "n_samples": 300
}