{
    "disease": "hanseniase",
    "cod_mun": 3517604,
    "mae": 0.10357037914372913,
    "rmse": 0.5448764323382311,
    "r2": 0.08119871141496571,
    "n_samples": 300
}