{
    "disease": "hiv_aids",
    "cod_mun": 3531506,
    "mae": 0.9987851444939914,
    "rmse": 1.803614639602661,
    "r2": 0.059659645724745025,
    "n_samples": 300
}