{
    "disease": "TX_sifilis_00_23",
    "cod_mun": 3532405,
    "mae": 0.16507695025453964,
    "rmse": 0.16922814093410543,
    "r2": 0.0,
    "n_train": 251,
    "n_test": 12
}