{
    "disease": "sifilis",
    "cod_mun": 3548906,
    "mae": 0.20199957347209643,
    "rmse": 0.29102298517916664,
    "r2": 0.2418542540280374,
    "n_samples": 300
}