{
    "disease": "hiv_aids",
    "cod_mun": 3538600,
    "mae": 0.49469844469546637,
    "rmse": 1.0515713012359789,
    "r2": 0.03364230496188314,
    "n_samples": 300
}