{
    "disease": "sifilis",
    "cod_mun": 3512605,
    "mae": 0.5156521003284419,
    "rmse": 2.0431405787172334,
    "r2": 0.1002516446093582,
    "n_samples": 300
}