{
    "disease": "TX_hepatite_00_23",
    "cod_mun": 3541604,
    "mae": 0.10927569004707038,
    "rmse": 0.16990428591430673,
    "r2": 0.0,
    "n_train": 251,
    "n_test": 12
}