{
    "disease": "hanseniase",
    "cod_mun": 3517406,
    "mae": 0.4835909050433279,
    "rmse": 0.8060355556820336,
    "r2": 0.1380002155928488,
    "n_samples": 300
}