{
    "disease": "TX_hiv_aids_00_23",
    "cod_mun": 3534401,
    "mae": 0.3740191676640597,
    "rmse": 0.4296961344295905,
    "r2": -0.6381550458621899,
    "n_train": 251,
    "n_test": 12
}