{
    "disease": "sifilis",
    "cod_mun": 3552551,
    "mae": 0.4079674983337198,
    "rmse": 2.526806081095718,
    "r2": 0.0009535091449922595,
    "n_samples": 300
}