{
    "disease": "hanseniase",
    "cod_mun": 3534104,
    "mae": 0.10979954586602167,
    "rmse": 0.9468000209789179,
    "r2": 0.0028692128089579105,
    "n_samples": 300
}