{
    "disease": "TX_hanseniase_00_23",
    "cod_mun": 3501806,
    "mae": 0.7531907954835333,
    "rmse": 2.5969985162488536,
    "r2": 0.0,
    "n_train": 251,
    "n_test": 12
}