{
    "disease": "tuberculose",
    "cod_mun": 3506300,
    "mae": 0.9220965076699,
    "rmse": 2.336897516798023,
    "r2": 0.32278486892061575,
    "n_samples": 300
}