{
    "disease": "hiv_aids",
    "cod_mun": 3532009,
    "mae": 0.8707758329009513,
    "rmse": 2.1309272938656685,
    "r2": 0.04882044595592916,
    "n_samples": 300
}