{
    "disease": "TX_sifilis_00_23",
    "cod_mun": 3536406,
    "mae": 1.546674544037329,
    "rmse": 3.50838562754612,
    "r2": -0.016864121836770662,
    "n_train": 251,
    "n_test": 12
}