{
    "disease": "TX_hepatite_00_23",
    "cod_mun": 3555802,
    "mae": 0.39732614904642105,
    "rmse": 0.3974030200722789,
    "r2": 0.0,
    "n_train": 251,
    "n_test": 12
}