{
    "disease": "hiv_aids",
    "cod_mun": 3555505,
    "mae": 0.861308243579047,
    "rmse": 3.8949854163936233,
    "r2": 0.11209382687773062,
    "n_samples": 300
}