{
    "disease": "hanseniase",
    "cod_mun": 3542909,
    "mae": 0.34291966890066705,
    "rmse": 1.1479226500075663,
    "r2": 0.06357830346703286,
    "n_samples": 300
}