{
    "disease": "TX_hiv_aids_00_23",
    "cod_mun": 3529708,
    "mae": 0.8890741666158041,
    "rmse": 1.0761266230402828,
    "r2": 0.0,
    "n_train": 251,
    "n_test": 12
}