{
    "disease": "TX_tuberculose_00_23",
    "cod_mun": 3536604,
    "mae": 0.16951987147331238,
    "rmse": 0.16951987147331238,
    "r2": 0.0,
    "n_train": 251,
    "n_test": 12
}