{
    "disease": "TX_hiv_aids_00_23",
    "cod_mun": 3541901,
    "mae": 1.5551808203260105,
    "rmse": 1.7476267533166325,
    "r2": 0.0,
    "n_train": 251,
    "n_test": 12
}