{
    "disease": "sifilis",
    "cod_mun": 3509304,
    "mae": 0.13233674045374488,
    "rmse": 0.767944341875631,
    "r2": 0.009740287427729144,
    "n_samples": 300
}