{
    "disease": "TX_hiv_aids_00_23",
    "cod_mun": 3510104,
    "mae": 0.5269306749105453,
    "rmse": 0.5269309567255201,
    "r2": 0.0,
    "n_train": 251,
    "n_test": 12
}