{
    "disease": "hepatite",
    "cod_mun": 3539905,
    "mae": 0.5168335181936751,
    "rmse": 2.2238644494863036,
    "r2": 0.002008919252899477,
    "n_samples": 300
}