{
    "disease": "sifilis",
    "cod_mun": 3510203,
    "mae": 0.32617336396551894,
    "rmse": 0.8232647675456755,
    "r2": 0.04320030207753556,
    "n_samples": 300
}