{
    "disease": "TX_hepatite_00_23",
    "cod_mun": 3540200,
    "mae": 0.004904118856453958,
    "rmse": 0.006233510620703662,
    "r2": 0.0,
    "n_train": 251,
    "n_test": 12
}