{
    "disease": "tuberculose",
    "cod_mun": 3535408,
    "mae": 0.2919685914818092,
    "rmse": 0.916765934756909,
    "r2": 0.06161707692243856,
    "n_samples": 300
}