{
    "disease": "TX_hepatite_00_23",
    "cod_mun": 3546256,
    "mae": 3.9126065373420715,
    "rmse": 4.001527604599425,
    "r2": 0.0,
    "n_train": 251,
    "n_test": 12
}