{
    "disease": "tuberculose",
    "cod_mun": 3507308,
    "mae": 1.0487469564942111,
    "rmse": 3.489318636950524,
    "r2": 4.947568735336194e-05,
    "n_samples": 300
}