{
    "disease": "hepatite",
    "cod_mun": 3535309,
    "mae": 1.575750456098554,
    "rmse": 2.8587793456329904,
    "r2": 0.1659830599274772,
    "n_samples": 300
}