{
    "disease": "sifilis",
    "cod_mun": 3513108,
    "mae": 0.35221301791785614,
    "rmse": 1.02972439988923,
    "r2": 0.06101245694196056,
    "n_samples": 300
}