{
    "disease": "hanseniase",
    "cod_mun": 3501806,
    "mae": 0.11440785160372335,
    "rmse": 0.9672613914377793,
    "r2": 0.005684241851862892,
    "n_samples": 300
}