{
    "disease": "sifilis",
    "cod_mun": 3521408,
    "mae": 0.21087817603957726,
    "rmse": 0.708961415789407,
    "r2": 0.004747427363182788,
    "n_samples": 300
}