{
    "disease": "sifilis",
    "cod_mun": 3553906,
    "mae": 0.6377890838015172,
    "rmse": 2.4923148995110926,
    "r2": 0.07655994022463797,
    "n_samples": 300
}