{
    "disease": "TX_hanseniase_00_23",
    "cod_mun": 3537404,
    "mae": 0.6061238356683912,
    "rmse": 1.1412077404243286,
    "r2": 0.028505268261234562,
    "n_train": 251,
    "n_test": 12
}