{
    "disease": "hanseniase",
    "cod_mun": 3520103,
    "mae": 0.12787148619790356,
    "rmse": 0.6472143112069838,
    "r2": 0.025581243598936987,
    "n_samples": 300
}