{
    "disease": "hiv_aids",
    "cod_mun": 3544509,
    "mae": 0.23315492010568595,
    "rmse": 2.017780244592149,
    "r2": 0.0031768971466155094,
    "n_samples": 300
}