{
    "disease": "TX_hiv_aids_00_23",
    "cod_mun": 3500758,
    "mae": 0.07113558240234852,
    "rmse": 0.10981110115953754,
    "r2": 0.0,
    "n_train": 251,
    "n_test": 12
}