{
    "disease": "TX_hiv_aids_00_23",
    "cod_mun": 3534500,
    "mae": 1.3459031581878662,
    "rmse": 1.3459031581878662,
    "r2": 0.0,
    "n_train": 251,
    "n_test": 12
}