{
    "disease": "TX_sifilis_00_23",
    "cod_mun": 3547106,
    "mae": 0.1771457774254183,
    "rmse": 0.43648607318606514,
    "r2": 0.0,
    "n_train": 251,
    "n_test": 12
}