{
    "disease": "TX_hanseniase_00_23",
    "cod_mun": 3538709,
    "mae": 0.08316566607766872,
    "rmse": 0.1380237638625947,
    "r2": -0.015181427518889956,
    "n_train": 251,
    "n_test": 12
}