{
    "disease": "TX_sifilis_00_23",
    "cod_mun": 3522703,
    "mae": 0.6200678745905558,
    "rmse": 0.6215538592990217,
    "r2": 0.0,
    "n_train": 251,
    "n_test": 12
}