{
    "disease": "sifilis",
    "cod_mun": 3508702,
    "mae": 0.03654578301772739,
    "rmse": 0.3033982869857719,
    "r2": 0.0038607642469348225,
    "n_samples": 300
}