{
    "disease": "TX_tuberculose_00_23",
    "cod_mun": 3553609,
    "mae": 0.1956949681043625,
    "rmse": 0.1956949681043625,
    "r2": 0.0,
    "n_train": 251,
    "n_test": 12
}