{
    "disease": "hiv_aids",
    "cod_mun": 3554201,
    "mae": 0.3723248835320608,
    "rmse": 2.002807544830303,
    "r2": 0.6007183916630181,
    "n_samples": 300
}