{
    "disease": "hiv_aids",
    "cod_mun": 3519402,
    "mae": 3.156279352083384,
    "rmse": 4.5298357077270355,
    "r2": 0.11111139535206738,
    "n_samples": 300
}