{
    "disease": "TX_tuberculose_00_23",
    "cod_mun": 3510708,
    "mae": 0.36735160648822784,
    "rmse": 0.37200157360498265,
    "r2": 0.0,
    "n_train": 251,
    "n_test": 12
}