{
    "disease": "TX_sifilis_00_23",
    "cod_mun": 3553104,
    "mae": 0.17100051045417786,
    "rmse": 0.17100051045417786,
    "r2": 0.0,
    "n_train": 251,
    "n_test": 12
}