{
    "disease": "TX_hiv_aids_00_23",
    "cod_mun": 3518008,
    "mae": 0.5694408714771271,
    "rmse": 0.5694436658288334,
    "r2": 0.0,
    "n_train": 251,
    "n_test": 12
}