{
    "disease": "hanseniase",
    "cod_mun": 3502903,
    "mae": 0.17509811974555656,
    "rmse": 0.6381840766345932,
    "r2": 0.0031870320006335273,
    "n_samples": 300
}