{
    "disease": "hanseniase",
    "cod_mun": 3507159,
    "mae": 0.17485204428393555,
    "rmse": 1.4917013281546996,
    "r2": 0.002047930143640908,
    "n_samples": 300
}