{
    "disease": "hiv_aids",
    "cod_mun": 3528106,
    "mae": 0.7473455355288283,
    "rmse": 2.2032584827937907,
    "r2": 0.0006274557499791333,
    "n_samples": 300
}