{
    "disease": "sifilis",
    "cod_mun": 3513801,
    "mae": 0.38363769669435904,
    "rmse": 0.48701324572063814,
    "r2": 0.36525364140174155,
    "n_samples": 300
}