{
    "disease": "hanseniase",
    "cod_mun": 3539608,
    "mae": 0.4433515871270981,
    "rmse": 2.9117777240408365,
    "r2": 0.0008874751805908465,
    "n_samples": 300
}