{
    "disease": "hiv_aids",
    "cod_mun": 3546207,
    "mae": 0.3559447240950337,
    "rmse": 1.9796281026346272,
    "r2": 0.016884927226394453,
    "n_samples": 300
}