{
    "disease": "TX_sifilis_00_23",
    "cod_mun": 3527207,
    "mae": 1.7341382108132326,
    "rmse": 2.0705119948525783,
    "r2": -1.0360530865541433,
    "n_train": 251,
    "n_test": 12
}