{
    "disease": "TX_sifilis_00_23",
    "cod_mun": 3543402,
    "mae": 0.38414724739908984,
    "rmse": 0.5161342499121425,
    "r2": -0.9039383525848743,
    "n_train": 251,
    "n_test": 12
}