{
    "disease": "hepatite",
    "cod_mun": 3506904,
    "mae": 0.4117492467993362,
    "rmse": 1.5394890064159796,
    "r2": 0.017207158133631495,
    "n_samples": 300
}