{
    "disease": "hanseniase",
    "cod_mun": 3505104,
    "mae": 0.09733113150476273,
    "rmse": 0.8287606305722884,
    "r2": 0.0031060282764093783,
    "n_samples": 300
}