{
    "disease": "sifilis",
    "cod_mun": 3521804,
    "mae": 0.38956113385541985,
    "rmse": 0.8384020040521252,
    "r2": 0.12667598739190322,
    "n_samples": 300
}