{
    "disease": "sifilis",
    "cod_mun": 3538105,
    "mae": 0.41364903135359943,
    "rmse": 1.2507193508991876,
    "r2": 0.0023292775944095956,
    "n_samples": 300
}