{
    "disease": "TX_sifilis_00_23",
    "cod_mun": 3548005,
    "mae": 1.0001782110008337,
    "rmse": 2.5738727240512747,
    "r2": 0.001689566073281079,
    "n_train": 251,
    "n_test": 12
}