{
    "disease": "sifilis",
    "cod_mun": 3515129,
    "mae": 0.02045133317519455,
    "rmse": 0.23209216126269783,
    "r2": 0.9966812610503885,
    "n_samples": 300
}