{
    "disease": "hanseniase",
    "cod_mun": 3538907,
    "mae": 0.12620996010358937,
    "rmse": 0.5057284588419849,
    "r2": 0.12050674108528647,
    "n_samples": 300
}