{
    "disease": "hepatite",
    "cod_mun": 3552304,
    "mae": 5.687825299728005,
    "rmse": 9.05517446361177,
    "r2": 0.34060933846195895,
    "n_samples": 300
}