{
    "disease": "hanseniase",
    "cod_mun": 3554102,
    "mae": 0.09712517170140532,
    "rmse": 0.16215584905519967,
    "r2": 0.01662259111843134,
    "n_samples": 300
}