{
    "disease": "tuberculose",
    "cod_mun": 3553856,
    "mae": 0.9292529225264639,
    "rmse": 2.35164015567598,
    "r2": 0.3720155126248734,
    "n_samples": 300
}