{
    "disease": "TX_sifilis_00_23",
    "cod_mun": 3546306,
    "mae": 0.010714584030210972,
    "rmse": 0.020099366098837862,
    "r2": 0.0,
    "n_train": 251,
    "n_test": 12
}