{
    "disease": "hiv_aids",
    "cod_mun": 3534500,
    "mae": 1.2840551915693663,
    "rmse": 5.99169615501033,
    "r2": 0.06383916281126656,
    "n_samples": 300
}