{
    "disease": "sifilis",
    "cod_mun": 3509809,
    "mae": 0.7752671123940748,
    "rmse": 2.4935828902229655,
    "r2": 0.23176798819371824,
    "n_samples": 300
}