{
    "disease": "TX_hepatite_00_23",
    "cod_mun": 3506607,
    "mae": 0.03285546723054722,
    "rmse": 0.04552402591109531,
    "r2": 0.0,
    "n_train": 251,
    "n_test": 12
}