{
    "disease": "TX_tuberculose_00_23",
    "cod_mun": 3547106,
    "mae": 0.387207234899203,
    "rmse": 0.3872076574430103,
    "r2": 0.0,
    "n_train": 251,
    "n_test": 12
}