{
    "disease": "TX_hanseniase_00_23",
    "cod_mun": 3537800,
    "mae": 0.0136763303889893,
    "rmse": 0.037558256000568134,
    "r2": 0.0,
    "n_train": 251,
    "n_test": 12
}