{
    "disease": "sifilis",
    "cod_mun": 3533908,
    "mae": 0.36498617381698983,
    "rmse": 0.8628459814322422,
    "r2": 0.09442138430991631,
    "n_samples": 300
}