{
    "disease": "hanseniase",
    "cod_mun": 3537008,
    "mae": 0.1628552279608773,
    "rmse": 0.7034575427586489,
    "r2": 0.005219478748591522,
    "n_samples": 300
}