{
    "disease": "TX_tuberculose_00_23",
    "cod_mun": 3534005,
    "mae": 2.1725703198215407,
    "rmse": 5.941025218199039,
    "r2": -0.051306517321562994,
    "n_train": 251,
    "n_test": 12
}