{
    "disease": "TX_hiv_aids_00_23",
    "cod_mun": 3515152,
    "mae": 0.11455153411952779,
    "rmse": 0.25069861291630385,
    "r2": 0.0,
    "n_train": 251,
    "n_test": 12
}