{
    "disease": "TX_hepatite_00_23",
    "cod_mun": 3541406,
    "mae": 0.014406398879752183,
    "rmse": 0.01878639071923553,
    "r2": 0.0,
    "n_train": 251,
    "n_test": 12
}