{
    "disease": "hepatite",
    "cod_mun": 3501905,
    "mae": 0.46972639899847013,
    "rmse": 0.8426618585346799,
    "r2": 0.1367258440149115,
    "n_samples": 300
}