{
    "disease": "sifilis",
    "cod_mun": 3537800,
    "mae": 0.15970338007256335,
    "rmse": 0.37522174386300156,
    "r2": 0.0987888530090969,
    "n_samples": 300
}