{
    "disease": "TX_sifilis_00_23",
    "cod_mun": 3521903,
    "mae": 0.09363407164346427,
    "rmse": 0.18881585095247383,
    "r2": 0.0,
    "n_train": 251,
    "n_test": 12
}