{
    "disease": "tuberculose",
    "cod_mun": 3506508,
    "mae": 0.5187130592685797,
    "rmse": 0.7825977921288921,
    "r2": 0.3971836665218139,
    "n_samples": 300
}