{
    "disease": "tuberculose",
    "cod_mun": 3551009,
    "mae": 0.8771689468111735,
    "rmse": 1.1343045803443228,
    "r2": 0.6553752577818805,
    "n_samples": 300
}