{
    "disease": "hiv_aids",
    "cod_mun": 3552700,
    "mae": 0.26891838161570014,
    "rmse": 0.9573952381216144,
    "r2": 6.324052823758475e-05,
    "n_samples": 300
}