{
    "disease": "TX_tuberculose_00_23",
    "cod_mun": 3525904,
    "mae": 0.19686620892663456,
    "rmse": 0.24715236196930224,
    "r2": -0.10687835487439057,
    "n_train": 251,
    "n_test": 12
}