{
    "disease": "TX_tuberculose_00_23",
    "cod_mun": 3503703,
    "mae": 1.2036042404601208,
    "rmse": 3.765997815068126,
    "r2": -0.0709901849240624,
    "n_train": 251,
    "n_test": 12
}