{
    "disease": "TX_sifilis_00_23",
    "cod_mun": 3509106,
    "mae": 4.637322122256378,
    "rmse": 9.18445751014431,
    "r2": -0.3299166174157895,
    "n_train": 251,
    "n_test": 12
}