{
    "disease": "hanseniase",
    "cod_mun": 3518602,
    "mae": 0.1975600511519475,
    "rmse": 0.5172524162545287,
    "r2": 0.5817415446773214,
    "n_samples": 300
}