{
    "disease": "TX_hiv_aids_00_23",
    "cod_mun": 3512605,
    "mae": 0.0808766707777977,
    "rmse": 0.0808766707777977,
    "r2": 0.0,
    "n_train": 251,
    "n_test": 12
}