{
    "disease": "hanseniase",
    "cod_mun": 3539004,
    "mae": 0.1861436703551367,
    "rmse": 0.9307861791542291,
    "r2": 0.0012724196298784518,
    "n_samples": 300
}