{
    "disease": "TX_hiv_aids_00_23",
    "cod_mun": 3504602,
    "mae": 2.367375702776293,
    "rmse": 2.7921034679117103,
    "r2": -1.5557212280229709,
    "n_train": 251,
    "n_test": 12
}