{
    "disease": "hiv_aids",
    "cod_mun": 3530003,
    "mae": 0.23718022822158916,
    "rmse": 2.0252506851864434,
    "r2": 0.006317667387331416,
    "n_samples": 300
}