{
    "disease": "hepatite",
    "cod_mun": 3509700,
    "mae": 0.6196871225777714,
    "rmse": 1.3603239395599704,
    "r2": 0.8350879565792584,
    "n_samples": 300
}