{
    "disease": "hanseniase",
    "cod_mun": 3533908,
    "mae": 0.02554218196637542,
    "rmse": 0.15424687848504193,
    "r2": 0.0014119598254285215,
    "n_samples": 300
}