{
    "disease": "sifilis",
    "cod_mun": 3505351,
    "mae": 0.23920577351739644,
    "rmse": 1.435976602942694,
    "r2": 0.00494073400867201,
    "n_samples": 300
}