{
    "disease": "tuberculose",
    "cod_mun": 3509502,
    "mae": 0.31535832513140444,
    "rmse": 0.41944271017758616,
    "r2": 0.7927606110294233,
    "n_samples": 300
}