{
    "disease": "hanseniase",
    "cod_mun": 3524105,
    "mae": 0.28603727620103464,
    "rmse": 0.6202202314618772,
    "r2": 0.15382111319090352,
    "n_samples": 300
}