{
    "disease": "TX_sifilis_00_23",
    "cod_mun": 3548906,
    "mae": 0.33836700254747826,
    "rmse": 0.3946358272551656,
    "r2": -0.05717996395830327,
    "n_train": 251,
    "n_test": 12
}