{
    "disease": "sifilis",
    "cod_mun": 3556008,
    "mae": 0.09199571696104589,
    "rmse": 0.6367180015692647,
    "r2": 0.26450308469281913,
    "n_samples": 300
}