{
    "disease": "TX_hepatite_00_23",
    "cod_mun": 3508405,
    "mae": 0.03548624459654093,
    "rmse": 0.04993778211046316,
    "r2": 0.0,
    "n_train": 251,
    "n_test": 12
}