{
    "disease": "hiv_aids",
    "cod_mun": 3552106,
    "mae": 1.5379617483182122,
    "rmse": 2.092050885577837,
    "r2": 0.2028999520567798,
    "n_samples": 300
}