{
    "disease": "TX_hepatite_00_23",
    "cod_mun": 3520442,
    "mae": 1.9889209106318153,
    "rmse": 2.0016469103639754,
    "r2": -0.04735171977900299,
    "n_train": 251,
    "n_test": 12
}