{
    "disease": "hanseniase",
    "cod_mun": 3522653,
    "mae": 1.6808772813935116,
    "rmse": 4.425056265836798,
    "r2": 0.588080807784821,
    "n_samples": 300
}