{
    "disease": "TX_sifilis_00_23",
    "cod_mun": 3549003,
    "mae": 0.12558232247829437,
    "rmse": 0.12558232247829437,
    "r2": 0.0,
    "n_train": 251,
    "n_test": 12
}