{
    "disease": "hepatite",
    "cod_mun": 3541000,
    "mae": 0.12791083972631048,
    "rmse": 0.25420073882054106,
    "r2": 0.4468319285785294,
    "n_samples": 300
}