{
    "disease": "hanseniase",
    "cod_mun": 3532207,
    "mae": 0.47408085718346316,
    "rmse": 1.9064995912563791,
    "r2": 0.3069976676725038,
    "n_samples": 300
}