{
    "disease": "hiv_aids",
    "cod_mun": 3514205,
    "mae": 0.9029229943709045,
    "rmse": 4.537516444504411,
    "r2": 0.00013042145478669998,
    "n_samples": 300
}