{
    "disease": "tuberculose",
    "cod_mun": 3536257,
    "mae": 0.19776705188429386,
    "rmse": 1.6202058845435918,
    "r2": 0.33776997473983117,
    "n_samples": 300
}