{
    "disease": "TX_sifilis_00_23",
    "cod_mun": 3554805,
    "mae": 0.11922603410979112,
    "rmse": 0.12049952979113554,
    "r2": 0.0,
    "n_train": 251,
    "n_test": 12
}