{
    "disease": "TX_hanseniase_00_23",
    "cod_mun": 3551603,
    "mae": 0.025063541096945603,
    "rmse": 0.025064128242445118,
    "r2": 0.0,
    "n_train": 251,
    "n_test": 12
}