{
    "disease": "sifilis",
    "cod_mun": 3512407,
    "mae": 0.21502022504585946,
    "rmse": 0.8539555311503522,
    "r2": 0.03366163659707455,
    "n_samples": 300
}