{
    "disease": "sifilis",
    "cod_mun": 3529906,
    "mae": 0.37268146532208657,
    "rmse": 1.0333867551376703,
    "r2": 0.22974098847518076,
    "n_samples": 300
}