{
    "disease": "TX_tuberculose_00_23",
    "cod_mun": 3533205,
    "mae": 0.27706703543663025,
    "rmse": 0.27706703543663025,
    "r2": 0.0,
    "n_train": 251,
    "n_test": 12
}