{
    "disease": "sifilis",
    "cod_mun": 3535408,
    "mae": 0.5034596690722154,
    "rmse": 1.3435666119377052,
    "r2": 0.1520688160894219,
    "n_samples": 300
}