{
    "disease": "tuberculose",
    "cod_mun": 3538709,
    "mae": 0.38592300618419545,
    "rmse": 0.46927179301233374,
    "r2": 0.6356021973069638,
    "n_samples": 300
}