{
    "disease": "hiv_aids",
    "cod_mun": 3514502,
    "mae": 0.5502882758763458,
    "rmse": 1.7118718950161012,
    "r2": 0.5747912228942088,
    "n_samples": 300
}