{
    "disease": "hiv_aids",
    "cod_mun": 3500204,
    "mae": 2.670867715519596,
    "rmse": 6.264593835778351,
    "r2": 0.031853649535670825,
    "n_samples": 300
}