{
    "disease": "hiv_aids",
    "cod_mun": 3513405,
    "mae": 1.4721676368271897,
    "rmse": 2.1752951517000167,
    "r2": 0.6426136220651714,
    "n_samples": 300
}