{
    "disease": "TX_sifilis_00_23",
    "cod_mun": 3509205,
    "mae": 0.20057921936010636,
    "rmse": 0.28805131736295153,
    "r2": -0.11902972503274944,
    "n_train": 251,
    "n_test": 12
}