{
    "disease": "hepatite",
    "cod_mun": 3535507,
    "mae": 0.679241112129446,
    "rmse": 1.1882563054926316,
    "r2": 0.25228333264746405,
    "n_samples": 300
}