{
    "disease": "hiv_aids",
    "cod_mun": 3543303,
    "mae": 0.4409167696440854,
    "rmse": 0.5420207009775935,
    "r2": -0.03437191344867219,
    "n_samples": 300
}