{
    "disease": "hiv_aids",
    "cod_mun": 3541000,
    "mae": 0.9252711970360022,
    "rmse": 1.351705395042482,
    "r2": -0.6608085507680894,
    "n_samples": 300
}