{
    "disease": "hiv_aids",
    "cod_mun": 3545001,
    "mae": 0.7064345708676397,
    "rmse": 1.3591867796959256,
    "r2": -0.022649667235485005,
    "n_samples": 300
}