{
    "disease": "tuberculose",
    "cod_mun": 3510203,
    "mae": 0.7329203134186036,
    "rmse": 1.0891105377307388,
    "r2": 0.40500249375306485,
    "n_samples": 300
}