{
    "disease": "TX_hiv_aids_00_23",
    "cod_mun": 3548104,
    "mae": 0.09366906682650249,
    "rmse": 0.1478997020614196,
    "r2": 0.0,
    "n_train": 251,
    "n_test": 12
}