{
    "disease": "sifilis",
    "cod_mun": 3532504,
    "mae": 0.15873798443344955,
    "rmse": 0.8067196384498766,
    "r2": 0.2255451246993173,
    "n_samples": 300
}