{
    "disease": "TX_tuberculose_00_23",
    "cod_mun": 3526001,
    "mae": 0.6022695800362726,
    "rmse": 1.3665680687859882,
    "r2": -0.0169035508412525,
    "n_train": 251,
    "n_test": 12
}