{
    "disease": "hiv_aids",
    "cod_mun": 3541208,
    "mae": 1.5020348089558013,
    "rmse": 3.3452714894682964,
    "r2": -0.04079089136427538,
    "n_samples": 300
}