{
    "disease": "TX_sifilis_00_23",
    "cod_mun": 3546900,
    "mae": 1.6285824558972266,
    "rmse": 4.001458761111046,
    "r2": -0.028250128890008552,
    "n_train": 251,
    "n_test": 12
}