{
    "disease": "hiv_aids",
    "cod_mun": 3516606,
    "mae": 1.588569994797188,
    "rmse": 4.865832971164895,
    "r2": -0.07338314124191281,
    "n_samples": 300
}