{
    "disease": "TX_tuberculose_00_23",
    "cod_mun": 3520202,
    "mae": 3.639162843956601,
    "rmse": 5.2248660802157705,
    "r2": -0.5382934280879754,
    "n_train": 251,
    "n_test": 12
}