{
    "disease": "sifilis",
    "cod_mun": 3500758,
    "mae": 0.13109920989201937,
    "rmse": 1.0512962971854543,
    "r2": 0.008239342621907841,
    "n_samples": 300
}