{
    "disease": "TX_hepatite_00_23",
    "cod_mun": 3522000,
    "mae": 0.23960672318935394,
    "rmse": 0.23960672318935394,
    "r2": 0.0,
    "n_train": 251,
    "n_test": 12
}