{
    "disease": "hiv_aids",
    "cod_mun": 3555208,
    "mae": 1.6857271932326265,
    "rmse": 6.583503231515948,
    "r2": 0.0031677817103252792,
    "n_samples": 300
}