{
    "disease": "tuberculose",
    "cod_mun": 3525201,
    "mae": 1.3819652107674532,
    "rmse": 2.120292410673366,
    "r2": 0.2086998148712802,
    "n_samples": 300
}