{
    "disease": "sifilis",
    "cod_mun": 3532207,
    "mae": 0.8359186579063023,
    "rmse": 2.944562692886028,
    "r2": 0.15376765438742934,
    "n_samples": 300
}