{
    "disease": "hepatite",
    "cod_mun": 3538006,
    "mae": 0.252699711337612,
    "rmse": 0.5131427924857779,
    "r2": 0.5397745709310928,
    "n_samples": 300
}