{
    "disease": "TX_hanseniase_00_23",
    "cod_mun": 3532504,
    "mae": 0.16964581608772278,
    "rmse": 0.16964588161321592,
    "r2": 0.0,
    "n_train": 251,
    "n_test": 12
}