{
    "disease": "hiv_aids",
    "cod_mun": 3534104,
    "mae": 0.6254407713322494,
    "rmse": 2.2501462047658762,
    "r2": 0.0005968194045695707,
    "n_samples": 300
}