{
    "disease": "TX_hiv_aids_00_23",
    "cod_mun": 3524303,
    "mae": 1.029801731133146,
    "rmse": 1.225961953047965,
    "r2": -2.1166715205273077,
    "n_train": 251,
    "n_test": 12
}