{
    "disease": "hanseniase",
    "cod_mun": 3542008,
    "mae": 0.2580123412563042,
    "rmse": 1.4137311012551397,
    "r2": 0.10179676214890077,
    "n_samples": 300
}