{
    "disease": "TX_tuberculose_00_23",
    "cod_mun": 3516903,
    "mae": 0.8673711643022566,
    "rmse": 2.7829324989732633,
    "r2": -0.07580591122035929,
    "n_train": 251,
    "n_test": 12
}