{
    "disease": "tuberculose",
    "cod_mun": 3506201,
    "mae": 1.6417250508168493,
    "rmse": 5.440764633402586,
    "r2": 0.6959091574474914,
    "n_samples": 300
}