{
    "disease": "hiv_aids",
    "cod_mun": 3552601,
    "mae": 2.350350841424905,
    "rmse": 3.5408916716972794,
    "r2": 0.13557531382676757,
    "n_samples": 300
}