{
    "disease": "tuberculose",
    "cod_mun": 3528700,
    "mae": 0.8763143790349163,
    "rmse": 3.2519018562283293,
    "r2": 0.12951348847268196,
    "n_samples": 300
}