{
    "disease": "hiv_aids",
    "cod_mun": 3502309,
    "mae": 8.855792231079624,
    "rmse": 8.967259801120893,
    "r2": -1.8525068977048842,
    "n_samples": 300
}