{
    "disease": "hiv_aids",
    "cod_mun": 3527702,
    "mae": 0.12166966056606673,
    "rmse": 1.1395612260733907,
    "r2": 0.2859712736325456,
    "n_samples": 300
}