{
    "disease": "TX_hepatite_00_23",
    "cod_mun": 3529658,
    "mae": 0.8262736797332764,
    "rmse": 0.8262736797332764,
    "r2": 0.0,
    "n_train": 251,
    "n_test": 12
}