{
    "disease": "hiv_aids",
    "cod_mun": 3523305,
    "mae": 0.36557545456170387,
    "rmse": 1.0754155881353438,
    "r2": 0.00031255064211943573,
    "n_samples": 300
}