{
    "disease": "hepatite",
    "cod_mun": 3530508,
    "mae": 0.9481507724355409,
    "rmse": 1.4787201446108615,
    "r2": 0.2677405043278779,
    "n_samples": 300
}