{
    "disease": "hiv_aids",
    "cod_mun": 3523503,
    "mae": 1.2656771346720164,
    "rmse": 2.102105320180397,
    "r2": 0.11919058161531837,
    "n_samples": 300
}