{
    "disease": "sifilis",
    "cod_mun": 3551504,
    "mae": 1.00874659182566,
    "rmse": 1.167494040809999,
    "r2": -1.2948629985646258,
    "n_samples": 300
}