{
    "disease": "TX_hanseniase_00_23",
    "cod_mun": 3517208,
    "mae": 0.0015988487195196892,
    "rmse": 0.005485590164054743,
    "r2": 0.0,
    "n_train": 251,
    "n_test": 12
}