{
    "disease": "hepatite",
    "cod_mun": 3538907,
    "mae": 0.8613644606676386,
    "rmse": 1.8305383781334637,
    "r2": 0.2705577258849894,
    "n_samples": 300
}