{
    "disease": "TX_hepatite_00_23",
    "cod_mun": 3538204,
    "mae": 0.004920856908332401,
    "rmse": 0.010450881511212458,
    "r2": 0.0,
    "n_train": 251,
    "n_test": 12
}