{
    "disease": "hepatite",
    "cod_mun": 3522406,
    "mae": 0.5440481164807663,
    "rmse": 0.9137308382389487,
    "r2": 0.2743405905975461,
    "n_samples": 300
}