{
    "disease": "hiv_aids",
    "cod_mun": 3512209,
    "mae": 0.6246018531735782,
    "rmse": 1.1895610607727665,
    "r2": 0.019366771488622425,
    "n_samples": 300
}