{
    "disease": "TX_sifilis_00_23",
    "cod_mun": 3553807,
    "mae": 1.156537818372235,
    "rmse": 2.5899675434087794,
    "r2": -0.12447405424274538,
    "n_train": 251,
    "n_test": 12
}