{
    "disease": "hanseniase",
    "cod_mun": 3544509,
    "mae": 0.23509784981047588,
    "rmse": 1.888742379813318,
    "r2": 0.008304890286768174,
    "n_samples": 300
}