{
    "disease": "hiv_aids",
    "cod_mun": 3523107,
    "mae": 0.3616168172562542,
    "rmse": 0.46364404469996695,
    "r2": 0.3108043786865995,
    "n_samples": 300
}