{
    "disease": "sifilis",
    "cod_mun": 3536109,
    "mae": 0.5735601588424631,
    "rmse": 2.398530441577251,
    "r2": 0.040846238489481546,
    "n_samples": 300
}