{
    "disease": "hiv_aids",
    "cod_mun": 3541901,
    "mae": 1.1181395808644645,
    "rmse": 2.6067030465772847,
    "r2": 0.25798498160594874,
    "n_samples": 300
}