{
    "disease": "hanseniase",
    "cod_mun": 3513900,
    "mae": 0.2812922806006303,
    "rmse": 0.9618856880946858,
    "r2": 0.11556123819311759,
    "n_samples": 300
}