{
    "disease": "hepatite",
    "cod_mun": 3552502,
    "mae": 0.4024060537266263,
    "rmse": 1.7839047597740965,
    "r2": 0.9128769058742654,
    "n_samples": 300
}