{
    "disease": "hiv_aids",
    "cod_mun": 3530201,
    "mae": 1.83743501108669,
    "rmse": 2.700259434078696,
    "r2": 0.08525726429560088,
    "n_samples": 300
}