{
    "disease": "TX_hepatite_00_23",
    "cod_mun": 3526704,
    "mae": 0.6347016601890112,
    "rmse": 0.7166498207747962,
    "r2": -0.2558570723522744,
    "n_train": 251,
    "n_test": 12
}