{
    "disease": "TX_hiv_aids_00_23",
    "cod_mun": 3510708,
    "mae": 2.3576575815677643,
    "rmse": 2.391659963879039,
    "r2": 0.0,
    "n_train": 251,
    "n_test": 12
}