{
    "disease": "TX_hiv_aids_00_23",
    "cod_mun": 3519105,
    "mae": 0.39125849554936093,
    "rmse": 0.4173618721568637,
    "r2": 0.0,
    "n_train": 251,
    "n_test": 12
}