{
    "disease": "sifilis",
    "cod_mun": 3555802,
    "mae": 0.36463990548870795,
    "rmse": 1.4287905058247103,
    "r2": 0.0006796413581293681,
    "n_samples": 300
}