{
    "disease": "TX_hiv_aids_00_23",
    "cod_mun": 3508009,
    "mae": 0.05929494028290113,
    "rmse": 0.05929498948345033,
    "r2": 0.0,
    "n_train": 251,
    "n_test": 12
}