{
    "disease": "TX_tuberculose_00_23",
    "cod_mun": 3503356,
    "mae": 0.5658788084983826,
    "rmse": 0.5658788084983826,
    "r2": 0.0,
    "n_train": 251,
    "n_test": 12
}