{
    "disease": "TX_hanseniase_00_23",
    "cod_mun": 3548609,
    "mae": 1.1877747808854717,
    "rmse": 2.3648379629512997,
    "r2": 0.0,
    "n_train": 251,
    "n_test": 12
}