{
    "disease": "hiv_aids",
    "cod_mun": 3537008,
    "mae": 0.9212650476284261,
    "rmse": 1.868257497051954,
    "r2": 0.04811097312656887,
    "n_samples": 300
}