{
    "disease": "TX_tuberculose_00_23",
    "cod_mun": 3532603,
    "mae": 0.14027515053749084,
    "rmse": 0.14027515053749084,
    "r2": 0.0,
    "n_train": 251,
    "n_test": 12
}