{
    "disease": "sifilis",
    "cod_mun": 3500709,
    "mae": 0.19590122467243526,
    "rmse": 0.5226471078512891,
    "r2": 0.06331825223589183,
    "n_samples": 300
}