{
    "disease": "sifilis",
    "cod_mun": 3551900,
    "mae": 0.3846793649394642,
    "rmse": 1.0288125380273114,
    "r2": 0.08458171750370713,
    "n_samples": 300
}