{
    "disease": "hepatite",
    "cod_mun": 3514809,
    "mae": 0.49795655291969515,
    "rmse": 1.239199810861295,
    "r2": 0.16184772826564997,
    "n_samples": 300
}