{
    "disease": "hiv_aids",
    "cod_mun": 3544400,
    "mae": 1.8802960673853333,
    "rmse": 5.798315144765281,
    "r2": 0.0007666665307973775,
    "n_samples": 300
}