{
    "disease": "sifilis",
    "cod_mun": 3519808,
    "mae": 0.4485077740147822,
    "rmse": 1.7926893139216624,
    "r2": 0.14703274120704124,
    "n_samples": 300
}