{
    "disease": "TX_hiv_aids_00_23",
    "cod_mun": 3506359,
    "mae": 0.2936889809768248,
    "rmse": 0.4618152975016967,
    "r2": -0.14422291396995668,
    "n_train": 251,
    "n_test": 12
}