{
    "disease": "hepatite",
    "cod_mun": 3553955,
    "mae": 2.6946150437488736,
    "rmse": 3.859667554601478,
    "r2": 0.1686510885968433,
    "n_samples": 300
}