{
    "disease": "TX_hepatite_00_23",
    "cod_mun": 3544251,
    "mae": 0.06132551282644272,
    "rmse": 0.06132551282644272,
    "r2": 0.0,
    "n_train": 251,
    "n_test": 12
}