{
    "disease": "hiv_aids",
    "cod_mun": 3540200,
    "mae": 1.4699210935351812,
    "rmse": 2.0361107391435347,
    "r2": 0.3823354145719443,
    "n_samples": 300
}