{
    "disease": "TX_hepatite_00_23",
    "cod_mun": 3556800,
    "mae": 0.027787239053092588,
    "rmse": 0.059825511158817415,
    "r2": 0.0,
    "n_train": 251,
    "n_test": 12
}