{
    "disease": "hiv_aids",
    "cod_mun": 3548609,
    "mae": 0.12945020664423945,
    "rmse": 0.761636888717949,
    "r2": 0.006941512082980328,
    "n_samples": 300
}