{
    "disease": "TX_hiv_aids_00_23",
    "cod_mun": 3503703,
    "mae": 2.1403997234929832,
    "rmse": 3.6629319949777237,
    "r2": -0.013171756654290379,
    "n_train": 251,
    "n_test": 12
}