{
    "disease": "TX_hiv_aids_00_23",
    "cod_mun": 3508108,
    "mae": 0.12164188510117431,
    "rmse": 0.17800376520277048,
    "r2": 0.0,
    "n_train": 251,
    "n_test": 12
}