{
    "disease": "hepatite",
    "cod_mun": 3545605,
    "mae": 1.451582151395488,
    "rmse": 3.0585773732095127,
    "r2": 0.6433092388119852,
    "n_samples": 300
}