{
    "disease": "TX_sifilis_00_23",
    "cod_mun": 3528809,
    "mae": 0.7001607616351345,
    "rmse": 2.258363217224001,
    "r2": -0.07687385300911442,
    "n_train": 251,
    "n_test": 12
}