{
    "disease": "hiv_aids",
    "cod_mun": 3505203,
    "mae": 0.3751073136579017,
    "rmse": 0.8683373593315902,
    "r2": 0.37762764939008875,
    "n_samples": 300
}