{
    "disease": "sifilis",
    "cod_mun": 3540200,
    "mae": 0.8593191665188148,
    "rmse": 1.4378866780368114,
    "r2": 0.1957899521942046,
    "n_samples": 300
}