{
    "disease": "TX_tuberculose_00_23",
    "cod_mun": 3520905,
    "mae": 0.668068749104849,
    "rmse": 1.9637388344379985,
    "r2": -0.05612200280566593,
    "n_train": 251,
    "n_test": 12
}