{
    "disease": "TX_hiv_aids_00_23",
    "cod_mun": 3517307,
    "mae": 0.696577675640583,
    "rmse": 0.7687690232993827,
    "r2": 0.0,
    "n_train": 251,
    "n_test": 12
}