{
    "disease": "TX_hanseniase_00_23",
    "cod_mun": 3528403,
    "mae": 0.02180624706670642,
    "rmse": 0.021806349334340457,
    "r2": 0.0,
    "n_train": 251,
    "n_test": 12
}