{
    "disease": "hiv_aids",
    "cod_mun": 3519907,
    "mae": 1.219684850522314,
    "rmse": 3.151006900844156,
    "r2": 0.28118121929400064,
    "n_samples": 300
}