{
    "disease": "TX_hanseniase_00_23",
    "cod_mun": 3557154,
    "mae": 0.21289374058445296,
    "rmse": 0.2128939307361626,
    "r2": 0.0,
    "n_train": 251,
    "n_test": 12
}