{
    "disease": "TX_sifilis_00_23",
    "cod_mun": 3506706,
    "mae": 2.236020830940174,
    "rmse": 5.078724332630846,
    "r2": -0.17872468695344002,
    "n_train": 251,
    "n_test": 12
}