{
    "disease": "sifilis",
    "cod_mun": 3529203,
    "mae": 0.3416863675412781,
    "rmse": 1.0547961373481254,
    "r2": 0.0503308838472436,
    "n_samples": 300
}