{
    "disease": "hanseniase",
    "cod_mun": 3549409,
    "mae": 0.11663564300380733,
    "rmse": 0.38171147476415884,
    "r2": 0.1766483744236288,
    "n_samples": 300
}