{
    "disease": "TX_tuberculose_00_23",
    "cod_mun": 3553856,
    "mae": 0.18887793148557344,
    "rmse": 0.1888792928112633,
    "r2": 0.0,
    "n_train": 251,
    "n_test": 12
}