{
    "disease": "hanseniase",
    "cod_mun": 3541307,
    "mae": 0.12464258235170189,
    "rmse": 0.4863083262170209,
    "r2": 0.09878319044828565,
    "n_samples": 300
}