{
    "disease": "hanseniase",
    "cod_mun": 3511706,
    "mae": 0.08154378973581221,
    "rmse": 0.5220166171664969,
    "r2": 0.24933463596565797,
    "n_samples": 300
}