{
    "disease": "hepatite",
    "cod_mun": 3537800,
    "mae": 0.6802220480745541,
    "rmse": 1.0968265615407014,
    "r2": 0.4421623764755165,
    "n_samples": 300
}