{
    "disease": "TX_tuberculose_00_23",
    "cod_mun": 3549508,
    "mae": 0.3100742759803931,
    "rmse": 0.33940457259520157,
    "r2": 0.0,
    "n_train": 251,
    "n_test": 12
}