{
    "disease": "hiv_aids",
    "cod_mun": 3514908,
    "mae": 2.9149469584677226,
    "rmse": 3.9602969165109814,
    "r2": 0.15874307710304625,
    "n_samples": 300
}