{
    "disease": "TX_tuberculose_00_23",
    "cod_mun": 3515608,
    "mae": 0.2001293177405993,
    "rmse": 0.20012955017847495,
    "r2": 0.0,
    "n_train": 251,
    "n_test": 12
}