{
    "disease": "tuberculose",
    "cod_mun": 3550902,
    "mae": 0.6118941692982869,
    "rmse": 1.5860814449998382,
    "r2": 0.04188463660589836,
    "n_samples": 300
}