{
    "disease": "sifilis",
    "cod_mun": 3548203,
    "mae": 0.10338278845545323,
    "rmse": 0.8441949015327707,
    "r2": 0.004872950120279218,
    "n_samples": 300
}