{
    "disease": "hiv_aids",
    "cod_mun": 3517109,
    "mae": 0.14453354076619596,
    "rmse": 1.2036943770998005,
    "r2": 0.006457033101990639,
    "n_samples": 300
}