{
    "disease": "hiv_aids",
    "cod_mun": 3502101,
    "mae": 1.44454997765926,
    "rmse": 2.009380298697731,
    "r2": 0.43930185117058973,
    "n_samples": 300
}