{
    "disease": "TX_hepatite_00_23",
    "cod_mun": 3524006,
    "mae": 0.02036007822607644,
    "rmse": 0.03586508465604831,
    "r2": 0.0,
    "n_train": 251,
    "n_test": 12
}