{
    "disease": "hanseniase",
    "cod_mun": 3541307,
    "mae": 0.16441830632622453,
    "rmse": 0.4686350222300329,
    "r2": 0.1630965547479104,
    "n_samples": 300
}