{
    "disease": "sifilis",
    "cod_mun": 3539509,
    "mae": 0.37982619774281506,
    "rmse": 1.0338541784151882,
    "r2": 0.03834736831566343,
    "n_samples": 300
}