{
    "disease": "tuberculose",
    "cod_mun": 3552106,
    "mae": 0.8497258714072508,
    "rmse": 1.4323032439728427,
    "r2": 0.4446379056947636,
    "n_samples": 300
}