{
    "disease": "hiv_aids",
    "cod_mun": 3514924,
    "mae": 3.1739394337726288,
    "rmse": 7.581072994637065,
    "r2": 0.14758880645935202,
    "n_samples": 300
}