{
    "disease": "hiv_aids",
    "cod_mun": 3503802,
    "mae": 2.2322295269621675,
    "rmse": 2.9680965714354453,
    "r2": 0.3410195228185172,
    "n_samples": 300
}