{
    "disease": "TX_sifilis_00_23",
    "cod_mun": 3506904,
    "mae": 0.5211577862501144,
    "rmse": 0.5662609075961701,
    "r2": 0.0,
    "n_train": 251,
    "n_test": 12
}