{
    "disease": "TX_hanseniase_00_23",
    "cod_mun": 3531902,
    "mae": 0.0040444340168808894,
    "rmse": 0.004880256512052605,
    "r2": 0.0,
    "n_train": 251,
    "n_test": 12
}