{
    "disease": "TX_hiv_aids_00_23",
    "cod_mun": 3503208,
    "mae": 0.6855593845610178,
    "rmse": 0.7639765854834351,
    "r2": -2.7612320934008916,
    "n_train": 251,
    "n_test": 12
}