{
    "disease": "TX_hiv_aids_00_23",
    "cod_mun": 3533601,
    "mae": 0.15221101441420615,
    "rmse": 0.2607742745471324,
    "r2": 0.0,
    "n_train": 251,
    "n_test": 12
}