{
    "disease": "hiv_aids",
    "cod_mun": 3515657,
    "mae": 0.4308477435220514,
    "rmse": 3.4391024843932025,
    "r2": 0.008313890265124635,
    "n_samples": 300
}