{
    "disease": "hiv_aids",
    "cod_mun": 3540903,
    "mae": 0.6773748286406175,
    "rmse": 2.0737952904011414,
    "r2": -0.0709461635533235,
    "n_samples": 300
}