{
    "disease": "hanseniase",
    "cod_mun": 3553302,
    "mae": 0.058367795331037975,
    "rmse": 0.3543155342638637,
    "r2": 0.0058977923065381965,
    "n_samples": 300
}