{
    "disease": "hiv_aids",
    "cod_mun": 3510906,
    "mae": 1.586973153059353,
    "rmse": 5.09896594274612,
    "r2": 0.10699350789174988,
    "n_samples": 300
}