{
    "disease": "TX_sifilis_00_23",
    "cod_mun": 3529203,
    "mae": 0.3071185350418091,
    "rmse": 0.3071185350418091,
    "r2": 0.0,
    "n_train": 251,
    "n_test": 12
}