{
    "disease": "hanseniase",
    "cod_mun": 3547304,
    "mae": 0.0827470524054134,
    "rmse": 0.24034906293614564,
    "r2": 0.0006499165892522862,
    "n_samples": 300
}