{
    "disease": "hanseniase",
    "cod_mun": 3509700,
    "mae": 0.05528149084890552,
    "rmse": 0.24054911453492472,
    "r2": 0.00043616156988013355,
    "n_samples": 300
}