{
    "disease": "hiv_aids",
    "cod_mun": 3533601,
    "mae": 1.5636299140901972,
    "rmse": 3.284102750617579,
    "r2": 0.15176798681657822,
    "n_samples": 300
}