{
    "disease": "hanseniase",
    "cod_mun": 3551504,
    "mae": 0.42202830844109973,
    "rmse": 1.0243119159845708,
    "r2": 0.23470150741003315,
    "n_samples": 300
}