{
    "disease": "sifilis",
    "cod_mun": 3535705,
    "mae": 0.4439750511320752,
    "rmse": 1.9268651400854473,
    "r2": 0.001076223289550815,
    "n_samples": 300
}