{
    "disease": "TX_hanseniase_00_23",
    "cod_mun": 3541653,
    "mae": 0.0026316699416687093,
    "rmse": 0.002631679537148645,
    "r2": 0.0,
    "n_train": 251,
    "n_test": 12
}