{
    "disease": "hiv_aids",
    "cod_mun": 3538006,
    "mae": 0.5127579512268754,
    "rmse": 0.6725197999230521,
    "r2": 0.3181642075302813,
    "n_samples": 300
}