{
    "disease": "tuberculose",
    "cod_mun": 3502705,
    "mae": 0.704705230695761,
    "rmse": 1.2076804739548272,
    "r2": 0.0887694629652428,
    "n_samples": 300
}