{
    "disease": "hanseniase",
    "cod_mun": 3543808,
    "mae": 0.46592869104318385,
    "rmse": 2.177978492325865,
    "r2": 0.05252528090683628,
    "n_samples": 300
}