{
    "disease": "TX_sifilis_00_23",
    "cod_mun": 3553856,
    "mae": 0.02132567480536333,
    "rmse": 0.030438474423662983,
    "r2": 0.0,
    "n_train": 251,
    "n_test": 12
}