{
    "disease": "TX_hiv_aids_00_23",
    "cod_mun": 3508801,
    "mae": 0.030288579718520243,
    "rmse": 0.04069710993537836,
    "r2": 0.0,
    "n_train": 251,
    "n_test": 12
}