{
    "disease": "hiv_aids",
    "cod_mun": 3552700,
    "mae": 0.26501606420987095,
    "rmse": 0.9574231136723783,
    "r2": 5.011298392920693e-06,
    "n_samples": 300
}