{
    "disease": "hiv_aids",
    "cod_mun": 3555802,
    "mae": 0.8654102715678729,
    "rmse": 2.142558000735915,
    "r2": 0.032107851470932536,
    "n_samples": 300
}