{
    "disease": "TX_sifilis_00_23",
    "cod_mun": 3527009,
    "mae": 0.012829570875813564,
    "rmse": 0.012829666585198506,
    "r2": 0.0,
    "n_train": 251,
    "n_test": 12
}