{
    "disease": "TX_hiv_aids_00_23",
    "cod_mun": 3508306,
    "mae": 0.17383096165334186,
    "rmse": 0.23125087988856521,
    "r2": 0.0,
    "n_train": 251,
    "n_test": 12
}