{
    "disease": "hiv_aids",
    "cod_mun": 3545803,
    "mae": 0.48680707932768646,
    "rmse": 0.6644949537211876,
    "r2": 0.17120436089260282,
    "n_samples": 300
}