{
    "disease": "TX_hanseniase_00_23",
    "cod_mun": 3527603,
    "mae": 0.25643615424633026,
    "rmse": 0.3468891196530373,
    "r2": 0.0,
    "n_train": 251,
    "n_test": 12
}