{
    "disease": "tuberculose",
    "cod_mun": 3509106,
    "mae": 0.3616941862777612,
    "rmse": 1.7788739931289577,
    "r2": 0.005305536638919639,
    "n_samples": 300
}