{
    "disease": "hanseniase",
    "cod_mun": 3520103,
    "mae": 0.21621786666101717,
    "rmse": 0.6086684328437678,
    "r2": 0.1381911120614263,
    "n_samples": 300
}