{
    "disease": "sifilis",
    "cod_mun": 3500808,
    "mae": 0.5007836149885327,
    "rmse": 2.5126472150047205,
    "r2": -1.1330380070395663e-05,
    "n_samples": 300
}