{
    "disease": "TX_hanseniase_00_23",
    "cod_mun": 3513009,
    "mae": 0.02262090953687827,
    "rmse": 0.027187610868159465,
    "r2": 0.0,
    "n_train": 251,
    "n_test": 12
}