{
    "disease": "sifilis",
    "cod_mun": 3508009,
    "mae": 0.32576812983156306,
    "rmse": 0.8978786159464167,
    "r2": 0.0535217418058338,
    "n_samples": 300
}