{
    "disease": "hiv_aids",
    "cod_mun": 3535903,
    "mae": 1.0983289723874399,
    "rmse": 3.6149358074674907,
    "r2": 0.09348097106294007,
    "n_samples": 300
}