{
    "disease": "sifilis",
    "cod_mun": 3542701,
    "mae": 0.39682257782455027,
    "rmse": 1.6996272717474432,
    "r2": 0.0017097839228639167,
    "n_samples": 300
}