{
    "disease": "sifilis",
    "cod_mun": 3518909,
    "mae": 0.764944263018755,
    "rmse": 2.936614798742705,
    "r2": 0.08197556087918068,
    "n_samples": 300
}