{
    "disease": "sifilis",
    "cod_mun": 3522901,
    "mae": 0.13369548056575561,
    "rmse": 0.6326609443549034,
    "r2": 0.2424689688360827,
    "n_samples": 300
}