{
    "disease": "tuberculose",
    "cod_mun": 3514106,
    "mae": 0.382985114287999,
    "rmse": 0.8355307713361617,
    "r2": 0.10563408456528034,
    "n_samples": 300
}