{
    "disease": "hepatite",
    "cod_mun": 3552700,
    "mae": 0.9707683970573989,
    "rmse": 2.440916693724603,
    "r2": 0.4383307724191059,
    "n_samples": 300
}