{
    "disease": "sifilis",
    "cod_mun": 3503505,
    "mae": 0.243625310823714,
    "rmse": 1.9350007374660316,
    "r2": 0.13737309926983643,
    "n_samples": 300
}