{
    "disease": "hepatite",
    "cod_mun": 3515657,
    "mae": 0.9446669985590856,
    "rmse": 5.789026256616056,
    "r2": 0.0010811342154690706,
    "n_samples": 300
}