{
    "disease": "sifilis",
    "cod_mun": 3521507,
    "mae": 0.5454253409570939,
    "rmse": 1.9820912841431542,
    "r2": 0.11011151518429496,
    "n_samples": 300
}