{
    "disease": "hiv_aids",
    "cod_mun": 3513801,
    "mae": 0.38007249000697124,
    "rmse": 0.49020732717547366,
    "r2": 0.2617948354261045,
    "n_samples": 300
}