{
    "disease": "hiv_aids",
    "cod_mun": 3548807,
    "mae": 0.4115859886678268,
    "rmse": 0.6545474031086819,
    "r2": -0.028067315255224434,
    "n_samples": 300
}