{
    "disease": "tuberculose",
    "cod_mun": 3555000,
    "mae": 1.1151080622453704,
    "rmse": 1.5903002637386552,
    "r2": 0.32856000439204747,
    "n_samples": 300
}