{
    "disease": "hiv_aids",
    "cod_mun": 3543006,
    "mae": 0.16614388069148744,
    "rmse": 0.5948177365315109,
    "r2": 0.2536992578690649,
    "n_samples": 300
}