{
    "disease": "hiv_aids",
    "cod_mun": 3522604,
    "mae": 2.84991841101849,
    "rmse": 3.7832793228846135,
    "r2": -0.3683031460625241,
    "n_samples": 300
}