{
    "disease": "sifilis",
    "cod_mun": 3540804,
    "mae": 0.24452567664799887,
    "rmse": 0.8741994478247712,
    "r2": 0.0005089728330452958,
    "n_samples": 300
}