{
    "disease": "sifilis",
    "cod_mun": 3507209,
    "mae": 1.5981278819174856,
    "rmse": 9.682500474475843,
    "r2": 0.004647358917157063,
    "n_samples": 300
}