{
    "disease": "hepatite",
    "cod_mun": 3537503,
    "mae": 0.2550515026407143,
    "rmse": 1.2798991449301622,
    "r2": 0.001795447256902838,
    "n_samples": 300
}