{
    "disease": "hiv_aids",
    "cod_mun": 3537008,
    "mae": 0.9737454106536135,
    "rmse": 1.8685112401188135,
    "r2": 0.04785238816834869,
    "n_samples": 300
}