{
    "disease": "TX_tuberculose_00_23",
    "cod_mun": 3528908,
    "mae": 0.183383047580719,
    "rmse": 0.183383047580719,
    "r2": 0.0,
    "n_train": 251,
    "n_test": 12
}