{
    "disease": "hiv_aids",
    "cod_mun": 3502903,
    "mae": 1.148564134823619,
    "rmse": 1.7880162817376317,
    "r2": 0.05138459895480685,
    "n_samples": 300
}