{
    "disease": "TX_sifilis_00_23",
    "cod_mun": 3501608,
    "mae": 0.138949096775134,
    "rmse": 0.16153389847301142,
    "r2": -0.1155222327758918,
    "n_train": 251,
    "n_test": 12
}