{
    "disease": "TX_tuberculose_00_23",
    "cod_mun": 3535200,
    "mae": 0.15546327829360962,
    "rmse": 0.15546360504143755,
    "r2": 0.0,
    "n_train": 251,
    "n_test": 12
}