{
    "disease": "TX_hanseniase_00_23",
    "cod_mun": 3545407,
    "mae": 0.01328404814315339,
    "rmse": 0.015090125752452473,
    "r2": 0.0,
    "n_train": 251,
    "n_test": 12
}