{
    "disease": "sifilis",
    "cod_mun": 3535903,
    "mae": 0.49243659110245613,
    "rmse": 2.281988243937039,
    "r2": 0.14489923237987934,
    "n_samples": 300
}