{
    "disease": "hiv_aids",
    "cod_mun": 3524600,
    "mae": 0.9068155444011555,
    "rmse": 1.5919632546232363,
    "r2": 0.03407034606405235,
    "n_samples": 300
}