{
    "disease": "sifilis",
    "cod_mun": 3522307,
    "mae": 0.13491528989935048,
    "rmse": 0.22502351838813195,
    "r2": 0.22291407524742546,
    "n_samples": 300
}