{
    "disease": "hanseniase",
    "cod_mun": 3504107,
    "mae": 0.03843554984906225,
    "rmse": 0.12154133506090525,
    "r2": 0.06359682426875524,
    "n_samples": 300
}