{
    "disease": "tuberculose",
    "cod_mun": 3537503,
    "mae": 0.784127095425585,
    "rmse": 2.2777297980702778,
    "r2": 0.18523110837971146,
    "n_samples": 300
}