{
    "disease": "TX_hanseniase_00_23",
    "cod_mun": 3506300,
    "mae": 0.057523137579361595,
    "rmse": 0.05785136171357107,
    "r2": 0.0,
    "n_train": 251,
    "n_test": 12
}