{
    "disease": "sifilis",
    "cod_mun": 3501152,
    "mae": 0.39313858638032967,
    "rmse": 0.9855370277460909,
    "r2": 0.11626818556533958,
    "n_samples": 300
}