{
    "disease": "TX_sifilis_00_23",
    "cod_mun": 3513405,
    "mae": 0.9377382704958226,
    "rmse": 1.6527338281259742,
    "r2": -0.12380251847050827,
    "n_train": 251,
    "n_test": 12
}