{
    "disease": "hanseniase",
    "cod_mun": 3521606,
    "mae": 0.11673695327487003,
    "rmse": 0.7319818780466871,
    "r2": 0.5747589956596539,
    "n_samples": 300
}