{
    "disease": "sifilis",
    "cod_mun": 3549201,
    "mae": 1.0270348182280464,
    "rmse": 4.423378810920143,
    "r2": 0.004800539616910293,
    "n_samples": 300
}