{
    "disease": "TX_hanseniase_00_23",
    "cod_mun": 3519253,
    "mae": 0.028832202932486933,
    "rmse": 0.029069684697078577,
    "r2": 0.0,
    "n_train": 251,
    "n_test": 12
}