{
    "disease": "TX_hanseniase_00_23",
    "cod_mun": 3511102,
    "mae": 0.00683769289268336,
    "rmse": 0.011000357056287503,
    "r2": 0.0,
    "n_train": 251,
    "n_test": 12
}