{
    "disease": "hepatite",
    "cod_mun": 3545209,
    "mae": 0.12744295220294616,
    "rmse": 0.26882537140205276,
    "r2": 0.1298430238046957,
    "n_samples": 300
}