{
    "disease": "sifilis",
    "cod_mun": 3540853,
    "mae": 0.21764527102860512,
    "rmse": 1.883670682872091,
    "r2": 0.2885288613640612,
    "n_samples": 300
}