{
    "disease": "hiv_aids",
    "cod_mun": 3555604,
    "mae": 2.5760440955350146,
    "rmse": 5.892915997439723,
    "r2": -0.13436012870756286,
    "n_samples": 300
}