{
    "disease": "hiv_aids",
    "cod_mun": 3518602,
    "mae": 1.110974463844031,
    "rmse": 1.609987335545941,
    "r2": 0.6144281518451955,
    "n_samples": 300
}