{
    "disease": "TX_hepatite_00_23",
    "cod_mun": 3516309,
    "mae": 0.0040864796083042165,
    "rmse": 0.005116870928337216,
    "r2": 0.0,
    "n_train": 251,
    "n_test": 12
}