{
    "disease": "hepatite",
    "cod_mun": 3554953,
    "mae": 2.1472911416835307,
    "rmse": 4.300791591319015,
    "r2": 0.14238799541685554,
    "n_samples": 300
}