{
    "disease": "tuberculose",
    "cod_mun": 3529609,
    "mae": 0.6842268760176715,
    "rmse": 3.639280356723308,
    "r2": 0.001285529242790684,
    "n_samples": 300
}