{
    "disease": "tuberculose",
    "cod_mun": 3541208,
    "mae": 0.4591548781680284,
    "rmse": 1.277752782636646,
    "r2": 0.0015638017351655709,
    "n_samples": 300
}