{
    "disease": "TX_tuberculose_00_23",
    "cod_mun": 3554300,
    "mae": 0.3091203697646658,
    "rmse": 0.5001803395796175,
    "r2": 0.0,
    "n_train": 251,
    "n_test": 12
}