{
    "disease": "hanseniase",
    "cod_mun": 3511003,
    "mae": 0.6181949627733548,
    "rmse": 1.464859063650129,
    "r2": 0.0784931138909245,
    "n_samples": 300
}