{
    "disease": "sifilis",
    "cod_mun": 3518503,
    "mae": 0.07596398472047376,
    "rmse": 0.4420408093636327,
    "r2": 0.00875978468079286,
    "n_samples": 300
}