{
    "disease": "sifilis",
    "cod_mun": 3539400,
    "mae": 0.15060915365520375,
    "rmse": 0.7422632041618287,
    "r2": 0.008189891714726505,
    "n_samples": 300
}