{
    "disease": "hepatite",
    "cod_mun": 3547106,
    "mae": 5.323722989508318,
    "rmse": 10.18562485877725,
    "r2": 0.0657675626066122,
    "n_samples": 300
}