{
    "disease": "sifilis",
    "cod_mun": 3507100,
    "mae": 0.36621209940511795,
    "rmse": 0.9168753386772459,
    "r2": 0.14758143494847775,
    "n_samples": 300
}