{
    "disease": "TX_hanseniase_00_23",
    "cod_mun": 3505203,
    "mae": 0.011808160847673813,
    "rmse": 0.011808194435690294,
    "r2": 0.0,
    "n_train": 251,
    "n_test": 12
}