{
    "disease": "TX_hanseniase_00_23",
    "cod_mun": 3551405,
    "mae": 0.1616657447690765,
    "rmse": 0.5470759014016049,
    "r2": 0.0,
    "n_train": 251,
    "n_test": 12
}