{
    "disease": "TX_hepatite_00_23",
    "cod_mun": 3519006,
    "mae": 13.28980138953843,
    "rmse": 18.285661264569583,
    "r2": -0.5916644467091068,
    "n_train": 251,
    "n_test": 12
}