{
    "disease": "TX_hepatite_00_23",
    "cod_mun": 3548500,
    "mae": 0.20233249608134576,
    "rmse": 0.2224390431528895,
    "r2": -0.45400789883386716,
    "n_train": 251,
    "n_test": 12
}