{
    "disease": "TX_hiv_aids_00_23",
    "cod_mun": 3546256,
    "mae": 1.9283868074417114,
    "rmse": 1.9335765886602583,
    "r2": 0.0,
    "n_train": 251,
    "n_test": 12
}