{
    "disease": "hanseniase",
    "cod_mun": 3525805,
    "mae": 0.04444685367907844,
    "rmse": 0.7137478320257602,
    "r2": 0.729118275661359,
    "n_samples": 300
}