{
    "disease": "hepatite",
    "cod_mun": 3540259,
    "mae": 1.192908097275858,
    "rmse": 4.207702615211467,
    "r2": 0.5963395445448252,
    "n_samples": 300
}