{
    "disease": "tuberculose",
    "cod_mun": 3525854,
    "mae": 0.19639850197430495,
    "rmse": 1.4881791751759303,
    "r2": 0.19871050279274327,
    "n_samples": 300
}