{
    "disease": "hiv_aids",
    "cod_mun": 3525300,
    "mae": 0.8458395245690888,
    "rmse": 1.0763795975358101,
    "r2": 0.39555999028940647,
    "n_samples": 300
}