{
    "disease": "hiv_aids",
    "cod_mun": 3554102,
    "mae": 3.1311970072787405,
    "rmse": 5.574527530312268,
    "r2": -0.12083381220524303,
    "n_samples": 300
}