{
    "disease": "TX_tuberculose_00_23",
    "cod_mun": 3542909,
    "mae": 1.6586890257601592,
    "rmse": 2.76331844595023,
    "r2": -0.21041094620228673,
    "n_train": 251,
    "n_test": 12
}