{
    "disease": "hanseniase",
    "cod_mun": 3541000,
    "mae": 0.07975365808985524,
    "rmse": 0.1359081719972931,
    "r2": 0.07053459328634226,
    "n_samples": 300
}