{
    "disease": "hepatite",
    "cod_mun": 3536208,
    "mae": 0.6042661815408337,
    "rmse": 1.2761231197376837,
    "r2": 0.07191159388407853,
    "n_samples": 300
}