{
    "disease": "TX_hepatite_00_23",
    "cod_mun": 3507001,
    "mae": 0.4154951984024445,
    "rmse": 0.891428661558872,
    "r2": -0.09199238606426641,
    "n_train": 251,
    "n_test": 12
}