{
    "disease": "TX_tuberculose_00_23",
    "cod_mun": 3520004,
    "mae": 1.473983072567971,
    "rmse": 1.8659774423555493,
    "r2": -0.2967037826379242,
    "n_train": 251,
    "n_test": 12
}