{
    "disease": "hanseniase",
    "cod_mun": 3550001,
    "mae": 0.06186727174464854,
    "rmse": 0.535471056917242,
    "r2": 0.0031775238126020566,
    "n_samples": 300
}