{
    "disease": "TX_sifilis_00_23",
    "cod_mun": 3550506,
    "mae": 0.4006168519457181,
    "rmse": 0.40061706407303715,
    "r2": 0.0,
    "n_train": 251,
    "n_test": 12
}