{
    "disease": "hiv_aids",
    "cod_mun": 3505401,
    "mae": 0.504039444918623,
    "rmse": 1.7752992233391995,
    "r2": 0.001122385087204747,
    "n_samples": 300
}