{
    "disease": "TX_hiv_aids_00_23",
    "cod_mun": 3509908,
    "mae": 0.8536284069220225,
    "rmse": 0.856441714818169,
    "r2": 0.0,
    "n_train": 251,
    "n_test": 12
}