{
    "disease": "sifilis",
    "cod_mun": 3507753,
    "mae": 0.24038675272847787,
    "rmse": 1.7834017940334725,
    "r2": 0.37210232284670397,
    "n_samples": 300
}