{
    "disease": "TX_hanseniase_00_23",
    "cod_mun": 3523008,
    "mae": 0.006211090614669956,
    "rmse": 0.012138892818104494,
    "r2": 0.0,
    "n_train": 251,
    "n_test": 12
}