{
    "disease": "hanseniase",
    "cod_mun": 3509957,
    "mae": 0.0015981916635724206,
    "rmse": 0.011326330820296401,
    "r2": 0.9999257512748397,
    "n_samples": 300
}