{
    "disease": "TX_hiv_aids_00_23",
    "cod_mun": 3525409,
    "mae": 1.667897383371989,
    "rmse": 1.8756860500098578,
    "r2": 0.0,
    "n_train": 251,
    "n_test": 12
}