{
    "disease": "sifilis",
    "cod_mun": 3502309,
    "mae": 0.23148515049006027,
    "rmse": 1.4170052584669475,
    "r2": 0.0019817346031653083,
    "n_samples": 300
}