{
    "disease": "TX_sifilis_00_23",
    "cod_mun": 3548609,
    "mae": 1.528145197667989,
    "rmse": 3.531322418171683,
    "r2": -0.17238888983535117,
    "n_train": 251,
    "n_test": 12
}