{
    "disease": "hiv_aids",
    "cod_mun": 3536307,
    "mae": 0.09689495154308338,
    "rmse": 0.5912928020421057,
    "r2": 0.0013107801712834988,
    "n_samples": 300
}