{
    "disease": "sifilis",
    "cod_mun": 3543808,
    "mae": 0.32202333820714735,
    "rmse": 1.20344719462235,
    "r2": 0.14891178526965865,
    "n_samples": 300
}