{
    "disease": "hiv_aids",
    "cod_mun": 3549102,
    "mae": 0.9286574938720064,
    "rmse": 1.2265916325740869,
    "r2": 0.19734777362687783,
    "n_samples": 300
}