{
    "disease": "TX_hiv_aids_00_23",
    "cod_mun": 3553203,
    "mae": 0.2769014313817024,
    "rmse": 0.34820092869801783,
    "r2": 0.0,
    "n_train": 251,
    "n_test": 12
}