{
    "disease": "TX_sifilis_00_23",
    "cod_mun": 3540200,
    "mae": 2.4325448694420193,
    "rmse": 3.6145882862876113,
    "r2": -0.30511468505837325,
    "n_train": 251,
    "n_test": 12
}