{
    "disease": "TX_hepatite_00_23",
    "cod_mun": 3519808,
    "mae": 0.7168713212013245,
    "rmse": 0.7171609692516971,
    "r2": 0.0,
    "n_train": 251,
    "n_test": 12
}