{
    "disease": "hanseniase",
    "cod_mun": 3550803,
    "mae": 0.051385046744560035,
    "rmse": 0.44510546751665225,
    "r2": 0.003002133528306139,
    "n_samples": 300
}