{
    "disease": "TX_tuberculose_00_23",
    "cod_mun": 3553708,
    "mae": 1.386450586468051,
    "rmse": 1.6000611039359371,
    "r2": -0.6508099173082718,
    "n_train": 251,
    "n_test": 12
}