{
    "disease": "hiv_aids",
    "cod_mun": 3554409,
    "mae": 0.4638136307133243,
    "rmse": 1.6406832235541866,
    "r2": 0.004437147487133086,
    "n_samples": 300
}