{
    "disease": "hepatite",
    "cod_mun": 3537701,
    "mae": 1.18721160014821,
    "rmse": 3.696138810457977,
    "r2": 0.10118731451406981,
    "n_samples": 300
}