{
    "disease": "hiv_aids",
    "cod_mun": 3548054,
    "mae": 1.6258836500798184,
    "rmse": 3.5774827588745497,
    "r2": 0.03634781991158054,
    "n_samples": 300
}