{
    "disease": "hanseniase",
    "cod_mun": 3545605,
    "mae": 0.23616792780801654,
    "rmse": 0.8977685974775186,
    "r2": 0.0067505461868880845,
    "n_samples": 300
}