{
    "disease": "hanseniase",
    "cod_mun": 3552106,
    "mae": 0.036311967101014,
    "rmse": 0.2249938525337676,
    "r2": 0.0010429533719087392,
    "n_samples": 300
}