{
    "disease": "TX_sifilis_00_23",
    "cod_mun": 3523008,
    "mae": 0.2377292513847351,
    "rmse": 0.2377292513847351,
    "r2": 0.0,
    "n_train": 251,
    "n_test": 12
}