{
    "disease": "TX_hiv_aids_00_23",
    "cod_mun": 3505906,
    "mae": 2.5544374949584188,
    "rmse": 2.8000105380083418,
    "r2": -2.034833620185132,
    "n_train": 251,
    "n_test": 12
}