{
    "disease": "hanseniase",
    "cod_mun": 3508603,
    "mae": 0.06915901076464098,
    "rmse": 0.342104363925144,
    "r2": 0.007311671904771444,
    "n_samples": 300
}