{
    "disease": "hiv_aids",
    "cod_mun": 3544905,
    "mae": 1.737063577056734,
    "rmse": 10.629724222958135,
    "r2": 0.23042181679830986,
    "n_samples": 300
}