{
    "disease": "TX_tuberculose_00_23",
    "cod_mun": 3551009,
    "mae": 1.6368484507092533,
    "rmse": 2.1569341922954584,
    "r2": -0.2856725158453517,
    "n_train": 251,
    "n_test": 12
}