{
    "disease": "TX_tuberculose_00_23",
    "cod_mun": 3512407,
    "mae": 0.589927772543827,
    "rmse": 1.0623772946434253,
    "r2": -0.04424089399650111,
    "n_train": 251,
    "n_test": 12
}