{
    "disease": "TX_hepatite_00_23",
    "cod_mun": 3552304,
    "mae": 9.90595350577397,
    "rmse": 12.867686042329884,
    "r2": -0.09094630155861672,
    "n_train": 251,
    "n_test": 12
}