{
    "disease": "sifilis",
    "cod_mun": 3556958,
    "mae": 0.3930780825176297,
    "rmse": 3.288032625429878,
    "r2": 0.00681679383817857,
    "n_samples": 300
}