{
    "disease": "TX_hiv_aids_00_23",
    "cod_mun": 3547700,
    "mae": 0.5475141157706579,
    "rmse": 0.5817327185343796,
    "r2": 0.0,
    "n_train": 251,
    "n_test": 12
}