{
    "disease": "TX_hiv_aids_00_23",
    "cod_mun": 3503604,
    "mae": 0.44302358975013095,
    "rmse": 0.4580990484978373,
    "r2": 0.0,
    "n_train": 251,
    "n_test": 12
}