{
    "disease": "hiv_aids",
    "cod_mun": 3540408,
    "mae": 0.9280170558243622,
    "rmse": 3.837627279566689,
    "r2": 4.5535135439589425e-05,
    "n_samples": 300
}