{
    "disease": "tuberculose",
    "cod_mun": 3525300,
    "mae": 0.39039260689214206,
    "rmse": 0.6368154458973575,
    "r2": 0.13268080798270965,
    "n_samples": 300
}