{
    "disease": "TX_tuberculose_00_23",
    "cod_mun": 3552908,
    "mae": 0.06138600781559944,
    "rmse": 0.06138600781559944,
    "r2": 0.0,
    "n_train": 251,
    "n_test": 12
}