{
    "disease": "hanseniase",
    "cod_mun": 3512803,
    "mae": 0.050206692372128776,
    "rmse": 0.27309607999496316,
    "r2": 0.004284644923021941,
    "n_samples": 300
}