{
    "disease": "TX_tuberculose_00_23",
    "cod_mun": 3526407,
    "mae": 0.9228746402102604,
    "rmse": 1.0982863336106106,
    "r2": -0.32625703257889715,
    "n_train": 251,
    "n_test": 12
}