{
    "disease": "TX_tuberculose_00_23",
    "cod_mun": 3519204,
    "mae": 0.7535021305084229,
    "rmse": 0.7535021305084229,
    "r2": 0.0,
    "n_train": 251,
    "n_test": 12
}