{
    "disease": "hanseniase",
    "cod_mun": 3516200,
    "mae": 0.09910073923314601,
    "rmse": 0.13548964387325552,
    "r2": 0.04062840927935241,
    "n_samples": 300
}