{
    "disease": "tuberculose",
    "cod_mun": 3533205,
    "mae": 0.7341442607611539,
    "rmse": 3.4527604003720964,
    "r2": 0.11301817159340999,
    "n_samples": 300
}