{
    "disease": "hiv_aids",
    "cod_mun": 3507159,
    "mae": 0.1890960197931462,
    "rmse": 1.5562774561912847,
    "r2": 0.004653578432422201,
    "n_samples": 300
}