{
    "disease": "sifilis",
    "cod_mun": 3538600,
    "mae": 0.2285531302657319,
    "rmse": 0.606604040167733,
    "r2": 0.14766661414209437,
    "n_samples": 300
}