{
    "disease": "TX_sifilis_00_23",
    "cod_mun": 3514957,
    "mae": 0.14555533975362778,
    "rmse": 0.1455553605737671,
    "r2": 0.0,
    "n_train": 251,
    "n_test": 12
}