{
    "disease": "sifilis",
    "cod_mun": 3528304,
    "mae": 0.42519597150312005,
    "rmse": 2.560961061300175,
    "r2": 0.004191144813334158,
    "n_samples": 300
}