{
    "disease": "hepatite",
    "cod_mun": 3546603,
    "mae": 0.8520649248150836,
    "rmse": 1.4791201627230721,
    "r2": 0.10167047414743635,
    "n_samples": 300
}