{
    "disease": "hiv_aids",
    "cod_mun": 3544103,
    "mae": 0.6528364225704831,
    "rmse": 0.9117785976673953,
    "r2": 0.02919816126007213,
    "n_samples": 300
}