{
    "disease": "tuberculose",
    "cod_mun": 3549904,
    "mae": 0.21627257200052544,
    "rmse": 0.29050351823622855,
    "r2": 0.7845311366052913,
    "n_samples": 300
}