{
    "disease": "hanseniase",
    "cod_mun": 3519055,
    "mae": 0.13913381673392525,
    "rmse": 0.8878445877369404,
    "r2": 0.0034560120778878156,
    "n_samples": 300
}