{
    "disease": "TX_hiv_aids_00_23",
    "cod_mun": 3521150,
    "mae": 3.460791005734262,
    "rmse": 4.447669537405349,
    "r2": -0.11134788936245399,
    "n_train": 251,
    "n_test": 12
}