{
    "disease": "tuberculose",
    "cod_mun": 3518206,
    "mae": 0.550321551989025,
    "rmse": 1.1249218656914364,
    "r2": 0.206970294817435,
    "n_samples": 300
}