{
    "disease": "hiv_aids",
    "cod_mun": 3510153,
    "mae": 0.322429947822875,
    "rmse": 1.9534244253158715,
    "r2": 0.0052741277243461004,
    "n_samples": 300
}