{
    "disease": "hepatite",
    "cod_mun": 3514700,
    "mae": 0.6918729684286232,
    "rmse": 2.146164201393124,
    "r2": 0.10146845178540387,
    "n_samples": 300
}