{
    "disease": "hanseniase",
    "cod_mun": 3533502,
    "mae": 0.1285180690264828,
    "rmse": 0.39422525063982294,
    "r2": 0.08725148537087613,
    "n_samples": 300
}