{
    "disease": "hepatite",
    "cod_mun": 3534302,
    "mae": 0.15069821644319265,
    "rmse": 0.5063145756809331,
    "r2": 0.3674275399316005,
    "n_samples": 300
}