{
    "disease": "TX_hepatite_00_23",
    "cod_mun": 3504800,
    "mae": 0.7947315573692322,
    "rmse": 0.7947356103106522,
    "r2": 0.0,
    "n_train": 251,
    "n_test": 12
}