{
    "disease": "hiv_aids",
    "cod_mun": 3532702,
    "mae": 3.617840241571689,
    "rmse": 7.575816263836839,
    "r2": 0.050700659210886734,
    "n_samples": 300
}