{
    "disease": "TX_tuberculose_00_23",
    "cod_mun": 3501905,
    "mae": 1.0241337317136066,
    "rmse": 1.4442657676120256,
    "r2": -0.37364092551308214,
    "n_train": 251,
    "n_test": 12
}