{
    "disease": "hanseniase",
    "cod_mun": 3536406,
    "mae": 0.19861311846044197,
    "rmse": 1.2346094863931851,
    "r2": 3.3509369586792737e-05,
    "n_samples": 300
}