{
    "disease": "TX_tuberculose_00_23",
    "cod_mun": 3544806,
    "mae": 1.4657112850743867,
    "rmse": 4.453914928462688,
    "r2": -0.08640977509392656,
    "n_train": 251,
    "n_test": 12
}