{
    "disease": "sifilis",
    "cod_mun": 3548708,
    "mae": 0.12149232417988448,
    "rmse": 0.16527084350877475,
    "r2": 0.025794227804677217,
    "n_samples": 300
}