{
    "disease": "hepatite",
    "cod_mun": 3534708,
    "mae": 0.309090712371166,
    "rmse": 0.5833122790726094,
    "r2": 0.3081595411977941,
    "n_samples": 300
}