{
    "disease": "hepatite",
    "cod_mun": 3549102,
    "mae": 0.3098695762484735,
    "rmse": 0.5726841792571603,
    "r2": 0.3819316130882707,
    "n_samples": 300
}