{
    "disease": "TX_tuberculose_00_23",
    "cod_mun": 3510807,
    "mae": 0.4854246431868292,
    "rmse": 0.9507680867804873,
    "r2": 0.06513696891127552,
    "n_train": 251,
    "n_test": 12
}