{
    "disease": "sifilis",
    "cod_mun": 3518305,
    "mae": 0.6203434776932346,
    "rmse": 1.2001641624928978,
    "r2": 0.10639642329582122,
    "n_samples": 300
}