{
    "disease": "sifilis",
    "cod_mun": 3517208,
    "mae": 0.3860325317828649,
    "rmse": 1.354678087760726,
    "r2": 0.010608303597435809,
    "n_samples": 300
}