{
    "disease": "TX_hanseniase_00_23",
    "cod_mun": 3522703,
    "mae": 0.1470423179368178,
    "rmse": 0.1503342241815259,
    "r2": 0.0,
    "n_train": 251,
    "n_test": 12
}