{
    "disease": "TX_hiv_aids_00_23",
    "cod_mun": 3521606,
    "mae": 0.6124967336654663,
    "rmse": 0.6125136566888727,
    "r2": 0.0,
    "n_train": 251,
    "n_test": 12
}