{
    "disease": "TX_hiv_aids_00_23",
    "cod_mun": 3510153,
    "mae": 0.011413022487734755,
    "rmse": 0.011869097564819974,
    "r2": 0.0,
    "n_train": 251,
    "n_test": 12
}