{
    "disease": "TX_hiv_aids_00_23",
    "cod_mun": 3510609,
    "mae": 0.5898969903433655,
    "rmse": 0.6705092459661972,
    "r2": -0.09011094504124317,
    "n_train": 251,
    "n_test": 12
}