{
    "disease": "hiv_aids",
    "cod_mun": 3501202,
    "mae": 1.4960595053398662,
    "rmse": 4.805642274752697,
    "r2": 0.040031888237922475,
    "n_samples": 300
}