{
    "disease": "hiv_aids",
    "cod_mun": 3536604,
    "mae": 4.457018534277584,
    "rmse": 6.224179633215962,
    "r2": 0.05073564398626107,
    "n_samples": 300
}