{
    "disease": "hepatite",
    "cod_mun": 3542107,
    "mae": 0.08150315254694777,
    "rmse": 0.7003336132841658,
    "r2": 0.0032004399268699135,
    "n_samples": 300
}