{
    "disease": "hanseniase",
    "cod_mun": 3552205,
    "mae": 0.03175781184150463,
    "rmse": 0.05768234867916085,
    "r2": 0.07820255261789966,
    "n_samples": 300
}