{
    "disease": "sifilis",
    "cod_mun": 3507407,
    "mae": 0.4132883244225054,
    "rmse": 1.1430212133099282,
    "r2": 0.06337529929630148,
    "n_samples": 300
}