{
    "disease": "hanseniase",
    "cod_mun": 3525300,
    "mae": 0.1544418957319777,
    "rmse": 0.26920801454841403,
    "r2": 0.1997412747193641,
    "n_samples": 300
}