{
    "disease": "TX_hepatite_00_23",
    "cod_mun": 3548708,
    "mae": 0.06312178860678996,
    "rmse": 0.07389091348021251,
    "r2": 0.027330331012528464,
    "n_train": 251,
    "n_test": 12
}