{
    "disease": "TX_hiv_aids_00_23",
    "cod_mun": 3537107,
    "mae": 0.723170260588328,
    "rmse": 0.7353869870121947,
    "r2": 0.0,
    "n_train": 251,
    "n_test": 12
}