{
    "disease": "TX_tuberculose_00_23",
    "cod_mun": 3521002,
    "mae": 0.721428245306015,
    "rmse": 0.7223698717966147,
    "r2": 0.0,
    "n_train": 251,
    "n_test": 12
}