{
    "disease": "TX_hiv_aids_00_23",
    "cod_mun": 3512902,
    "mae": 2.079132907445837,
    "rmse": 3.048142465041671,
    "r2": -0.05537316719904539,
    "n_train": 251,
    "n_test": 12
}