{
    "disease": "hiv_aids",
    "cod_mun": 3555307,
    "mae": 0.84964180006982,
    "rmse": 3.3989469194931248,
    "r2": 0.9233690673731583,
    "n_samples": 300
}