{
    "disease": "tuberculose",
    "cod_mun": 3500105,
    "mae": 0.25835980215131144,
    "rmse": 0.6568791033549135,
    "r2": 0.00029878683679984697,
    "n_samples": 300
}