{
    "disease": "hanseniase",
    "cod_mun": 3535804,
    "mae": 0.2982043539799978,
    "rmse": 0.9255343749406757,
    "r2": 0.00672339458199267,
    "n_samples": 300
}