{
    "disease": "sifilis",
    "cod_mun": 3520905,
    "mae": 0.5750740067252991,
    "rmse": 1.5120259157258926,
    "r2": -0.0033721606197314458,
    "n_samples": 300
}