{
    "disease": "sifilis",
    "cod_mun": 3510153,
    "mae": 0.40581396532013797,
    "rmse": 1.910245697884053,
    "r2": 0.013847590998002257,
    "n_samples": 300
}