{
    "disease": "hanseniase",
    "cod_mun": 3521309,
    "mae": 0.22513562942899568,
    "rmse": 1.0212527430561564,
    "r2": 0.08099821956037767,
    "n_samples": 300
}