{
    "disease": "sifilis",
    "cod_mun": 3545159,
    "mae": 0.39038430894034737,
    "rmse": 1.5356924475929903,
    "r2": 0.09113327845238028,
    "n_samples": 300
}