{
    "disease": "hiv_aids",
    "cod_mun": 3520301,
    "mae": 0.9350920047027534,
    "rmse": 1.5982883881935275,
    "r2": 0.005976083877103577,
    "n_samples": 300
}