{
    "disease": "tuberculose",
    "cod_mun": 3546504,
    "mae": 0.7826934710657694,
    "rmse": 2.55210913580773,
    "r2": 0.06407881357505174,
    "n_samples": 300
}