{
    "disease": "TX_hiv_aids_00_23",
    "cod_mun": 3508702,
    "mae": 0.8748182985419527,
    "rmse": 1.6402594709005356,
    "r2": -0.011534207251677753,
    "n_train": 251,
    "n_test": 12
}