{
    "disease": "hepatite",
    "cod_mun": 3550803,
    "mae": 4.6712583602012865,
    "rmse": 7.028089483965791,
    "r2": 0.18865119224118243,
    "n_samples": 300
}