{
    "disease": "hanseniase",
    "cod_mun": 3552551,
    "mae": 0.4141663882821953,
    "rmse": 2.5040021858895436,
    "r2": 0.13692530513639922,
    "n_samples": 300
}