{
    "disease": "TX_hanseniase_00_23",
    "cod_mun": 3509304,
    "mae": 0.07541702563563983,
    "rmse": 0.07541703348929456,
    "r2": 0.0,
    "n_train": 251,
    "n_test": 12
}