{
    "disease": "TX_hepatite_00_23",
    "cod_mun": 3555208,
    "mae": 1.2029460966587067,
    "rmse": 1.3322513688192656,
    "r2": 0.0,
    "n_train": 251,
    "n_test": 12
}