{
    "disease": "TX_hiv_aids_00_23",
    "cod_mun": 3532108,
    "mae": 0.01445338799385354,
    "rmse": 0.01637650421128646,
    "r2": 0.0,
    "n_train": 251,
    "n_test": 12
}