{
    "disease": "hiv_aids",
    "cod_mun": 3517000,
    "mae": 0.7558254949485927,
    "rmse": 1.83591100618303,
    "r2": 0.06388953795952257,
    "n_samples": 300
}