{
    "disease": "hiv_aids",
    "cod_mun": 3542503,
    "mae": 1.8826903997684645,
    "rmse": 4.249017641117265,
    "r2": 0.3084983425128338,
    "n_samples": 300
}