{
    "disease": "hanseniase",
    "cod_mun": 3546405,
    "mae": 0.07450100064904623,
    "rmse": 0.28966868646146793,
    "r2": 0.001692756612014179,
    "n_samples": 300
}