{
    "disease": "hepatite",
    "cod_mun": 3547007,
    "mae": 0.29014124584521633,
    "rmse": 1.4974779466413612,
    "r2": 0.25008977671541444,
    "n_samples": 300
}