{
    "disease": "hepatite",
    "cod_mun": 3504503,
    "mae": 0.565449786047676,
    "rmse": 0.8869338521685739,
    "r2": 0.3684523277990962,
    "n_samples": 300
}