{
    "disease": "TX_sifilis_00_23",
    "cod_mun": 3529658,
    "mae": 1.4899677832921345,
    "rmse": 1.489967786458044,
    "r2": 0.0,
    "n_train": 251,
    "n_test": 12
}