{
    "disease": "tuberculose",
    "cod_mun": 3532306,
    "mae": 1.3242513794707726,
    "rmse": 3.3467655185554936,
    "r2": 0.1445226626631977,
    "n_samples": 300
}