{
    "disease": "hepatite",
    "cod_mun": 3519105,
    "mae": 0.5372565886453466,
    "rmse": 1.6267004659607016,
    "r2": 0.08157666709640632,
    "n_samples": 300
}