{
    "disease": "sifilis",
    "cod_mun": 3530409,
    "mae": 0.10761411679529831,
    "rmse": 1.0600052151113228,
    "r2": 0.2827895742261739,
    "n_samples": 300
}