{
    "disease": "sifilis",
    "cod_mun": 3551108,
    "mae": 0.050334246878799754,
    "rmse": 0.16704116542563874,
    "r2": 0.960513869594341,
    "n_samples": 300
}