{
    "disease": "TX_tuberculose_00_23",
    "cod_mun": 3511508,
    "mae": 0.39649489521980286,
    "rmse": 0.39649489521980286,
    "r2": 0.0,
    "n_train": 251,
    "n_test": 12
}