{
    "disease": "TX_tuberculose_00_23",
    "cod_mun": 3546801,
    "mae": 0.7305754563910116,
    "rmse": 0.896475053410984,
    "r2": -0.16000200801391373,
    "n_train": 251,
    "n_test": 12
}