{
    "disease": "TX_hepatite_00_23",
    "cod_mun": 3531803,
    "mae": 0.024297663010656834,
    "rmse": 0.024396669000954347,
    "r2": 0.0,
    "n_train": 251,
    "n_test": 12
}