{
    "disease": "TX_hanseniase_00_23",
    "cod_mun": 3508603,
    "mae": 0.01913034846074879,
    "rmse": 0.022001795233742842,
    "r2": 0.0,
    "n_train": 251,
    "n_test": 12
}