{
    "disease": "sifilis",
    "cod_mun": 3531209,
    "mae": 0.05802960793705489,
    "rmse": 0.6195321701612229,
    "r2": 0.2500267490713908,
    "n_samples": 300
}