{
    "disease": "TX_hiv_aids_00_23",
    "cod_mun": 3532868,
    "mae": 1.4819851120313008,
    "rmse": 1.7332522582210865,
    "r2": 0.0,
    "n_train": 251,
    "n_test": 12
}