{
    "disease": "tuberculose",
    "cod_mun": 3537404,
    "mae": 1.1457029656029576,
    "rmse": 2.820836785876986,
    "r2": 0.12846254956367698,
    "n_samples": 300
}