{
    "disease": "TX_sifilis_00_23",
    "cod_mun": 3530300,
    "mae": 0.3985118317982875,
    "rmse": 0.5931663709470603,
    "r2": -0.023257613684413148,
    "n_train": 251,
    "n_test": 12
}