{
    "disease": "TX_hepatite_00_23",
    "cod_mun": 3542701,
    "mae": 0.027699995805354167,
    "rmse": 0.03717719512073555,
    "r2": 0.0,
    "n_train": 251,
    "n_test": 12
}