{
    "disease": "sifilis",
    "cod_mun": 3511508,
    "mae": 0.08197521425833766,
    "rmse": 0.3611958476953333,
    "r2": 0.05610271166464176,
    "n_samples": 300
}