{
    "disease": "tuberculose",
    "cod_mun": 3531001,
    "mae": 0.655899010486355,
    "rmse": 3.895862030133124,
    "r2": 0.005699346867990895,
    "n_samples": 300
}