{
    "disease": "TX_hanseniase_00_23",
    "cod_mun": 3521903,
    "mae": 0.06522384202495839,
    "rmse": 0.21608504678600227,
    "r2": 0.0,
    "n_train": 251,
    "n_test": 12
}