{
    "disease": "hepatite",
    "cod_mun": 3546207,
    "mae": 2.4629645459037706,
    "rmse": 5.443276707678415,
    "r2": 0.12684829013532684,
    "n_samples": 300
}