{
    "disease": "TX_sifilis_00_23",
    "cod_mun": 3505351,
    "mae": 0.12749739984671274,
    "rmse": 0.12749935080350647,
    "r2": 0.0,
    "n_train": 251,
    "n_test": 12
}