{
    "disease": "hanseniase",
    "cod_mun": 3503703,
    "mae": 0.6197192582043385,
    "rmse": 1.8581079181894664,
    "r2": 0.12685816532773397,
    "n_samples": 300
}