{
    "disease": "hiv_aids",
    "cod_mun": 3542008,
    "mae": 1.869688768535614,
    "rmse": 4.015839393625006,
    "r2": 0.4388971384509981,
    "n_samples": 300
}