{
    "disease": "sifilis",
    "cod_mun": 3548609,
    "mae": 0.4034599893830709,
    "rmse": 1.1008323387913501,
    "r2": 0.08976217576117107,
    "n_samples": 300
}