{
    "disease": "TX_sifilis_00_23",
    "cod_mun": 3546504,
    "mae": 0.0028988864311637976,
    "rmse": 0.0038144859433149668,
    "r2": 0.0,
    "n_train": 251,
    "n_test": 12
}