{
    "disease": "hanseniase",
    "cod_mun": 3537602,
    "mae": 0.051649848977142546,
    "rmse": 0.20002602860904029,
    "r2": 0.0008479248069608314,
    "n_samples": 300
}