{
    "disease": "TX_tuberculose_00_23",
    "cod_mun": 3541059,
    "mae": 0.15446361899375916,
    "rmse": 0.15446361899375916,
    "r2": 0.0,
    "n_train": 251,
    "n_test": 12
}