{
    "disease": "TX_hiv_aids_00_23",
    "cod_mun": 3521903,
    "mae": 3.563382066541539,
    "rmse": 5.088516353965982,
    "r2": -0.2715260683408032,
    "n_train": 251,
    "n_test": 12
}