{
    "disease": "hiv_aids",
    "cod_mun": 3520400,
    "mae": 0.7152897393738598,
    "rmse": 1.582579206285248,
    "r2": 0.38287043205165305,
    "n_samples": 300
}