{
    "disease": "TX_hanseniase_00_23",
    "cod_mun": 3521606,
    "mae": 0.08519638453920682,
    "rmse": 0.08519648555149735,
    "r2": 0.0,
    "n_train": 251,
    "n_test": 12
}