{
    "disease": "sifilis",
    "cod_mun": 3504008,
    "mae": 0.8415723685535296,
    "rmse": 0.9922174663896238,
    "r2": 0.13709122233460314,
    "n_samples": 300
}