{
    "disease": "hiv_aids",
    "cod_mun": 3511102,
    "mae": 2.173949183234049,
    "rmse": 2.718173272068225,
    "r2": 0.6302403695707035,
    "n_samples": 300
}