{
    "disease": "TX_hiv_aids_00_23",
    "cod_mun": 3548609,
    "mae": 0.02109323504070441,
    "rmse": 0.02110338425344416,
    "r2": 0.0,
    "n_train": 251,
    "n_test": 12
}