{
    "disease": "tuberculose",
    "cod_mun": 3501004,
    "mae": 1.1576205296977318,
    "rmse": 1.9466771771645024,
    "r2": 0.06024260457130126,
    "n_samples": 300
}