{
    "disease": "hanseniase",
    "cod_mun": 3535903,
    "mae": 0.17955277718888268,
    "rmse": 1.5422433396717672,
    "r2": 0.0028502194352935106,
    "n_samples": 300
}