{
    "disease": "TX_hiv_aids_00_23",
    "cod_mun": 3537701,
    "mae": 0.7189083447058996,
    "rmse": 0.7193095646652248,
    "r2": 0.0,
    "n_train": 251,
    "n_test": 12
}