{
    "disease": "TX_sifilis_00_23",
    "cod_mun": 3534401,
    "mae": 0.5033624392518966,
    "rmse": 0.5984456499160441,
    "r2": -0.34510633970733906,
    "n_train": 251,
    "n_test": 12
}