{
    "disease": "TX_hepatite_00_23",
    "cod_mun": 3549003,
    "mae": 0.16644744109362364,
    "rmse": 0.27662516392947656,
    "r2": 0.0,
    "n_train": 251,
    "n_test": 12
}