{
    "disease": "sifilis",
    "cod_mun": 3500709,
    "mae": 0.19414660299673955,
    "rmse": 0.5164509186288012,
    "r2": 0.08539607012000205,
    "n_samples": 300
}