{
    "disease": "sifilis",
    "cod_mun": 3527009,
    "mae": 0.0874501518011932,
    "rmse": 0.7317647129903632,
    "r2": 0.0032155434587936016,
    "n_samples": 300
}