{
    "disease": "sifilis",
    "cod_mun": 3510104,
    "mae": 0.18800772418878867,
    "rmse": 1.6367254400983793,
    "r2": 0.31858286479895603,
    "n_samples": 300
}