{
    "disease": "tuberculose",
    "cod_mun": 3541802,
    "mae": 2.191424374505388,
    "rmse": 6.640105868685291,
    "r2": 0.09823893710558651,
    "n_samples": 300
}