{
    "disease": "hepatite",
    "cod_mun": 3526308,
    "mae": 2.924628701051583,
    "rmse": 7.193521082612988,
    "r2": 0.345694287065484,
    "n_samples": 300
}