{
    "disease": "TX_sifilis_00_23",
    "cod_mun": 3542206,
    "mae": 0.7059602098964151,
    "rmse": 1.001759635665187,
    "r2": -0.07222750098570363,
    "n_train": 251,
    "n_test": 12
}