{
    "disease": "hiv_aids",
    "cod_mun": 3504503,
    "mae": 2.8537736884003944,
    "rmse": 3.69105317880203,
    "r2": -3.4009911066823175,
    "n_samples": 300
}