{
    "disease": "TX_hiv_aids_00_23",
    "cod_mun": 3557105,
    "mae": 1.5028818251139275,
    "rmse": 1.8255134641856063,
    "r2": -3.887092891892741,
    "n_train": 251,
    "n_test": 12
}