{
    "disease": "TX_hanseniase_00_23",
    "cod_mun": 3506359,
    "mae": 0.04983800556510687,
    "rmse": 0.04983804730663348,
    "r2": 0.0,
    "n_train": 251,
    "n_test": 12
}