{
    "disease": "TX_tuberculose_00_23",
    "cod_mun": 3515152,
    "mae": 0.477598649294426,
    "rmse": 0.7032374495846049,
    "r2": 0.0,
    "n_train": 251,
    "n_test": 12
}