{
    "disease": "hanseniase",
    "cod_mun": 3526803,
    "mae": 0.12228017901833721,
    "rmse": 0.31498051356447687,
    "r2": 0.10530575267717424,
    "n_samples": 300
}