{
    "disease": "sifilis",
    "cod_mun": 3510302,
    "mae": 0.1866840432267818,
    "rmse": 0.9081128705051352,
    "r2": 0.10760282406948829,
    "n_samples": 300
}