{
    "disease": "sifilis",
    "cod_mun": 3535101,
    "mae": 0.5066634632676517,
    "rmse": 1.5149092457961963,
    "r2": 0.0003438480318277426,
    "n_samples": 300
}