{
    "disease": "tuberculose",
    "cod_mun": 3509700,
    "mae": 6.793335073649876,
    "rmse": 13.74458568595907,
    "r2": 0.7060262591003401,
    "n_samples": 300
}