{
    "disease": "TX_hiv_aids_00_23",
    "cod_mun": 3515905,
    "mae": 3.621642604046873,
    "rmse": 10.568014430582418,
    "r2": -0.09363213651603086,
    "n_train": 251,
    "n_test": 12
}