{
    "disease": "TX_tuberculose_00_23",
    "cod_mun": 3502705,
    "mae": 0.4899073491493861,
    "rmse": 0.49626197222703256,
    "r2": 0.0,
    "n_train": 251,
    "n_test": 12
}