{
    "disease": "hiv_aids",
    "cod_mun": 3520004,
    "mae": 1.1618212773096392,
    "rmse": 1.7054668963393056,
    "r2": 0.09691644112056363,
    "n_samples": 300
}