{
    "disease": "TX_hiv_aids_00_23",
    "cod_mun": 3550001,
    "mae": 0.02993152818332116,
    "rmse": 0.0299741025544256,
    "r2": 0.0,
    "n_train": 251,
    "n_test": 12
}