{
    "disease": "TX_tuberculose_00_23",
    "cod_mun": 3511904,
    "mae": 1.0695183206180208,
    "rmse": 3.67954128673387,
    "r2": 0.13029203620728513,
    "n_train": 251,
    "n_test": 12
}