{
    "disease": "TX_sifilis_00_23",
    "cod_mun": 3525508,
    "mae": 0.275683730840683,
    "rmse": 0.275683730840683,
    "r2": 0.0,
    "n_train": 251,
    "n_test": 12
}