{
    "disease": "sifilis",
    "cod_mun": 3518008,
    "mae": 0.34508109727534825,
    "rmse": 2.8380475788043356,
    "r2": 0.007792671147798025,
    "n_samples": 300
}