{
    "disease": "TX_hiv_aids_00_23",
    "cod_mun": 3538808,
    "mae": 0.4001139725248019,
    "rmse": 0.4136202348595518,
    "r2": 0.0,
    "n_train": 251,
    "n_test": 12
}