{
    "disease": "sifilis",
    "cod_mun": 3533205,
    "mae": 0.5361404153987909,
    "rmse": 2.5874099433027014,
    "r2": 0.009823613815295396,
    "n_samples": 300
}