{
    "disease": "hiv_aids",
    "cod_mun": 3539301,
    "mae": 0.6994323313321905,
    "rmse": 0.9540351971206043,
    "r2": 0.19718584331797007,
    "n_samples": 300
}