{
    "disease": "TX_tuberculose_00_23",
    "cod_mun": 3534757,
    "mae": 0.8892036208447439,
    "rmse": 2.7658891126103016,
    "r2": -0.059988729786824235,
    "n_train": 251,
    "n_test": 12
}