{
    "disease": "TX_sifilis_00_23",
    "cod_mun": 3521507,
    "mae": 0.2891087781172246,
    "rmse": 0.9785554179028908,
    "r2": 0.0,
    "n_train": 251,
    "n_test": 12
}