{
    "disease": "tuberculose",
    "cod_mun": 3521804,
    "mae": 0.6303626067944166,
    "rmse": 1.3920643683902227,
    "r2": 0.7431748156266563,
    "n_samples": 300
}