{
    "disease": "tuberculose",
    "cod_mun": 3541901,
    "mae": 0.7262198200922567,
    "rmse": 1.881784534759637,
    "r2": 0.870439497418723,
    "n_samples": 300
}