{
    "disease": "hanseniase",
    "cod_mun": 3532009,
    "mae": 0.10980787158282056,
    "rmse": 0.6589756772691509,
    "r2": 0.004269018283591053,
    "n_samples": 300
}