{
    "disease": "TX_hepatite_00_23",
    "cod_mun": 3519071,
    "mae": 0.024141914579862107,
    "rmse": 0.08009094059883612,
    "r2": 0.0,
    "n_train": 251,
    "n_test": 12
}