{
    "disease": "tuberculose",
    "cod_mun": 3523909,
    "mae": 0.4254602589589688,
    "rmse": 0.5891819253193755,
    "r2": 0.5773067469587327,
    "n_samples": 300
}