{
    "disease": "hepatite",
    "cod_mun": 3554656,
    "mae": 0.2934709676905964,
    "rmse": 2.3710871056714793,
    "r2": 0.005667648863341923,
    "n_samples": 300
}