{
    "disease": "hanseniase",
    "cod_mun": 3532405,
    "mae": 0.1868621802119218,
    "rmse": 0.8025740622344845,
    "r2": 0.07169569337914272,
    "n_samples": 300
}