{
    "disease": "TX_tuberculose_00_23",
    "cod_mun": 3532108,
    "mae": 2.27629752760904,
    "rmse": 7.853236511434219,
    "r2": -0.09038996976176761,
    "n_train": 251,
    "n_test": 12
}