{
    "disease": "TX_hanseniase_00_23",
    "cod_mun": 3546702,
    "mae": 0.10359865054488182,
    "rmse": 0.10359865403662454,
    "r2": 0.0,
    "n_train": 251,
    "n_test": 12
}