{
    "disease": "sifilis",
    "cod_mun": 3546009,
    "mae": 0.18884617554971297,
    "rmse": 0.7727654320602098,
    "r2": 0.015485407937671058,
    "n_samples": 300
}