{
    "disease": "TX_sifilis_00_23",
    "cod_mun": 3507001,
    "mae": 0.8031751357524793,
    "rmse": 0.961463922076156,
    "r2": -0.5526107316658277,
    "n_train": 251,
    "n_test": 12
}