{
    "disease": "TX_tuberculose_00_23",
    "cod_mun": 3556958,
    "mae": 0.045277311777075134,
    "rmse": 0.04528278411597536,
    "r2": 0.0,
    "n_train": 251,
    "n_test": 12
}