{
    "disease": "TX_sifilis_00_23",
    "cod_mun": 3556107,
    "mae": 0.09717808291316032,
    "rmse": 0.09718057488011535,
    "r2": 0.0,
    "n_train": 251,
    "n_test": 12
}