{
    "disease": "hanseniase",
    "cod_mun": 3548054,
    "mae": 0.027812433801565603,
    "rmse": 0.137581212400989,
    "r2": 0.9726453786035655,
    "n_samples": 300
}