{
    "disease": "hepatite",
    "cod_mun": 3502101,
    "mae": 0.9035501469132255,
    "rmse": 1.4881063434389825,
    "r2": 0.43596056091660007,
    "n_samples": 300
}