{
    "disease": "hepatite",
    "cod_mun": 3507407,
    "mae": 0.49984712225344413,
    "rmse": 1.449326415440651,
    "r2": 0.2321971891811132,
    "n_samples": 300
}