{
    "disease": "TX_sifilis_00_23",
    "cod_mun": 3534807,
    "mae": 0.12659965828061104,
    "rmse": 0.12659973092759735,
    "r2": 0.0,
    "n_train": 251,
    "n_test": 12
}