{
    "disease": "TX_sifilis_00_23",
    "cod_mun": 3542701,
    "mae": 1.4619630371407448,
    "rmse": 4.439863221813558,
    "r2": -0.07023887923408534,
    "n_train": 251,
    "n_test": 12
}