{
    "disease": "tuberculose",
    "cod_mun": 3515350,
    "mae": 0.20775544630772258,
    "rmse": 1.037704372810685,
    "r2": 0.0004171928886823606,
    "n_samples": 300
}