{
    "disease": "TX_hanseniase_00_23",
    "cod_mun": 3505401,
    "mae": 1.3050978135235405e-07,
    "rmse": 1.5623035393917115e-07,
    "r2": 0.0,
    "n_train": 251,
    "n_test": 12
}