{
    "disease": "hiv_aids",
    "cod_mun": 3528809,
    "mae": 0.8372708683050886,
    "rmse": 1.7873058755866726,
    "r2": 0.06550829959442894,
    "n_samples": 300
}