{
    "disease": "hepatite",
    "cod_mun": 3513009,
    "mae": 0.13977854983938962,
    "rmse": 0.25339948053712363,
    "r2": 0.3804936435541074,
    "n_samples": 300
}