{
    "disease": "hanseniase",
    "cod_mun": 3549904,
    "mae": 0.03185668161147387,
    "rmse": 0.05749771192911792,
    "r2": 0.04929313574461758,
    "n_samples": 300
}