{
    "disease": "hanseniase",
    "cod_mun": 3553807,
    "mae": 0.4183508635725734,
    "rmse": 0.6753623541134522,
    "r2": -0.07808158668233478,
    "n_samples": 300
}