{
    "disease": "hanseniase",
    "cod_mun": 3500303,
    "mae": 0.2988369633784893,
    "rmse": 0.7160994212176093,
    "r2": 0.08595197338336691,
    "n_samples": 300
}