{
    "disease": "TX_hepatite_00_23",
    "cod_mun": 3534807,
    "mae": 1.6184439826038777,
    "rmse": 3.605045062882799,
    "r2": -0.026091227974590847,
    "n_train": 251,
    "n_test": 12
}