{
    "disease": "TX_sifilis_00_23",
    "cod_mun": 3509502,
    "mae": 0.19569958544007737,
    "rmse": 0.2538019674940159,
    "r2": -0.19953126989499692,
    "n_train": 251,
    "n_test": 12
}