{
    "disease": "hepatite",
    "cod_mun": 3500907,
    "mae": 0.7102355033575433,
    "rmse": 3.057032540338057,
    "r2": 0.0007275126101827789,
    "n_samples": 300
}