{
    "disease": "TX_hepatite_00_23",
    "cod_mun": 3515004,
    "mae": 0.05050648869176347,
    "rmse": 0.10156968534449895,
    "r2": -0.03809714774094397,
    "n_train": 251,
    "n_test": 12
}