{
    "disease": "hiv_aids",
    "cod_mun": 3522158,
    "mae": 0.20604425154864442,
    "rmse": 1.7299005881967342,
    "r2": 0.0035440527035213165,
    "n_samples": 300
}