{
    "disease": "tuberculose",
    "cod_mun": 3501905,
    "mae": 0.7273805002708532,
    "rmse": 0.9755067008793233,
    "r2": 0.10657074387250365,
    "n_samples": 300
}