{
    "disease": "hiv_aids",
    "cod_mun": 3530805,
    "mae": 1.1759120062899386,
    "rmse": 1.5453225596447024,
    "r2": 0.07557051810652415,
    "n_samples": 300
}