{
    "disease": "tuberculose",
    "cod_mun": 3503307,
    "mae": 0.5022044450394963,
    "rmse": 0.6653639849350591,
    "r2": 0.3336465379829153,
    "n_samples": 300
}