{
    "disease": "TX_sifilis_00_23",
    "cod_mun": 3529104,
    "mae": 4.411505205576143,
    "rmse": 15.281902307824929,
    "r2": -0.09090909090909127,
    "n_train": 251,
    "n_test": 12
}