{
    "disease": "TX_hiv_aids_00_23",
    "cod_mun": 3549409,
    "mae": 0.5853493846642849,
    "rmse": 0.6900798442124378,
    "r2": -0.4397924060331089,
    "n_train": 251,
    "n_test": 12
}