{
    "disease": "TX_hiv_aids_00_23",
    "cod_mun": 3517109,
    "mae": 0.03533759464820226,
    "rmse": 0.03534736272652737,
    "r2": 0.0,
    "n_train": 251,
    "n_test": 12
}