{
    "disease": "TX_hiv_aids_00_23",
    "cod_mun": 3538709,
    "mae": 0.3137710337594599,
    "rmse": 0.3506924554087226,
    "r2": -0.14859246797726677,
    "n_train": 251,
    "n_test": 12
}