{
    "disease": "sifilis",
    "cod_mun": 3553856,
    "mae": 0.47002317262037785,
    "rmse": 2.4709538189479314,
    "r2": 0.005853251575027474,
    "n_samples": 300
}