{
    "disease": "sifilis",
    "cod_mun": 3525706,
    "mae": 0.0427159005434852,
    "rmse": 0.19578237013992125,
    "r2": 0.6073193576295612,
    "n_samples": 300
}