{
    "disease": "hepatite",
    "cod_mun": 3530904,
    "mae": 3.066238474489822,
    "rmse": 7.223290858890261,
    "r2": 0.36795262906488435,
    "n_samples": 300
}