{
    "disease": "TX_hiv_aids_00_23",
    "cod_mun": 3540853,
    "mae": 7.861111761983107,
    "rmse": 15.18181562734612,
    "r2": -0.10549283298147571,
    "n_train": 251,
    "n_test": 12
}