{
    "disease": "TX_tuberculose_00_23",
    "cod_mun": 3552809,
    "mae": 0.3809031054412449,
    "rmse": 0.4106150087588696,
    "r2": -0.3930349684316421,
    "n_train": 251,
    "n_test": 12
}