{
    "disease": "hiv_aids",
    "cod_mun": 3512902,
    "mae": 4.1372405038794655,
    "rmse": 4.706930440433099,
    "r2": -0.1307091220298502,
    "n_samples": 300
}