{
    "disease": "TX_sifilis_00_23",
    "cod_mun": 3541059,
    "mae": 1.9530760728505303,
    "rmse": 5.404567943515773,
    "r2": -0.005121131704411086,
    "n_train": 251,
    "n_test": 12
}