{
    "disease": "TX_hiv_aids_00_23",
    "cod_mun": 3521507,
    "mae": 2.8457917575925875,
    "rmse": 4.557534698192065,
    "r2": -0.3047285021737425,
    "n_train": 251,
    "n_test": 12
}