{
    "disease": "tuberculose",
    "cod_mun": 3512209,
    "mae": 1.5217156499284137,
    "rmse": 2.3235331691667573,
    "r2": 0.3883346912366594,
    "n_samples": 300
}