{
    "disease": "hiv_aids",
    "cod_mun": 3534203,
    "mae": 4.447021916809469,
    "rmse": 7.115672556020294,
    "r2": 0.14371574953016963,
    "n_samples": 300
}