{
    "disease": "TX_hanseniase_00_23",
    "cod_mun": 3501202,
    "mae": 0.010014437682305774,
    "rmse": 0.011254583384035035,
    "r2": 0.0,
    "n_train": 251,
    "n_test": 12
}