{
    "disease": "TX_sifilis_00_23",
    "cod_mun": 3524808,
    "mae": 0.7204759253957999,
    "rmse": 0.9382351805239759,
    "r2": -0.11649407693018254,
    "n_train": 251,
    "n_test": 12
}