{
    "disease": "hiv_aids",
    "cod_mun": 3522505,
    "mae": 0.757020475897698,
    "rmse": 0.9204854901888887,
    "r2": -0.4273664705540974,
    "n_samples": 300
}