{
    "disease": "sifilis",
    "cod_mun": 3523909,
    "mae": 0.15249536422094412,
    "rmse": 0.26359644425680795,
    "r2": 0.17660797369230075,
    "n_samples": 300
}