{
    "disease": "hepatite",
    "cod_mun": 3525201,
    "mae": 0.17642435873192128,
    "rmse": 0.623633625558421,
    "r2": 0.006076941516887091,
    "n_samples": 300
}