{
    "disease": "hepatite",
    "cod_mun": 3539103,
    "mae": 0.786598199219949,
    "rmse": 1.7321302744855889,
    "r2": 0.08543760224443475,
    "n_samples": 300
}