{
    "disease": "tuberculose",
    "cod_mun": 3528858,
    "mae": 0.29100250336184746,
    "rmse": 1.977861378372754,
    "r2": 0.8534639475150968,
    "n_samples": 300
}