{
    "disease": "hanseniase",
    "cod_mun": 3519204,
    "mae": 0.10809674648203572,
    "rmse": 0.906546671404331,
    "r2": 0.0031599173145898662,
    "n_samples": 300
}