{
    "disease": "hanseniase",
    "cod_mun": 3501152,
    "mae": 0.24181615048853577,
    "rmse": 0.8517987515277158,
    "r2": 0.01979204295238457,
    "n_samples": 300
}