{
    "disease": "TX_sifilis_00_23",
    "cod_mun": 3500303,
    "mae": 0.033080677387867276,
    "rmse": 0.0767350096118887,
    "r2": 0.0,
    "n_train": 251,
    "n_test": 12
}