{
    "disease": "tuberculose",
    "cod_mun": 3512100,
    "mae": 0.1096556051431822,
    "rmse": 0.9262985959582062,
    "r2": 0.0036856371569271573,
    "n_samples": 300
}