{
    "disease": "TX_hiv_aids_00_23",
    "cod_mun": 3546504,
    "mae": 1.4253093664608365,
    "rmse": 4.726477627229107,
    "r2": -0.09641139071252192,
    "n_train": 251,
    "n_test": 12
}