{
    "disease": "TX_hiv_aids_00_23",
    "cod_mun": 3503109,
    "mae": 1.596509337425232,
    "rmse": 1.596509337425232,
    "r2": 0.0,
    "n_train": 251,
    "n_test": 12
}