{
    "disease": "hanseniase",
    "cod_mun": 3522653,
    "mae": 1.8457918392223969,
    "rmse": 7.136540947811021,
    "r2": -0.07139584229420737,
    "n_samples": 300
}