{
    "disease": "sifilis",
    "cod_mun": 3539509,
    "mae": 0.47663725019212183,
    "rmse": 0.9152402434002649,
    "r2": 0.24634971859028942,
    "n_samples": 300
}