{
    "disease": "hiv_aids",
    "cod_mun": 3520301,
    "mae": 1.0460544341946287,
    "rmse": 1.5242621442678466,
    "r2": 0.0959220589866816,
    "n_samples": 300
}