{
    "disease": "sifilis",
    "cod_mun": 3549904,
    "mae": 0.2029066508510491,
    "rmse": 0.27126861756059967,
    "r2": 0.5580119453818414,
    "n_samples": 300
}