{
    "disease": "TX_tuberculose_00_23",
    "cod_mun": 3535309,
    "mae": 1.8979929554356432,
    "rmse": 3.2376400241844596,
    "r2": -0.13225104409293342,
    "n_train": 251,
    "n_test": 12
}