{
    "disease": "TX_tuberculose_00_23",
    "cod_mun": 3511201,
    "mae": 0.04883874952793121,
    "rmse": 0.04883874952793121,
    "r2": 0.0,
    "n_train": 251,
    "n_test": 12
}