{
    "disease": "hepatite",
    "cod_mun": 3516705,
    "mae": 0.4132600600276011,
    "rmse": 1.0187131389483706,
    "r2": 0.4296028474516397,
    "n_samples": 300
}