{
    "disease": "sifilis",
    "cod_mun": 3542008,
    "mae": 1.0028022279267037,
    "rmse": 2.5502403133074005,
    "r2": 0.4114800921429024,
    "n_samples": 300
}