{
    "disease": "TX_sifilis_00_23",
    "cod_mun": 3529005,
    "mae": 1.3936212149292053,
    "rmse": 1.5927394230387288,
    "r2": -3.261781794208135,
    "n_train": 251,
    "n_test": 12
}