{
    "disease": "TX_hanseniase_00_23",
    "cod_mun": 3500501,
    "mae": 0.000807617502384043,
    "rmse": 0.0008347956901622629,
    "r2": 0.0,
    "n_train": 251,
    "n_test": 12
}