{
    "disease": "sifilis",
    "cod_mun": 3543808,
    "mae": 0.2920757314199554,
    "rmse": 1.2331125319905198,
    "r2": 0.1064354683657116,
    "n_samples": 300
}