{
    "disease": "TX_tuberculose_00_23",
    "cod_mun": 3544202,
    "mae": 0.9921509072150037,
    "rmse": 2.7305060463821023,
    "r2": -0.047147609035218085,
    "n_train": 251,
    "n_test": 12
}