{
    "disease": "hanseniase",
    "cod_mun": 3503000,
    "mae": 0.13854121673499237,
    "rmse": 1.1552446588217624,
    "r2": 0.004528010947774663,
    "n_samples": 300
}