{
    "disease": "hanseniase",
    "cod_mun": 3524006,
    "mae": 0.25539887186119664,
    "rmse": 0.5622025335317947,
    "r2": 0.06878426295487738,
    "n_samples": 300
}