{
    "disease": "TX_hepatite_00_23",
    "cod_mun": 3533502,
    "mae": 0.006675902327212195,
    "rmse": 0.012788220551459976,
    "r2": 0.0,
    "n_train": 251,
    "n_test": 12
}