{
    "disease": "sifilis",
    "cod_mun": 3554656,
    "mae": 0.2152208171719956,
    "rmse": 1.8266664627150315,
    "r2": 0.004055464839276879,
    "n_samples": 300
}