{
    "disease": "hiv_aids",
    "cod_mun": 3547809,
    "mae": 0.26910199009915986,
    "rmse": 0.3624266551498242,
    "r2": 0.7033982749690242,
    "n_samples": 300
}