{
    "disease": "TX_hanseniase_00_23",
    "cod_mun": 3508801,
    "mae": 0.06072775864352783,
    "rmse": 0.09140788970751122,
    "r2": 0.0,
    "n_train": 251,
    "n_test": 12
}