{
    "disease": "sifilis",
    "cod_mun": 3515004,
    "mae": 0.5000984404892007,
    "rmse": 0.7195027118504451,
    "r2": -0.07118440518380775,
    "n_samples": 300
}