{
    "disease": "TX_tuberculose_00_23",
    "cod_mun": 3513405,
    "mae": 0.7893644451769642,
    "rmse": 0.8429376196877951,
    "r2": -0.04403969252015649,
    "n_train": 251,
    "n_test": 12
}