{
    "disease": "sifilis",
    "cod_mun": 3520509,
    "mae": 0.30097511211931344,
    "rmse": 0.4758254497565699,
    "r2": 0.39769837435704214,
    "n_samples": 300
}