{
    "disease": "TX_hanseniase_00_23",
    "cod_mun": 3501509,
    "mae": 0.11134328537931044,
    "rmse": 0.2710922376907297,
    "r2": 0.0,
    "n_train": 251,
    "n_test": 12
}