{
    "disease": "hiv_aids",
    "cod_mun": 3516101,
    "mae": 0.4760997617269525,
    "rmse": 2.9313555924978165,
    "r2": 0.001384732141612277,
    "n_samples": 300
}