{
    "disease": "hiv_aids",
    "cod_mun": 3506102,
    "mae": 1.8060972500436407,
    "rmse": 2.283434529999595,
    "r2": -0.09365322096434947,
    "n_samples": 300
}