{
    "disease": "hepatite",
    "cod_mun": 3535200,
    "mae": 1.2269965843399215,
    "rmse": 2.7860257429922224,
    "r2": 0.10548308195198053,
    "n_samples": 300
}