{
    "disease": "sifilis",
    "cod_mun": 3531407,
    "mae": 0.07014331776535761,
    "rmse": 0.41367164646150284,
    "r2": 0.1983323570942489,
    "n_samples": 300
}