{
    "disease": "sifilis",
    "cod_mun": 3539707,
    "mae": 0.645099690244048,
    "rmse": 2.647710773811202,
    "r2": 0.1089869831322573,
    "n_samples": 300
}