{
    "disease": "sifilis",
    "cod_mun": 3538501,
    "mae": 0.2706452934973646,
    "rmse": 1.2917836030797534,
    "r2": -0.006848651053908528,
    "n_samples": 300
}