{
    "disease": "sifilis",
    "cod_mun": 3549102,
    "mae": 0.10536365324858288,
    "rmse": 0.20835785615331606,
    "r2": -0.015623751969429556,
    "n_samples": 300
}