{
    "disease": "TX_hiv_aids_00_23",
    "cod_mun": 3503158,
    "mae": 0.1107213882302555,
    "rmse": 0.37366636411023496,
    "r2": 0.0,
    "n_train": 251,
    "n_test": 12
}