{
    "disease": "TX_hepatite_00_23",
    "cod_mun": 3526803,
    "mae": 0.033214985548208155,
    "rmse": 0.04784658743813334,
    "r2": 0.0,
    "n_train": 251,
    "n_test": 12
}