{
    "disease": "tuberculose",
    "cod_mun": 3500550,
    "mae": 0.2812102731623885,
    "rmse": 1.4399159616711708,
    "r2": 0.4114203452464019,
    "n_samples": 300
}