{
    "disease": "TX_sifilis_00_23",
    "cod_mun": 3503356,
    "mae": 0.19281445443630219,
    "rmse": 0.19281445443630219,
    "r2": 0.0,
    "n_train": 251,
    "n_test": 12
}