{
    "disease": "TX_tuberculose_00_23",
    "cod_mun": 3552106,
    "mae": 1.0750132295796304,
    "rmse": 1.5834481050685716,
    "r2": -0.04830535916303291,
    "n_train": 251,
    "n_test": 12
}