{
    "disease": "TX_sifilis_00_23",
    "cod_mun": 3511300,
    "mae": 0.320323886970679,
    "rmse": 0.5621739003660653,
    "r2": 0.0,
    "n_train": 251,
    "n_test": 12
}