{
    "disease": "TX_hepatite_00_23",
    "cod_mun": 3501301,
    "mae": 0.3862531570763508,
    "rmse": 1.0318637679252785,
    "r2": -0.043466391385592607,
    "n_train": 251,
    "n_test": 12
}