{
    "disease": "sifilis",
    "cod_mun": 3547908,
    "mae": 0.1071703965164338,
    "rmse": 0.7274083631768872,
    "r2": 0.2689509786432367,
    "n_samples": 300
}