{
    "disease": "sifilis",
    "cod_mun": 3523008,
    "mae": 0.4257670349241437,
    "rmse": 2.076217810502859,
    "r2": 0.006751072655245993,
    "n_samples": 300
}