{
    "disease": "sifilis",
    "cod_mun": 3549300,
    "mae": 0.45581602886112277,
    "rmse": 4.388641153742099,
    "r2": 0.28183904049747444,
    "n_samples": 300
}