{
    "disease": "TX_hepatite_00_23",
    "cod_mun": 3505203,
    "mae": 0.32776375363270444,
    "rmse": 0.34394350187561024,
    "r2": 0.0,
    "n_train": 251,
    "n_test": 12
}