{
    "disease": "hepatite",
    "cod_mun": 3525300,
    "mae": 0.3327469605536389,
    "rmse": 0.6139481406744565,
    "r2": 0.4330467484362843,
    "n_samples": 300
}