{
    "disease": "tuberculose",
    "cod_mun": 3541703,
    "mae": 0.18380814758614003,
    "rmse": 0.7366147838264298,
    "r2": 0.5493144531721748,
    "n_samples": 300
}