{
    "disease": "TX_tuberculose_00_23",
    "cod_mun": 3545209,
    "mae": 0.42289778714850934,
    "rmse": 0.46214391288247003,
    "r2": -0.03340129088420918,
    "n_train": 251,
    "n_test": 12
}