{
    "disease": "sifilis",
    "cod_mun": 3553856,
    "mae": 0.4649947546227998,
    "rmse": 2.47046523993311,
    "r2": 0.0062463558207161984,
    "n_samples": 300
}