{
    "disease": "hanseniase",
    "cod_mun": 3541604,
    "mae": 0.07719170312645776,
    "rmse": 0.37099106110940216,
    "r2": 0.4048781303422946,
    "n_samples": 300
}