{
    "disease": "tuberculose",
    "cod_mun": 3503000,
    "mae": 0.41061576754847035,
    "rmse": 1.9941450843306612,
    "r2": 0.007820798024991027,
    "n_samples": 300
}