{
    "disease": "TX_hepatite_00_23",
    "cod_mun": 3514908,
    "mae": 0.0048896727384999394,
    "rmse": 0.0049245460822387776,
    "r2": 0.0,
    "n_train": 251,
    "n_test": 12
}