{
    "disease": "sifilis",
    "cod_mun": 3532900,
    "mae": 0.13410818874405786,
    "rmse": 0.8269182576118479,
    "r2": 0.00027756249962229695,
    "n_samples": 300
}