{
    "disease": "sifilis",
    "cod_mun": 3545605,
    "mae": 0.39523145817540684,
    "rmse": 1.4688989192415027,
    "r2": -0.006425154009190193,
    "n_samples": 300
}