{
    "disease": "hepatite",
    "cod_mun": 3519303,
    "mae": 0.19748982463944562,
    "rmse": 0.6877505230171608,
    "r2": 0.3453541585269091,
    "n_samples": 300
}