{
    "disease": "hepatite",
    "cod_mun": 3521101,
    "mae": 0.3726946880201738,
    "rmse": 1.8023217996384,
    "r2": 0.2798048820998189,
    "n_samples": 300
}