{
    "disease": "TX_hanseniase_00_23",
    "cod_mun": 3528007,
    "mae": 0.015065825001026193,
    "rmse": 0.016045509480340316,
    "r2": 0.0,
    "n_train": 251,
    "n_test": 12
}