{
    "disease": "hiv_aids",
    "cod_mun": 3533304,
    "mae": 1.0155942629646701,
    "rmse": 3.9860081800846636,
    "r2": 0.002818637723535411,
    "n_samples": 300
}