{
    "disease": "hiv_aids",
    "cod_mun": 3554003,
    "mae": 1.620648021617063,
    "rmse": 2.42109403246486,
    "r2": -0.7235902456668317,
    "n_samples": 300
}