{
    "disease": "TX_sifilis_00_23",
    "cod_mun": 3517406,
    "mae": 0.28623998455192556,
    "rmse": 0.7129720106955066,
    "r2": -0.03044855708095806,
    "n_train": 251,
    "n_test": 12
}