{
    "disease": "sifilis",
    "cod_mun": 3543907,
    "mae": 0.3030627077802039,
    "rmse": 0.4194063867623261,
    "r2": 0.31588474409065326,
    "n_samples": 300
}