{
    "disease": "hiv_aids",
    "cod_mun": 3552007,
    "mae": 1.4756543794797254,
    "rmse": 5.28546300689284,
    "r2": -0.0399491294180212,
    "n_samples": 300
}