{
    "disease": "hanseniase",
    "cod_mun": 3517802,
    "mae": 0.22869614725479417,
    "rmse": 1.1460054517938716,
    "r2": 0.00033156190927186024,
    "n_samples": 300
}