{
    "disease": "hiv_aids",
    "cod_mun": 3544301,
    "mae": 0.6421289307631344,
    "rmse": 1.7854388466107316,
    "r2": 0.11683637772698519,
    "n_samples": 300
}