{
    "disease": "TX_hanseniase_00_23",
    "cod_mun": 3515152,
    "mae": 0.42429750957980766,
    "rmse": 1.4313882475287416,
    "r2": -0.08566911291600632,
    "n_train": 251,
    "n_test": 12
}