{
    "disease": "hanseniase",
    "cod_mun": 3547502,
    "mae": 0.15989616325328712,
    "rmse": 0.526515014267302,
    "r2": 0.10804490529852362,
    "n_samples": 300
}