{
    "disease": "hiv_aids",
    "cod_mun": 3520509,
    "mae": 0.7479128814164046,
    "rmse": 1.1510090132507513,
    "r2": 0.7905623044879657,
    "n_samples": 300
}