{
    "disease": "TX_sifilis_00_23",
    "cod_mun": 3547908,
    "mae": 1.2300123001230017,
    "rmse": 4.260887595495395,
    "r2": -0.09090909090909105,
    "n_train": 251,
    "n_test": 12
}