{
    "disease": "hanseniase",
    "cod_mun": 3520608,
    "mae": 0.7946376244724892,
    "rmse": 2.7083073854828723,
    "r2": 0.06580046855633959,
    "n_samples": 300
}