{
    "disease": "sifilis",
    "cod_mun": 3533403,
    "mae": 0.10850722714514047,
    "rmse": 0.29537076410093666,
    "r2": 0.05912275402247846,
    "n_samples": 300
}