{
    "disease": "TX_hepatite_00_23",
    "cod_mun": 3534708,
    "mae": 0.04698546789586544,
    "rmse": 0.05118657799154693,
    "r2": 0.0,
    "n_train": 251,
    "n_test": 12
}