{
    "disease": "TX_hepatite_00_23",
    "cod_mun": 3544202,
    "mae": 0.05845692311413586,
    "rmse": 0.08092729268315484,
    "r2": 0.0,
    "n_train": 251,
    "n_test": 12
}