{
    "disease": "hanseniase",
    "cod_mun": 3500204,
    "mae": 0.5260798892434295,
    "rmse": 2.6789835493750624,
    "r2": 0.0009513018513594984,
    "n_samples": 300
}