{
    "disease": "TX_hepatite_00_23",
    "cod_mun": 3538808,
    "mae": 0.6640064538683991,
    "rmse": 1.0202396449104103,
    "r2": -0.1480967930366246,
    "n_train": 251,
    "n_test": 12
}