{
    "disease": "hiv_aids",
    "cod_mun": 3544103,
    "mae": 0.618895422784201,
    "rmse": 0.9052117494657679,
    "r2": 0.04313169906274206,
    "n_samples": 300
}