{
    "disease": "TX_sifilis_00_23",
    "cod_mun": 3522802,
    "mae": 0.14882249819735685,
    "rmse": 0.1651619044780026,
    "r2": 0.0,
    "n_train": 251,
    "n_test": 12
}