{
    "disease": "TX_hiv_aids_00_23",
    "cod_mun": 3532900,
    "mae": 0.7367107719182968,
    "rmse": 0.8118469420535837,
    "r2": 0.0,
    "n_train": 251,
    "n_test": 12
}