{
    "disease": "tuberculose",
    "cod_mun": 3518859,
    "mae": 1.0030771000376084,
    "rmse": 2.9798939348586755,
    "r2": 1.2851403157876362e-05,
    "n_samples": 300
}