{
    "disease": "hepatite",
    "cod_mun": 3509304,
    "mae": 0.6778881373270604,
    "rmse": 2.264888262416227,
    "r2": 0.32234355283362215,
    "n_samples": 300
}