{
    "disease": "TX_hanseniase_00_23",
    "cod_mun": 3504602,
    "mae": 0.00810730695836052,
    "rmse": 0.025277005631415682,
    "r2": 0.0,
    "n_train": 251,
    "n_test": 12
}