{
    "disease": "sifilis",
    "cod_mun": 3502101,
    "mae": 0.19888158525798744,
    "rmse": 0.5151080367124079,
    "r2": 0.0928421579160622,
    "n_samples": 300
}