{
    "disease": "TX_hepatite_00_23",
    "cod_mun": 3516002,
    "mae": 3.047323572314008,
    "rmse": 3.6944456257499767,
    "r2": -0.03943874069999764,
    "n_train": 251,
    "n_test": 12
}