{
    "disease": "TX_hiv_aids_00_23",
    "cod_mun": 3515400,
    "mae": 1.343185649646298,
    "rmse": 1.7402350474323214,
    "r2": -0.11653685299984584,
    "n_train": 251,
    "n_test": 12
}