{
    "disease": "TX_hanseniase_00_23",
    "cod_mun": 3541901,
    "mae": 0.10291466737786929,
    "rmse": 0.10291476249211592,
    "r2": 0.0,
    "n_train": 251,
    "n_test": 12
}