{
    "disease": "sifilis",
    "cod_mun": 3528809,
    "mae": 0.15158876950337843,
    "rmse": 0.7456392523233161,
    "r2": 0.005764781740392189,
    "n_samples": 300
}