{
    "disease": "hiv_aids",
    "cod_mun": 3528809,
    "mae": 0.8130822782642138,
    "rmse": 1.7810250786210713,
    "r2": 0.07206458067488775,
    "n_samples": 300
}