{
    "disease": "hiv_aids",
    "cod_mun": 3548005,
    "mae": 13.842174528562918,
    "rmse": 17.56056532370344,
    "r2": -1.8874307677412943,
    "n_samples": 300
}