{
    "disease": "hiv_aids",
    "cod_mun": 3533254,
    "mae": 3.279447578348168,
    "rmse": 7.283314589555004,
    "r2": 0.19171599212922485,
    "n_samples": 300
}