{
    "disease": "hiv_aids",
    "cod_mun": 3532827,
    "mae": 0.0015731805949984257,
    "rmse": 0.006995762436361246,
    "r2": 0.9998908190564657,
    "n_samples": 300
}