{
    "disease": "hiv_aids",
    "cod_mun": 3532827,
    "mae": 0.07875961126039734,
    "rmse": 0.6671364676585321,
    "r2": 0.0070986549889273665,
    "n_samples": 300
}