{
    "disease": "hiv_aids",
    "cod_mun": 3510302,
    "mae": 1.6975413274212925,
    "rmse": 2.356793509452144,
    "r2": 0.03298615424938334,
    "n_samples": 300
}