{
    "disease": "TX_hepatite_00_23",
    "cod_mun": 3520400,
    "mae": 0.17922797799110413,
    "rmse": 0.17922797799110413,
    "r2": 0.0,
    "n_train": 251,
    "n_test": 12
}