{
    "disease": "TX_hepatite_00_23",
    "cod_mun": 3547700,
    "mae": 0.047212402957181134,
    "rmse": 0.04803570885676181,
    "r2": 0.0,
    "n_train": 251,
    "n_test": 12
}