{
    "disease": "TX_hiv_aids_00_23",
    "cod_mun": 3518404,
    "mae": 0.9325269907712936,
    "rmse": 1.008979576125948,
    "r2": -2.574162951280304,
    "n_train": 251,
    "n_test": 12
}