{
    "disease": "sifilis",
    "cod_mun": 3532058,
    "mae": 0.15059083718546257,
    "rmse": 1.2467121896912372,
    "r2": 0.0070207866848081,
    "n_samples": 300
}