{
    "disease": "hiv_aids",
    "cod_mun": 3535309,
    "mae": 0.8664912607985777,
    "rmse": 1.5551020582323887,
    "r2": 0.3053562781283218,
    "n_samples": 300
}