{
    "disease": "TX_hanseniase_00_23",
    "cod_mun": 3553906,
    "mae": 0.0018577288137748837,
    "rmse": 0.0018641878105403378,
    "r2": 0.0,
    "n_train": 251,
    "n_test": 12
}