{
    "disease": "sifilis",
    "cod_mun": 3545506,
    "mae": 0.6793165802892008,
    "rmse": 3.0115597320001872,
    "r2": 9.061440318269831e-05,
    "n_samples": 300
}