{
    "disease": "TX_tuberculose_00_23",
    "cod_mun": 3536307,
    "mae": 0.1669834852218628,
    "rmse": 0.16746171179801705,
    "r2": 0.0,
    "n_train": 251,
    "n_test": 12
}