{
    "disease": "tuberculose",
    "cod_mun": 3521101,
    "mae": 0.7945927565248028,
    "rmse": 2.626102415024319,
    "r2": 0.17538976107594295,
    "n_samples": 300
}