{
    "disease": "sifilis",
    "cod_mun": 3507407,
    "mae": 0.28486051987531275,
    "rmse": 1.1628343970600854,
    "r2": 0.030622878740806936,
    "n_samples": 300
}