{
    "disease": "hepatite",
    "cod_mun": 3527801,
    "mae": 1.3269763833734094,
    "rmse": 3.8738478019884526,
    "r2": 0.00018051753732351017,
    "n_samples": 300
}