{
    "disease": "hiv_aids",
    "cod_mun": 3505609,
    "mae": 1.8187641771104457,
    "rmse": 2.9590795736544138,
    "r2": -0.0482404852684839,
    "n_samples": 300
}