{
    "disease": "hanseniase",
    "cod_mun": 3540002,
    "mae": 0.13723786842135863,
    "rmse": 0.5981334361988861,
    "r2": 0.0027929041382469544,
    "n_samples": 300
}