{
    "disease": "TX_hiv_aids_00_23",
    "cod_mun": 3545001,
    "mae": 0.32146840045849484,
    "rmse": 0.35081252923805967,
    "r2": 0.0,
    "n_train": 251,
    "n_test": 12
}