{
    "disease": "hepatite",
    "cod_mun": 3511706,
    "mae": 0.25441397653039166,
    "rmse": 0.9437989994862936,
    "r2": 0.5704090016619765,
    "n_samples": 300
}