{
    "disease": "TX_tuberculose_00_23",
    "cod_mun": 3532801,
    "mae": 0.1782617817322413,
    "rmse": 0.1782629233949911,
    "r2": 0.0,
    "n_train": 251,
    "n_test": 12
}