{
    "disease": "hepatite",
    "cod_mun": 3520004,
    "mae": 0.43695717407665835,
    "rmse": 1.1847152348317516,
    "r2": 0.7050100709959419,
    "n_samples": 300
}