{
    "disease": "TX_tuberculose_00_23",
    "cod_mun": 3550407,
    "mae": 0.787789032868063,
    "rmse": 0.8646688001003443,
    "r2": -0.4879835548162288,
    "n_train": 251,
    "n_test": 12
}