{
    "disease": "TX_hanseniase_00_23",
    "cod_mun": 3545100,
    "mae": 0.0036620301737760506,
    "rmse": 0.003664195182309799,
    "r2": 0.0,
    "n_train": 251,
    "n_test": 12
}