{
    "disease": "hiv_aids",
    "cod_mun": 3506300,
    "mae": 0.590341738569882,
    "rmse": 1.79273959131521,
    "r2": 0.005811882355124309,
    "n_samples": 300
}