{
    "disease": "hiv_aids",
    "cod_mun": 3557006,
    "mae": 0.8257451629347791,
    "rmse": 1.235875943954421,
    "r2": 0.3335167196162251,
    "n_samples": 300
}