{
    "disease": "TX_tuberculose_00_23",
    "cod_mun": 3547809,
    "mae": 0.4907332223603038,
    "rmse": 0.6246771406508652,
    "r2": -0.37833473275894947,
    "n_train": 251,
    "n_test": 12
}