{
    "disease": "sifilis",
    "cod_mun": 3549706,
    "mae": 0.06181839873176301,
    "rmse": 0.23809012918584072,
    "r2": 0.0035490585415858256,
    "n_samples": 300
}