{
    "disease": "sifilis",
    "cod_mun": 3506300,
    "mae": 0.06195592740443468,
    "rmse": 0.5165820940855855,
    "r2": 0.003708425977649643,
    "n_samples": 300
}