{
    "disease": "sifilis",
    "cod_mun": 3547908,
    "mae": 0.09127688818860942,
    "rmse": 0.427512244799021,
    "r2": 0.7474850840505964,
    "n_samples": 300
}