{
    "disease": "sifilis",
    "cod_mun": 3508108,
    "mae": 0.3215037328744086,
    "rmse": 0.8327222915292002,
    "r2": 0.0512997016260498,
    "n_samples": 300
}