{
    "disease": "hanseniase",
    "cod_mun": 3557303,
    "mae": 0.289920186416763,
    "rmse": 1.5243978115481907,
    "r2": 0.007280041929379921,
    "n_samples": 300
}