{
    "disease": "tuberculose",
    "cod_mun": 3513504,
    "mae": 1.3781157260664414,
    "rmse": 1.8515660123674598,
    "r2": 0.5964643312550537,
    "n_samples": 300
}