{
    "disease": "hanseniase",
    "cod_mun": 3513009,
    "mae": 0.08625126170896116,
    "rmse": 0.1731405682358785,
    "r2": 0.05700023918539243,
    "n_samples": 300
}