{
    "disease": "TX_hanseniase_00_23",
    "cod_mun": 3529401,
    "mae": 0.014597909447426597,
    "rmse": 0.014760195589810067,
    "r2": 0.0,
    "n_train": 251,
    "n_test": 12
}