{
    "disease": "TX_hiv_aids_00_23",
    "cod_mun": 3509205,
    "mae": 0.7584989086796693,
    "rmse": 0.8907737841520695,
    "r2": -0.9951585751687075,
    "n_train": 251,
    "n_test": 12
}