{
    "disease": "TX_sifilis_00_23",
    "cod_mun": 3507704,
    "mae": 1.5309448467859115,
    "rmse": 5.268398217939387,
    "r2": -0.0431155361750426,
    "n_train": 251,
    "n_test": 12
}