{
    "disease": "TX_hiv_aids_00_23",
    "cod_mun": 3520707,
    "mae": 2.170398700454879,
    "rmse": 7.0197783157574465,
    "r2": -0.07752133271164441,
    "n_train": 251,
    "n_test": 12
}