{
    "disease": "TX_hepatite_00_23",
    "cod_mun": 3506300,
    "mae": 3.3256944178434065,
    "rmse": 3.559464071919443,
    "r2": -1.2406576712175927,
    "n_train": 251,
    "n_test": 12
}