{
    "disease": "hanseniase",
    "cod_mun": 3523503,
    "mae": 0.0957435171506956,
    "rmse": 0.41370375005298,
    "r2": 0.29042491167209306,
    "n_samples": 300
}