{
    "disease": "TX_sifilis_00_23",
    "cod_mun": 3512209,
    "mae": 0.9645251481119628,
    "rmse": 1.7028612316457592,
    "r2": -0.22846419972303633,
    "n_train": 251,
    "n_test": 12
}