{
    "disease": "TX_hepatite_00_23",
    "cod_mun": 3502606,
    "mae": 0.6116846279862026,
    "rmse": 1.3467264093089109,
    "r2": 0.0,
    "n_train": 251,
    "n_test": 12
}