{
    "disease": "TX_tuberculose_00_23",
    "cod_mun": 3533304,
    "mae": 0.03166109601625067,
    "rmse": 0.061440575177422116,
    "r2": 0.0,
    "n_train": 251,
    "n_test": 12
}