{
    "disease": "hepatite",
    "cod_mun": 3526803,
    "mae": 0.36610361805067937,
    "rmse": 0.6363509681103938,
    "r2": 0.30482664883029853,
    "n_samples": 300
}