{
    "disease": "TX_hanseniase_00_23",
    "cod_mun": 3522208,
    "mae": 0.060078127467205845,
    "rmse": 0.16365451260682382,
    "r2": -0.04810722850810323,
    "n_train": 251,
    "n_test": 12
}