{
    "disease": "tuberculose",
    "cod_mun": 3508702,
    "mae": 0.4539847869237034,
    "rmse": 1.2311241923122496,
    "r2": 0.11014478077807599,
    "n_samples": 300
}