{
    "disease": "sifilis",
    "cod_mun": 3536208,
    "mae": 0.2358049565878066,
    "rmse": 0.7741599715364383,
    "r2": 0.0059303445429621515,
    "n_samples": 300
}