{
    "disease": "hepatite",
    "cod_mun": 3528205,
    "mae": 1.995962990688666,
    "rmse": 5.17974018691263,
    "r2": 0.06704048303013477,
    "n_samples": 300
}