{
    "disease": "sifilis",
    "cod_mun": 3545704,
    "mae": 0.37067695608126555,
    "rmse": 1.6006318615212238,
    "r2": 0.2531450836997292,
    "n_samples": 300
}