{
    "disease": "sifilis",
    "cod_mun": 3527009,
    "mae": 0.08677117974899191,
    "rmse": 0.7317215713816069,
    "r2": 0.0033330719939774767,
    "n_samples": 300
}