{
    "disease": "TX_tuberculose_00_23",
    "cod_mun": 3535507,
    "mae": 0.5581363805778237,
    "rmse": 0.7189287342576021,
    "r2": -0.14083198308956035,
    "n_train": 251,
    "n_test": 12
}