{
    "disease": "sifilis",
    "cod_mun": 3507506,
    "mae": 0.3750504603913575,
    "rmse": 0.5205484528991193,
    "r2": -0.15036498272572407,
    "n_samples": 300
}