{
    "disease": "hiv_aids",
    "cod_mun": 3537305,
    "mae": 0.7307324309956008,
    "rmse": 0.8666973011036655,
    "r2": 0.02065161544734484,
    "n_samples": 300
}