{
    "disease": "tuberculose",
    "cod_mun": 3547908,
    "mae": 1.153510909999943,
    "rmse": 2.9562315334695133,
    "r2": 0.07444154556366545,
    "n_samples": 300
}