{
    "disease": "hepatite",
    "cod_mun": 3556008,
    "mae": 1.638392902775376,
    "rmse": 2.772264907529925,
    "r2": 0.1297459796509135,
    "n_samples": 300
}