{
    "disease": "tuberculose",
    "cod_mun": 3544707,
    "mae": 0.5727746688279636,
    "rmse": 3.517023698710269,
    "r2": 0.0041729582307794555,
    "n_samples": 300
}