{
    "disease": "TX_sifilis_00_23",
    "cod_mun": 3507803,
    "mae": 0.1567667155759409,
    "rmse": 0.48928871729386253,
    "r2": 0.0,
    "n_train": 251,
    "n_test": 12
}