{
    "disease": "sifilis",
    "cod_mun": 3509908,
    "mae": 0.2175041777405393,
    "rmse": 1.1121834225293044,
    "r2": 0.00969875221793115,
    "n_samples": 300
}