{
    "disease": "hiv_aids",
    "cod_mun": 3531308,
    "mae": 1.651272272589892,
    "rmse": 1.9904221154376731,
    "r2": 0.19857349546393854,
    "n_samples": 300
}