{
    "disease": "TX_sifilis_00_23",
    "cod_mun": 3543501,
    "mae": 0.12464768633556862,
    "rmse": 0.3733807564292964,
    "r2": 0.0,
    "n_train": 251,
    "n_test": 12
}