{
    "disease": "hiv_aids",
    "cod_mun": 3516002,
    "mae": 1.233976540228014,
    "rmse": 2.3076917576977265,
    "r2": 0.08757056371551464,
    "n_samples": 300
}