{
    "disease": "TX_sifilis_00_23",
    "cod_mun": 3522505,
    "mae": 0.4751362497020423,
    "rmse": 0.6547682921650111,
    "r2": -0.016972768275405725,
    "n_train": 251,
    "n_test": 12
}