{
    "disease": "hiv_aids",
    "cod_mun": 3551504,
    "mae": 2.0985369076754976,
    "rmse": 3.393946369685314,
    "r2": -0.3787620918011021,
    "n_samples": 300
}