{
    "disease": "hanseniase",
    "cod_mun": 3527504,
    "mae": 0.6304918659578077,
    "rmse": 3.7713997658991545,
    "r2": 0.005898573636021198,
    "n_samples": 300
}