{
    "disease": "TX_hanseniase_00_23",
    "cod_mun": 3504404,
    "mae": 0.07700182497501373,
    "rmse": 0.07700182497501373,
    "r2": 0.0,
    "n_train": 251,
    "n_test": 12
}