{
    "disease": "TX_hanseniase_00_23",
    "cod_mun": 3522653,
    "mae": 0.023799617595310945,
    "rmse": 0.06923480549900665,
    "r2": 0.0,
    "n_train": 251,
    "n_test": 12
}