{
    "disease": "TX_hepatite_00_23",
    "cod_mun": 3554102,
    "mae": 0.009057466872036457,
    "rmse": 0.009283461373233302,
    "r2": 0.0,
    "n_train": 251,
    "n_test": 12
}