{
    "disease": "hiv_aids",
    "cod_mun": 3514957,
    "mae": 4.152941741202994,
    "rmse": 9.63247203892396,
    "r2": 0.09730848895727084,
    "n_samples": 300
}