{
    "disease": "hiv_aids",
    "cod_mun": 3555604,
    "mae": 2.190827919438488,
    "rmse": 3.9101918253204215,
    "r2": 0.5005562538607651,
    "n_samples": 300
}