{
    "disease": "TX_sifilis_00_23",
    "cod_mun": 3522307,
    "mae": 0.12379646387140338,
    "rmse": 0.1751666406497338,
    "r2": -0.11967576702327665,
    "n_train": 251,
    "n_test": 12
}