{
    "disease": "sifilis",
    "cod_mun": 3537800,
    "mae": 0.1580045091196266,
    "rmse": 0.3702727469270438,
    "r2": 0.1224051707368502,
    "n_samples": 300
}