{
    "disease": "TX_hanseniase_00_23",
    "cod_mun": 3518404,
    "mae": 0.04860756918787956,
    "rmse": 0.04860756918787956,
    "r2": 0.0,
    "n_train": 251,
    "n_test": 12
}