{
    "disease": "hiv_aids",
    "cod_mun": 3518503,
    "mae": 1.0650683329695578,
    "rmse": 1.8885690205176562,
    "r2": 0.24367484800646122,
    "n_samples": 300
}