{
    "disease": "hanseniase",
    "cod_mun": 3529658,
    "mae": 0.006459235093541011,
    "rmse": 0.027290959766745528,
    "r2": 0.9999202570466177,
    "n_samples": 300
}