{
    "disease": "TX_tuberculose_00_23",
    "cod_mun": 3529906,
    "mae": 0.5879240185022354,
    "rmse": 0.6026509682194459,
    "r2": 0.0,
    "n_train": 251,
    "n_test": 12
}