{
    "disease": "sifilis",
    "cod_mun": 3522307,
    "mae": 0.21905272975510764,
    "rmse": 0.28777483191334496,
    "r2": -0.2709218281881105,
    "n_samples": 300
}