{
    "disease": "hepatite",
    "cod_mun": 3550506,
    "mae": 9.9665664720613,
    "rmse": 15.340735901750271,
    "r2": 0.4583505480462646,
    "n_samples": 300
}