{
    "disease": "hiv_aids",
    "cod_mun": 3504404,
    "mae": 1.1050413984427574,
    "rmse": 2.195446738797339,
    "r2": 0.006958705007871657,
    "n_samples": 300
}