{
    "disease": "hepatite",
    "cod_mun": 3529401,
    "mae": 0.12681214877340452,
    "rmse": 0.22052598326009154,
    "r2": 0.604028737336241,
    "n_samples": 300
}