{
    "disease": "hiv_aids",
    "cod_mun": 3502002,
    "mae": 0.4436959205076332,
    "rmse": 2.2241001326886525,
    "r2": 0.00348631018362211,
    "n_samples": 300
}