{
    "disease": "hiv_aids",
    "cod_mun": 3507704,
    "mae": 0.24245192051154707,
    "rmse": 1.4326718140000523,
    "r2": 0.00783571358634605,
    "n_samples": 300
}