{
    "disease": "hepatite",
    "cod_mun": 3533254,
    "mae": 0.7179319332963038,
    "rmse": 3.1311409606421208,
    "r2": 0.16202880002496156,
    "n_samples": 300
}