{
    "disease": "hiv_aids",
    "cod_mun": 3519105,
    "mae": 0.9280058740651618,
    "rmse": 2.5262631136463543,
    "r2": 0.12981959693093903,
    "n_samples": 300
}