{
    "disease": "hepatite",
    "cod_mun": 3520806,
    "mae": 6.375567570168584,
    "rmse": 12.692970697740858,
    "r2": 0.3652270026891836,
    "n_samples": 300
}