{
    "disease": "tuberculose",
    "cod_mun": 3519253,
    "mae": 1.5707077342610176,
    "rmse": 3.5260970036526986,
    "r2": 0.07408305260795445,
    "n_samples": 300
}