{
    "disease": "sifilis",
    "cod_mun": 3546405,
    "mae": 0.26063257836887455,
    "rmse": 0.6514248236797461,
    "r2": 0.0239405596883846,
    "n_samples": 300
}