{
    "disease": "tuberculose",
    "cod_mun": 3501608,
    "mae": 0.24507935914173734,
    "rmse": 0.38551884130369135,
    "r2": 0.7541591111898409,
    "n_samples": 300
}