{
    "disease": "TX_hiv_aids_00_23",
    "cod_mun": 3501202,
    "mae": 3.391902476576025,
    "rmse": 7.135950524950524,
    "r2": -0.004062513483321428,
    "n_train": 251,
    "n_test": 12
}