{
    "disease": "tuberculose",
    "cod_mun": 3548906,
    "mae": 0.36327347286206146,
    "rmse": 0.46600450473327915,
    "r2": 0.22744567797062198,
    "n_samples": 300
}