{
    "disease": "hanseniase",
    "cod_mun": 3550308,
    "mae": 0.021325189467410348,
    "rmse": 0.030079526822846207,
    "r2": 0.11298731077163349,
    "n_samples": 300
}