{
    "disease": "sifilis",
    "cod_mun": 3515509,
    "mae": 0.4592925829834426,
    "rmse": 0.7115459495316466,
    "r2": 0.16105961778079947,
    "n_samples": 300
}