{
    "disease": "TX_tuberculose_00_23",
    "cod_mun": 3508207,
    "mae": 0.042696153124173485,
    "rmse": 0.04269630795256625,
    "r2": 0.0,
    "n_train": 251,
    "n_test": 12
}