{
    "disease": "hanseniase",
    "cod_mun": 3543600,
    "mae": 0.04864616401711835,
    "rmse": 0.21948185158516131,
    "r2": 0.9907353817729659,
    "n_samples": 300
}