{
    "disease": "sifilis",
    "cod_mun": 3537156,
    "mae": 0.2182304966931837,
    "rmse": 1.8698969985437377,
    "r2": 0.0022400487937604963,
    "n_samples": 300
}