{
    "disease": "TX_hanseniase_00_23",
    "cod_mun": 3534203,
    "mae": 0.16812290903180838,
    "rmse": 0.3299251179204581,
    "r2": 0.0,
    "n_train": 251,
    "n_test": 12
}