{
    "disease": "hanseniase",
    "cod_mun": 3520905,
    "mae": 0.24281351397196663,
    "rmse": 0.8411396467343493,
    "r2": 0.22433456698666998,
    "n_samples": 300
}