{
    "disease": "TX_tuberculose_00_23",
    "cod_mun": 3541505,
    "mae": 1.440209603085328,
    "rmse": 3.291006799970119,
    "r2": -0.06972076576131259,
    "n_train": 251,
    "n_test": 12
}