{
    "disease": "hepatite",
    "cod_mun": 3548906,
    "mae": 0.3444493903452319,
    "rmse": 0.5480961065475652,
    "r2": 0.5236128944502503,
    "n_samples": 300
}