{
    "disease": "sifilis",
    "cod_mun": 3552908,
    "mae": 0.29369858756589234,
    "rmse": 1.4331726570271979,
    "r2": 0.19241021115699952,
    "n_samples": 300
}