{
    "disease": "TX_tuberculose_00_23",
    "cod_mun": 3538600,
    "mae": 1.0964661612312026,
    "rmse": 1.1613727729355419,
    "r2": -0.5760064444192579,
    "n_train": 251,
    "n_test": 12
}