{
    "disease": "hepatite",
    "cod_mun": 3515152,
    "mae": 0.773546365368073,
    "rmse": 1.7241410121746916,
    "r2": 0.09046080410061785,
    "n_samples": 300
}