{
    "disease": "hepatite",
    "cod_mun": 3515608,
    "mae": 0.5938755354426619,
    "rmse": 2.0584837680365733,
    "r2": 0.21279223397403269,
    "n_samples": 300
}