{
    "disease": "TX_hiv_aids_00_23",
    "cod_mun": 3500907,
    "mae": 0.6372396945953369,
    "rmse": 0.6372396945953369,
    "r2": 0.0,
    "n_train": 251,
    "n_test": 12
}