{
    "disease": "TX_hiv_aids_00_23",
    "cod_mun": 3522208,
    "mae": 0.33982725255882956,
    "rmse": 0.39822285821007686,
    "r2": -0.950413782620612,
    "n_train": 251,
    "n_test": 12
}