{
    "disease": "TX_hiv_aids_00_23",
    "cod_mun": 3526506,
    "mae": 0.9146583179632822,
    "rmse": 0.9997529677801686,
    "r2": 0.0,
    "n_train": 251,
    "n_test": 12
}