{
    "disease": "sifilis",
    "cod_mun": 3507605,
    "mae": 0.15596594165183686,
    "rmse": 0.28451495799655635,
    "r2": 0.11064092253116786,
    "n_samples": 300
}