{
    "disease": "TX_hepatite_00_23",
    "cod_mun": 3530607,
    "mae": 0.03163939939501385,
    "rmse": 0.04593189997517996,
    "r2": 0.0,
    "n_train": 251,
    "n_test": 12
}