{
    "disease": "TX_sifilis_00_23",
    "cod_mun": 3542008,
    "mae": 2.218914172364578,
    "rmse": 5.351842784801942,
    "r2": -0.022950378867613974,
    "n_train": 251,
    "n_test": 12
}