{
    "disease": "TX_hiv_aids_00_23",
    "cod_mun": 3513504,
    "mae": 0.5368045901453673,
    "rmse": 0.6271212217874729,
    "r2": -2.471263211330081,
    "n_train": 251,
    "n_test": 12
}