{
    "disease": "TX_tuberculose_00_23",
    "cod_mun": 3515301,
    "mae": 0.07899115700274706,
    "rmse": 0.17699273059618265,
    "r2": 0.0,
    "n_train": 251,
    "n_test": 12
}