{
    "disease": "TX_sifilis_00_23",
    "cod_mun": 3552304,
    "mae": 2.6712881522915572,
    "rmse": 5.6517128567390325,
    "r2": -0.12594304301705117,
    "n_train": 251,
    "n_test": 12
}