{
    "disease": "tuberculose",
    "cod_mun": 3525706,
    "mae": 0.2633326454885374,
    "rmse": 0.6289045459197412,
    "r2": 0.7611876710493967,
    "n_samples": 300
}