{
    "disease": "hepatite",
    "cod_mun": 3546900,
    "mae": 0.4095950544512627,
    "rmse": 1.6064325959190482,
    "r2": 0.0006255867159090656,
    "n_samples": 300
}