{
    "disease": "TX_hiv_aids_00_23",
    "cod_mun": 3552403,
    "mae": 0.7102186151872782,
    "rmse": 0.7791549607819418,
    "r2": -3.6114665629267826,
    "n_train": 251,
    "n_test": 12
}