{
    "disease": "hanseniase",
    "cod_mun": 3508801,
    "mae": 0.1740686657002208,
    "rmse": 0.6838552477573323,
    "r2": 0.34446615289895344,
    "n_samples": 300
}