{
    "disease": "TX_hepatite_00_23",
    "cod_mun": 3550803,
    "mae": 5.741183929497436,
    "rmse": 6.358740112003429,
    "r2": 0.008601878266648155,
    "n_train": 251,
    "n_test": 12
}