{
    "disease": "hiv_aids",
    "cod_mun": 3526506,
    "mae": 3.152598161129913,
    "rmse": 4.535912129382289,
    "r2": 0.05869292573209628,
    "n_samples": 300
}