{
    "disease": "hiv_aids",
    "cod_mun": 3503307,
    "mae": 1.214903375335785,
    "rmse": 1.6639372477945331,
    "r2": 0.3975880444457822,
    "n_samples": 300
}