{
    "disease": "hiv_aids",
    "cod_mun": 3525102,
    "mae": 3.2035961809111964,
    "rmse": 4.13200354893017,
    "r2": -0.5569824077230863,
    "n_samples": 300
}