{
    "disease": "TX_hepatite_00_23",
    "cod_mun": 3513702,
    "mae": 3.3419089705647145,
    "rmse": 3.723089807868862,
    "r2": -0.9002146056242684,
    "n_train": 251,
    "n_test": 12
}