{
    "disease": "hanseniase",
    "cod_mun": 3503802,
    "mae": 0.09682160005238902,
    "rmse": 0.359884073269203,
    "r2": 0.0013955214662672022,
    "n_samples": 300
}