{
    "disease": "hanseniase",
    "cod_mun": 3532207,
    "mae": 0.33301883900413076,
    "rmse": 2.0616104214550055,
    "r2": 0.18964658797998135,
    "n_samples": 300
}