{
    "disease": "hanseniase",
    "cod_mun": 3552908,
    "mae": 0.12272415988585829,
    "rmse": 1.065569916487756,
    "r2": 0.002657370474659637,
    "n_samples": 300
}