{
    "disease": "sifilis",
    "cod_mun": 3525201,
    "mae": 0.15646990734848462,
    "rmse": 0.6773736245703845,
    "r2": 0.005451069140634646,
    "n_samples": 300
}