{
    "disease": "hiv_aids",
    "cod_mun": 3556305,
    "mae": 1.2942390711281868,
    "rmse": 2.450281277214324,
    "r2": 0.04820548145861703,
    "n_samples": 300
}