{
    "disease": "sifilis",
    "cod_mun": 3503604,
    "mae": 0.7225191693632106,
    "rmse": 1.8504167806975473,
    "r2": 0.10362978058309769,
    "n_samples": 300
}