{
    "disease": "hanseniase",
    "cod_mun": 3548807,
    "mae": 0.022240978155904947,
    "rmse": 0.08681616891355588,
    "r2": 0.0018937139625446742,
    "n_samples": 300
}