{
    "disease": "tuberculose",
    "cod_mun": 3529302,
    "mae": 0.5495523456689708,
    "rmse": 0.7850482351101075,
    "r2": 0.12718218333658982,
    "n_samples": 300
}