{
    "disease": "sifilis",
    "cod_mun": 3518800,
    "mae": 0.863421383242158,
    "rmse": 1.1409745727874445,
    "r2": -5.71169183795449,
    "n_samples": 300
}