{
    "disease": "TX_hepatite_00_23",
    "cod_mun": 3518008,
    "mae": 5.942765553792317,
    "rmse": 6.017195448977481,
    "r2": 0.0,
    "n_train": 251,
    "n_test": 12
}