{
    "disease": "hiv_aids",
    "cod_mun": 3556800,
    "mae": 0.6902140455501997,
    "rmse": 1.4937545277141207,
    "r2": 0.04917302723782946,
    "n_samples": 300
}