{
    "disease": "hanseniase",
    "cod_mun": 3504404,
    "mae": 0.1333007267752237,
    "rmse": 0.7873562699691486,
    "r2": 0.2619706771502267,
    "n_samples": 300
}