{
    "disease": "TX_hepatite_00_23",
    "cod_mun": 3520004,
    "mae": 0.043959425684685506,
    "rmse": 0.06489504386465954,
    "r2": 0.0,
    "n_train": 251,
    "n_test": 12
}