{
    "disease": "TX_hanseniase_00_23",
    "cod_mun": 3540804,
    "mae": 0.3264033619392042,
    "rmse": 0.4979916191689226,
    "r2": 0.0,
    "n_train": 251,
    "n_test": 12
}