{
    "disease": "sifilis",
    "cod_mun": 3531100,
    "mae": 0.38352854744765164,
    "rmse": 0.6055363943375578,
    "r2": 0.12308348486451481,
    "n_samples": 300
}