{
    "disease": "sifilis",
    "cod_mun": 3533601,
    "mae": 0.09550065189010679,
    "rmse": 0.7737622208775308,
    "r2": 0.00459970336264337,
    "n_samples": 300
}