{
    "disease": "hiv_aids",
    "cod_mun": 3547007,
    "mae": 1.9451356434632026,
    "rmse": 3.533660401083211,
    "r2": -0.018153963747236324,
    "n_samples": 300
}