{
    "disease": "TX_tuberculose_00_23",
    "cod_mun": 3519303,
    "mae": 0.7508489345190487,
    "rmse": 1.1010231477049581,
    "r2": 0.10242831149976306,
    "n_train": 251,
    "n_test": 12
}