{
    "disease": "hepatite",
    "cod_mun": 3527603,
    "mae": 0.2728314479421156,
    "rmse": 1.1925560721882373,
    "r2": 0.263762378077566,
    "n_samples": 300
}