{
    "disease": "TX_tuberculose_00_23",
    "cod_mun": 3512209,
    "mae": 0.6211856094499429,
    "rmse": 0.7237216927205827,
    "r2": 0.0,
    "n_train": 251,
    "n_test": 12
}