{
    "disease": "TX_tuberculose_00_23",
    "cod_mun": 3555901,
    "mae": 0.7542783300935602,
    "rmse": 2.5605128675510525,
    "r2": 0.0,
    "n_train": 251,
    "n_test": 12
}