{
    "disease": "TX_hiv_aids_00_23",
    "cod_mun": 3509304,
    "mae": 0.294878751039505,
    "rmse": 0.294878751039505,
    "r2": 0.0,
    "n_train": 251,
    "n_test": 12
}