{
    "disease": "sifilis",
    "cod_mun": 3519402,
    "mae": 0.5670333713791954,
    "rmse": 1.601108562798818,
    "r2": 0.6140642944123844,
    "n_samples": 300
}