{
    "disease": "TX_sifilis_00_23",
    "cod_mun": 3517703,
    "mae": 0.011963712931901682,
    "rmse": 0.03872403783432203,
    "r2": 0.0,
    "n_train": 251,
    "n_test": 12
}