{
    "disease": "hepatite",
    "cod_mun": 3548609,
    "mae": 3.8816732424110136,
    "rmse": 5.666289815824912,
    "r2": 0.20512240293930473,
    "n_samples": 300
}