{
    "disease": "tuberculose",
    "cod_mun": 3539608,
    "mae": 0.7204629863426911,
    "rmse": 2.560154258178993,
    "r2": 0.23758503886987092,
    "n_samples": 300
}