{
    "disease": "hanseniase",
    "cod_mun": 3520400,
    "mae": 0.26004743981489553,
    "rmse": 0.7525231796581483,
    "r2": 0.0008134561938524243,
    "n_samples": 300
}