{
    "disease": "hiv_aids",
    "cod_mun": 3553906,
    "mae": 1.2316490001521723,
    "rmse": 3.2558730679448598,
    "r2": 0.09210521014961137,
    "n_samples": 300
}