{
    "disease": "hepatite",
    "cod_mun": 3502705,
    "mae": 0.8126635185325785,
    "rmse": 1.3286012028767624,
    "r2": 0.2064533661913901,
    "n_samples": 300
}