{
    "disease": "sifilis",
    "cod_mun": 3511102,
    "mae": 0.48707295916166354,
    "rmse": 0.6743394723713925,
    "r2": 0.33112089722948457,
    "n_samples": 300
}