{
    "disease": "TX_hepatite_00_23",
    "cod_mun": 3543006,
    "mae": 0.023527431815940265,
    "rmse": 0.04620162953476276,
    "r2": 0.0,
    "n_train": 251,
    "n_test": 12
}