{
    "disease": "TX_sifilis_00_23",
    "cod_mun": 3521101,
    "mae": 3.5161795035100822,
    "rmse": 8.451816562394294,
    "r2": -0.1460530133507687,
    "n_train": 251,
    "n_test": 12
}