{
    "disease": "TX_hanseniase_00_23",
    "cod_mun": 3533403,
    "mae": 0.03131247932712237,
    "rmse": 0.03159024821956458,
    "r2": 0.0,
    "n_train": 251,
    "n_test": 12
}