{
    "disease": "sifilis",
    "cod_mun": 3533205,
    "mae": 0.5265572757169733,
    "rmse": 2.5883429931512,
    "r2": 0.00910934701648003,
    "n_samples": 300
}