{
    "disease": "hiv_aids",
    "cod_mun": 3536000,
    "mae": 0.5619568539401983,
    "rmse": 2.163828433507756,
    "r2": 0.1541025597560608,
    "n_samples": 300
}