{
    "disease": "TX_hiv_aids_00_23",
    "cod_mun": 3500808,
    "mae": 3.819740749335192,
    "rmse": 12.950947727835926,
    "r2": -0.09092035437248303,
    "n_train": 251,
    "n_test": 12
}