{
    "disease": "hiv_aids",
    "cod_mun": 3506904,
    "mae": 1.175053799660114,
    "rmse": 2.585219701778914,
    "r2": 0.4774188320010826,
    "n_samples": 300
}