{
    "disease": "TX_tuberculose_00_23",
    "cod_mun": 3532702,
    "mae": 5.284590203218626,
    "rmse": 13.568950204100892,
    "r2": -0.175894895832577,
    "n_train": 251,
    "n_test": 12
}