{
    "disease": "hiv_aids",
    "cod_mun": 3527405,
    "mae": 1.1187004941736067,
    "rmse": 1.7724747193330836,
    "r2": 0.07332833598595656,
    "n_samples": 300
}