{
    "disease": "hepatite",
    "cod_mun": 3502309,
    "mae": 0.27482368826752435,
    "rmse": 1.5417286857292054,
    "r2": 0.22842281010923648,
    "n_samples": 300
}