{
    "disease": "sifilis",
    "cod_mun": 3535705,
    "mae": 0.44084010654769124,
    "rmse": 1.926808021222955,
    "r2": 0.0011354454353744714,
    "n_samples": 300
}