{
    "disease": "TX_sifilis_00_23",
    "cod_mun": 3502507,
    "mae": 1.2591471954358184,
    "rmse": 1.3700617629161567,
    "r2": 0.0842073942786784,
    "n_train": 251,
    "n_test": 12
}