{
    "disease": "hanseniase",
    "cod_mun": 3514502,
    "mae": 0.10722112617066884,
    "rmse": 0.650626383973231,
    "r2": 0.00210793580437707,
    "n_samples": 300
}