{
    "disease": "TX_hepatite_00_23",
    "cod_mun": 3533106,
    "mae": 0.4559372067451477,
    "rmse": 0.4559372067451477,
    "r2": 0.0,
    "n_train": 251,
    "n_test": 12
}