{
    "disease": "TX_hiv_aids_00_23",
    "cod_mun": 3514924,
    "mae": 1.4464587171872456,
    "rmse": 1.4501659414966483,
    "r2": 0.0,
    "n_train": 251,
    "n_test": 12
}