{
    "disease": "hiv_aids",
    "cod_mun": 3551009,
    "mae": 0.6453078860720438,
    "rmse": 0.9564705050142429,
    "r2": 0.7795036898773591,
    "n_samples": 300
}