{
    "disease": "TX_hanseniase_00_23",
    "cod_mun": 3506003,
    "mae": 0.16117750095582428,
    "rmse": 0.1815559208979266,
    "r2": -0.2805398400689114,
    "n_train": 251,
    "n_test": 12
}