{
    "disease": "tuberculose",
    "cod_mun": 3518701,
    "mae": 0.6034066915291932,
    "rmse": 0.7906937119970839,
    "r2": 0.541203285540751,
    "n_samples": 300
}