{
    "disease": "hanseniase",
    "cod_mun": 3522109,
    "mae": 0.038237539602692626,
    "rmse": 0.14808275657988335,
    "r2": 0.011150328216065875,
    "n_samples": 300
}