{
    "disease": "sifilis",
    "cod_mun": 3514924,
    "mae": 0.21163682262173575,
    "rmse": 1.769241720563376,
    "r2": 0.004182844182605061,
    "n_samples": 300
}