{
    "disease": "TX_hiv_aids_00_23",
    "cod_mun": 3528007,
    "mae": 0.3766464789708455,
    "rmse": 0.3767723254187447,
    "r2": 0.0,
    "n_train": 251,
    "n_test": 12
}