{
    "disease": "hanseniase",
    "cod_mun": 3550902,
    "mae": 0.13567988256871857,
    "rmse": 0.6854044613820206,
    "r2": 3.5096323166561305e-06,
    "n_samples": 300
}