{
    "disease": "TX_hepatite_00_23",
    "cod_mun": 3554607,
    "mae": 0.05499816810091337,
    "rmse": 0.0550166117701447,
    "r2": 0.0,
    "n_train": 251,
    "n_test": 12
}