{
    "disease": "hepatite",
    "cod_mun": 3542909,
    "mae": 0.7736747686936317,
    "rmse": 2.3726224516116705,
    "r2": 0.18845354752251298,
    "n_samples": 300
}