{
    "disease": "hepatite",
    "cod_mun": 3543402,
    "mae": 0.1304023073902393,
    "rmse": 0.22633273451858893,
    "r2": 0.7557128954459496,
    "n_samples": 300
}