{
    "disease": "hiv_aids",
    "cod_mun": 3556602,
    "mae": 1.4789128057931256,
    "rmse": 2.552678377340158,
    "r2": 0.07614422140618549,
    "n_samples": 300
}