{
    "disease": "hanseniase",
    "cod_mun": 3518404,
    "mae": 0.0931539208879075,
    "rmse": 0.19926867333742374,
    "r2": 0.0675654363221524,
    "n_samples": 300
}