{
    "disease": "hiv_aids",
    "cod_mun": 3555109,
    "mae": 2.561138679855631,
    "rmse": 2.79320398511146,
    "r2": -0.06965954430167742,
    "n_samples": 300
}