{
    "disease": "hanseniase",
    "cod_mun": 3553856,
    "mae": 0.12046280172747904,
    "rmse": 1.0380636814365807,
    "r2": 0.00414613126293184,
    "n_samples": 300
}