{
    "disease": "hiv_aids",
    "cod_mun": 3521200,
    "mae": 0.4513196593471789,
    "rmse": 2.215446428401497,
    "r2": 0.004467006530272655,
    "n_samples": 300
}