{
    "disease": "sifilis",
    "cod_mun": 3509403,
    "mae": 0.46750679784157145,
    "rmse": 1.372771538758077,
    "r2": 0.26672610690812426,
    "n_samples": 300
}