{
    "disease": "TX_hepatite_00_23",
    "cod_mun": 3532009,
    "mae": 0.0862472423662742,
    "rmse": 0.13529216977442443,
    "r2": 0.0,
    "n_train": 251,
    "n_test": 12
}