{
    "disease": "hiv_aids",
    "cod_mun": 3534500,
    "mae": 1.781928595334744,
    "rmse": 5.4820190175396375,
    "r2": 0.2163322382373093,
    "n_samples": 300
}