{
    "disease": "TX_hiv_aids_00_23",
    "cod_mun": 3539608,
    "mae": 0.341656930744648,
    "rmse": 0.34165710144127764,
    "r2": 0.0,
    "n_train": 251,
    "n_test": 12
}