{
    "disease": "hiv_aids",
    "cod_mun": 3515301,
    "mae": 2.3007571299913763,
    "rmse": 6.907684460230949,
    "r2": 0.0776108643004817,
    "n_samples": 300
}