{
    "disease": "TX_hepatite_00_23",
    "cod_mun": 3543204,
    "mae": 0.08291429281234741,
    "rmse": 0.08291429281234741,
    "r2": 0.0,
    "n_train": 251,
    "n_test": 12
}