{
    "disease": "TX_hepatite_00_23",
    "cod_mun": 3525409,
    "mae": 0.1585803565879663,
    "rmse": 0.2936683637558801,
    "r2": 0.0,
    "n_train": 251,
    "n_test": 12
}