{
    "disease": "hanseniase",
    "cod_mun": 3543907,
    "mae": 0.10759846934641779,
    "rmse": 0.1707629502260414,
    "r2": 0.22170500568610518,
    "n_samples": 300
}