{
    "disease": "TX_tuberculose_00_23",
    "cod_mun": 3520442,
    "mae": 0.8288268077622517,
    "rmse": 1.5167970786016851,
    "r2": -0.08254281340356373,
    "n_train": 251,
    "n_test": 12
}