{
    "disease": "hiv_aids",
    "cod_mun": 3503208,
    "mae": 2.0047777960142783,
    "rmse": 3.079162655722988,
    "r2": -0.06897952333290136,
    "n_samples": 300
}