{
    "disease": "TX_hanseniase_00_23",
    "cod_mun": 3502606,
    "mae": 0.04104448605600434,
    "rmse": 0.12167539483204778,
    "r2": 0.0,
    "n_train": 251,
    "n_test": 12
}