{
    "disease": "hanseniase",
    "cod_mun": 3539400,
    "mae": 0.059687152172280426,
    "rmse": 0.515434359131381,
    "r2": 0.0031369309975213255,
    "n_samples": 300
}