{
    "disease": "TX_sifilis_00_23",
    "cod_mun": 3556354,
    "mae": 0.9222243006260392,
    "rmse": 2.8682000858114516,
    "r2": -0.06576204355778525,
    "n_train": 251,
    "n_test": 12
}