{
    "disease": "TX_hepatite_00_23",
    "cod_mun": 3500709,
    "mae": 0.18158258202796182,
    "rmse": 0.2498249356233057,
    "r2": 0.0,
    "n_train": 251,
    "n_test": 12
}