{
    "disease": "TX_sifilis_00_23",
    "cod_mun": 3533403,
    "mae": 0.02223874203627929,
    "rmse": 0.031720457535557245,
    "r2": 0.0,
    "n_train": 251,
    "n_test": 12
}