{
    "disease": "hepatite",
    "cod_mun": 3519071,
    "mae": 0.111408133740505,
    "rmse": 0.23126026694867716,
    "r2": 0.29627116619893257,
    "n_samples": 300
}