{
    "disease": "tuberculose",
    "cod_mun": 3544400,
    "mae": 0.004445031779502222,
    "rmse": 0.02550272170810231,
    "r2": 0.9998642792962495,
    "n_samples": 300
}