{
    "disease": "hanseniase",
    "cod_mun": 3541604,
    "mae": 0.11583197041406144,
    "rmse": 0.39918008556015405,
    "r2": 0.31100391722181775,
    "n_samples": 300
}