{
    "disease": "hiv_aids",
    "cod_mun": 3520905,
    "mae": 1.6086410513359077,
    "rmse": 2.3603187443069436,
    "r2": -0.009547205047833351,
    "n_samples": 300
}