{
    "disease": "hanseniase",
    "cod_mun": 3524402,
    "mae": 0.06819046184178273,
    "rmse": 0.15287906019672723,
    "r2": 0.0006997448338144086,
    "n_samples": 300
}