{
    "disease": "hepatite",
    "cod_mun": 3516853,
    "mae": 1.5092799059211552,
    "rmse": 4.699009863611699,
    "r2": 0.03725859580667801,
    "n_samples": 300
}