{
    "disease": "hanseniase",
    "cod_mun": 3534609,
    "mae": 0.3372428334245474,
    "rmse": 0.8543014498114497,
    "r2": 0.09699563439557513,
    "n_samples": 300
}