{
    "disease": "hanseniase",
    "cod_mun": 3556701,
    "mae": 0.04902454226435911,
    "rmse": 0.18229519698860316,
    "r2": 0.06473644198903594,
    "n_samples": 300
}