{
    "disease": "hanseniase",
    "cod_mun": 3501509,
    "mae": 0.2409243561982117,
    "rmse": 1.9631665273422418,
    "r2": 0.005447422984886985,
    "n_samples": 300
}