{
    "disease": "TX_sifilis_00_23",
    "cod_mun": 3556602,
    "mae": 1.848012004487865,
    "rmse": 3.902000517165967,
    "r2": -0.13919061950714728,
    "n_train": 251,
    "n_test": 12
}