{
    "disease": "hiv_aids",
    "cod_mun": 3552205,
    "mae": 0.6551941664866577,
    "rmse": 0.9548394292921873,
    "r2": 0.6236143621275752,
    "n_samples": 300
}