{
    "disease": "TX_sifilis_00_23",
    "cod_mun": 3533908,
    "mae": 1.3594706538357328,
    "rmse": 2.153967104521682,
    "r2": -0.033461591434937876,
    "n_train": 251,
    "n_test": 12
}