{
    "disease": "TX_hepatite_00_23",
    "cod_mun": 3530409,
    "mae": 13.502578581583231,
    "rmse": 16.79668214219984,
    "r2": -0.03798404109377573,
    "n_train": 251,
    "n_test": 12
}