{
    "disease": "sifilis",
    "cod_mun": 3503703,
    "mae": 0.20061258847990707,
    "rmse": 1.2510587873779428,
    "r2": 0.13669137592284875,
    "n_samples": 300
}