{
    "disease": "hiv_aids",
    "cod_mun": 3515509,
    "mae": 0.9324258064214804,
    "rmse": 1.323117643073862,
    "r2": 0.4177835078018537,
    "n_samples": 300
}