{
    "disease": "TX_hiv_aids_00_23",
    "cod_mun": 3532504,
    "mae": 5.498945021971134,
    "rmse": 6.3323690808441695,
    "r2": -0.23961099383906803,
    "n_train": 251,
    "n_test": 12
}