{
    "disease": "TX_hiv_aids_00_23",
    "cod_mun": 3549250,
    "mae": 0.30624809209257364,
    "rmse": 0.5984152002270124,
    "r2": 0.0,
    "n_train": 251,
    "n_test": 12
}