{
    "disease": "sifilis",
    "cod_mun": 3542404,
    "mae": 0.34644605802048256,
    "rmse": 0.879358491673572,
    "r2": 0.11804175607079492,
    "n_samples": 300
}