{
    "disease": "hanseniase",
    "cod_mun": 3539707,
    "mae": 0.1673932381129778,
    "rmse": 1.6791213466732564,
    "r2": 0.30242505631805305,
    "n_samples": 300
}