{
    "disease": "TX_hiv_aids_00_23",
    "cod_mun": 3520004,
    "mae": 0.905139868248995,
    "rmse": 1.165741877331391,
    "r2": 0.07982568666863388,
    "n_train": 251,
    "n_test": 12
}