{
    "disease": "tuberculose",
    "cod_mun": 3553955,
    "mae": 1.2639912722938562,
    "rmse": 2.5580376146796358,
    "r2": 0.24455080014217778,
    "n_samples": 300
}