{
    "disease": "sifilis",
    "cod_mun": 3520426,
    "mae": 0.3621304984422763,
    "rmse": 1.302222205228811,
    "r2": 0.010815872406634508,
    "n_samples": 300
}