{
    "disease": "sifilis",
    "cod_mun": 3519071,
    "mae": 0.1997820480172197,
    "rmse": 0.3433501226574633,
    "r2": 0.15839192647960343,
    "n_samples": 300
}