{
    "disease": "hanseniase",
    "cod_mun": 3508405,
    "mae": 0.17670010482713885,
    "rmse": 0.44567048269618476,
    "r2": 0.09152694547654183,
    "n_samples": 300
}