{
    "disease": "hanseniase",
    "cod_mun": 3517208,
    "mae": 0.08710973623698064,
    "rmse": 0.526337976440163,
    "r2": 0.7307560953117526,
    "n_samples": 300
}