{
    "disease": "tuberculose",
    "cod_mun": 3513405,
    "mae": 0.6825054358437701,
    "rmse": 0.89788645332277,
    "r2": 0.35851187389563566,
    "n_samples": 300
}