{
    "disease": "TX_sifilis_00_23",
    "cod_mun": 3503604,
    "mae": 1.949381268193644,
    "rmse": 2.9657438997776966,
    "r2": -0.10696093433271003,
    "n_train": 251,
    "n_test": 12
}