{
    "disease": "TX_hiv_aids_00_23",
    "cod_mun": 3502200,
    "mae": 0.06834867410361767,
    "rmse": 0.06834867537545242,
    "r2": 0.0,
    "n_train": 251,
    "n_test": 12
}