{
    "disease": "tuberculose",
    "cod_mun": 3539509,
    "mae": 1.1285384806592016,
    "rmse": 1.8033376050018168,
    "r2": 0.5054476990489974,
    "n_samples": 300
}