{
    "disease": "sifilis",
    "cod_mun": 3548054,
    "mae": 0.16630167114623484,
    "rmse": 1.0020543113641176,
    "r2": 0.0036190283409516244,
    "n_samples": 300
}