{
    "disease": "hiv_aids",
    "cod_mun": 3508900,
    "mae": 1.0960526078031576,
    "rmse": 3.6413158677325095,
    "r2": 0.0002639786896617702,
    "n_samples": 300
}