{
    "disease": "hepatite",
    "cod_mun": 3552601,
    "mae": 3.0035152203115607,
    "rmse": 5.367196595499919,
    "r2": 0.18477561978885326,
    "n_samples": 300
}