{
    "disease": "sifilis",
    "cod_mun": 3510906,
    "mae": 0.25854805296196565,
    "rmse": 2.2085544187523176,
    "r2": 0.002140048285985796,
    "n_samples": 300
}