{
    "disease": "sifilis",
    "cod_mun": 3504800,
    "mae": 0.15039739870280625,
    "rmse": 0.9148013440979459,
    "r2": 0.0035335384353625265,
    "n_samples": 300
}