{
    "disease": "hanseniase",
    "cod_mun": 3540507,
    "mae": 0.18538753315242867,
    "rmse": 1.0961472124188216,
    "r2": 0.00678507023073438,
    "n_samples": 300
}