{
    "disease": "sifilis",
    "cod_mun": 3541703,
    "mae": 0.15012181380819348,
    "rmse": 0.7025527853445153,
    "r2": 0.013184342519233394,
    "n_samples": 300
}