{
    "disease": "TX_hanseniase_00_23",
    "cod_mun": 3529609,
    "mae": 0.9064782603333393,
    "rmse": 1.8744314331378518,
    "r2": 0.0,
    "n_train": 251,
    "n_test": 12
}