{
    "disease": "tuberculose",
    "cod_mun": 3548203,
    "mae": 1.3367881864345872,
    "rmse": 4.088287706310271,
    "r2": 0.7343504966100374,
    "n_samples": 300
}