{
  "mae": 0.10628762717241513,
  "rmse": 0.016727739294956332,
  "r2": -1.3484348379022317,
  "n_train": 252,
  "n_val": 12,
  "n_test": 12
}