{
    "disease": "TX_hiv_aids_00_23",
    "cod_mun": 3522802,
    "mae": 0.2566273276073237,
    "rmse": 0.33715164260217106,
    "r2": 0.0,
    "n_train": 251,
    "n_test": 12
}