{
    "disease": "tuberculose",
    "cod_mun": 3524808,
    "mae": 0.35565218248138775,
    "rmse": 0.6586484046051048,
    "r2": 0.28949197132057203,
    "n_samples": 300
}