{
    "disease": "hiv_aids",
    "cod_mun": 3556958,
    "mae": 0.7851373478020722,
    "rmse": 4.766933810722869,
    "r2": 0.005719343643694752,
    "n_samples": 300
}