{
    "disease": "TX_sifilis_00_23",
    "cod_mun": 3509700,
    "mae": 1.035316372830833,
    "rmse": 1.6159885531213969,
    "r2": -0.30083381167456635,
    "n_train": 251,
    "n_test": 12
}