{
    "disease": "TX_hepatite_00_23",
    "cod_mun": 3528106,
    "mae": 0.21333570157488188,
    "rmse": 0.27844449768035684,
    "r2": 0.0,
    "n_train": 251,
    "n_test": 12
}