{
    "disease": "TX_tuberculose_00_23",
    "cod_mun": 3553104,
    "mae": 0.319691002368927,
    "rmse": 0.3196910619962089,
    "r2": 0.0,
    "n_train": 251,
    "n_test": 12
}