{
    "disease": "hiv_aids",
    "cod_mun": 3503950,
    "mae": 1.0969442183117875,
    "rmse": 5.485194248300579,
    "r2": 0.0007153048642811743,
    "n_samples": 300
}