{
    "disease": "TX_hiv_aids_00_23",
    "cod_mun": 3528304,
    "mae": 1.2189774165550868,
    "rmse": 1.888675044535933,
    "r2": 0.0,
    "n_train": 251,
    "n_test": 12
}