{
    "disease": "TX_tuberculose_00_23",
    "cod_mun": 3519402,
    "mae": 0.9492202368906514,
    "rmse": 2.5993991541647175,
    "r2": -0.10066435667629392,
    "n_train": 251,
    "n_test": 12
}