{
    "disease": "sifilis",
    "cod_mun": 3548609,
    "mae": 0.2857521253949372,
    "rmse": 1.056890251816051,
    "r2": 0.16098001742714874,
    "n_samples": 300
}