{
    "disease": "TX_tuberculose_00_23",
    "cod_mun": 3539905,
    "mae": 0.05937710404396057,
    "rmse": 0.05937710404396057,
    "r2": 0.0,
    "n_train": 251,
    "n_test": 12
}