{
    "disease": "sifilis",
    "cod_mun": 3525904,
    "mae": 0.17265634558909237,
    "rmse": 0.2679909123976739,
    "r2": 0.4352426657220222,
    "n_samples": 300
}