{
    "disease": "hepatite",
    "cod_mun": 3547908,
    "mae": 0.21579233450873436,
    "rmse": 1.3157540155963132,
    "r2": 0.002824255849224855,
    "n_samples": 300
}