{
    "disease": "hiv_aids",
    "cod_mun": 3510906,
    "mae": 1.1559617476653403,
    "rmse": 5.240135096666304,
    "r2": 0.05686174405483624,
    "n_samples": 300
}