{
    "disease": "sifilis",
    "cod_mun": 3501707,
    "mae": 0.39156438629243945,
    "rmse": 0.7666967253275534,
    "r2": 0.13442851342042972,
    "n_samples": 300
}