{
    "disease": "TX_hanseniase_00_23",
    "cod_mun": 3557303,
    "mae": 0.0661186445504427,
    "rmse": 0.0945128084510269,
    "r2": 0.0,
    "n_train": 251,
    "n_test": 12
}