{
    "disease": "sifilis",
    "cod_mun": 3510500,
    "mae": 0.41646430966723064,
    "rmse": 0.6233298606080845,
    "r2": 0.38421668651689234,
    "n_samples": 300
}