{
    "disease": "TX_hanseniase_00_23",
    "cod_mun": 3549953,
    "mae": 0.0002809892563770215,
    "rmse": 0.0005678684436562019,
    "r2": 0.0,
    "n_train": 251,
    "n_test": 12
}