{
    "disease": "hanseniase",
    "cod_mun": 3513702,
    "mae": 0.08676717861239326,
    "rmse": 0.36160879735335916,
    "r2": 0.07823004147361934,
    "n_samples": 300
}