{
    "disease": "hanseniase",
    "cod_mun": 3552700,
    "mae": 0.5716532863243964,
    "rmse": 1.3581916317872398,
    "r2": 0.053445077464997603,
    "n_samples": 300
}