{
    "disease": "TX_sifilis_00_23",
    "cod_mun": 3550100,
    "mae": 0.819816292847582,
    "rmse": 0.9095934725385192,
    "r2": -0.6870684684543054,
    "n_train": 251,
    "n_test": 12
}