{
    "disease": "TX_sifilis_00_23",
    "cod_mun": 3533254,
    "mae": 0.5476576909422874,
    "rmse": 0.6172925591490762,
    "r2": 0.0,
    "n_train": 251,
    "n_test": 12
}