{
    "disease": "hiv_aids",
    "cod_mun": 3552403,
    "mae": 2.9216169617548022,
    "rmse": 3.510103687203686,
    "r2": -0.5759075576989778,
    "n_samples": 300
}