{
    "disease": "sifilis",
    "cod_mun": 3517802,
    "mae": 0.40059915297126003,
    "rmse": 1.599523191352884,
    "r2": 0.2274623222746751,
    "n_samples": 300
}