{
    "disease": "hepatite",
    "cod_mun": 3530607,
    "mae": 0.1356823134791182,
    "rmse": 0.22875616699818957,
    "r2": 0.44910663220558955,
    "n_samples": 300
}