{
    "disease": "TX_hepatite_00_23",
    "cod_mun": 3519600,
    "mae": 0.04623983348331725,
    "rmse": 0.12345989110907503,
    "r2": 0.0,
    "n_train": 251,
    "n_test": 12
}