{
    "disease": "tuberculose",
    "cod_mun": 3505708,
    "mae": 0.5074069950317637,
    "rmse": 0.6689059710669895,
    "r2": 0.3949483805781647,
    "n_samples": 300
}