{
    "disease": "tuberculose",
    "cod_mun": 3538204,
    "mae": 0.4312304645757212,
    "rmse": 1.398804270286932,
    "r2": 0.2135359345768283,
    "n_samples": 300
}