{
    "disease": "hepatite",
    "cod_mun": 3523206,
    "mae": 0.595702818285219,
    "rmse": 0.9091763627045178,
    "r2": 0.08264323810811891,
    "n_samples": 300
}