{
    "disease": "hiv_aids",
    "cod_mun": 3532603,
    "mae": 1.3272918105339353,
    "rmse": 2.742004366468048,
    "r2": 0.04745083869419797,
    "n_samples": 300
}