{
    "disease": "TX_tuberculose_00_23",
    "cod_mun": 3522208,
    "mae": 0.3697454308377874,
    "rmse": 0.5174766849631659,
    "r2": -0.2529570340935381,
    "n_train": 251,
    "n_test": 12
}