{
    "disease": "sifilis",
    "cod_mun": 3526803,
    "mae": 0.3076403607071484,
    "rmse": 0.659425414412741,
    "r2": 0.5551004262214299,
    "n_samples": 300
}