{
    "disease": "sifilis",
    "cod_mun": 3541000,
    "mae": 0.5381149047558709,
    "rmse": 0.7121013306243047,
    "r2": 0.7769938557988582,
    "n_samples": 300
}