{
    "disease": "hanseniase",
    "cod_mun": 3541406,
    "mae": 0.07744142540449471,
    "rmse": 0.15864319343843195,
    "r2": 0.32175238870192857,
    "n_samples": 300
}