{
    "disease": "hanseniase",
    "cod_mun": 3536604,
    "mae": 0.36581011083346776,
    "rmse": 1.2489618240679732,
    "r2": 0.2506061551082308,
    "n_samples": 300
}