{
    "disease": "TX_sifilis_00_23",
    "cod_mun": 3529708,
    "mae": 0.5116064709779115,
    "rmse": 1.4862061614277982,
    "r2": -0.05695930934663429,
    "n_train": 251,
    "n_test": 12
}