{
    "disease": "hepatite",
    "cod_mun": 3549003,
    "mae": 1.1352609728015408,
    "rmse": 4.460080404862659,
    "r2": 0.002627223215975527,
    "n_samples": 300
}