{
    "disease": "TX_sifilis_00_23",
    "cod_mun": 3505708,
    "mae": 0.4081337513732563,
    "rmse": 0.49462072849384725,
    "r2": -0.4983239131846249,
    "n_train": 251,
    "n_test": 12
}