{
    "disease": "hiv_aids",
    "cod_mun": 3526902,
    "mae": 2.1408171121373303,
    "rmse": 3.946279412869048,
    "r2": 0.501888123449098,
    "n_samples": 300
}