{
    "disease": "hepatite",
    "cod_mun": 3551405,
    "mae": 0.7391894254737243,
    "rmse": 2.077221269052885,
    "r2": 0.09958300308538548,
    "n_samples": 300
}