{
    "disease": "tuberculose",
    "cod_mun": 3515152,
    "mae": 0.5306553005206501,
    "rmse": 1.3957524844103515,
    "r2": 0.07463951565795934,
    "n_samples": 300
}