{
    "disease": "TX_sifilis_00_23",
    "cod_mun": 3551207,
    "mae": 0.09957128763198853,
    "rmse": 0.09957128763198853,
    "r2": 0.0,
    "n_train": 251,
    "n_test": 12
}