{
    "disease": "hiv_aids",
    "cod_mun": 3542404,
    "mae": 1.0478334354571184,
    "rmse": 1.776460816361417,
    "r2": 0.05870293104291957,
    "n_samples": 300
}