{
    "disease": "hiv_aids",
    "cod_mun": 3524808,
    "mae": 0.7706146655978495,
    "rmse": 1.1574795243845715,
    "r2": 0.1952220072058013,
    "n_samples": 300
}