{
    "disease": "hanseniase",
    "cod_mun": 3552809,
    "mae": 0.0382378687432649,
    "rmse": 0.08965915270762256,
    "r2": 0.010886958266972502,
    "n_samples": 300
}