{
    "disease": "hiv_aids",
    "cod_mun": 3554953,
    "mae": 0.39639725883079824,
    "rmse": 1.6716203141224206,
    "r2": 0.015317453524681612,
    "n_samples": 300
}