{
    "disease": "TX_sifilis_00_23",
    "cod_mun": 3554300,
    "mae": 0.3080734635392825,
    "rmse": 0.3085243314686437,
    "r2": 0.0,
    "n_train": 251,
    "n_test": 12
}