{
    "disease": "hiv_aids",
    "cod_mun": 3543600,
    "mae": 0.5419824648699036,
    "rmse": 2.780632347903343,
    "r2": -3.280788996318229e-05,
    "n_samples": 300
}