{
    "disease": "hiv_aids",
    "cod_mun": 3523503,
    "mae": 1.1078328170576393,
    "rmse": 2.0638381981333427,
    "r2": 0.15096752982225448,
    "n_samples": 300
}