{
    "disease": "TX_tuberculose_00_23",
    "cod_mun": 3533908,
    "mae": 0.6260274769169089,
    "rmse": 1.0765437432561,
    "r2": -0.02755584056718763,
    "n_train": 251,
    "n_test": 12
}