{
    "disease": "hanseniase",
    "cod_mun": 3550902,
    "mae": 0.13538332670511674,
    "rmse": 0.6854101469561206,
    "r2": -1.3080798728193344e-05,
    "n_samples": 300
}