{
    "disease": "hiv_aids",
    "cod_mun": 3500402,
    "mae": 3.5529586735105494,
    "rmse": 5.239178102429584,
    "r2": 0.23290334657521927,
    "n_samples": 300
}