{
    "disease": "tuberculose",
    "cod_mun": 3506607,
    "mae": 0.741376734645428,
    "rmse": 1.239897505509994,
    "r2": 0.0699536969691067,
    "n_samples": 300
}