{
    "disease": "TX_tuberculose_00_23",
    "cod_mun": 3510302,
    "mae": 1.0973822016882815,
    "rmse": 1.3579201994303816,
    "r2": -0.2415554086321181,
    "n_train": 251,
    "n_test": 12
}