{
    "disease": "TX_hiv_aids_00_23",
    "cod_mun": 3510500,
    "mae": 0.31567286108061365,
    "rmse": 0.5145544298017337,
    "r2": -0.1963244913208162,
    "n_train": 251,
    "n_test": 12
}