{
    "disease": "hanseniase",
    "cod_mun": 3515004,
    "mae": 0.19151152980626857,
    "rmse": 0.2222326915473011,
    "r2": -0.3260989694177783,
    "n_samples": 300
}