{
    "disease": "TX_hiv_aids_00_23",
    "cod_mun": 3536406,
    "mae": 1.2703652381896973,
    "rmse": 1.2703652381896973,
    "r2": 0.0,
    "n_train": 251,
    "n_test": 12
}