{
    "disease": "hiv_aids",
    "cod_mun": 3505708,
    "mae": 0.3799000394902119,
    "rmse": 0.5072681215881932,
    "r2": 0.42666718384101565,
    "n_samples": 300
}