{
    "disease": "sifilis",
    "cod_mun": 3541208,
    "mae": 0.234951205150608,
    "rmse": 0.9200788458831698,
    "r2": 0.0019217500128234644,
    "n_samples": 300
}