{
    "disease": "TX_hanseniase_00_23",
    "cod_mun": 3532900,
    "mae": 0.05267512425780296,
    "rmse": 0.05267512425780296,
    "r2": 0.0,
    "n_train": 251,
    "n_test": 12
}