{
    "disease": "sifilis",
    "cod_mun": 3532405,
    "mae": 0.07668134363940213,
    "rmse": 0.4446782629217016,
    "r2": 0.007748030684573859,
    "n_samples": 300
}