{
    "disease": "hanseniase",
    "cod_mun": 3556453,
    "mae": 0.034372986489828845,
    "rmse": 0.19609040876178443,
    "r2": 0.009171894944993264,
    "n_samples": 300
}