{
    "disease": "hiv_aids",
    "cod_mun": 3507001,
    "mae": 0.6941822133837675,
    "rmse": 1.1856093892177213,
    "r2": 0.07333578671992835,
    "n_samples": 300
}