{
    "disease": "TX_hepatite_00_23",
    "cod_mun": 3523404,
    "mae": 0.6250127504269282,
    "rmse": 0.67843175505812,
    "r2": -3.4804076275159437,
    "n_train": 251,
    "n_test": 12
}