{
    "disease": "TX_hepatite_00_23",
    "cod_mun": 3523602,
    "mae": 0.16848768666386604,
    "rmse": 0.17913275987892363,
    "r2": 0.0,
    "n_train": 251,
    "n_test": 12
}