{
    "disease": "TX_hiv_aids_00_23",
    "cod_mun": 3537602,
    "mae": 0.4880927206311087,
    "rmse": 0.7249906096654073,
    "r2": -0.3470791959093862,
    "n_train": 251,
    "n_test": 12
}