{
    "disease": "TX_hepatite_00_23",
    "cod_mun": 3527900,
    "mae": 0.5351832906405131,
    "rmse": 0.749176861684245,
    "r2": 0.0,
    "n_train": 251,
    "n_test": 12
}