{
    "disease": "hanseniase",
    "cod_mun": 3520509,
    "mae": 0.1348045889041666,
    "rmse": 0.21365660182559626,
    "r2": 0.13676118713285823,
    "n_samples": 300
}