{
    "disease": "hepatite",
    "cod_mun": 3540705,
    "mae": 0.3542339713682146,
    "rmse": 0.6538203922193956,
    "r2": 0.1195645080733645,
    "n_samples": 300
}