{
    "disease": "hiv_aids",
    "cod_mun": 3549300,
    "mae": 0.3119856992950975,
    "rmse": 2.6790999353866187,
    "r2": 0.005960271760113933,
    "n_samples": 300
}