{
    "disease": "sifilis",
    "cod_mun": 3553807,
    "mae": 0.44981921124533075,
    "rmse": 1.0507424225623214,
    "r2": 0.09656086968385524,
    "n_samples": 300
}