{
    "disease": "TX_hepatite_00_23",
    "cod_mun": 3526407,
    "mae": 0.02965294775397827,
    "rmse": 0.043795985921493794,
    "r2": 0.0,
    "n_train": 251,
    "n_test": 12
}