{
    "disease": "TX_sifilis_00_23",
    "cod_mun": 3539400,
    "mae": 0.07679450884461403,
    "rmse": 0.07679455363511634,
    "r2": 0.0,
    "n_train": 251,
    "n_test": 12
}