{
    "disease": "sifilis",
    "cod_mun": 3513900,
    "mae": 0.11648120809523199,
    "rmse": 0.7101104945724784,
    "r2": 0.0038627252803152823,
    "n_samples": 300
}