{
    "disease": "TX_hiv_aids_00_23",
    "cod_mun": 3549953,
    "mae": 0.37780722479025525,
    "rmse": 0.4005920413574284,
    "r2": 0.0,
    "n_train": 251,
    "n_test": 12
}