{
    "disease": "tuberculose",
    "cod_mun": 3529005,
    "mae": 0.2986356589172873,
    "rmse": 0.37412387570612204,
    "r2": 0.13117673303099098,
    "n_samples": 300
}