{
    "disease": "hiv_aids",
    "cod_mun": 3506508,
    "mae": 0.3234987602127265,
    "rmse": 0.5549684776258254,
    "r2": 0.7037822435337235,
    "n_samples": 300
}