{
    "disease": "TX_hiv_aids_00_23",
    "cod_mun": 3513009,
    "mae": 0.32323243220647174,
    "rmse": 0.39193383706507084,
    "r2": -0.9327686569235798,
    "n_train": 251,
    "n_test": 12
}