{
    "disease": "hepatite",
    "cod_mun": 3514007,
    "mae": 1.5610869173837827,
    "rmse": 3.6429232444689115,
    "r2": 0.14053200354169681,
    "n_samples": 300
}