{
    "disease": "TX_tuberculose_00_23",
    "cod_mun": 3501608,
    "mae": 0.0955500074972709,
    "rmse": 0.10038240267981602,
    "r2": 0.0,
    "n_train": 251,
    "n_test": 12
}