{
    "disease": "tuberculose",
    "cod_mun": 3517802,
    "mae": 0.3935207335198929,
    "rmse": 1.4894339588305288,
    "r2": 0.0016397625960138384,
    "n_samples": 300
}