{
    "disease": "TX_hiv_aids_00_23",
    "cod_mun": 3543709,
    "mae": 1.8977652705626415,
    "rmse": 3.1706008651154702,
    "r2": -0.003184771667052999,
    "n_train": 251,
    "n_test": 12
}