{
    "disease": "hanseniase",
    "cod_mun": 3525904,
    "mae": 0.15437578151539422,
    "rmse": 0.2967280553192505,
    "r2": 0.7929459578092012,
    "n_samples": 300
}