{
    "disease": "hanseniase",
    "cod_mun": 3545803,
    "mae": 0.1041055636603961,
    "rmse": 0.20169850151927332,
    "r2": 0.008393970779048687,
    "n_samples": 300
}