{
    "disease": "hanseniase",
    "cod_mun": 3520707,
    "mae": 0.7636357365112811,
    "rmse": 3.785213194775301,
    "r2": 0.018448856005948033,
    "n_samples": 300
}