{
    "disease": "hiv_aids",
    "cod_mun": 3525508,
    "mae": 0.2573301103039193,
    "rmse": 1.2747809542000272,
    "r2": 0.06032278067566921,
    "n_samples": 300
}