{
    "disease": "hiv_aids",
    "cod_mun": 3551108,
    "mae": 0.47195470648806437,
    "rmse": 2.106022823414937,
    "r2": 0.25963267435087567,
    "n_samples": 300
}