{
    "disease": "sifilis",
    "cod_mun": 3514700,
    "mae": 0.7477371952518042,
    "rmse": 2.9625485306971284,
    "r2": 0.2332437850634559,
    "n_samples": 300
}