{
    "disease": "hiv_aids",
    "cod_mun": 3556958,
    "mae": 0.7982818555251493,
    "rmse": 4.766323012820867,
    "r2": 0.005974126132972213,
    "n_samples": 300
}