{
    "disease": "hiv_aids",
    "cod_mun": 3532504,
    "mae": 7.524170839946658,
    "rmse": 9.259163437883583,
    "r2": -0.7349473802790123,
    "n_samples": 300
}