{
    "disease": "hepatite",
    "cod_mun": 3533205,
    "mae": 0.3895244668443339,
    "rmse": 2.0697189936044347,
    "r2": 0.9570905399620897,
    "n_samples": 300
}