{
    "disease": "hepatite",
    "cod_mun": 3524204,
    "mae": 7.5507243649375475,
    "rmse": 14.743990803908,
    "r2": 0.651433002268062,
    "n_samples": 300
}