{
    "disease": "sifilis",
    "cod_mun": 3537305,
    "mae": 0.23247171347007442,
    "rmse": 0.4746564767419359,
    "r2": 0.0359935691202139,
    "n_samples": 300
}