{
    "disease": "TX_hepatite_00_23",
    "cod_mun": 3515806,
    "mae": 0.08030287285024922,
    "rmse": 0.09909766280512125,
    "r2": 0.0,
    "n_train": 251,
    "n_test": 12
}