{
    "disease": "hepatite",
    "cod_mun": 3535408,
    "mae": 0.7734474598641806,
    "rmse": 1.638532453981201,
    "r2": 0.4294158745510249,
    "n_samples": 300
}