{
    "disease": "hepatite",
    "cod_mun": 3543501,
    "mae": 0.4337085717986352,
    "rmse": 1.6329849855614904,
    "r2": 0.10445001164166301,
    "n_samples": 300
}