{
    "disease": "TX_hiv_aids_00_23",
    "cod_mun": 3511102,
    "mae": 4.303326539206542,
    "rmse": 4.739659631797986,
    "r2": -6.592573881831472,
    "n_train": 251,
    "n_test": 12
}