{
    "disease": "TX_tuberculose_00_23",
    "cod_mun": 3512803,
    "mae": 0.669748228244092,
    "rmse": 0.7565849333648426,
    "r2": 0.08146699936412227,
    "n_train": 251,
    "n_test": 12
}