{
    "disease": "TX_tuberculose_00_23",
    "cod_mun": 3530607,
    "mae": 0.44084294806384694,
    "rmse": 0.48168003204269977,
    "r2": -0.12757552379731418,
    "n_train": 251,
    "n_test": 12
}