{
    "disease": "TX_tuberculose_00_23",
    "cod_mun": 3505005,
    "mae": 0.44990700483322144,
    "rmse": 0.44990700483322144,
    "r2": 0.0,
    "n_train": 251,
    "n_test": 12
}