{
    "disease": "hiv_aids",
    "cod_mun": 3543204,
    "mae": 0.8695565202521984,
    "rmse": 3.0752513973593394,
    "r2": 0.001232129815394667,
    "n_samples": 300
}