{
    "disease": "tuberculose",
    "cod_mun": 3505609,
    "mae": 0.9666083801462461,
    "rmse": 1.431371733269103,
    "r2": 0.16493013170494597,
    "n_samples": 300
}