{
    "disease": "hiv_aids",
    "cod_mun": 3510500,
    "mae": 0.6873243135803256,
    "rmse": 1.0411227493828528,
    "r2": 0.21165935933376523,
    "n_samples": 300
}