{
    "disease": "hiv_aids",
    "cod_mun": 3509007,
    "mae": 0.6027842292733244,
    "rmse": 0.8179078559272736,
    "r2": 0.11384739650911901,
    "n_samples": 300
}