{
    "disease": "TX_tuberculose_00_23",
    "cod_mun": 3513900,
    "mae": 0.08666467821846406,
    "rmse": 0.11519727647998518,
    "r2": 0.0,
    "n_train": 251,
    "n_test": 12
}