{
    "disease": "hanseniase",
    "cod_mun": 3537107,
    "mae": 0.04663335322562311,
    "rmse": 0.2355967931558779,
    "r2": 0.00012623277527545884,
    "n_samples": 300
}