{
    "disease": "hepatite",
    "cod_mun": 3555406,
    "mae": 0.3161831979001701,
    "rmse": 0.6935067921155765,
    "r2": 0.19806422255306166,
    "n_samples": 300
}