{
    "disease": "hiv_aids",
    "cod_mun": 3512308,
    "mae": 5.326191406411416,
    "rmse": 6.5948971196196275,
    "r2": -2.615767188341511,
    "n_samples": 300
}