{
    "disease": "hiv_aids",
    "cod_mun": 3511409,
    "mae": 1.8420624486770194,
    "rmse": 2.6304318361998638,
    "r2": 0.07136409245100117,
    "n_samples": 300
}