{
    "disease": "sifilis",
    "cod_mun": 3514957,
    "mae": 0.2755311034310711,
    "rmse": 2.3248774020726093,
    "r2": 0.0025923058514765174,
    "n_samples": 300
}