{
    "disease": "hiv_aids",
    "cod_mun": 3538709,
    "mae": 0.522579954961864,
    "rmse": 0.7214616091835513,
    "r2": 0.7579298312162845,
    "n_samples": 300
}