{
    "disease": "hiv_aids",
    "cod_mun": 3543808,
    "mae": 1.148775247411861,
    "rmse": 2.0858810756264945,
    "r2": -0.059505773688289576,
    "n_samples": 300
}