{
    "disease": "TX_hiv_aids_00_23",
    "cod_mun": 3510203,
    "mae": 0.1836476524670919,
    "rmse": 0.1860010391208448,
    "r2": 0.0,
    "n_train": 251,
    "n_test": 12
}