{
    "disease": "TX_hepatite_00_23",
    "cod_mun": 3518909,
    "mae": 0.6345683336257935,
    "rmse": 0.6345719459717736,
    "r2": 0.0,
    "n_train": 251,
    "n_test": 12
}