{
    "disease": "TX_hepatite_00_23",
    "cod_mun": 3556701,
    "mae": 0.011031501072769364,
    "rmse": 0.011728676612295659,
    "r2": 0.0,
    "n_train": 251,
    "n_test": 12
}