{
    "disease": "TX_hiv_aids_00_23",
    "cod_mun": 3515194,
    "mae": 0.40844010810057324,
    "rmse": 0.5285650532109364,
    "r2": 0.0,
    "n_train": 251,
    "n_test": 12
}