{
    "disease": "tuberculose",
    "cod_mun": 3532702,
    "mae": 0.4409859350294666,
    "rmse": 2.424178808061137,
    "r2": 0.35492036968282836,
    "n_samples": 300
}