{
    "disease": "hiv_aids",
    "cod_mun": 3539004,
    "mae": 2.6395118355712808,
    "rmse": 4.453620061027152,
    "r2": 0.05060990814051802,
    "n_samples": 300
}