{
    "disease": "sifilis",
    "cod_mun": 3506904,
    "mae": 0.6439300286589614,
    "rmse": 1.8613950993445174,
    "r2": 1.0102125121536076e-05,
    "n_samples": 300
}