{
    "disease": "TX_hiv_aids_00_23",
    "cod_mun": 3503950,
    "mae": 0.6308870315551758,
    "rmse": 0.6308870315551758,
    "r2": 0.0,
    "n_train": 251,
    "n_test": 12
}