{
    "disease": "hanseniase",
    "cod_mun": 3530904,
    "mae": 0.005704340555505852,
    "rmse": 0.03017702348842923,
    "r2": 0.9997054615334768,
    "n_samples": 300
}