{
    "disease": "hepatite",
    "cod_mun": 3540853,
    "mae": 13.70727030972785,
    "rmse": 23.455555339620595,
    "r2": 0.11308047319543002,
    "n_samples": 300
}