{
    "disease": "tuberculose",
    "cod_mun": 3527603,
    "mae": 0.6027778195938742,
    "rmse": 1.696099421007089,
    "r2": 0.09995453931665899,
    "n_samples": 300
}