{
    "disease": "hanseniase",
    "cod_mun": 3504503,
    "mae": 0.023159477825567834,
    "rmse": 0.11613193818503056,
    "r2": 6.172484733213413e-05,
    "n_samples": 300
}