{
    "disease": "TX_sifilis_00_23",
    "cod_mun": 3545159,
    "mae": 0.27367354184389114,
    "rmse": 0.2973547915115992,
    "r2": 0.0,
    "n_train": 251,
    "n_test": 12
}