{
    "disease": "TX_hanseniase_00_23",
    "cod_mun": 3542107,
    "mae": 0.0006062164845085741,
    "rmse": 0.0007125736016625159,
    "r2": 0.0,
    "n_train": 251,
    "n_test": 12
}