{
    "disease": "hepatite",
    "cod_mun": 3519600,
    "mae": 0.16423141168483799,
    "rmse": 0.4132379898587595,
    "r2": 0.10192707154595171,
    "n_samples": 300
}