{
    "disease": "hiv_aids",
    "cod_mun": 3507753,
    "mae": 0.2592724245238086,
    "rmse": 2.215288809586217,
    "r2": 0.0067991969464038515,
    "n_samples": 300
}