{
    "disease": "tuberculose",
    "cod_mun": 3504008,
    "mae": 0.673735938794667,
    "rmse": 0.8879641103840334,
    "r2": 0.22051056257410373,
    "n_samples": 300
}