{
    "disease": "sifilis",
    "cod_mun": 3543303,
    "mae": 0.05880560971688205,
    "rmse": 0.16019974455566088,
    "r2": 0.048336269698910805,
    "n_samples": 300
}