{
    "disease": "TX_sifilis_00_23",
    "cod_mun": 3536109,
    "mae": 1.4299245610833866,
    "rmse": 3.9855336864482593,
    "r2": -0.050304935421253694,
    "n_train": 251,
    "n_test": 12
}