{
    "disease": "TX_hepatite_00_23",
    "cod_mun": 3554953,
    "mae": 5.741243371578469,
    "rmse": 9.043002318271602,
    "r2": 0.018775643173547074,
    "n_train": 251,
    "n_test": 12
}