{
    "disease": "tuberculose",
    "cod_mun": 3513108,
    "mae": 0.9961771927120329,
    "rmse": 1.5922831002704718,
    "r2": 0.046037304364498266,
    "n_samples": 300
}