{
    "disease": "sifilis",
    "cod_mun": 3517109,
    "mae": 0.13970376018175582,
    "rmse": 1.1994549382731874,
    "r2": 0.0022501538266097576,
    "n_samples": 300
}