{
    "disease": "hiv_aids",
    "cod_mun": 3526704,
    "mae": 1.0036698787229759,
    "rmse": 1.5756652543303376,
    "r2": 0.4962600860820029,
    "n_samples": 300
}