{
    "disease": "hiv_aids",
    "cod_mun": 3532157,
    "mae": 1.7116423945457067,
    "rmse": 5.308811363495128,
    "r2": 0.09463841105567061,
    "n_samples": 300
}