{
    "disease": "hepatite",
    "cod_mun": 3524709,
    "mae": 0.6058220644810715,
    "rmse": 1.3262175868701498,
    "r2": 0.4183147669520455,
    "n_samples": 300
}