{
    "disease": "hanseniase",
    "cod_mun": 3529005,
    "mae": 0.04839610575416046,
    "rmse": 0.110207162273805,
    "r2": 0.05577243609092408,
    "n_samples": 300
}