{
    "disease": "hepatite",
    "cod_mun": 3530805,
    "mae": 0.23433931136726202,
    "rmse": 0.48863066232281605,
    "r2": 0.5139997050501333,
    "n_samples": 300
}