{
    "disease": "hepatite",
    "cod_mun": 3506300,
    "mae": 1.374341823378998,
    "rmse": 2.6383540395679677,
    "r2": 0.11565443493732042,
    "n_samples": 300
}