{
    "disease": "TX_tuberculose_00_23",
    "cod_mun": 3536000,
    "mae": 0.16180943821867308,
    "rmse": 0.20239469781825653,
    "r2": 0.0,
    "n_train": 251,
    "n_test": 12
}