{
    "disease": "TX_hiv_aids_00_23",
    "cod_mun": 3500709,
    "mae": 0.6669202844301859,
    "rmse": 0.6670666990209071,
    "r2": 0.0,
    "n_train": 251,
    "n_test": 12
}