{
    "disease": "hepatite",
    "cod_mun": 3505500,
    "mae": 1.2882516141261846,
    "rmse": 1.749219806340536,
    "r2": 0.3292404503184856,
    "n_samples": 300
}