{
    "disease": "tuberculose",
    "cod_mun": 3532868,
    "mae": 0.6717819434326813,
    "rmse": 5.640014204761801,
    "r2": 0.0038332077296616696,
    "n_samples": 300
}