{
    "disease": "TX_hiv_aids_00_23",
    "cod_mun": 3536257,
    "mae": 1.4230714738368988,
    "rmse": 1.4230715200648518,
    "r2": 0.0,
    "n_train": 251,
    "n_test": 12
}