{
    "disease": "sifilis",
    "cod_mun": 3509254,
    "mae": 0.20748617331743857,
    "rmse": 0.7914505500311296,
    "r2": 0.01904281674619368,
    "n_samples": 300
}