{
    "disease": "hiv_aids",
    "cod_mun": 3534104,
    "mae": 0.6290088757141944,
    "rmse": 2.250011716514691,
    "r2": 0.0007162818368412482,
    "n_samples": 300
}