{
    "disease": "hiv_aids",
    "cod_mun": 3512506,
    "mae": 0.7925956238734339,
    "rmse": 2.611904213618875,
    "r2": 0.13009633404838128,
    "n_samples": 300
}