{
    "disease": "TX_hanseniase_00_23",
    "cod_mun": 3500402,
    "mae": 0.048714084240297474,
    "rmse": 0.04871436161182462,
    "r2": 0.0,
    "n_train": 251,
    "n_test": 12
}