{
    "disease": "hiv_aids",
    "cod_mun": 3543238,
    "mae": 0.30297658013413553,
    "rmse": 2.5667781992605625,
    "r2": 0.0022848836390874094,
    "n_samples": 300
}