{
    "disease": "sifilis",
    "cod_mun": 3504909,
    "mae": 0.1603550128961702,
    "rmse": 0.9066070774193402,
    "r2": 0.20217239127951347,
    "n_samples": 300
}