{
    "disease": "hiv_aids",
    "cod_mun": 3502705,
    "mae": 0.7273089562417042,
    "rmse": 1.1446739983166876,
    "r2": -0.047084750112778906,
    "n_samples": 300
}