{
    "disease": "hanseniase",
    "cod_mun": 3505104,
    "mae": 0.10413346564081424,
    "rmse": 0.8259352639056176,
    "r2": 0.009891557916860916,
    "n_samples": 300
}