{
    "disease": "hanseniase",
    "cod_mun": 3504909,
    "mae": 0.14376880730074384,
    "rmse": 0.8096428794543344,
    "r2": 0.007797979418816436,
    "n_samples": 300
}