{
    "disease": "sifilis",
    "cod_mun": 3500550,
    "mae": 0.23103074798781525,
    "rmse": 1.3957577011899263,
    "r2": 0.001298505228004565,
    "n_samples": 300
}