{
    "disease": "hanseniase",
    "cod_mun": 3521309,
    "mae": 0.2828974581875739,
    "rmse": 1.0011399250961417,
    "r2": 0.11683989358580282,
    "n_samples": 300
}