{
    "disease": "TX_tuberculose_00_23",
    "cod_mun": 3507506,
    "mae": 0.7303940220842047,
    "rmse": 0.9027656319218581,
    "r2": -0.38364069508176746,
    "n_train": 251,
    "n_test": 12
}