{
    "disease": "hiv_aids",
    "cod_mun": 3556107,
    "mae": 1.5361993983452755,
    "rmse": 2.886217802856365,
    "r2": 0.06352548765494515,
    "n_samples": 300
}