{
    "disease": "TX_hepatite_00_23",
    "cod_mun": 3522901,
    "mae": 3.659515311320623,
    "rmse": 3.8963986845659795,
    "r2": 0.0,
    "n_train": 251,
    "n_test": 12
}