{
    "disease": "hiv_aids",
    "cod_mun": 3535507,
    "mae": 0.6100373263899305,
    "rmse": 1.132706385866125,
    "r2": 0.14374089278193225,
    "n_samples": 300
}