{
    "disease": "TX_hiv_aids_00_23",
    "cod_mun": 3502408,
    "mae": 1.4622735877831776,
    "rmse": 1.4651309934698455,
    "r2": 0.0,
    "n_train": 251,
    "n_test": 12
}