{
    "disease": "hiv_aids",
    "cod_mun": 3509106,
    "mae": 0.8745901718986564,
    "rmse": 2.9208710979418897,
    "r2": 0.0008509021903022607,
    "n_samples": 300
}