{
    "disease": "hepatite",
    "cod_mun": 3515186,
    "mae": 0.20752742246911465,
    "rmse": 0.49883351505550977,
    "r2": 0.23447302129970282,
    "n_samples": 300
}