{
    "disease": "hanseniase",
    "cod_mun": 3546603,
    "mae": 0.23988300977179725,
    "rmse": 0.65148889068215,
    "r2": 0.3813352463870975,
    "n_samples": 300
}