{
    "disease": "hiv_aids",
    "cod_mun": 3533106,
    "mae": 1.8049818278388046,
    "rmse": 6.851229345835578,
    "r2": 0.06529856956137703,
    "n_samples": 300
}