{
    "disease": "hiv_aids",
    "cod_mun": 3519709,
    "mae": 0.33280232421244554,
    "rmse": 0.5635878327915934,
    "r2": 0.0699815962593281,
    "n_samples": 300
}