{
    "disease": "hiv_aids",
    "cod_mun": 3507456,
    "mae": 0.33521200023558495,
    "rmse": 2.069926949788882,
    "r2": 0.8190071294556889,
    "n_samples": 300
}