{
    "disease": "sifilis",
    "cod_mun": 3511102,
    "mae": 0.5348226648954127,
    "rmse": 0.8712225953086223,
    "r2": -0.1164742859435064,
    "n_samples": 300
}