{
    "disease": "TX_hepatite_00_23",
    "cod_mun": 3551603,
    "mae": 1.0861356690325283,
    "rmse": 2.173206147060334,
    "r2": -0.1933619323252309,
    "n_train": 251,
    "n_test": 12
}