{
    "disease": "TX_sifilis_00_23",
    "cod_mun": 3518909,
    "mae": 4.066330056311703,
    "rmse": 9.552961221451156,
    "r2": -0.1801315764006599,
    "n_train": 251,
    "n_test": 12
}