{
    "disease": "TX_hepatite_00_23",
    "cod_mun": 3542206,
    "mae": 0.15591633738949895,
    "rmse": 0.1999582100616074,
    "r2": 0.0,
    "n_train": 251,
    "n_test": 12
}