{
    "disease": "TX_sifilis_00_23",
    "cod_mun": 3551702,
    "mae": 0.3109566243650876,
    "rmse": 0.4164827538264496,
    "r2": -0.27228461426334283,
    "n_train": 251,
    "n_test": 12
}