{
    "disease": "TX_hanseniase_00_23",
    "cod_mun": 3554706,
    "mae": 0.013853012661760053,
    "rmse": 0.024115334416938604,
    "r2": 0.0,
    "n_train": 251,
    "n_test": 12
}