{
    "disease": "TX_hepatite_00_23",
    "cod_mun": 3522307,
    "mae": 0.10391932042936484,
    "rmse": 0.11379452115883659,
    "r2": 0.0,
    "n_train": 251,
    "n_test": 12
}