{
    "disease": "tuberculose",
    "cod_mun": 3524709,
    "mae": 0.5787014895808665,
    "rmse": 1.0763601709766621,
    "r2": 0.6624061450091616,
    "n_samples": 300
}