{
    "disease": "TX_sifilis_00_23",
    "cod_mun": 3506359,
    "mae": 0.4907860360842642,
    "rmse": 0.5975200936183465,
    "r2": -0.05351744073785092,
    "n_train": 251,
    "n_test": 12
}