{
    "disease": "hiv_aids",
    "cod_mun": 3529609,
    "mae": 1.681607075324572,
    "rmse": 3.89505432013167,
    "r2": 0.045392575800442536,
    "n_samples": 300
}