{
    "disease": "sifilis",
    "cod_mun": 3543006,
    "mae": 0.43444243100022534,
    "rmse": 1.1573567082625753,
    "r2": 0.09958445972673624,
    "n_samples": 300
}