{
    "disease": "sifilis",
    "cod_mun": 3542206,
    "mae": 0.3135545217091816,
    "rmse": 0.9429338817969348,
    "r2": 0.04859386602097182,
    "n_samples": 300
}