{
    "disease": "sifilis",
    "cod_mun": 3510609,
    "mae": 0.7359093444939561,
    "rmse": 1.1222087054750718,
    "r2": -1.0816842241847802,
    "n_samples": 300
}