{
    "disease": "TX_hanseniase_00_23",
    "cod_mun": 3519808,
    "mae": 0.05803462117910385,
    "rmse": 0.05803462117910385,
    "r2": 0.0,
    "n_train": 251,
    "n_test": 12
}