{
    "disease": "tuberculose",
    "cod_mun": 3512605,
    "mae": 0.29930896092852155,
    "rmse": 1.7305658066581024,
    "r2": 0.009054502134125397,
    "n_samples": 300
}