{
    "disease": "hepatite",
    "cod_mun": 3536406,
    "mae": 0.11680377416935783,
    "rmse": 0.9766009636353677,
    "r2": 0.004391199754714914,
    "n_samples": 300
}