{
    "disease": "sifilis",
    "cod_mun": 3555901,
    "mae": 0.5950902243144303,
    "rmse": 4.937265038001032,
    "r2": 0.004145123470953305,
    "n_samples": 300
}