{
    "disease": "hanseniase",
    "cod_mun": 3524501,
    "mae": 0.3652441280114579,
    "rmse": 2.483898327284419,
    "r2": 0.051066311326073865,
    "n_samples": 300
}