{
    "disease": "hiv_aids",
    "cod_mun": 3517208,
    "mae": 0.1880951527454763,
    "rmse": 0.9416050403751655,
    "r2": 0.0043451794111091235,
    "n_samples": 300
}