{
    "disease": "sifilis",
    "cod_mun": 3518800,
    "mae": 0.18005097288818228,
    "rmse": 0.24862975833838968,
    "r2": 0.6812968972492066,
    "n_samples": 300
}