{
    "disease": "sifilis",
    "cod_mun": 3526902,
    "mae": 0.6092753958528322,
    "rmse": 0.7158062842375825,
    "r2": 0.1591927588414146,
    "n_samples": 300
}