{
    "disease": "TX_hiv_aids_00_23",
    "cod_mun": 3506706,
    "mae": 0.1241173548429894,
    "rmse": 0.14355722477771557,
    "r2": 0.0,
    "n_train": 251,
    "n_test": 12
}