{
    "disease": "tuberculose",
    "cod_mun": 3505807,
    "mae": 0.749623701180172,
    "rmse": 1.5194461293659056,
    "r2": 0.03674454274423833,
    "n_samples": 300
}