{
    "disease": "sifilis",
    "cod_mun": 3522208,
    "mae": 0.3053147500998607,
    "rmse": 0.37114186748302075,
    "r2": 0.03317138775820949,
    "n_samples": 300
}