{
    "disease": "hanseniase",
    "cod_mun": 3549003,
    "mae": 0.009047528867198697,
    "rmse": 0.05329622259217236,
    "r2": 0.9993330303825622,
    "n_samples": 300
}