{
    "disease": "TX_hepatite_00_23",
    "cod_mun": 3553856,
    "mae": 0.5388772810498873,
    "rmse": 0.5666279255324783,
    "r2": 0.0,
    "n_train": 251,
    "n_test": 12
}