{
    "disease": "tuberculose",
    "cod_mun": 3547106,
    "mae": 0.6906516829849519,
    "rmse": 3.375067704103055,
    "r2": 0.008386744335033391,
    "n_samples": 300
}