{
    "disease": "hanseniase",
    "cod_mun": 3553708,
    "mae": 0.1783625220073923,
    "rmse": 0.37886874433327156,
    "r2": 0.15748335233946809,
    "n_samples": 300
}