{
    "disease": "sifilis",
    "cod_mun": 3519253,
    "mae": 0.07715002198479351,
    "rmse": 0.6221362956491114,
    "r2": 0.005313230160588267,
    "n_samples": 300
}