{
    "disease": "hepatite",
    "cod_mun": 3501806,
    "mae": 0.5831498598871977,
    "rmse": 2.274438970554413,
    "r2": 0.0016344192035924188,
    "n_samples": 300
}