{
    "disease": "hanseniase",
    "cod_mun": 3529401,
    "mae": 0.02284439374619643,
    "rmse": 0.051441234862366916,
    "r2": 0.06790562103379716,
    "n_samples": 300
}