{
    "disease": "TX_hepatite_00_23",
    "cod_mun": 3530300,
    "mae": 0.4102151424130461,
    "rmse": 0.5980480141862599,
    "r2": -0.8912169794938463,
    "n_train": 251,
    "n_test": 12
}