{
    "disease": "TX_sifilis_00_23",
    "cod_mun": 3514700,
    "mae": 0.19428926651986936,
    "rmse": 0.44285086663495044,
    "r2": 0.0,
    "n_train": 251,
    "n_test": 12
}