{
    "disease": "tuberculose",
    "cod_mun": 3507456,
    "mae": 0.2610470354727939,
    "rmse": 2.195496140006804,
    "r2": 0.0032856320713782194,
    "n_samples": 300
}