{
    "disease": "hanseniase",
    "cod_mun": 3530508,
    "mae": 0.26958311851213446,
    "rmse": 0.556938179485883,
    "r2": 0.05202647602104882,
    "n_samples": 300
}