{
    "disease": "TX_hanseniase_00_23",
    "cod_mun": 3518008,
    "mae": 0.03013279102742672,
    "rmse": 0.030132984254757793,
    "r2": 0.0,
    "n_train": 251,
    "n_test": 12
}