{
    "disease": "TX_tuberculose_00_23",
    "cod_mun": 3530904,
    "mae": 1.0881386684874694,
    "rmse": 2.6801906940575617,
    "r2": 0.0,
    "n_train": 251,
    "n_test": 12
}