{
    "disease": "sifilis",
    "cod_mun": 3514809,
    "mae": 0.1400583175133234,
    "rmse": 0.5595412462990823,
    "r2": 0.24459181703969057,
    "n_samples": 300
}