{
    "disease": "TX_hiv_aids_00_23",
    "cod_mun": 3528809,
    "mae": 1.7826963463636833,
    "rmse": 4.550534885067434,
    "r2": -0.09305534855907283,
    "n_train": 251,
    "n_test": 12
}