{
    "disease": "TX_hepatite_00_23",
    "cod_mun": 3536570,
    "mae": 9.105358123779297,
    "rmse": 9.105358123779297,
    "r2": 0.0,
    "n_train": 251,
    "n_test": 12
}