{
    "disease": "TX_hepatite_00_23",
    "cod_mun": 3555901,
    "mae": 2.042126605908076,
    "rmse": 2.0947138949571342,
    "r2": 0.0,
    "n_train": 251,
    "n_test": 12
}