{
    "disease": "hiv_aids",
    "cod_mun": 3551900,
    "mae": 0.7270458619396631,
    "rmse": 1.617496808665213,
    "r2": 0.004682726865444686,
    "n_samples": 300
}