{
    "disease": "TX_hiv_aids_00_23",
    "cod_mun": 3518859,
    "mae": 1.138961801926295,
    "rmse": 1.1554739236159872,
    "r2": 0.0,
    "n_train": 251,
    "n_test": 12
}