{
    "disease": "sifilis",
    "cod_mun": 3525300,
    "mae": 0.18562108730208873,
    "rmse": 0.3572589034090243,
    "r2": 0.01728706122327084,
    "n_samples": 300
}