{
    "disease": "sifilis",
    "cod_mun": 3550209,
    "mae": 0.1941705680340432,
    "rmse": 0.5274216488089986,
    "r2": 0.08201066278406965,
    "n_samples": 300
}