{
    "disease": "sifilis",
    "cod_mun": 3527900,
    "mae": 0.17566413455037322,
    "rmse": 2.05260551070318,
    "r2": 0.12747298300485077,
    "n_samples": 300
}