{
    "disease": "sifilis",
    "cod_mun": 3510401,
    "mae": 0.25747266093667154,
    "rmse": 0.5204912776161783,
    "r2": 0.06743616916462958,
    "n_samples": 300
}