{
    "disease": "TX_tuberculose_00_23",
    "cod_mun": 3529609,
    "mae": 0.3163717910647392,
    "rmse": 0.3164287678949786,
    "r2": 0.0,
    "n_train": 251,
    "n_test": 12
}