{
    "disease": "hiv_aids",
    "cod_mun": 3539707,
    "mae": 11.282058943347684,
    "rmse": 13.657352404456253,
    "r2": -2.2128134625043274,
    "n_samples": 300
}