{
    "disease": "TX_hepatite_00_23",
    "cod_mun": 3508900,
    "mae": 0.3302711124221484,
    "rmse": 0.3302718200463821,
    "r2": 0.0,
    "n_train": 251,
    "n_test": 12
}