{
    "disease": "TX_hiv_aids_00_23",
    "cod_mun": 3512001,
    "mae": 1.5969775538911317,
    "rmse": 2.020257388736291,
    "r2": 0.0039052295594319553,
    "n_train": 251,
    "n_test": 12
}