{
    "disease": "tuberculose",
    "cod_mun": 3530003,
    "mae": 0.47904688945526575,
    "rmse": 2.9337179225701986,
    "r2": 2.1415833881821555e-05,
    "n_samples": 300
}