{
    "disease": "sifilis",
    "cod_mun": 3502754,
    "mae": 0.4494397397613498,
    "rmse": 1.1257278478761181,
    "r2": 0.27521828269955284,
    "n_samples": 300
}