{
    "disease": "hiv_aids",
    "cod_mun": 3549508,
    "mae": 0.7580653025269629,
    "rmse": 2.6972097159023294,
    "r2": 0.11957574503069501,
    "n_samples": 300
}