{
    "disease": "hiv_aids",
    "cod_mun": 3552551,
    "mae": 0.7479488089185212,
    "rmse": 6.314300077937604,
    "r2": 0.005094902788007616,
    "n_samples": 300
}