{
    "disease": "TX_hanseniase_00_23",
    "cod_mun": 3544509,
    "mae": 0.11546494998037815,
    "rmse": 0.2526748444370592,
    "r2": 0.0,
    "n_train": 251,
    "n_test": 12
}