{
    "disease": "hepatite",
    "cod_mun": 3516101,
    "mae": 11.284878608287254,
    "rmse": 17.845188126327443,
    "r2": 0.1567368031674976,
    "n_samples": 300
}