{
    "disease": "hiv_aids",
    "cod_mun": 3516507,
    "mae": 0.9810226916668637,
    "rmse": 5.152000024837917,
    "r2": 0.010086384530841541,
    "n_samples": 300
}