{
    "disease": "sifilis",
    "cod_mun": 3513306,
    "mae": 0.3917004360790947,
    "rmse": 2.544380030039204,
    "r2": 0.18426980869021536,
    "n_samples": 300
}