{
    "disease": "hiv_aids",
    "cod_mun": 3546504,
    "mae": 2.370988641098848,
    "rmse": 4.601859894893216,
    "r2": -0.19107183582597909,
    "n_samples": 300
}