{
    "disease": "hiv_aids",
    "cod_mun": 3555505,
    "mae": 1.0246961998615758,
    "rmse": 3.883714106895739,
    "r2": 0.11722523756754022,
    "n_samples": 300
}