{
    "disease": "hepatite",
    "cod_mun": 3537305,
    "mae": 0.25905615189216197,
    "rmse": 0.5290564943419158,
    "r2": 0.42219000596472056,
    "n_samples": 300
}