{
    "disease": "TX_sifilis_00_23",
    "cod_mun": 3536604,
    "mae": 0.20820946991443634,
    "rmse": 0.20820946991443634,
    "r2": 0.0,
    "n_train": 251,
    "n_test": 12
}