{
    "disease": "hiv_aids",
    "cod_mun": 3507803,
    "mae": 2.7892889562226753,
    "rmse": 3.487064740062355,
    "r2": 0.025923129006027557,
    "n_samples": 300
}