{
    "disease": "tuberculose",
    "cod_mun": 3557303,
    "mae": 0.5152872043648712,
    "rmse": 1.5901628390764098,
    "r2": 0.003184709723298984,
    "n_samples": 300
}