{
    "disease": "TX_tuberculose_00_23",
    "cod_mun": 3556909,
    "mae": 0.16368018090724945,
    "rmse": 0.16368125902785902,
    "r2": 0.0,
    "n_train": 251,
    "n_test": 12
}