{
    "disease": "tuberculose",
    "cod_mun": 3533007,
    "mae": 0.5063285884631668,
    "rmse": 1.138235976453246,
    "r2": 0.1984474464417445,
    "n_samples": 300
}