{
    "disease": "TX_hepatite_00_23",
    "cod_mun": 3535101,
    "mae": 0.6749498496452967,
    "rmse": 0.7745883069352,
    "r2": 0.0,
    "n_train": 251,
    "n_test": 12
}