{
    "disease": "TX_tuberculose_00_23",
    "cod_mun": 3546405,
    "mae": 0.6980909371881684,
    "rmse": 1.0204142601158095,
    "r2": -0.18045060473517416,
    "n_train": 251,
    "n_test": 12
}