{
    "disease": "TX_sifilis_00_23",
    "cod_mun": 3501004,
    "mae": 1.0052521572419932,
    "rmse": 2.408285039994695,
    "r2": -0.18492347308520185,
    "n_train": 251,
    "n_test": 12
}