{
    "disease": "TX_hanseniase_00_23",
    "cod_mun": 3543006,
    "mae": 0.009706114787453165,
    "rmse": 0.023916716201325988,
    "r2": 0.0,
    "n_train": 251,
    "n_test": 12
}