{
    "disease": "TX_hepatite_00_23",
    "cod_mun": 3554508,
    "mae": 0.0020709318487206474,
    "rmse": 0.004236819838113157,
    "r2": 0.0,
    "n_train": 251,
    "n_test": 12
}