{
    "disease": "TX_hiv_aids_00_23",
    "cod_mun": 3555000,
    "mae": 0.600705833545517,
    "rmse": 0.64329980827074,
    "r2": -1.1879703294697306,
    "n_train": 251,
    "n_test": 12
}