{
    "disease": "hiv_aids",
    "cod_mun": 3502101,
    "mae": 2.200607311184548,
    "rmse": 3.461306923480373,
    "r2": -0.6637384929157002,
    "n_samples": 300
}