{
    "disease": "hepatite",
    "cod_mun": 3502507,
    "mae": 0.14968167217867331,
    "rmse": 0.43198295598382286,
    "r2": 0.07376568947344064,
    "n_samples": 300
}