{
    "disease": "hiv_aids",
    "cod_mun": 3555356,
    "mae": 1.9435210271464116,
    "rmse": 5.102681031323936,
    "r2": 0.05343169170084627,
    "n_samples": 300
}