{
    "disease": "sifilis",
    "cod_mun": 3543501,
    "mae": 0.117039518399533,
    "rmse": 0.994103402667984,
    "r2": 0.0020896014384486072,
    "n_samples": 300
}