{
    "disease": "TX_hiv_aids_00_23",
    "cod_mun": 3523909,
    "mae": 0.6465580617166728,
    "rmse": 0.6747789849319992,
    "r2": -9.218359969854143,
    "n_train": 251,
    "n_test": 12
}