{
    "disease": "hiv_aids",
    "cod_mun": 3549201,
    "mae": 0.762565764859983,
    "rmse": 3.7639646270599734,
    "r2": 0.006681525854798975,
    "n_samples": 300
}