{
    "disease": "hanseniase",
    "cod_mun": 3546306,
    "mae": 0.0838444471125301,
    "rmse": 0.38413004379412663,
    "r2": 0.17793325624926593,
    "n_samples": 300
}