{
    "disease": "hepatite",
    "cod_mun": 3525003,
    "mae": 0.2951339304224313,
    "rmse": 0.5407296849044222,
    "r2": 0.3865608221957083,
    "n_samples": 300
}