{
    "disease": "hiv_aids",
    "cod_mun": 3509908,
    "mae": 1.2804912539621975,
    "rmse": 2.37239227895844,
    "r2": 0.08330238319357175,
    "n_samples": 300
}