{
    "disease": "tuberculose",
    "cod_mun": 3528205,
    "mae": 0.19842097278036344,
    "rmse": 1.6766559131271406,
    "r2": 0.004485818661699503,
    "n_samples": 300
}