{
    "disease": "TX_tuberculose_00_23",
    "cod_mun": 3504503,
    "mae": 0.6872756291818046,
    "rmse": 0.8368702711388759,
    "r2": -0.030800699081120486,
    "n_train": 251,
    "n_test": 12
}