{
    "disease": "hiv_aids",
    "cod_mun": 3536505,
    "mae": 0.8131857385442287,
    "rmse": 1.0092948651406477,
    "r2": 0.2546950190476829,
    "n_samples": 300
}