{
    "disease": "TX_hanseniase_00_23",
    "cod_mun": 3510500,
    "mae": 0.040105396416038275,
    "rmse": 0.05272050033266579,
    "r2": 0.0,
    "n_train": 251,
    "n_test": 12
}