{
    "disease": "hepatite",
    "cod_mun": 3532900,
    "mae": 0.564619083904352,
    "rmse": 1.7190421332644912,
    "r2": 0.1266006500983482,
    "n_samples": 300
}