{
    "disease": "sifilis",
    "cod_mun": 3552908,
    "mae": 0.3278894867272304,
    "rmse": 1.586079990240553,
    "r2": 0.010891432296571968,
    "n_samples": 300
}