{
    "disease": "sifilis",
    "cod_mun": 3543907,
    "mae": 0.2807866698455362,
    "rmse": 0.4119319302923094,
    "r2": 0.34005140291906066,
    "n_samples": 300
}