{
    "disease": "hanseniase",
    "cod_mun": 3545308,
    "mae": 0.08539549413543035,
    "rmse": 0.32518936897204714,
    "r2": 0.006352900520625204,
    "n_samples": 300
}