{
    "disease": "hepatite",
    "cod_mun": 3504800,
    "mae": 1.3255650018225829,
    "rmse": 2.972882384476629,
    "r2": 0.0061155362536651214,
    "n_samples": 300
}