{
    "disease": "TX_tuberculose_00_23",
    "cod_mun": 3530706,
    "mae": 0.45803796631433563,
    "rmse": 0.4663127891065154,
    "r2": -5.793730883687949,
    "n_train": 251,
    "n_test": 12
}