{
    "disease": "hiv_aids",
    "cod_mun": 3551603,
    "mae": 1.8319767173101846,
    "rmse": 2.4067240451116825,
    "r2": 0.1127131291215222,
    "n_samples": 300
}