{
    "disease": "sifilis",
    "cod_mun": 3503901,
    "mae": 0.12418100287375566,
    "rmse": 0.2667847601751139,
    "r2": 0.690038376496867,
    "n_samples": 300
}