{
    "disease": "tuberculose",
    "cod_mun": 3527702,
    "mae": 0.5397274640906736,
    "rmse": 2.208739687574599,
    "r2": 0.07939381006841584,
    "n_samples": 300
}