{
    "disease": "hiv_aids",
    "cod_mun": 3556503,
    "mae": 1.0031180326862772,
    "rmse": 1.2830230445524526,
    "r2": 0.1377375148451695,
    "n_samples": 300
}