{
    "disease": "hiv_aids",
    "cod_mun": 3536901,
    "mae": 0.5152928814028568,
    "rmse": 3.129568293076509,
    "r2": 0.00036915831075789995,
    "n_samples": 300
}