{
    "disease": "sifilis",
    "cod_mun": 3552304,
    "mae": 0.6012216740674632,
    "rmse": 2.3942197178377462,
    "r2": 0.15166491699687257,
    "n_samples": 300
}