{
    "disease": "tuberculose",
    "cod_mun": 3521150,
    "mae": 0.3098038599829219,
    "rmse": 1.297195595664372,
    "r2": 0.26205972958176194,
    "n_samples": 300
}