{
    "disease": "hiv_aids",
    "cod_mun": 3512308,
    "mae": 2.0027161636738717,
    "rmse": 3.0558553665362758,
    "r2": 0.22366350943524083,
    "n_samples": 300
}