{
    "disease": "tuberculose",
    "cod_mun": 3541604,
    "mae": 1.2421945954331775,
    "rmse": 1.8965560671587942,
    "r2": 0.33562800254843006,
    "n_samples": 300
}