{
    "disease": "TX_tuberculose_00_23",
    "cod_mun": 3509957,
    "mae": 1.3543481429417927,
    "rmse": 1.3543509680643346,
    "r2": 0.0,
    "n_train": 251,
    "n_test": 12
}