{
    "disease": "hepatite",
    "cod_mun": 3547502,
    "mae": 0.3938070898015769,
    "rmse": 0.99680846040722,
    "r2": 0.4699130108150913,
    "n_samples": 300
}