{
    "disease": "TX_tuberculose_00_23",
    "cod_mun": 3521200,
    "mae": 2.0798038244668278,
    "rmse": 7.12176968751092,
    "r2": -0.09068380372123053,
    "n_train": 251,
    "n_test": 12
}