{
    "disease": "sifilis",
    "cod_mun": 3543709,
    "mae": 0.4322506432364137,
    "rmse": 1.2955663739075656,
    "r2": 0.7289553205633812,
    "n_samples": 300
}