{
    "disease": "TX_tuberculose_00_23",
    "cod_mun": 3536406,
    "mae": 0.6959112584590912,
    "rmse": 0.6960192204429801,
    "r2": 0.0,
    "n_train": 251,
    "n_test": 12
}