{
    "disease": "tuberculose",
    "cod_mun": 3550100,
    "mae": 0.6396594731841269,
    "rmse": 1.0116150201128886,
    "r2": 0.16539627463323825,
    "n_samples": 300
}