{
    "disease": "hanseniase",
    "cod_mun": 3545803,
    "mae": 0.08363685657995575,
    "rmse": 0.186222289228747,
    "r2": 0.15472672610394156,
    "n_samples": 300
}