{
    "disease": "TX_sifilis_00_23",
    "cod_mun": 3526209,
    "mae": 0.6655034208463079,
    "rmse": 1.528126847944628,
    "r2": -0.16933094397228676,
    "n_train": 251,
    "n_test": 12
}