{
    "disease": "hanseniase",
    "cod_mun": 3515004,
    "mae": 0.11737305760275159,
    "rmse": 0.1790452863806538,
    "r2": 0.1392325627852432,
    "n_samples": 300
}