{
    "disease": "hanseniase",
    "cod_mun": 3525201,
    "mae": 0.4659533453850814,
    "rmse": 1.1107289990056357,
    "r2": 0.14698445868249344,
    "n_samples": 300
}