{
    "disease": "TX_hiv_aids_00_23",
    "cod_mun": 3554755,
    "mae": 0.3757435555259387,
    "rmse": 0.37574594552986196,
    "r2": 0.0,
    "n_train": 251,
    "n_test": 12
}