{
    "disease": "hiv_aids",
    "cod_mun": 3500402,
    "mae": 4.082587831608462,
    "rmse": 5.521307829991173,
    "r2": 0.1480625969563525,
    "n_samples": 300
}