{
    "disease": "hanseniase",
    "cod_mun": 3544103,
    "mae": 0.07376025289704839,
    "rmse": 0.28963706260354355,
    "r2": 0.0049792307373225375,
    "n_samples": 300
}