{
    "disease": "hiv_aids",
    "cod_mun": 3501509,
    "mae": 0.9106744535158892,
    "rmse": 3.5870112626054955,
    "r2": 0.1064084077876245,
    "n_samples": 300
}