{
    "disease": "hiv_aids",
    "cod_mun": 3528858,
    "mae": 0.7241900272376957,
    "rmse": 3.7057461630053683,
    "r2": 1.8058851682156707e-05,
    "n_samples": 300
}