{
    "disease": "TX_hiv_aids_00_23",
    "cod_mun": 3506607,
    "mae": 0.5685137435793877,
    "rmse": 0.5775254394218917,
    "r2": 0.0,
    "n_train": 251,
    "n_test": 12
}