{
    "disease": "sifilis",
    "cod_mun": 3524303,
    "mae": 0.785227689439233,
    "rmse": 1.0618287799125137,
    "r2": -0.38330888418966813,
    "n_samples": 300
}