{
    "disease": "hanseniase",
    "cod_mun": 3518107,
    "mae": 0.533921614232836,
    "rmse": 2.4434343738799282,
    "r2": 0.20168087491716624,
    "n_samples": 300
}