{
    "disease": "TX_hepatite_00_23",
    "cod_mun": 3504701,
    "mae": 4.124349370729169,
    "rmse": 7.116100817575224,
    "r2": -0.001058791705402129,
    "n_train": 251,
    "n_test": 12
}