{
    "disease": "hiv_aids",
    "cod_mun": 3515103,
    "mae": 0.44791134571636915,
    "rmse": 0.6859776676558043,
    "r2": 0.08924132356728576,
    "n_samples": 300
}