{
    "disease": "hiv_aids",
    "cod_mun": 3513009,
    "mae": 0.5024441587933256,
    "rmse": 0.7169214714684814,
    "r2": 0.02790923188813088,
    "n_samples": 300
}