{
    "disease": "TX_hepatite_00_23",
    "cod_mun": 3502804,
    "mae": 0.21412684174788418,
    "rmse": 0.266260048581282,
    "r2": -0.33489093463486475,
    "n_train": 251,
    "n_test": 12
}