{
    "disease": "hiv_aids",
    "cod_mun": 3507605,
    "mae": 1.677512201648251,
    "rmse": 2.2259478412710547,
    "r2": -3.210587991680381,
    "n_samples": 300
}