{
    "disease": "TX_hepatite_00_23",
    "cod_mun": 3504602,
    "mae": 0.15099771320819855,
    "rmse": 0.15099771320819855,
    "r2": 0.0,
    "n_train": 251,
    "n_test": 12
}