{
    "disease": "hepatite",
    "cod_mun": 3552551,
    "mae": 1.6237989563729824,
    "rmse": 5.852627279055056,
    "r2": 0.17093918658855678,
    "n_samples": 300
}