{
    "disease": "TX_sifilis_00_23",
    "cod_mun": 3517802,
    "mae": 0.22659622132778168,
    "rmse": 0.22659622132778168,
    "r2": 0.0,
    "n_train": 251,
    "n_test": 12
}