{
    "disease": "sifilis",
    "cod_mun": 3507902,
    "mae": 0.11568980366255142,
    "rmse": 0.5064677656811781,
    "r2": 0.00026738766831257976,
    "n_samples": 300
}