{
    "disease": "TX_hiv_aids_00_23",
    "cod_mun": 3523404,
    "mae": 0.08029583096504211,
    "rmse": 0.09228138722966246,
    "r2": 0.0,
    "n_train": 251,
    "n_test": 12
}