{
    "disease": "hanseniase",
    "cod_mun": 3519402,
    "mae": 0.12657192280944016,
    "rmse": 0.7763602602733101,
    "r2": 0.005104317841345241,
    "n_samples": 300
}