{
    "disease": "hiv_aids",
    "cod_mun": 3534401,
    "mae": 0.3421765367489644,
    "rmse": 0.43982880425287346,
    "r2": 0.48404194147121005,
    "n_samples": 300
}