{
    "disease": "hiv_aids",
    "cod_mun": 3543907,
    "mae": 0.751256949422077,
    "rmse": 0.9408988035936149,
    "r2": -0.41938781863699104,
    "n_samples": 300
}