{
    "disease": "hepatite",
    "cod_mun": 3550704,
    "mae": 0.25208063827788774,
    "rmse": 0.5148040702680029,
    "r2": 0.1826401249126045,
    "n_samples": 300
}