{
    "disease": "TX_tuberculose_00_23",
    "cod_mun": 3527702,
    "mae": 0.05726241444547971,
    "rmse": 0.14387022561094584,
    "r2": 0.0,
    "n_train": 251,
    "n_test": 12
}