{
    "disease": "hiv_aids",
    "cod_mun": 3525706,
    "mae": 2.190309232948803,
    "rmse": 2.889588571682437,
    "r2": -0.025420737460905007,
    "n_samples": 300
}