{
    "disease": "TX_hiv_aids_00_23",
    "cod_mun": 3533502,
    "mae": 1.1264278982808207,
    "rmse": 1.1638501189778716,
    "r2": -0.07298517512417857,
    "n_train": 251,
    "n_test": 12
}