{
    "disease": "tuberculose",
    "cod_mun": 3521309,
    "mae": 0.47606451052936466,
    "rmse": 1.6314031831768503,
    "r2": 0.1380544280015933,
    "n_samples": 300
}