{
    "disease": "sifilis",
    "cod_mun": 3511904,
    "mae": 0.06800858784756354,
    "rmse": 0.701098572678816,
    "r2": 0.2739847113854176,
    "n_samples": 300
}