{
    "disease": "TX_sifilis_00_23",
    "cod_mun": 3524204,
    "mae": 0.22330601265033087,
    "rmse": 0.22330604490012984,
    "r2": 0.0,
    "n_train": 251,
    "n_test": 12
}