{
    "disease": "TX_hepatite_00_23",
    "cod_mun": 3502903,
    "mae": 0.1529008150100708,
    "rmse": 0.1529008150100708,
    "r2": 0.0,
    "n_train": 251,
    "n_test": 12
}