{
    "disease": "TX_hanseniase_00_23",
    "cod_mun": 3508702,
    "mae": 0.22696083784103394,
    "rmse": 0.22698670474850133,
    "r2": 0.0,
    "n_train": 251,
    "n_test": 12
}