{
    "disease": "hiv_aids",
    "cod_mun": 3513108,
    "mae": 2.2611699589329013,
    "rmse": 3.7394692216235628,
    "r2": -0.28721046763995006,
    "n_samples": 300
}