{
    "disease": "TX_tuberculose_00_23",
    "cod_mun": 3521408,
    "mae": 0.034234788889686264,
    "rmse": 0.04419191979883146,
    "r2": 0.0,
    "n_train": 251,
    "n_test": 12
}