{
    "disease": "hepatite",
    "cod_mun": 3526209,
    "mae": 0.25086661700058,
    "rmse": 0.6793206844606354,
    "r2": 0.08639700485396973,
    "n_samples": 300
}