{
    "disease": "hepatite",
    "cod_mun": 3553104,
    "mae": 1.117414848832819,
    "rmse": 3.631636891332061,
    "r2": 0.07679165755487516,
    "n_samples": 300
}