{
    "disease": "hiv_aids",
    "cod_mun": 3556107,
    "mae": 1.5337219244790306,
    "rmse": 2.900206545045146,
    "r2": 0.054425795396364274,
    "n_samples": 300
}