{
    "disease": "TX_hepatite_00_23",
    "cod_mun": 3510005,
    "mae": 1.5822899947755562,
    "rmse": 2.113586399691533,
    "r2": -0.0017085264472846973,
    "n_train": 251,
    "n_test": 12
}