{
    "disease": "hanseniase",
    "cod_mun": 3542602,
    "mae": 0.0967522021112108,
    "rmse": 0.28784678288988325,
    "r2": 0.06525856562707777,
    "n_samples": 300
}