{
    "disease": "TX_tuberculose_00_23",
    "cod_mun": 3537305,
    "mae": 0.39634222598482377,
    "rmse": 0.6042569720210507,
    "r2": -0.0135872125429084,
    "n_train": 251,
    "n_test": 12
}