{
    "disease": "hiv_aids",
    "cod_mun": 3507308,
    "mae": 0.1506061091080185,
    "rmse": 1.264984086674889,
    "r2": 0.0072196990045011455,
    "n_samples": 300
}