{
    "disease": "TX_hanseniase_00_23",
    "cod_mun": 3507605,
    "mae": 0.02203068711484472,
    "rmse": 0.022564833684615128,
    "r2": 0.0,
    "n_train": 251,
    "n_test": 12
}