{
    "disease": "TX_hepatite_00_23",
    "cod_mun": 3528809,
    "mae": 0.46681187332918245,
    "rmse": 0.675160124479335,
    "r2": 0.0,
    "n_train": 251,
    "n_test": 12
}