{
    "disease": "hiv_aids",
    "cod_mun": 3549904,
    "mae": 2.8996911664870644,
    "rmse": 4.795984544949277,
    "r2": -0.33982137893181874,
    "n_samples": 300
}