{
    "disease": "hiv_aids",
    "cod_mun": 3516309,
    "mae": 0.6072936504225739,
    "rmse": 0.8769537529430395,
    "r2": 0.25081930651538364,
    "n_samples": 300
}