{
    "disease": "hiv_aids",
    "cod_mun": 3513702,
    "mae": 0.4898264234171382,
    "rmse": 0.9161399156497317,
    "r2": 0.1381588562651188,
    "n_samples": 300
}