{
    "disease": "hanseniase",
    "cod_mun": 3556008,
    "mae": 0.11057024375755527,
    "rmse": 0.6646553236813646,
    "r2": 0.004746267520730374,
    "n_samples": 300
}