{
    "disease": "hepatite",
    "cod_mun": 3547601,
    "mae": 0.9288651619826298,
    "rmse": 1.6205935552482802,
    "r2": 0.12353813382062107,
    "n_samples": 300
}