{
    "disease": "hiv_aids",
    "cod_mun": 3546009,
    "mae": 2.3423312552199254,
    "rmse": 3.6219361048397944,
    "r2": 0.10159644630904685,
    "n_samples": 300
}