{
    "disease": "hanseniase",
    "cod_mun": 3549805,
    "mae": 0.10110781514611533,
    "rmse": 0.14866416700566826,
    "r2": 0.24172393181931195,
    "n_samples": 300
}