{
    "disease": "TX_sifilis_00_23",
    "cod_mun": 3544251,
    "mae": 0.9669122644815529,
    "rmse": 2.36844166758817,
    "r2": -0.1999999986967329,
    "n_train": 251,
    "n_test": 12
}