{
    "disease": "hiv_aids",
    "cod_mun": 3507407,
    "mae": 0.3869783903075228,
    "rmse": 1.4234167941430917,
    "r2": 0.0455840150250032,
    "n_samples": 300
}