{
    "disease": "hanseniase",
    "cod_mun": 3501608,
    "mae": 0.029802928290942676,
    "rmse": 0.13297789939054938,
    "r2": 0.06446376113960506,
    "n_samples": 300
}