{
    "disease": "TX_hepatite_00_23",
    "cod_mun": 3554656,
    "mae": 0.0007582849405783539,
    "rmse": 0.0012853899443923359,
    "r2": 0.0,
    "n_train": 251,
    "n_test": 12
}