{
    "disease": "TX_hanseniase_00_23",
    "cod_mun": 3538105,
    "mae": 0.0003055415872950107,
    "rmse": 0.0003055415872950107,
    "r2": 0.0,
    "n_train": 251,
    "n_test": 12
}