{
    "disease": "hiv_aids",
    "cod_mun": 3551702,
    "mae": 1.2423316934336655,
    "rmse": 1.5515511638036408,
    "r2": 0.4726679206616371,
    "n_samples": 300
}