{
    "disease": "sifilis",
    "cod_mun": 3522109,
    "mae": 0.2198668558813532,
    "rmse": 0.4129002860092795,
    "r2": 0.17950567206761303,
    "n_samples": 300
}