{
    "disease": "hiv_aids",
    "cod_mun": 3533809,
    "mae": 0.24572222289954093,
    "rmse": 2.12090829745459,
    "r2": 0.0026793989661638706,
    "n_samples": 300
}