{
    "disease": "sifilis",
    "cod_mun": 3544103,
    "mae": 0.21690546863112473,
    "rmse": 0.4922591389234351,
    "r2": 0.0027865567319752538,
    "n_samples": 300
}