{
    "disease": "hepatite",
    "cod_mun": 3528809,
    "mae": 0.8302585052932234,
    "rmse": 1.8794864891470549,
    "r2": 0.10264329845431897,
    "n_samples": 300
}