{
    "disease": "hiv_aids",
    "cod_mun": 3526001,
    "mae": 0.6357098275910605,
    "rmse": 1.520814813576672,
    "r2": 0.040066671700087486,
    "n_samples": 300
}