{
    "disease": "hepatite",
    "cod_mun": 3541505,
    "mae": 0.27809574789852454,
    "rmse": 0.6640238322134169,
    "r2": 0.17171041148096144,
    "n_samples": 300
}