{
    "disease": "sifilis",
    "cod_mun": 3526100,
    "mae": 0.5066194580218144,
    "rmse": 1.3114536364701206,
    "r2": 0.044852636886153596,
    "n_samples": 300
}