{
    "disease": "hepatite",
    "cod_mun": 3508405,
    "mae": 0.2594994211038586,
    "rmse": 0.5672747309455317,
    "r2": 0.0742594458620679,
    "n_samples": 300
}