{
    "disease": "sifilis",
    "cod_mun": 3505500,
    "mae": 0.5301788389936667,
    "rmse": 0.7901111879585387,
    "r2": 0.17530484312193984,
    "n_samples": 300
}