{
    "disease": "sifilis",
    "cod_mun": 3550704,
    "mae": 0.7559912491051942,
    "rmse": 1.1473355915958716,
    "r2": 0.34868980748467304,
    "n_samples": 300
}