{
    "disease": "hanseniase",
    "cod_mun": 3531100,
    "mae": 0.012446698254980567,
    "rmse": 0.10610086781466771,
    "r2": 0.0024819864727259056,
    "n_samples": 300
}