{
    "disease": "TX_sifilis_00_23",
    "cod_mun": 3534757,
    "mae": 0.35779231786727905,
    "rmse": 0.35779231786727905,
    "r2": 0.0,
    "n_train": 251,
    "n_test": 12
}