{
    "disease": "hanseniase",
    "cod_mun": 3528205,
    "mae": 0.5806402886101988,
    "rmse": 2.003391263288731,
    "r2": 0.658947863028307,
    "n_samples": 300
}