{
    "disease": "sifilis",
    "cod_mun": 3551207,
    "mae": 0.005590549696799474,
    "rmse": 0.02492619703483773,
    "r2": 0.9997558710452873,
    "n_samples": 300
}