{
    "disease": "hiv_aids",
    "cod_mun": 3504800,
    "mae": 3.1362775203148185,
    "rmse": 4.689721541140106,
    "r2": 0.04118605084966642,
    "n_samples": 300
}