{
    "disease": "TX_hepatite_00_23",
    "cod_mun": 3537602,
    "mae": 0.31718141036053366,
    "rmse": 0.4208906264868505,
    "r2": -0.11439191535422855,
    "n_train": 251,
    "n_test": 12
}