{
    "disease": "hanseniase",
    "cod_mun": 3510500,
    "mae": 0.10553499940373869,
    "rmse": 0.34568944197928425,
    "r2": -0.0053355489614177465,
    "n_samples": 300
}