{
    "disease": "sifilis",
    "cod_mun": 3506706,
    "mae": 0.5769297186297323,
    "rmse": 1.6435477408575474,
    "r2": 0.2534503002104803,
    "n_samples": 300
}