{
    "disease": "hiv_aids",
    "cod_mun": 3522901,
    "mae": 0.32656282203961734,
    "rmse": 1.143843223924043,
    "r2": 0.0010804088256261002,
    "n_samples": 300
}