{
    "disease": "hanseniase",
    "cod_mun": 3551207,
    "mae": 0.16066096011932046,
    "rmse": 1.347345542831061,
    "r2": 0.004644724435504122,
    "n_samples": 300
}