{
    "disease": "TX_sifilis_00_23",
    "cod_mun": 3519600,
    "mae": 0.13371082146962485,
    "rmse": 0.13512922685782158,
    "r2": 0.0,
    "n_train": 251,
    "n_test": 12
}