{
    "disease": "hanseniase",
    "cod_mun": 3519055,
    "mae": 0.13983698449941556,
    "rmse": 0.8878091007953334,
    "r2": 0.003535673748512047,
    "n_samples": 300
}