{
    "disease": "TX_hiv_aids_00_23",
    "cod_mun": 3526407,
    "mae": 0.27375340834259987,
    "rmse": 0.395207160434889,
    "r2": 0.0,
    "n_train": 251,
    "n_test": 12
}