{
    "disease": "hiv_aids",
    "cod_mun": 3517505,
    "mae": 3.0046692175985603,
    "rmse": 3.7451889517686148,
    "r2": 0.08974097744432086,
    "n_samples": 300
}