{
    "disease": "sifilis",
    "cod_mun": 3554706,
    "mae": 0.05297883129644013,
    "rmse": 0.5191764914297939,
    "r2": 0.17235497847756143,
    "n_samples": 300
}