{
    "disease": "hanseniase",
    "cod_mun": 3550001,
    "mae": 0.061674761360306446,
    "rmse": 0.535481276958113,
    "r2": 0.0031394725919559052,
    "n_samples": 300
}