{
    "disease": "hiv_aids",
    "cod_mun": 3509601,
    "mae": 1.029984436200941,
    "rmse": 1.3230288071607752,
    "r2": 0.29556576466207163,
    "n_samples": 300
}