{
    "disease": "TX_hanseniase_00_23",
    "cod_mun": 3544301,
    "mae": 0.05200796168840801,
    "rmse": 0.11881418449807211,
    "r2": 0.0,
    "n_train": 251,
    "n_test": 12
}