{
    "disease": "tuberculose",
    "cod_mun": 3518404,
    "mae": 0.3833866326544007,
    "rmse": 0.5786112337225077,
    "r2": 0.28532649496716256,
    "n_samples": 300
}