{
    "disease": "TX_hanseniase_00_23",
    "cod_mun": 3519006,
    "mae": 0.028571785039578874,
    "rmse": 0.05586249344647413,
    "r2": 0.0,
    "n_train": 251,
    "n_test": 12
}