{
    "disease": "hanseniase",
    "cod_mun": 3520608,
    "mae": 0.8007913506587304,
    "rmse": 2.7853798596525787,
    "r2": 0.011873380575940673,
    "n_samples": 300
}