{
    "disease": "hepatite",
    "cod_mun": 3532801,
    "mae": 0.3865624689560856,
    "rmse": 1.8924487746226444,
    "r2": 0.0049857429791200225,
    "n_samples": 300
}