{
    "disease": "hepatite",
    "cod_mun": 3527108,
    "mae": 0.31078845752364687,
    "rmse": 0.5457508794097565,
    "r2": 0.12659049773249964,
    "n_samples": 300
}