{
    "disease": "hanseniase",
    "cod_mun": 3510906,
    "mae": 0.23532800186655,
    "rmse": 1.9504958051933534,
    "r2": 0.004111064070870918,
    "n_samples": 300
}