{
    "disease": "tuberculose",
    "cod_mun": 3533908,
    "mae": 0.4480611587999046,
    "rmse": 0.8070894114412174,
    "r2": 0.08333228594367426,
    "n_samples": 300
}