{
    "disease": "hepatite",
    "cod_mun": 3503208,
    "mae": 0.3681669276072673,
    "rmse": 0.5708128853862917,
    "r2": 0.16618085943942051,
    "n_samples": 300
}