{
    "disease": "TX_sifilis_00_23",
    "cod_mun": 3505401,
    "mae": 0.7162864208221436,
    "rmse": 0.7162864208221436,
    "r2": 0.0,
    "n_train": 251,
    "n_test": 12
}