{
    "disease": "hanseniase",
    "cod_mun": 3504602,
    "mae": 0.03245615663138753,
    "rmse": 0.1816779637240631,
    "r2": 0.970898213407188,
    "n_samples": 300
}