{
    "disease": "TX_hiv_aids_00_23",
    "cod_mun": 3535200,
    "mae": 0.38429134835799533,
    "rmse": 0.40440461768355335,
    "r2": 0.0,
    "n_train": 251,
    "n_test": 12
}