{
    "disease": "hepatite",
    "cod_mun": 3514924,
    "mae": 0.28787698413052204,
    "rmse": 1.9916606142459186,
    "r2": 0.6834856190073532,
    "n_samples": 300
}