{
    "disease": "sifilis",
    "cod_mun": 3525805,
    "mae": 1.0059227831175674,
    "rmse": 3.332321230718439,
    "r2": 0.606548906369432,
    "n_samples": 300
}