{
    "disease": "sifilis",
    "cod_mun": 3546702,
    "mae": 0.3481083027147415,
    "rmse": 0.8734961455354916,
    "r2": 0.004932843441907919,
    "n_samples": 300
}