{
    "disease": "TX_hanseniase_00_23",
    "cod_mun": 3555703,
    "mae": 0.04872499561558167,
    "rmse": 0.04876870603630136,
    "r2": 0.0,
    "n_train": 251,
    "n_test": 12
}