{
    "disease": "sifilis",
    "cod_mun": 3556958,
    "mae": 0.009709519298881919,
    "rmse": 0.05302028542568587,
    "r2": 0.9997417494507894,
    "n_samples": 300
}