{
    "disease": "TX_hepatite_00_23",
    "cod_mun": 3513009,
    "mae": 0.1565764559233018,
    "rmse": 0.15695299438145663,
    "r2": -1.7050301794298561,
    "n_train": 251,
    "n_test": 12
}