{
    "disease": "hanseniase",
    "cod_mun": 3512001,
    "mae": 0.1463652067405175,
    "rmse": 0.6370295994827221,
    "r2": 0.005643261770373997,
    "n_samples": 300
}