{
    "disease": "TX_hanseniase_00_23",
    "cod_mun": 3526704,
    "mae": 0.972246186502621,
    "rmse": 1.4469883905602758,
    "r2": -0.4123694172242829,
    "n_train": 251,
    "n_test": 12
}