{
    "disease": "TX_hepatite_00_23",
    "cod_mun": 3535309,
    "mae": 1.0350206820761694,
    "rmse": 1.7103541804987028,
    "r2": 0.19425448497285014,
    "n_train": 251,
    "n_test": 12
}