{
    "disease": "TX_hiv_aids_00_23",
    "cod_mun": 3543501,
    "mae": 0.01960933565472563,
    "rmse": 0.02104542368760228,
    "r2": 0.0,
    "n_train": 251,
    "n_test": 12
}