{
    "disease": "TX_hiv_aids_00_23",
    "cod_mun": 3540002,
    "mae": 1.000206246972084,
    "rmse": 1.0462934645447757,
    "r2": 0.0,
    "n_train": 251,
    "n_test": 12
}