{
    "disease": "tuberculose",
    "cod_mun": 3548807,
    "mae": 0.46058835128261044,
    "rmse": 0.6501550564586009,
    "r2": 0.42985708565949576,
    "n_samples": 300
}