{
    "disease": "hiv_aids",
    "cod_mun": 3500550,
    "mae": 0.5721125826200075,
    "rmse": 2.2424547742277,
    "r2": 0.0005665198247127856,
    "n_samples": 300
}