{
    "disease": "TX_hepatite_00_23",
    "cod_mun": 3512407,
    "mae": 0.014552261680364609,
    "rmse": 0.014917117104771126,
    "r2": 0.0,
    "n_train": 251,
    "n_test": 12
}