{
    "disease": "TX_sifilis_00_23",
    "cod_mun": 3512001,
    "mae": 0.2280576986571153,
    "rmse": 0.23952970136538268,
    "r2": 0.0,
    "n_train": 251,
    "n_test": 12
}