{
    "disease": "sifilis",
    "cod_mun": 3538006,
    "mae": 0.23433360666095543,
    "rmse": 0.35623080652315886,
    "r2": 0.1650136669180331,
    "n_samples": 300
}