{
    "disease": "TX_tuberculose_00_23",
    "cod_mun": 3553500,
    "mae": 1.1664133568604786,
    "rmse": 1.1942605390536207,
    "r2": 0.0,
    "n_train": 251,
    "n_test": 12
}