{
    "disease": "TX_hanseniase_00_23",
    "cod_mun": 3540606,
    "mae": 0.03661607438698411,
    "rmse": 0.039166892206130254,
    "r2": 0.0,
    "n_train": 251,
    "n_test": 12
}