{
    "disease": "TX_sifilis_00_23",
    "cod_mun": 3525003,
    "mae": 0.36807911256285464,
    "rmse": 0.4139830874137992,
    "r2": -0.14582027051826651,
    "n_train": 251,
    "n_test": 12
}