{
    "disease": "TX_sifilis_00_23",
    "cod_mun": 3517109,
    "mae": 0.03311885520815849,
    "rmse": 0.03311885520815849,
    "r2": 0.0,
    "n_train": 251,
    "n_test": 12
}