{
    "disease": "TX_tuberculose_00_23",
    "cod_mun": 3531308,
    "mae": 1.1666449685271294,
    "rmse": 1.4175329561670764,
    "r2": -0.08708224623687189,
    "n_train": 251,
    "n_test": 12
}