{
    "disease": "hiv_aids",
    "cod_mun": 3543402,
    "mae": 1.791498616411296,
    "rmse": 2.533786349497671,
    "r2": 0.49801720734739663,
    "n_samples": 300
}