{
    "disease": "hanseniase",
    "cod_mun": 3511300,
    "mae": 0.21005341357532303,
    "rmse": 1.0303782179295935,
    "r2": 0.008919515911500309,
    "n_samples": 300
}