{
    "disease": "TX_tuberculose_00_23",
    "cod_mun": 3504206,
    "mae": 0.0710574938566424,
    "rmse": 0.19896445765854517,
    "r2": 0.0,
    "n_train": 251,
    "n_test": 12
}