{
    "disease": "TX_hanseniase_00_23",
    "cod_mun": 3552007,
    "mae": 0.13617406180128455,
    "rmse": 0.24202373865437024,
    "r2": 0.0,
    "n_train": 251,
    "n_test": 12
}