{
    "disease": "TX_hiv_aids_00_23",
    "cod_mun": 3536604,
    "mae": 4.83751116016279,
    "rmse": 7.459888928975051,
    "r2": 0.1358353819208239,
    "n_train": 251,
    "n_test": 12
}