{
    "disease": "hiv_aids",
    "cod_mun": 3539608,
    "mae": 0.7136328998664752,
    "rmse": 2.8126730324982447,
    "r2": 0.000338165012376046,
    "n_samples": 300
}