{
    "disease": "TX_hanseniase_00_23",
    "cod_mun": 3546405,
    "mae": 0.18714827567705059,
    "rmse": 0.625667593269581,
    "r2": -0.08931424216514405,
    "n_train": 251,
    "n_test": 12
}