{
    "disease": "tuberculose",
    "cod_mun": 3555406,
    "mae": 0.5984738629064769,
    "rmse": 0.9978146242077687,
    "r2": 0.5542774707317262,
    "n_samples": 300
}