{
    "disease": "hanseniase",
    "cod_mun": 3551801,
    "mae": 0.052060122943314496,
    "rmse": 0.44378428542516135,
    "r2": 0.005690091820586329,
    "n_samples": 300
}