{
    "disease": "TX_tuberculose_00_23",
    "cod_mun": 3548609,
    "mae": 0.25872032965222996,
    "rmse": 0.2701558845975285,
    "r2": 0.0,
    "n_train": 251,
    "n_test": 12
}