{
    "disease": "TX_hanseniase_00_23",
    "cod_mun": 3539301,
    "mae": 0.007972477750930315,
    "rmse": 0.009919149371032186,
    "r2": 0.0,
    "n_train": 251,
    "n_test": 12
}