{
    "disease": "hanseniase",
    "cod_mun": 3535309,
    "mae": 0.08914735171257919,
    "rmse": 0.4558288264557458,
    "r2": 0.002722485249612938,
    "n_samples": 300
}