{
    "disease": "hiv_aids",
    "cod_mun": 3539608,
    "mae": 0.7131421606048601,
    "rmse": 2.8127554591789634,
    "r2": 0.0002795730514089101,
    "n_samples": 300
}