{
    "disease": "hanseniase",
    "cod_mun": 3544301,
    "mae": 0.7593910712001881,
    "rmse": 1.7765873620197856,
    "r2": 0.04933470173905885,
    "n_samples": 300
}