{
    "disease": "hiv_aids",
    "cod_mun": 3511706,
    "mae": 0.8833575020011909,
    "rmse": 1.6459002852852687,
    "r2": 0.4512299247214274,
    "n_samples": 300
}