{
    "disease": "sifilis",
    "cod_mun": 3556602,
    "mae": 0.5212726537667478,
    "rmse": 1.8069120847266817,
    "r2": 0.09841209399183648,
    "n_samples": 300
}