{
    "disease": "hanseniase",
    "cod_mun": 3523206,
    "mae": 0.24404401724375893,
    "rmse": 0.5232742421564249,
    "r2": 0.024777814421679256,
    "n_samples": 300
}