{
    "disease": "tuberculose",
    "cod_mun": 3516408,
    "mae": 0.6240973212765953,
    "rmse": 0.8059682979214701,
    "r2": 0.6622124206564943,
    "n_samples": 300
}