{
    "disease": "tuberculose",
    "cod_mun": 3528007,
    "mae": 0.7259619972428064,
    "rmse": 1.5614265925627957,
    "r2": 0.0496309811310367,
    "n_samples": 300
}