{
    "disease": "hiv_aids",
    "cod_mun": 3504305,
    "mae": 2.9334388851344486,
    "rmse": 7.518510590823545,
    "r2": 0.07687468827519983,
    "n_samples": 300
}