{
    "disease": "TX_hanseniase_00_23",
    "cod_mun": 3524402,
    "mae": 0.0950168924749788,
    "rmse": 0.11466319190987127,
    "r2": -0.08945190829398486,
    "n_train": 251,
    "n_test": 12
}