{
    "disease": "hiv_aids",
    "cod_mun": 3529708,
    "mae": 1.3257743303378333,
    "rmse": 2.2863981611494757,
    "r2": 0.17901315477332957,
    "n_samples": 300
}