{
    "disease": "sifilis",
    "cod_mun": 3515400,
    "mae": 0.1629692383736494,
    "rmse": 0.721547909481758,
    "r2": 0.1743711579836439,
    "n_samples": 300
}