{
    "disease": "TX_hepatite_00_23",
    "cod_mun": 3520806,
    "mae": 14.46655135624593,
    "rmse": 17.458121212822522,
    "r2": -0.7883910988192859,
    "n_train": 251,
    "n_test": 12
}