{
    "disease": "TX_tuberculose_00_23",
    "cod_mun": 3557105,
    "mae": 0.6241559484516813,
    "rmse": 0.7789188672253505,
    "r2": 0.025518717991311668,
    "n_train": 251,
    "n_test": 12
}