{
    "disease": "TX_sifilis_00_23",
    "cod_mun": 3503901,
    "mae": 0.3673636814784568,
    "rmse": 0.7016711715159991,
    "r2": -0.20585994458801204,
    "n_train": 251,
    "n_test": 12
}