{
    "disease": "TX_sifilis_00_23",
    "cod_mun": 3553708,
    "mae": 0.3883957487634602,
    "rmse": 0.5516677527725472,
    "r2": -0.07037928410298133,
    "n_train": 251,
    "n_test": 12
}