{
    "disease": "TX_hiv_aids_00_23",
    "cod_mun": 3505005,
    "mae": 0.21826677024364471,
    "rmse": 0.21826677024364471,
    "r2": 0.0,
    "n_train": 251,
    "n_test": 12
}