{
    "disease": "TX_tuberculose_00_23",
    "cod_mun": 3508504,
    "mae": 0.7085886150238333,
    "rmse": 0.9003965211051049,
    "r2": -0.016648779133778824,
    "n_train": 251,
    "n_test": 12
}