{
    "disease": "TX_sifilis_00_23",
    "cod_mun": 3543253,
    "mae": 0.25629135966300964,
    "rmse": 0.25629135966300964,
    "r2": 0.0,
    "n_train": 251,
    "n_test": 12
}