{
    "disease": "TX_hepatite_00_23",
    "cod_mun": 3536208,
    "mae": 0.3722430268923442,
    "rmse": 0.37224317930310236,
    "r2": 0.0,
    "n_train": 251,
    "n_test": 12
}