{
    "disease": "hanseniase",
    "cod_mun": 3513405,
    "mae": 0.09940089720643963,
    "rmse": 0.3565388212769335,
    "r2": 0.025246323106817736,
    "n_samples": 300
}