{
    "disease": "sifilis",
    "cod_mun": 3550308,
    "mae": 0.11624883600788732,
    "rmse": 0.14276955464408786,
    "r2": 0.2895234392281435,
    "n_samples": 300
}