{
    "disease": "hanseniase",
    "cod_mun": 3533254,
    "mae": 0.20577907918300625,
    "rmse": 1.7382299447875462,
    "r2": 0.0035815435095521986,
    "n_samples": 300
}