{
    "disease": "TX_sifilis_00_23",
    "cod_mun": 3529500,
    "mae": 1.5841874259265936,
    "rmse": 4.605604005404423,
    "r2": -0.05709330748348185,
    "n_train": 251,
    "n_test": 12
}