{
    "disease": "tuberculose",
    "cod_mun": 3549607,
    "mae": 2.1138348868427914,
    "rmse": 5.666436405672675,
    "r2": 0.2664949469911245,
    "n_samples": 300
}