{
    "disease": "TX_sifilis_00_23",
    "cod_mun": 3530904,
    "mae": 2.278905593089538,
    "rmse": 7.737631893840929,
    "r2": -0.08693927462641238,
    "n_train": 251,
    "n_test": 12
}