{
    "disease": "hepatite",
    "cod_mun": 3556206,
    "mae": 0.2235465440367346,
    "rmse": 0.5222277437160638,
    "r2": 0.7432089992203194,
    "n_samples": 300
}