{
    "disease": "hanseniase",
    "cod_mun": 3514304,
    "mae": 0.3427246623142793,
    "rmse": 1.270350534464376,
    "r2": 0.05355386935368478,
    "n_samples": 300
}