{
    "disease": "hanseniase",
    "cod_mun": 3522901,
    "mae": 0.38551523397391785,
    "rmse": 1.5719375101021917,
    "r2": 0.24120823388310886,
    "n_samples": 300
}