{
    "disease": "TX_hiv_aids_00_23",
    "cod_mun": 3507704,
    "mae": 0.13383053243160248,
    "rmse": 0.13383053243160248,
    "r2": 0.0,
    "n_train": 251,
    "n_test": 12
}