{
    "disease": "hanseniase",
    "cod_mun": 3522505,
    "mae": 0.055879222123875937,
    "rmse": 0.1253315032764428,
    "r2": 0.11641918347218216,
    "n_samples": 300
}