{
    "disease": "hanseniase",
    "cod_mun": 3518503,
    "mae": 0.04053103201438881,
    "rmse": 0.34820255264394334,
    "r2": 0.004853123855145136,
    "n_samples": 300
}