{
    "disease": "TX_hanseniase_00_23",
    "cod_mun": 3544905,
    "mae": 0.08091401898612578,
    "rmse": 0.1322367235062003,
    "r2": 0.0,
    "n_train": 251,
    "n_test": 12
}