{
    "disease": "TX_tuberculose_00_23",
    "cod_mun": 3531902,
    "mae": 0.9629814808861615,
    "rmse": 1.5058318414487588,
    "r2": -0.1731390071461365,
    "n_train": 251,
    "n_test": 12
}