{
    "disease": "hanseniase",
    "cod_mun": 3506508,
    "mae": 0.1039645410123413,
    "rmse": 0.42046411456670757,
    "r2": 0.10108637099689333,
    "n_samples": 300
}