{
    "disease": "hiv_aids",
    "cod_mun": 3532843,
    "mae": 0.3345901237627093,
    "rmse": 2.7883801974280433,
    "r2": 0.007825653173671565,
    "n_samples": 300
}