{
    "disease": "tuberculose",
    "cod_mun": 3519071,
    "mae": 0.3257730355010191,
    "rmse": 0.4257849120231514,
    "r2": 0.12023284592989936,
    "n_samples": 300
}