{
    "disease": "hiv_aids",
    "cod_mun": 3543006,
    "mae": 0.2763200313296207,
    "rmse": 0.633796719147826,
    "r2": 0.1526827912021519,
    "n_samples": 300
}