{
    "disease": "TX_hanseniase_00_23",
    "cod_mun": 3523602,
    "mae": 0.004761887714266777,
    "rmse": 0.004761887714266777,
    "r2": 0.0,
    "n_train": 251,
    "n_test": 12
}