{
    "disease": "TX_hepatite_00_23",
    "cod_mun": 3555604,
    "mae": 0.38883572071790695,
    "rmse": 0.38885355028936935,
    "r2": 0.0,
    "n_train": 251,
    "n_test": 12
}