{
    "disease": "hepatite",
    "cod_mun": 3529609,
    "mae": 2.591030003663315,
    "rmse": 5.651569504640156,
    "r2": 0.0797843115815553,
    "n_samples": 300
}