{
    "disease": "TX_hanseniase_00_23",
    "cod_mun": 3510401,
    "mae": 0.005278661847114563,
    "rmse": 0.006872188077205313,
    "r2": 0.0,
    "n_train": 251,
    "n_test": 12
}