{
    "disease": "hanseniase",
    "cod_mun": 3546306,
    "mae": 0.11497239765585372,
    "rmse": 0.39849534306116835,
    "r2": 0.1152979598000412,
    "n_samples": 300
}