{
    "disease": "TX_sifilis_00_23",
    "cod_mun": 3517505,
    "mae": 0.06942901015281677,
    "rmse": 0.08069007605429894,
    "r2": 0.0,
    "n_train": 251,
    "n_test": 12
}