{
    "disease": "TX_hiv_aids_00_23",
    "cod_mun": 3512803,
    "mae": 1.1174898395935695,
    "rmse": 1.2703219657460147,
    "r2": 0.0,
    "n_train": 251,
    "n_test": 12
}