{
    "disease": "sifilis",
    "cod_mun": 3528700,
    "mae": 0.4617448280279925,
    "rmse": 2.0859252844559326,
    "r2": 0.2582706983939558,
    "n_samples": 300
}