{
    "disease": "TX_tuberculose_00_23",
    "cod_mun": 3554201,
    "mae": 4.696174886089943,
    "rmse": 13.804935266233983,
    "r2": -0.06848743010386027,
    "n_train": 251,
    "n_test": 12
}