{
    "disease": "hiv_aids",
    "cod_mun": 3544251,
    "mae": 0.6483590650568394,
    "rmse": 2.0040919092197034,
    "r2": -0.04246934846993655,
    "n_samples": 300
}