{
    "disease": "hepatite",
    "cod_mun": 3531605,
    "mae": 1.2792021253839057,
    "rmse": 3.965034176209956,
    "r2": 0.0006074431607006048,
    "n_samples": 300
}