{
    "disease": "hiv_aids",
    "cod_mun": 3508306,
    "mae": 2.6245822306551227,
    "rmse": 5.417627617126548,
    "r2": 0.08957871672777629,
    "n_samples": 300
}