{
    "disease": "hiv_aids",
    "cod_mun": 3553302,
    "mae": 1.1394834216385281,
    "rmse": 1.7965119872421262,
    "r2": 0.11157091196427604,
    "n_samples": 300
}