{
    "disease": "TX_hepatite_00_23",
    "cod_mun": 3536802,
    "mae": 1.5609081983566284,
    "rmse": 1.582956858740933,
    "r2": 0.0,
    "n_train": 251,
    "n_test": 12
}