{
    "disease": "TX_sifilis_00_23",
    "cod_mun": 3547601,
    "mae": 0.8632323119209963,
    "rmse": 1.6647923295204659,
    "r2": -0.12871916867477928,
    "n_train": 251,
    "n_test": 12
}