{
    "disease": "TX_hepatite_00_23",
    "cod_mun": 3529104,
    "mae": 1.855582098166148,
    "rmse": 2.091925971383816,
    "r2": 0.0,
    "n_train": 251,
    "n_test": 12
}