{
    "disease": "tuberculose",
    "cod_mun": 3500402,
    "mae": 0.7729267691964853,
    "rmse": 2.29153421935165,
    "r2": 0.12638957940933304,
    "n_samples": 300
}