{
    "disease": "TX_hepatite_00_23",
    "cod_mun": 3506706,
    "mae": 0.1321409069156895,
    "rmse": 0.19037992093883443,
    "r2": 0.0,
    "n_train": 251,
    "n_test": 12
}