{
    "disease": "tuberculose",
    "cod_mun": 3534203,
    "mae": 0.20439599637301006,
    "rmse": 1.0325739527975113,
    "r2": 0.4627969188271217,
    "n_samples": 300
}