{
    "disease": "hepatite",
    "cod_mun": 3515905,
    "mae": 2.4313863214445863,
    "rmse": 7.3915229220255325,
    "r2": 0.0043208066211812834,
    "n_samples": 300
}