{
    "disease": "TX_sifilis_00_23",
    "cod_mun": 3519055,
    "mae": 1.1518108807938188,
    "rmse": 2.4629338163334875,
    "r2": -0.1453711761783849,
    "n_train": 251,
    "n_test": 12
}