{
    "disease": "hanseniase",
    "cod_mun": 3500105,
    "mae": 0.2780078813698564,
    "rmse": 0.7054000834811914,
    "r2": 0.03723276442202872,
    "n_samples": 300
}