{
    "disease": "hiv_aids",
    "cod_mun": 3509452,
    "mae": 0.27941615243730145,
    "rmse": 1.571209051639779,
    "r2": 0.2654018244548887,
    "n_samples": 300
}