{
    "disease": "hiv_aids",
    "cod_mun": 3502408,
    "mae": 2.756916847839636,
    "rmse": 5.886398298374506,
    "r2": 0.08238845615727097,
    "n_samples": 300
}