{
    "disease": "hanseniase",
    "cod_mun": 3519402,
    "mae": 0.1261294978520756,
    "rmse": 0.7765276487782933,
    "r2": 0.004675259162505774,
    "n_samples": 300
}