{
    "disease": "tuberculose",
    "cod_mun": 3517307,
    "mae": 0.9447127489996621,
    "rmse": 2.89989643884229,
    "r2": 0.045029161915564164,
    "n_samples": 300
}