{
    "disease": "sifilis",
    "cod_mun": 3541307,
    "mae": 0.2762756634588291,
    "rmse": 0.610073365435434,
    "r2": 0.13159409512920583,
    "n_samples": 300
}