{
    "disease": "sifilis",
    "cod_mun": 3522406,
    "mae": 0.4329026964444856,
    "rmse": 0.8809761981003253,
    "r2": -0.15238028663370473,
    "n_samples": 300
}