{
    "disease": "TX_hepatite_00_23",
    "cod_mun": 3529906,
    "mae": 0.013296791662772497,
    "rmse": 0.02461620894505531,
    "r2": 0.0,
    "n_train": 251,
    "n_test": 12
}