{
    "disease": "tuberculose",
    "cod_mun": 3540259,
    "mae": 0.5081721034011906,
    "rmse": 2.5474671233118915,
    "r2": 0.0007324601794757024,
    "n_samples": 300
}