{
    "disease": "TX_hiv_aids_00_23",
    "cod_mun": 3504503,
    "mae": 2.1969115964341257,
    "rmse": 2.2182334645308504,
    "r2": -54.30438030325234,
    "n_train": 251,
    "n_test": 12
}