{
    "disease": "hepatite",
    "cod_mun": 3540309,
    "mae": 2.6869349133516223,
    "rmse": 6.95594477106216,
    "r2": 0.07278606074740068,
    "n_samples": 300
}