{
    "disease": "hiv_aids",
    "cod_mun": 3502754,
    "mae": 0.6071739480389774,
    "rmse": 1.541269412646447,
    "r2": 0.0420183344377385,
    "n_samples": 300
}