{
    "disease": "TX_hiv_aids_00_23",
    "cod_mun": 3529005,
    "mae": 0.5612406312017729,
    "rmse": 0.6315631142215672,
    "r2": -1.5547306466238555,
    "n_train": 251,
    "n_test": 12
}