{
    "disease": "TX_sifilis_00_23",
    "cod_mun": 3521408,
    "mae": 0.4585772671666155,
    "rmse": 1.3028176799480309,
    "r2": -0.052868546135224515,
    "n_train": 251,
    "n_test": 12
}