{
    "disease": "TX_tuberculose_00_23",
    "cod_mun": 3518503,
    "mae": 2.7637573045771546,
    "rmse": 4.328846548054973,
    "r2": -0.08808649433707028,
    "n_train": 251,
    "n_test": 12
}