{
    "disease": "hepatite",
    "cod_mun": 3553500,
    "mae": 0.1729453525610295,
    "rmse": 0.9999492583176361,
    "r2": 0.012836083626820316,
    "n_samples": 300
}