{
    "disease": "TX_sifilis_00_23",
    "cod_mun": 3550308,
    "mae": 0.1946966909983042,
    "rmse": 0.2214753719702574,
    "r2": -5.886398370096292,
    "n_train": 251,
    "n_test": 12
}