{
    "disease": "hepatite",
    "cod_mun": 3505708,
    "mae": 0.3097285430441538,
    "rmse": 0.46619698630191,
    "r2": 0.21894504556808647,
    "n_samples": 300
}