{
    "disease": "hiv_aids",
    "cod_mun": 3557006,
    "mae": 0.7706689193933288,
    "rmse": 1.1695530550624174,
    "r2": 0.4031305416426568,
    "n_samples": 300
}