{
    "disease": "tuberculose",
    "cod_mun": 3521408,
    "mae": 0.7618104403394854,
    "rmse": 1.5950951436731553,
    "r2": 0.2984793837170566,
    "n_samples": 300
}