{
    "disease": "tuberculose",
    "cod_mun": 3526803,
    "mae": 0.8506937707414501,
    "rmse": 1.0589243749384787,
    "r2": 0.06338754559046134,
    "n_samples": 300
}