{
    "disease": "TX_hanseniase_00_23",
    "cod_mun": 3522307,
    "mae": 0.04442099699129661,
    "rmse": 0.04869501816762196,
    "r2": 0.0,
    "n_train": 251,
    "n_test": 12
}