{
    "disease": "TX_tuberculose_00_23",
    "cod_mun": 3504305,
    "mae": 2.1502642947308455,
    "rmse": 6.1115960071192585,
    "r2": -0.01361816409564054,
    "n_train": 251,
    "n_test": 12
}