{
    "disease": "hepatite",
    "cod_mun": 3528908,
    "mae": 0.008188507019204013,
    "rmse": 0.0339746735605433,
    "r2": 0.9995116706953017,
    "n_samples": 300
}