{
    "disease": "TX_sifilis_00_23",
    "cod_mun": 3517208,
    "mae": 0.0451404445436007,
    "rmse": 0.087378108026846,
    "r2": 0.0,
    "n_train": 251,
    "n_test": 12
}