{
    "disease": "hanseniase",
    "cod_mun": 3542107,
    "mae": 0.28311446498832654,
    "rmse": 1.0657031618201365,
    "r2": 0.19996084910027634,
    "n_samples": 300
}