{
    "disease": "hiv_aids",
    "cod_mun": 3540606,
    "mae": 0.5731925801086819,
    "rmse": 0.8728350516980458,
    "r2": 0.11298425285666402,
    "n_samples": 300
}