{
    "disease": "sifilis",
    "cod_mun": 3538303,
    "mae": 0.18623109534063628,
    "rmse": 1.5618267082143589,
    "r2": 0.0029613452758637804,
    "n_samples": 300
}