{
    "disease": "TX_tuberculose_00_23",
    "cod_mun": 3530508,
    "mae": 0.849656603209855,
    "rmse": 0.9781140858017309,
    "r2": -0.0008313982408323373,
    "n_train": 251,
    "n_test": 12
}