{
    "disease": "hanseniase",
    "cod_mun": 3525102,
    "mae": 0.42609788061716,
    "rmse": 1.155520410579371,
    "r2": 0.1525166857881256,
    "n_samples": 300
}