{
    "disease": "sifilis",
    "cod_mun": 3549706,
    "mae": 0.0626254331163031,
    "rmse": 0.23819536581274361,
    "r2": 0.0026679946248334696,
    "n_samples": 300
}