{
    "disease": "hiv_aids",
    "cod_mun": 3519071,
    "mae": 9.832012664967348,
    "rmse": 12.426339463246107,
    "r2": -2.563988833580715,
    "n_samples": 300
}