{
    "disease": "TX_hiv_aids_00_23",
    "cod_mun": 3553500,
    "mae": 0.08952865671987335,
    "rmse": 0.13097028590906837,
    "r2": 0.0,
    "n_train": 251,
    "n_test": 12
}