{
    "disease": "hanseniase",
    "cod_mun": 3550209,
    "mae": 0.04457973041328781,
    "rmse": 0.2611880760715344,
    "r2": 0.006178643282924501,
    "n_samples": 300
}