{
    "disease": "hiv_aids",
    "cod_mun": 3539400,
    "mae": 2.5931944412024395,
    "rmse": 3.753866594862419,
    "r2": 0.015612091809230288,
    "n_samples": 300
}