{
    "disease": "TX_tuberculose_00_23",
    "cod_mun": 3527306,
    "mae": 0.35885544926298185,
    "rmse": 0.5475828158311299,
    "r2": -0.1246024048113783,
    "n_train": 251,
    "n_test": 12
}