{
    "disease": "TX_tuberculose_00_23",
    "cod_mun": 3503505,
    "mae": 0.005784016956264774,
    "rmse": 0.006026579646960269,
    "r2": 0.0,
    "n_train": 251,
    "n_test": 12
}