{
    "disease": "hanseniase",
    "cod_mun": 3552106,
    "mae": 0.03698184598505764,
    "rmse": 0.22499674216023668,
    "r2": 0.001017293726300883,
    "n_samples": 300
}