{
    "disease": "TX_hepatite_00_23",
    "cod_mun": 3540903,
    "mae": 0.0022754598855196186,
    "rmse": 0.004522200543446648,
    "r2": 0.0,
    "n_train": 251,
    "n_test": 12
}