{
    "disease": "TX_sifilis_00_23",
    "cod_mun": 3553609,
    "mae": 0.05922616645693779,
    "rmse": 0.05922616645693779,
    "r2": 0.0,
    "n_train": 251,
    "n_test": 12
}