{
    "disease": "hanseniase",
    "cod_mun": 3519071,
    "mae": 0.0992003407039852,
    "rmse": 0.18836836535792156,
    "r2": 0.028055433486555148,
    "n_samples": 300
}