{
    "disease": "sifilis",
    "cod_mun": 3511201,
    "mae": 0.9507579263386071,
    "rmse": 2.810350901735489,
    "r2": 0.07147416871154733,
    "n_samples": 300
}