{
    "disease": "TX_hiv_aids_00_23",
    "cod_mun": 3528502,
    "mae": 0.34771880113084946,
    "rmse": 0.42214505358059157,
    "r2": -0.03439430047206771,
    "n_train": 251,
    "n_test": 12
}