{
    "disease": "hanseniase",
    "cod_mun": 3518206,
    "mae": 0.12934832642117775,
    "rmse": 0.46753957011027686,
    "r2": 0.016382887625291942,
    "n_samples": 300
}