{
    "disease": "sifilis",
    "cod_mun": 3532058,
    "mae": 0.14712775318943686,
    "rmse": 1.248934466675153,
    "r2": 0.0034776408335867037,
    "n_samples": 300
}