{
    "disease": "TX_hanseniase_00_23",
    "cod_mun": 3541208,
    "mae": 0.0017370407100922118,
    "rmse": 0.0021294167549728554,
    "r2": 0.0,
    "n_train": 251,
    "n_test": 12
}