{
    "disease": "TX_tuberculose_00_23",
    "cod_mun": 3506300,
    "mae": 1.2224156020970993,
    "rmse": 2.393578811866017,
    "r2": -0.01321531616160132,
    "n_train": 251,
    "n_test": 12
}