{
    "disease": "hiv_aids",
    "cod_mun": 3536257,
    "mae": 7.014307121027883,
    "rmse": 22.76605259762983,
    "r2": -0.06993400970430796,
    "n_samples": 300
}