{
    "disease": "TX_hanseniase_00_23",
    "cod_mun": 3507407,
    "mae": 0.024873202356199425,
    "rmse": 0.024873225253929845,
    "r2": 0.0,
    "n_train": 251,
    "n_test": 12
}