{
    "disease": "sifilis",
    "cod_mun": 3556453,
    "mae": 0.26197080369554165,
    "rmse": 0.4142712633304718,
    "r2": -0.06622562652015351,
    "n_samples": 300
}