{
    "disease": "hepatite",
    "cod_mun": 3545704,
    "mae": 0.5079038803350392,
    "rmse": 2.301591624958678,
    "r2": 0.5582953596062483,
    "n_samples": 300
}