{
    "disease": "TX_sifilis_00_23",
    "cod_mun": 3543808,
    "mae": 0.9848740403168446,
    "rmse": 3.100836377914497,
    "r2": -0.07722114487078025,
    "n_train": 251,
    "n_test": 12
}