{
    "disease": "TX_sifilis_00_23",
    "cod_mun": 3556305,
    "mae": 0.3477343279289185,
    "rmse": 1.0579893272064809,
    "r2": 0.17172713930215222,
    "n_train": 251,
    "n_test": 12
}