{
    "disease": "TX_hepatite_00_23",
    "cod_mun": 3509403,
    "mae": 0.14751205686479807,
    "rmse": 0.17792018190844175,
    "r2": 0.0,
    "n_train": 251,
    "n_test": 12
}