{
    "disease": "TX_hiv_aids_00_23",
    "cod_mun": 3527009,
    "mae": 0.19746488332748413,
    "rmse": 0.19748357978457806,
    "r2": 0.0,
    "n_train": 251,
    "n_test": 12
}