{
    "disease": "sifilis",
    "cod_mun": 3534401,
    "mae": 0.2448346505972996,
    "rmse": 0.33973670180313287,
    "r2": 0.7635806005831636,
    "n_samples": 300
}