{
    "disease": "sifilis",
    "cod_mun": 3553807,
    "mae": 0.3832388108577612,
    "rmse": 1.0788172447960178,
    "r2": 0.04763785717995217,
    "n_samples": 300
}