{
    "disease": "hanseniase",
    "cod_mun": 3522158,
    "mae": 0.20388665013915663,
    "rmse": 1.7227864864723876,
    "r2": 0.0027887131321113756,
    "n_samples": 300
}