{
    "disease": "TX_hiv_aids_00_23",
    "cod_mun": 3517604,
    "mae": 0.11111228385319312,
    "rmse": 0.1991154074158247,
    "r2": 0.0,
    "n_train": 251,
    "n_test": 12
}