{
    "disease": "hepatite",
    "cod_mun": 3517703,
    "mae": 0.7771965734876035,
    "rmse": 1.678547574900356,
    "r2": 0.1217478391561001,
    "n_samples": 300
}