{
    "disease": "hanseniase",
    "cod_mun": 3509452,
    "mae": 0.11924667142730878,
    "rmse": 1.0406074516936301,
    "r2": 0.002507757145353895,
    "n_samples": 300
}