{
    "disease": "TX_hanseniase_00_23",
    "cod_mun": 3500709,
    "mae": 0.18043767288327217,
    "rmse": 0.18069688907352366,
    "r2": 0.0,
    "n_train": 251,
    "n_test": 12
}