{
    "disease": "hiv_aids",
    "cod_mun": 3539103,
    "mae": 1.186059798654401,
    "rmse": 2.0081262682068064,
    "r2": 0.34182020725068973,
    "n_samples": 300
}