{
    "disease": "TX_sifilis_00_23",
    "cod_mun": 3544004,
    "mae": 0.42142880706283964,
    "rmse": 0.9893133969233424,
    "r2": -0.2715733395110689,
    "n_train": 251,
    "n_test": 12
}