{
    "disease": "TX_tuberculose_00_23",
    "cod_mun": 3500105,
    "mae": 0.3622824736691637,
    "rmse": 0.8105941433644392,
    "r2": -0.015329956542514234,
    "n_train": 251,
    "n_test": 12
}