{
    "disease": "TX_hiv_aids_00_23",
    "cod_mun": 3530508,
    "mae": 2.7832307286118105,
    "rmse": 2.81182623721433,
    "r2": -43.3627213968657,
    "n_train": 251,
    "n_test": 12
}