{
    "disease": "hiv_aids",
    "cod_mun": 3519055,
    "mae": 4.76200071291238,
    "rmse": 7.118588960513103,
    "r2": 0.25285677228626735,
    "n_samples": 300
}