{
    "disease": "sifilis",
    "cod_mun": 3514924,
    "mae": 0.20929441895404716,
    "rmse": 1.7695019663798197,
    "r2": 0.0038898640815350216,
    "n_samples": 300
}