{
    "disease": "hiv_aids",
    "cod_mun": 3532504,
    "mae": 5.1605735339227685,
    "rmse": 6.674351744284131,
    "r2": 0.09850984438521693,
    "n_samples": 300
}