{
    "disease": "hanseniase",
    "cod_mun": 3503703,
    "mae": 0.6373731346309464,
    "rmse": 1.8944503136204838,
    "r2": 0.09236890195763658,
    "n_samples": 300
}