{
    "disease": "hanseniase",
    "cod_mun": 3554003,
    "mae": 0.1469462061571417,
    "rmse": 0.272261726923015,
    "r2": 0.13915136819340101,
    "n_samples": 300
}