{
    "disease": "tuberculose",
    "cod_mun": 3506706,
    "mae": 0.9359421310388334,
    "rmse": 2.0206608045632835,
    "r2": 0.041791773720953995,
    "n_samples": 300
}