{
    "disease": "hiv_aids",
    "cod_mun": 3518800,
    "mae": 1.0863585628918118,
    "rmse": 1.5343280529439043,
    "r2": -7.123017075794426,
    "n_samples": 300
}