{
    "disease": "hiv_aids",
    "cod_mun": 3516200,
    "mae": 0.591720944874556,
    "rmse": 0.7866621022944545,
    "r2": 0.17601040659442968,
    "n_samples": 300
}