{
    "disease": "tuberculose",
    "cod_mun": 3521507,
    "mae": 0.2573073598354808,
    "rmse": 1.6391340467885454,
    "r2": 0.00418328059910511,
    "n_samples": 300
}