{
    "disease": "hanseniase",
    "cod_mun": 3538006,
    "mae": 0.05592305469246995,
    "rmse": 0.15239693012657,
    "r2": 0.06559655627306482,
    "n_samples": 300
}