{
    "disease": "sifilis",
    "cod_mun": 3552601,
    "mae": 0.4360682104782279,
    "rmse": 1.3317865330273007,
    "r2": 0.021982721673653005,
    "n_samples": 300
}