{
    "disease": "TX_hanseniase_00_23",
    "cod_mun": 3502804,
    "mae": 0.13008900545537472,
    "rmse": 0.13040705419660523,
    "r2": 0.0,
    "n_train": 251,
    "n_test": 12
}