{
    "disease": "TX_hepatite_00_23",
    "cod_mun": 3544905,
    "mae": 0.5023441389203072,
    "rmse": 0.5393953321362813,
    "r2": 0.0,
    "n_train": 251,
    "n_test": 12
}