{
    "disease": "TX_sifilis_00_23",
    "cod_mun": 3512308,
    "mae": 0.3364914779861768,
    "rmse": 0.3626414560259313,
    "r2": 0.0,
    "n_train": 251,
    "n_test": 12
}