{
    "disease": "TX_hanseniase_00_23",
    "cod_mun": 3523404,
    "mae": 0.024412186117842793,
    "rmse": 0.035352119014254925,
    "r2": 0.0,
    "n_train": 251,
    "n_test": 12
}