{
    "disease": "hanseniase",
    "cod_mun": 3510302,
    "mae": 0.14568909662409196,
    "rmse": 0.684399623615942,
    "r2": 0.18314629430681373,
    "n_samples": 300
}