{
    "disease": "hiv_aids",
    "cod_mun": 3505104,
    "mae": 0.9680114589704613,
    "rmse": 2.541529285549907,
    "r2": 0.10251276871403792,
    "n_samples": 300
}