{
    "disease": "sifilis",
    "cod_mun": 3525102,
    "mae": 0.29688878553468623,
    "rmse": 0.6649084099173285,
    "r2": 0.08532538870458128,
    "n_samples": 300
}