{
    "disease": "TX_hepatite_00_23",
    "cod_mun": 3509957,
    "mae": 0.1822401595612367,
    "rmse": 0.18249266330212244,
    "r2": 0.0,
    "n_train": 251,
    "n_test": 12
}