{
    "disease": "hanseniase",
    "cod_mun": 3538709,
    "mae": 0.06518767629444384,
    "rmse": 0.10493843318760461,
    "r2": 0.032174292620132605,
    "n_samples": 300
}