{
    "disease": "sifilis",
    "cod_mun": 3505807,
    "mae": 0.4385746532555419,
    "rmse": 1.0920895455076527,
    "r2": 0.42200809142657303,
    "n_samples": 300
}