{
    "disease": "hepatite",
    "cod_mun": 3519501,
    "mae": 1.742005453484731,
    "rmse": 4.071257051197532,
    "r2": 0.09843334665690762,
    "n_samples": 300
}