{
    "disease": "TX_sifilis_00_23",
    "cod_mun": 3539806,
    "mae": 0.8851371184762926,
    "rmse": 1.2904810589923899,
    "r2": -0.49622209704079734,
    "n_train": 251,
    "n_test": 12
}