{
    "disease": "sifilis",
    "cod_mun": 3547403,
    "mae": 0.28193698039649184,
    "rmse": 2.3020214998863233,
    "r2": 0.004652018510920675,
    "n_samples": 300
}