{
    "disease": "hanseniase",
    "cod_mun": 3540408,
    "mae": 0.3137417564411864,
    "rmse": 1.903159328466518,
    "r2": 0.0032580570246424356,
    "n_samples": 300
}