{
    "disease": "hanseniase",
    "cod_mun": 3528403,
    "mae": 0.058361055661888595,
    "rmse": 0.25088047656375173,
    "r2": 0.0010528391759065947,
    "n_samples": 300
}