{
    "disease": "hanseniase",
    "cod_mun": 3531308,
    "mae": 0.17850613094399279,
    "rmse": 0.43903223432784655,
    "r2": 0.07100296386929417,
    "n_samples": 300
}