{
    "disease": "tuberculose",
    "cod_mun": 3537701,
    "mae": 0.00448245659423633,
    "rmse": 0.027775483091688122,
    "r2": 0.9992500196655866,
    "n_samples": 300
}