{
    "disease": "hepatite",
    "cod_mun": 3530409,
    "mae": 15.7275689772433,
    "rmse": 25.398974681249612,
    "r2": 0.35134876034023443,
    "n_samples": 300
}