{
    "disease": "TX_hanseniase_00_23",
    "cod_mun": 3507308,
    "mae": 0.03410179167985916,
    "rmse": 0.03410258409962199,
    "r2": 0.0,
    "n_train": 251,
    "n_test": 12
}