{
    "disease": "TX_tuberculose_00_23",
    "cod_mun": 3538709,
    "mae": 0.3586895446225553,
    "rmse": 0.39589677505839366,
    "r2": -0.87648102958984,
    "n_train": 251,
    "n_test": 12
}