{
    "disease": "sifilis",
    "cod_mun": 3519204,
    "mae": 0.4736346572482318,
    "rmse": 1.8901095762503994,
    "r2": 0.1437875974798325,
    "n_samples": 300
}