{
    "disease": "hanseniase",
    "cod_mun": 3537305,
    "mae": 0.1317995774346547,
    "rmse": 0.33945310834804887,
    "r2": 0.5218071448442091,
    "n_samples": 300
}