{
    "disease": "TX_tuberculose_00_23",
    "cod_mun": 3524105,
    "mae": 1.2210968047579793,
    "rmse": 1.8758801808702743,
    "r2": -0.19972876881665602,
    "n_train": 251,
    "n_test": 12
}