{
    "disease": "TX_hiv_aids_00_23",
    "cod_mun": 3513306,
    "mae": 0.145051971077919,
    "rmse": 0.145051971077919,
    "r2": 0.0,
    "n_train": 251,
    "n_test": 12
}