{
    "disease": "TX_hanseniase_00_23",
    "cod_mun": 3521309,
    "mae": 0.19019666810830435,
    "rmse": 0.2122849022217648,
    "r2": 0.0,
    "n_train": 251,
    "n_test": 12
}