{
    "disease": "hiv_aids",
    "cod_mun": 3519907,
    "mae": 1.2087676569785315,
    "rmse": 3.2176382572096047,
    "r2": 0.25045943660714554,
    "n_samples": 300
}