{
    "disease": "sifilis",
    "cod_mun": 3523404,
    "mae": 0.14630118322631067,
    "rmse": 0.27918141969515925,
    "r2": 0.0012464763513584387,
    "n_samples": 300
}