{
    "disease": "TX_hiv_aids_00_23",
    "cod_mun": 3531407,
    "mae": 1.3578774356609304,
    "rmse": 1.5335022390619708,
    "r2": -0.41906642458326826,
    "n_train": 251,
    "n_test": 12
}