{
    "disease": "TX_hanseniase_00_23",
    "cod_mun": 3507100,
    "mae": 0.030520718544721603,
    "rmse": 0.030520718544721603,
    "r2": 0.0,
    "n_train": 251,
    "n_test": 12
}