{
    "disease": "TX_tuberculose_00_23",
    "cod_mun": 3516606,
    "mae": 0.019869133674850065,
    "rmse": 0.035530351219236186,
    "r2": 0.0,
    "n_train": 251,
    "n_test": 12
}