{
    "disease": "tuberculose",
    "cod_mun": 3509908,
    "mae": 0.7651529039645131,
    "rmse": 1.7711952077485247,
    "r2": 0.15212953851066757,
    "n_samples": 300
}