{
    "disease": "sifilis",
    "cod_mun": 3509502,
    "mae": 0.11091635300663186,
    "rmse": 0.1551892299568735,
    "r2": 0.1631203630711081,
    "n_samples": 300
}