{
    "disease": "TX_hiv_aids_00_23",
    "cod_mun": 3511904,
    "mae": 0.324498107113565,
    "rmse": 0.6397516761637787,
    "r2": 0.0,
    "n_train": 251,
    "n_test": 12
}