{
    "disease": "TX_sifilis_00_23",
    "cod_mun": 3555109,
    "mae": 2.7021173776079794,
    "rmse": 3.8167068102943555,
    "r2": -0.5035835478173576,
    "n_train": 251,
    "n_test": 12
}