{
    "disease": "TX_sifilis_00_23",
    "cod_mun": 3515103,
    "mae": 0.23537945747375488,
    "rmse": 0.23537945747375488,
    "r2": 0.0,
    "n_train": 251,
    "n_test": 12
}