{
    "disease": "TX_hepatite_00_23",
    "cod_mun": 3502754,
    "mae": 0.37023681737073805,
    "rmse": 1.271998719719105,
    "r2": -0.08883264026334192,
    "n_train": 251,
    "n_test": 12
}