{
    "disease": "TX_hanseniase_00_23",
    "cod_mun": 3554805,
    "mae": 0.07169339867929618,
    "rmse": 0.07593258654490373,
    "r2": 0.0,
    "n_train": 251,
    "n_test": 12
}