{
    "disease": "hepatite",
    "cod_mun": 3539301,
    "mae": 0.2279081439482429,
    "rmse": 0.42578108719288843,
    "r2": 0.6587330918405438,
    "n_samples": 300
}