{
    "disease": "hanseniase",
    "cod_mun": 3525508,
    "mae": 0.05515840009237826,
    "rmse": 0.47754317903184024,
    "r2": 0.0029547712792349357,
    "n_samples": 300
}