{
    "disease": "tuberculose",
    "cod_mun": 3526001,
    "mae": 0.40462048604668066,
    "rmse": 1.0511025005329588,
    "r2": 0.08033252065481189,
    "n_samples": 300
}