{
    "disease": "TX_hepatite_00_23",
    "cod_mun": 3551900,
    "mae": 1.278582335900138,
    "rmse": 2.0256479221265398,
    "r2": -0.05582942181665951,
    "n_train": 251,
    "n_test": 12
}