{
    "disease": "TX_hiv_aids_00_23",
    "cod_mun": 3539707,
    "mae": 0.7999381596843401,
    "rmse": 0.9724692565515094,
    "r2": 0.0,
    "n_train": 251,
    "n_test": 12
}