{
    "disease": "hiv_aids",
    "cod_mun": 3535408,
    "mae": 0.6213033252351242,
    "rmse": 1.8019398901394448,
    "r2": 0.04381401114840666,
    "n_samples": 300
}