{
    "disease": "TX_tuberculose_00_23",
    "cod_mun": 3528304,
    "mae": 0.32429233643536765,
    "rmse": 0.46246660546409213,
    "r2": 0.0,
    "n_train": 251,
    "n_test": 12
}