{
    "disease": "TX_tuberculose_00_23",
    "cod_mun": 3546702,
    "mae": 0.9958727260430654,
    "rmse": 0.9966466335601822,
    "r2": 0.0,
    "n_train": 251,
    "n_test": 12
}