{
    "disease": "TX_sifilis_00_23",
    "cod_mun": 3537909,
    "mae": 0.26927084227403003,
    "rmse": 0.27057779739550203,
    "r2": 0.0,
    "n_train": 251,
    "n_test": 12
}