{
    "disease": "TX_hepatite_00_23",
    "cod_mun": 3527702,
    "mae": 0.27928360799948376,
    "rmse": 0.27928379093747036,
    "r2": 0.0,
    "n_train": 251,
    "n_test": 12
}