{
    "disease": "hanseniase",
    "cod_mun": 3502903,
    "mae": 0.13089284087530398,
    "rmse": 0.6259691950561684,
    "r2": 0.04097997786541685,
    "n_samples": 300
}