{
    "disease": "TX_hepatite_00_23",
    "cod_mun": 3529500,
    "mae": 0.012824023346183822,
    "rmse": 0.032424791140742044,
    "r2": 0.0,
    "n_train": 251,
    "n_test": 12
}