{
    "disease": "TX_tuberculose_00_23",
    "cod_mun": 3501103,
    "mae": 0.5385382622480392,
    "rmse": 0.6174231957384988,
    "r2": 0.0,
    "n_train": 251,
    "n_test": 12
}