{
    "disease": "TX_hiv_aids_00_23",
    "cod_mun": 3524501,
    "mae": 4.6987233826877715,
    "rmse": 5.379620832962431,
    "r2": 0.10425581376011084,
    "n_train": 251,
    "n_test": 12
}