{
    "disease": "TX_tuberculose_00_23",
    "cod_mun": 3537206,
    "mae": 2.546008797458357,
    "rmse": 4.064564679936183,
    "r2": -0.14247168963892176,
    "n_train": 251,
    "n_test": 12
}