{
    "disease": "hiv_aids",
    "cod_mun": 3534757,
    "mae": 0.7114540024946513,
    "rmse": 2.1400811729022586,
    "r2": 0.0024042612759759274,
    "n_samples": 300
}