{
    "disease": "hiv_aids",
    "cod_mun": 3531506,
    "mae": 0.9769790625632906,
    "rmse": 1.762778924913199,
    "r2": 0.10175818226859301,
    "n_samples": 300
}