{
    "disease": "sifilis",
    "cod_mun": 3540606,
    "mae": 0.07904576085226911,
    "rmse": 0.40055536655258356,
    "r2": 0.16117603846242012,
    "n_samples": 300
}