{
    "disease": "TX_hepatite_00_23",
    "cod_mun": 3531100,
    "mae": 0.05625265029569467,
    "rmse": 0.0646534372947318,
    "r2": 0.0,
    "n_train": 251,
    "n_test": 12
}