{
    "disease": "TX_hepatite_00_23",
    "cod_mun": 3518206,
    "mae": 0.951476860873096,
    "rmse": 1.3679847887244763,
    "r2": -1.3568498944336245,
    "n_train": 251,
    "n_test": 12
}