{
    "disease": "TX_sifilis_00_23",
    "cod_mun": 3547650,
    "mae": 0.49361753463745117,
    "rmse": 0.49361753463745117,
    "r2": 0.0,
    "n_train": 251,
    "n_test": 12
}