{
    "disease": "hiv_aids",
    "cod_mun": 3533502,
    "mae": 1.1633069299831902,
    "rmse": 2.16809576465388,
    "r2": -0.37551960793304917,
    "n_samples": 300
}