{
    "disease": "hanseniase",
    "cod_mun": 3536505,
    "mae": 0.1503433190623436,
    "rmse": 0.5207294061635873,
    "r2": 0.014108693811117567,
    "n_samples": 300
}