{
    "disease": "hanseniase",
    "cod_mun": 3541505,
    "mae": 0.3257631159503162,
    "rmse": 0.7151735802374057,
    "r2": 0.02226983566831875,
    "n_samples": 300
}