{
    "disease": "sifilis",
    "cod_mun": 3515509,
    "mae": 0.48484234277579996,
    "rmse": 0.7452779165302613,
    "r2": 0.07963159070924952,
    "n_samples": 300
}