{
    "disease": "sifilis",
    "cod_mun": 3528007,
    "mae": 0.3433063623643163,
    "rmse": 1.0517761963158654,
    "r2": 0.10676957612817295,
    "n_samples": 300
}