{
    "disease": "sifilis",
    "cod_mun": 3510005,
    "mae": 0.2742057591019676,
    "rmse": 0.8029208312539391,
    "r2": 0.06495006363705791,
    "n_samples": 300
}