{
    "disease": "TX_hiv_aids_00_23",
    "cod_mun": 3545605,
    "mae": 1.7937512213489413,
    "rmse": 2.9636077279911994,
    "r2": 0.07952440908347247,
    "n_train": 251,
    "n_test": 12
}