{
    "disease": "TX_hanseniase_00_23",
    "cod_mun": 3556701,
    "mae": 0.005621148144806891,
    "rmse": 0.008115373478286699,
    "r2": 0.0,
    "n_train": 251,
    "n_test": 12
}