{
    "disease": "tuberculose",
    "cod_mun": 3554953,
    "mae": 0.016184167130704617,
    "rmse": 0.08247713433157679,
    "r2": 0.9996039190216409,
    "n_samples": 300
}