{
    "disease": "sifilis",
    "cod_mun": 3512209,
    "mae": 0.4401703427998871,
    "rmse": 0.9273654478718422,
    "r2": 0.18556694914368355,
    "n_samples": 300
}