{
    "disease": "hiv_aids",
    "cod_mun": 3532405,
    "mae": 0.39354631608309876,
    "rmse": 1.1455439983407334,
    "r2": 0.0860437902944936,
    "n_samples": 300
}