{
    "disease": "sifilis",
    "cod_mun": 3554755,
    "mae": 0.7997685644023242,
    "rmse": 4.773473531043885,
    "r2": 0.0055815493767377156,
    "n_samples": 300
}