{
    "disease": "TX_sifilis_00_23",
    "cod_mun": 3539103,
    "mae": 1.294236426772031,
    "rmse": 2.3545454421620997,
    "r2": -0.25204289190141216,
    "n_train": 251,
    "n_test": 12
}