{
    "disease": "TX_hanseniase_00_23",
    "cod_mun": 3507506,
    "mae": 0.027038076523846637,
    "rmse": 0.043538510641746554,
    "r2": 0.0,
    "n_train": 251,
    "n_test": 12
}