{
    "disease": "TX_tuberculose_00_23",
    "cod_mun": 3513801,
    "mae": 0.47381332559196104,
    "rmse": 0.646334844203189,
    "r2": -0.30347827837843755,
    "n_train": 251,
    "n_test": 12
}