{
    "disease": "tuberculose",
    "cod_mun": 3551207,
    "mae": 0.18355861778181334,
    "rmse": 1.5616262287602578,
    "r2": 0.002135009934065568,
    "n_samples": 300
}