{
    "disease": "hanseniase",
    "cod_mun": 3518404,
    "mae": 0.05976159826481706,
    "rmse": 0.20511375350467978,
    "r2": 0.012061593693604156,
    "n_samples": 300
}