{
    "disease": "hepatite",
    "cod_mun": 3527405,
    "mae": 0.6595457609704897,
    "rmse": 1.3433981248597622,
    "r2": 0.3002678439987092,
    "n_samples": 300
}