{
    "disease": "hanseniase",
    "cod_mun": 3514007,
    "mae": 0.09434373755428618,
    "rmse": 0.8139591323215222,
    "r2": 0.0029011946539312383,
    "n_samples": 300
}