{
    "disease": "hiv_aids",
    "cod_mun": 3529609,
    "mae": 1.2952650624151127,
    "rmse": 3.7840676021890394,
    "r2": 0.09901918556569189,
    "n_samples": 300
}