{
    "disease": "TX_hepatite_00_23",
    "cod_mun": 3508801,
    "mae": 0.9563004275163015,
    "rmse": 0.9567502110306583,
    "r2": 0.0,
    "n_train": 251,
    "n_test": 12
}