{
    "disease": "sifilis",
    "cod_mun": 3552601,
    "mae": 0.40167592602515884,
    "rmse": 1.2936008887674135,
    "r2": 0.07726307522029574,
    "n_samples": 300
}