{
    "disease": "TX_tuberculose_00_23",
    "cod_mun": 3537602,
    "mae": 2.296108058267002,
    "rmse": 2.8943205556694744,
    "r2": -0.5254633979890071,
    "n_train": 251,
    "n_test": 12
}