{
    "disease": "hanseniase",
    "cod_mun": 3519204,
    "mae": 0.10724466794925509,
    "rmse": 0.9065690844656921,
    "r2": 0.003110625833334768,
    "n_samples": 300
}