{
    "disease": "TX_sifilis_00_23",
    "cod_mun": 3554904,
    "mae": 0.18778035789728165,
    "rmse": 0.18778519371205687,
    "r2": 0.0,
    "n_train": 251,
    "n_test": 12
}