{
    "disease": "TX_hiv_aids_00_23",
    "cod_mun": 3509700,
    "mae": 1.3249798341183194,
    "rmse": 1.5490817712108664,
    "r2": -5.411405859792565,
    "n_train": 251,
    "n_test": 12
}