{
    "disease": "TX_tuberculose_00_23",
    "cod_mun": 3527405,
    "mae": 1.3838488435254828,
    "rmse": 1.971479848127894,
    "r2": -0.12453410909084317,
    "n_train": 251,
    "n_test": 12
}