{
    "disease": "TX_hepatite_00_23",
    "cod_mun": 3520301,
    "mae": 0.47452510846507084,
    "rmse": 0.9205147964204216,
    "r2": -0.0019266273574958248,
    "n_train": 251,
    "n_test": 12
}