{
    "disease": "TX_hanseniase_00_23",
    "cod_mun": 3518909,
    "mae": 0.0039170370606977185,
    "rmse": 0.00411700701616074,
    "r2": 0.0,
    "n_train": 251,
    "n_test": 12
}