{
    "disease": "sifilis",
    "cod_mun": 3500600,
    "mae": 0.4485124874453848,
    "rmse": 2.8077268602137293,
    "r2": 0.00027343753625186373,
    "n_samples": 300
}