{
    "disease": "hanseniase",
    "cod_mun": 3538600,
    "mae": 0.13018198513428217,
    "rmse": 0.5116089588884792,
    "r2": 0.004021962000101742,
    "n_samples": 300
}