{
    "disease": "TX_sifilis_00_23",
    "cod_mun": 3536000,
    "mae": 0.7948512691964643,
    "rmse": 2.7281619191370927,
    "r2": -0.09002159173677571,
    "n_train": 251,
    "n_test": 12
}