{
    "disease": "TX_hiv_aids_00_23",
    "cod_mun": 3514205,
    "mae": 0.2085930941005548,
    "rmse": 0.5225285755529946,
    "r2": 0.0,
    "n_train": 251,
    "n_test": 12
}