{
    "disease": "hepatite",
    "cod_mun": 3530003,
    "mae": 8.155578689342628,
    "rmse": 15.230234297613322,
    "r2": 0.32894136410601194,
    "n_samples": 300
}