{
    "disease": "hanseniase",
    "cod_mun": 3546504,
    "mae": 0.11741387094362706,
    "rmse": 1.0134648902592671,
    "r2": 0.002211910542841755,
    "n_samples": 300
}