{
    "disease": "TX_hanseniase_00_23",
    "cod_mun": 3504800,
    "mae": 0.01817064544108386,
    "rmse": 0.0264072349635242,
    "r2": 0.0,
    "n_train": 251,
    "n_test": 12
}