{
    "disease": "tuberculose",
    "cod_mun": 3553104,
    "mae": 0.5987804876598013,
    "rmse": 2.0425688371711104,
    "r2": 0.10824201828584834,
    "n_samples": 300
}