{
    "disease": "hepatite",
    "cod_mun": 3518107,
    "mae": 2.7391702916358374,
    "rmse": 5.253982214147796,
    "r2": 0.12614367165831475,
    "n_samples": 300
}