{
    "disease": "TX_hepatite_00_23",
    "cod_mun": 3500303,
    "mae": 0.35643496240178746,
    "rmse": 0.625865042546357,
    "r2": 0.0,
    "n_train": 251,
    "n_test": 12
}