{
    "disease": "hepatite",
    "cod_mun": 3507605,
    "mae": 0.1921881692592404,
    "rmse": 0.3352368761611446,
    "r2": 0.5168100938863426,
    "n_samples": 300
}