{
    "disease": "hepatite",
    "cod_mun": 3530706,
    "mae": 0.3091569567362217,
    "rmse": 0.6563406287995251,
    "r2": 0.6117910856518662,
    "n_samples": 300
}