{
    "disease": "hanseniase",
    "cod_mun": 3516002,
    "mae": 0.18341327368350657,
    "rmse": 1.0835346087002538,
    "r2": 0.8095188639058389,
    "n_samples": 300
}