{
    "disease": "hanseniase",
    "cod_mun": 3527801,
    "mae": 0.1531663419852374,
    "rmse": 0.8730017165368915,
    "r2": 0.8882000589734738,
    "n_samples": 300
}