{
    "disease": "TX_tuberculose_00_23",
    "cod_mun": 3504701,
    "mae": 4.165479357174278,
    "rmse": 7.117876906755487,
    "r2": -0.0015585574096175225,
    "n_train": 251,
    "n_test": 12
}