{
  "mae": 0.03142824751573054,
  "rmse": 0.00112876970687731,
  "r2": -9.800709763447822,
  "n_train": 264,
  "n_val": 6,
  "n_test": 6
}