{
    "disease": "sifilis",
    "cod_mun": 3551009,
    "mae": 0.30272391742812627,
    "rmse": 0.6551564004864017,
    "r2": 0.19201525992036939,
    "n_samples": 300
}