{
    "disease": "hanseniase",
    "cod_mun": 3555109,
    "mae": 0.15007110134538795,
    "rmse": 0.7649582051267572,
    "r2": 0.131876902483395,
    "n_samples": 300
}