{
    "disease": "sifilis",
    "cod_mun": 3507209,
    "mae": 1.5803419376102297,
    "rmse": 9.683690628213771,
    "r2": 0.004402650336930547,
    "n_samples": 300
}