{
    "disease": "sifilis",
    "cod_mun": 3515103,
    "mae": 0.24573030959750122,
    "rmse": 0.49239304186887195,
    "r2": 0.054579115367361486,
    "n_samples": 300
}