{
    "disease": "TX_tuberculose_00_23",
    "cod_mun": 3555356,
    "mae": 0.17026136815547943,
    "rmse": 0.17026136815547943,
    "r2": 0.0,
    "n_train": 251,
    "n_test": 12
}