{
    "disease": "TX_hiv_aids_00_23",
    "cod_mun": 3534104,
    "mae": 0.355159933368365,
    "rmse": 0.3562837913661875,
    "r2": 0.0,
    "n_train": 251,
    "n_test": 12
}