{
    "disease": "hanseniase",
    "cod_mun": 3503307,
    "mae": 0.17169664999300047,
    "rmse": 0.24708240203911833,
    "r2": -0.01882779605821283,
    "n_samples": 300
}