{
    "disease": "TX_sifilis_00_23",
    "cod_mun": 3525102,
    "mae": 0.2613924778997898,
    "rmse": 0.26983383276107625,
    "r2": 0.0,
    "n_train": 251,
    "n_test": 12
}