{
    "disease": "hepatite",
    "cod_mun": 3536703,
    "mae": 0.5604385771899046,
    "rmse": 1.1834217274796408,
    "r2": 0.23563352714420127,
    "n_samples": 300
}