{
    "disease": "sifilis",
    "cod_mun": 3529104,
    "mae": 0.2991884306747547,
    "rmse": 2.5762366698269497,
    "r2": 0.2871358866593745,
    "n_samples": 300
}