{
    "disease": "sifilis",
    "cod_mun": 3524709,
    "mae": 0.5300490610292236,
    "rmse": 0.7774897017478831,
    "r2": 0.1317341554443887,
    "n_samples": 300
}