{
    "disease": "TX_hepatite_00_23",
    "cod_mun": 3555307,
    "mae": 3.8310195008913674,
    "rmse": 4.448840274869077,
    "r2": 0.0,
    "n_train": 251,
    "n_test": 12
}