{
    "disease": "sifilis",
    "cod_mun": 3557303,
    "mae": 0.3768591498194616,
    "rmse": 1.3355757823483885,
    "r2": 0.0008147628817969377,
    "n_samples": 300
}