{
    "disease": "hiv_aids",
    "cod_mun": 3535309,
    "mae": 2.2684249447155795,
    "rmse": 3.123938134508005,
    "r2": -1.8031682914840848,
    "n_samples": 300
}