{
    "disease": "sifilis",
    "cod_mun": 3507753,
    "mae": 0.19114700570718127,
    "rmse": 1.9027816769699852,
    "r2": 0.285226571396884,
    "n_samples": 300
}