{
    "disease": "hiv_aids",
    "cod_mun": 3505401,
    "mae": 0.49843742812433695,
    "rmse": 1.775307842512057,
    "r2": 0.0011126858549705965,
    "n_samples": 300
}