{
    "disease": "hiv_aids",
    "cod_mun": 3528403,
    "mae": 0.5851631017132479,
    "rmse": 0.8885856625288576,
    "r2": 0.03686867900020663,
    "n_samples": 300
}