{
    "disease": "sifilis",
    "cod_mun": 3543006,
    "mae": 0.29272980946524985,
    "rmse": 1.2064666937228383,
    "r2": 0.021548756426930882,
    "n_samples": 300
}