{
    "disease": "TX_hanseniase_00_23",
    "cod_mun": 3526001,
    "mae": 0.401638666788737,
    "rmse": 0.40163899071507614,
    "r2": 0.0,
    "n_train": 251,
    "n_test": 12
}