{
    "disease": "hanseniase",
    "cod_mun": 3552502,
    "mae": 0.4902647243683169,
    "rmse": 3.0242879394798736,
    "r2": 0.45976337664246614,
    "n_samples": 300
}