{
    "disease": "TX_hepatite_00_23",
    "cod_mun": 3536703,
    "mae": 0.24693527631339982,
    "rmse": 0.6456063786342586,
    "r2": -0.05141728811193058,
    "n_train": 251,
    "n_test": 12
}