{
    "disease": "hiv_aids",
    "cod_mun": 3504404,
    "mae": 1.0442246311022112,
    "rmse": 2.1480398869189394,
    "r2": 0.04938167817876793,
    "n_samples": 300
}