{
    "disease": "sifilis",
    "cod_mun": 3543253,
    "mae": 0.5607363453166847,
    "rmse": 1.7526757541064273,
    "r2": 0.0761441449768453,
    "n_samples": 300
}