{
    "disease": "hepatite",
    "cod_mun": 3515194,
    "mae": 1.8030410280853568,
    "rmse": 4.4806691856646506,
    "r2": 0.13852075927410068,
    "n_samples": 300
}