{
    "disease": "hiv_aids",
    "cod_mun": 3522208,
    "mae": 0.472861375918939,
    "rmse": 0.6142533285762305,
    "r2": 0.05446098746381567,
    "n_samples": 300
}