{
    "disease": "hepatite",
    "cod_mun": 3550001,
    "mae": 0.8926835660044734,
    "rmse": 1.8757598400008575,
    "r2": 0.5014322735591388,
    "n_samples": 300
}