{
    "disease": "TX_hiv_aids_00_23",
    "cod_mun": 3550605,
    "mae": 0.7051486157345344,
    "rmse": 1.0484992968347293,
    "r2": -0.08027764107338453,
    "n_train": 251,
    "n_test": 12
}