{
    "disease": "hiv_aids",
    "cod_mun": 3531001,
    "mae": 1.2480207892140753,
    "rmse": 5.4084365957493805,
    "r2": 0.00011963061150888077,
    "n_samples": 300
}