{
    "disease": "TX_hiv_aids_00_23",
    "cod_mun": 3539301,
    "mae": 0.4796416585644086,
    "rmse": 0.49771843199700777,
    "r2": 0.0,
    "n_train": 251,
    "n_test": 12
}