{
    "disease": "TX_sifilis_00_23",
    "cod_mun": 3551603,
    "mae": 0.6381109807816938,
    "rmse": 1.3197724533573694,
    "r2": -0.12229913866466036,
    "n_train": 251,
    "n_test": 12
}