{
    "disease": "TX_tuberculose_00_23",
    "cod_mun": 3540853,
    "mae": 1.4945210814476013,
    "rmse": 1.4947531856558707,
    "r2": 0.0,
    "n_train": 251,
    "n_test": 12
}