{
    "disease": "TX_sifilis_00_23",
    "cod_mun": 3540754,
    "mae": 0.4613278856601646,
    "rmse": 1.4024679237694506,
    "r2": -0.06547430625978867,
    "n_train": 251,
    "n_test": 12
}