{
    "disease": "sifilis",
    "cod_mun": 3545209,
    "mae": 0.15150823398754062,
    "rmse": 0.30827972050883695,
    "r2": 0.1369519329868183,
    "n_samples": 300
}