{
    "disease": "sifilis",
    "cod_mun": 3534609,
    "mae": 0.23371471892845933,
    "rmse": 0.6526824026714442,
    "r2": 0.06232210674152783,
    "n_samples": 300
}