{
    "disease": "TX_hepatite_00_23",
    "cod_mun": 3500501,
    "mae": 0.2367821211616198,
    "rmse": 0.3362553970249498,
    "r2": 0.0,
    "n_train": 251,
    "n_test": 12
}