{
    "disease": "TX_hepatite_00_23",
    "cod_mun": 3502002,
    "mae": 0.32978305670743185,
    "rmse": 1.089863749652185,
    "r2": 0.0,
    "n_train": 251,
    "n_test": 12
}