{
    "disease": "TX_hiv_aids_00_23",
    "cod_mun": 3549805,
    "mae": 1.0524651158601266,
    "rmse": 1.216247041934201,
    "r2": -0.434263769747653,
    "n_train": 251,
    "n_test": 12
}