{
    "disease": "TX_tuberculose_00_23",
    "cod_mun": 3524709,
    "mae": 0.46783748956477716,
    "rmse": 0.6557665425350199,
    "r2": -0.1451614268515775,
    "n_train": 251,
    "n_test": 12
}