{
    "disease": "hanseniase",
    "cod_mun": 3522109,
    "mae": 0.03918593893352132,
    "rmse": 0.14000612885104138,
    "r2": 0.11607505867488277,
    "n_samples": 300
}