{
    "disease": "hepatite",
    "cod_mun": 3545803,
    "mae": 0.18600996278079146,
    "rmse": 0.376697352005407,
    "r2": 0.6089921430758243,
    "n_samples": 300
}