{
    "disease": "sifilis",
    "cod_mun": 3500550,
    "mae": 0.23130888390628276,
    "rmse": 1.3959401297770737,
    "r2": 0.0010374232236632919,
    "n_samples": 300
}