{
    "disease": "hanseniase",
    "cod_mun": 3523602,
    "mae": 0.043997664313868014,
    "rmse": 0.21880046662994815,
    "r2": 0.9579679773408245,
    "n_samples": 300
}