{
    "disease": "hanseniase",
    "cod_mun": 3509700,
    "mae": 0.055640527311603405,
    "rmse": 0.24054565060101063,
    "r2": 0.00046494902275684424,
    "n_samples": 300
}