{
    "disease": "sifilis",
    "cod_mun": 3503356,
    "mae": 0.5436936486962829,
    "rmse": 2.866017567031757,
    "r2": 0.22277548882199416,
    "n_samples": 300
}