{
    "disease": "TX_hepatite_00_23",
    "cod_mun": 3530904,
    "mae": 1.0263606309890747,
    "rmse": 1.0275933820958254,
    "r2": 0.0,
    "n_train": 251,
    "n_test": 12
}