{
    "disease": "TX_sifilis_00_23",
    "cod_mun": 3517901,
    "mae": 0.0499055248995622,
    "rmse": 0.06863213789232712,
    "r2": 0.0,
    "n_train": 251,
    "n_test": 12
}