{
    "disease": "sifilis",
    "cod_mun": 3505609,
    "mae": 0.2196202609600713,
    "rmse": 0.9365063259757771,
    "r2": -0.004130854709086806,
    "n_samples": 300
}