{
    "disease": "TX_tuberculose_00_23",
    "cod_mun": 3555307,
    "mae": 0.17549122869968414,
    "rmse": 0.17549122869968414,
    "r2": 0.0,
    "n_train": 251,
    "n_test": 12
}