{
    "disease": "hanseniase",
    "cod_mun": 3536000,
    "mae": 0.12651915898528637,
    "rmse": 0.7381924257012711,
    "r2": 0.007935065265336605,
    "n_samples": 300
}