{
    "disease": "hepatite",
    "cod_mun": 3513306,
    "mae": 8.524849559415546,
    "rmse": 16.7602213172852,
    "r2": 0.27984079511280635,
    "n_samples": 300
}