{
    "disease": "sifilis",
    "cod_mun": 3521705,
    "mae": 0.3168009265923504,
    "rmse": 0.9621948805847003,
    "r2": 0.16557264789713533,
    "n_samples": 300
}