{
    "disease": "sifilis",
    "cod_mun": 3501707,
    "mae": 0.366563399329212,
    "rmse": 0.7835118014133954,
    "r2": 0.09604500372463987,
    "n_samples": 300
}