{
    "disease": "sifilis",
    "cod_mun": 3507001,
    "mae": 0.30348630833417845,
    "rmse": 0.5188300678225656,
    "r2": 0.20613473640281854,
    "n_samples": 300
}