{
    "disease": "hiv_aids",
    "cod_mun": 3540002,
    "mae": 1.2926443716544174,
    "rmse": 2.8741635785985102,
    "r2": -0.25302501576190295,
    "n_samples": 300
}