{
    "disease": "hiv_aids",
    "cod_mun": 3519709,
    "mae": 0.34919603995727744,
    "rmse": 0.5646979375351372,
    "r2": 0.06631425440607852,
    "n_samples": 300
}