{
    "disease": "hanseniase",
    "cod_mun": 3515194,
    "mae": 0.14420113779909186,
    "rmse": 1.245470920671119,
    "r2": 0.0029649123515573805,
    "n_samples": 300
}