{
    "disease": "hepatite",
    "cod_mun": 3541901,
    "mae": 0.5194302796527018,
    "rmse": 1.8364284497157852,
    "r2": 0.3131388689996978,
    "n_samples": 300
}