{
    "disease": "hiv_aids",
    "cod_mun": 3556206,
    "mae": 0.969139993016392,
    "rmse": 1.3052483021643122,
    "r2": 0.4949892601463515,
    "n_samples": 300
}