{
    "disease": "TX_sifilis_00_23",
    "cod_mun": 3505104,
    "mae": 0.011188389034941792,
    "rmse": 0.01512097756201089,
    "r2": 0.0,
    "n_train": 251,
    "n_test": 12
}