{
    "disease": "TX_sifilis_00_23",
    "cod_mun": 3506607,
    "mae": 0.6910952406024942,
    "rmse": 1.2834968452708233,
    "r2": -0.08141446753014248,
    "n_train": 251,
    "n_test": 12
}