{
    "disease": "sifilis",
    "cod_mun": 3516804,
    "mae": 0.325773406600705,
    "rmse": 2.0459529899301874,
    "r2": 0.0001374438025371072,
    "n_samples": 300
}