{
    "disease": "TX_tuberculose_00_23",
    "cod_mun": 3550308,
    "mae": 0.06571820386880117,
    "rmse": 0.09087710023184432,
    "r2": -0.2222086683436626,
    "n_train": 251,
    "n_test": 12
}