{
    "disease": "TX_sifilis_00_23",
    "cod_mun": 3500758,
    "mae": 0.06937959790229797,
    "rmse": 0.06937959790229797,
    "r2": 0.0,
    "n_train": 251,
    "n_test": 12
}