{
    "disease": "TX_sifilis_00_23",
    "cod_mun": 3501103,
    "mae": 0.01648692910869916,
    "rmse": 0.016669608251271,
    "r2": 0.0,
    "n_train": 251,
    "n_test": 12
}