{
    "disease": "sifilis",
    "cod_mun": 3513108,
    "mae": 0.4079240894852404,
    "rmse": 0.995182824562048,
    "r2": 0.12295158590225885,
    "n_samples": 300
}