{
    "disease": "TX_hepatite_00_23",
    "cod_mun": 3524402,
    "mae": 0.06801393224547307,
    "rmse": 0.08591896966996271,
    "r2": 0.0,
    "n_train": 251,
    "n_test": 12
}