{
    "disease": "TX_tuberculose_00_23",
    "cod_mun": 3543006,
    "mae": 0.05201221567889055,
    "rmse": 0.05201256524050005,
    "r2": 0.0,
    "n_train": 251,
    "n_test": 12
}