{
    "disease": "TX_sifilis_00_23",
    "cod_mun": 3511706,
    "mae": 0.832781362865127,
    "rmse": 1.7690773515627112,
    "r2": -0.014887077578686903,
    "n_train": 251,
    "n_test": 12
}