{
    "disease": "sifilis",
    "cod_mun": 3517604,
    "mae": 0.23030645538111996,
    "rmse": 0.7397226503657334,
    "r2": 0.11144808497891179,
    "n_samples": 300
}