{
    "disease": "tuberculose",
    "cod_mun": 3554755,
    "mae": 2.2526885114081803,
    "rmse": 8.141699898735633,
    "r2": 0.6608084780520891,
    "n_samples": 300
}