{
    "disease": "TX_hanseniase_00_23",
    "cod_mun": 3509502,
    "mae": 0.03834191622054123,
    "rmse": 0.05257265154822651,
    "r2": 0.07618434705843657,
    "n_train": 251,
    "n_test": 12
}