{
    "disease": "tuberculose",
    "cod_mun": 3516853,
    "mae": 0.15407782442456336,
    "rmse": 1.0493276458936491,
    "r2": 0.22328137990044805,
    "n_samples": 300
}