{
    "disease": "hanseniase",
    "cod_mun": 3535101,
    "mae": 0.09286031146767086,
    "rmse": 0.7787475151246217,
    "r2": 0.4645164198592934,
    "n_samples": 300
}