{
    "disease": "TX_hepatite_00_23",
    "cod_mun": 3515707,
    "mae": 0.019206455598274868,
    "rmse": 0.019710558403235257,
    "r2": 0.0,
    "n_train": 251,
    "n_test": 12
}