{
    "disease": "hanseniase",
    "cod_mun": 3510609,
    "mae": 0.04587075072361769,
    "rmse": 0.090431792997513,
    "r2": 0.226883157584715,
    "n_samples": 300
}