{
    "disease": "hiv_aids",
    "cod_mun": 3542701,
    "mae": 1.9783694555888462,
    "rmse": 4.2880371915700275,
    "r2": 0.05903747310970464,
    "n_samples": 300
}