{
    "disease": "TX_hepatite_00_23",
    "cod_mun": 3545506,
    "mae": 0.3900563468535741,
    "rmse": 0.3906932697226239,
    "r2": 0.0,
    "n_train": 251,
    "n_test": 12
}