{
    "disease": "TX_sifilis_00_23",
    "cod_mun": 3504305,
    "mae": 0.010766990288781622,
    "rmse": 0.01602788125044701,
    "r2": 0.0,
    "n_train": 251,
    "n_test": 12
}