{
    "disease": "tuberculose",
    "cod_mun": 3546306,
    "mae": 0.657255570723171,
    "rmse": 1.1438180611465514,
    "r2": 0.08084403185510425,
    "n_samples": 300
}