{
    "disease": "TX_sifilis_00_23",
    "cod_mun": 3551405,
    "mae": 0.08248190257775907,
    "rmse": 0.1577645822711275,
    "r2": 0.0,
    "n_train": 251,
    "n_test": 12
}