{
    "disease": "hiv_aids",
    "cod_mun": 3502804,
    "mae": 0.9985834720537493,
    "rmse": 1.3138579192209794,
    "r2": 0.4725050254506683,
    "n_samples": 300
}