{
    "disease": "TX_hanseniase_00_23",
    "cod_mun": 3505609,
    "mae": 0.5832575276770187,
    "rmse": 1.1995074279935418,
    "r2": -0.0918656271309699,
    "n_train": 251,
    "n_test": 12
}