{
    "disease": "TX_hepatite_00_23",
    "cod_mun": 3553500,
    "mae": 0.011744532617740333,
    "rmse": 0.015308189564793228,
    "r2": 0.0,
    "n_train": 251,
    "n_test": 12
}