{
    "disease": "hiv_aids",
    "cod_mun": 3552007,
    "mae": 1.4478605349955802,
    "rmse": 3.7308120076364575,
    "r2": 0.48185328112055026,
    "n_samples": 300
}