{
    "disease": "TX_tuberculose_00_23",
    "cod_mun": 3523008,
    "mae": 0.2719908654689789,
    "rmse": 0.2719908654689789,
    "r2": 0.0,
    "n_train": 251,
    "n_test": 12
}