{
    "disease": "sifilis",
    "cod_mun": 3517505,
    "mae": 0.16720942890439255,
    "rmse": 0.7577755892626178,
    "r2": 0.002852733709551636,
    "n_samples": 300
}