{
    "disease": "sifilis",
    "cod_mun": 3501608,
    "mae": 0.08112931403200081,
    "rmse": 0.147299807055349,
    "r2": 0.10075633784928995,
    "n_samples": 300
}