{
    "disease": "TX_hiv_aids_00_23",
    "cod_mun": 3538204,
    "mae": 0.4845568637053172,
    "rmse": 0.48862017734739793,
    "r2": 0.0,
    "n_train": 251,
    "n_test": 12
}