{
    "disease": "TX_tuberculose_00_23",
    "cod_mun": 3510401,
    "mae": 0.7196619714401802,
    "rmse": 0.7427078439303568,
    "r2": -0.8748321561128471,
    "n_train": 251,
    "n_test": 12
}