{
    "disease": "hiv_aids",
    "cod_mun": 3515202,
    "mae": 0.344808896634737,
    "rmse": 1.25742607801462,
    "r2": 0.10500520259686341,
    "n_samples": 300
}