{
    "disease": "hiv_aids",
    "cod_mun": 3518107,
    "mae": 1.8663537861294,
    "rmse": 4.173026794745465,
    "r2": 0.11600421527890759,
    "n_samples": 300
}