{
    "disease": "hiv_aids",
    "cod_mun": 3513306,
    "mae": 0.7155714823751406,
    "rmse": 3.5468186628850096,
    "r2": 0.8273237903504097,
    "n_samples": 300
}