{
    "disease": "hiv_aids",
    "cod_mun": 3504107,
    "mae": 0.5732999679562755,
    "rmse": 0.7465520935748782,
    "r2": 0.21011139994108707,
    "n_samples": 300
}