{
    "disease": "TX_tuberculose_00_23",
    "cod_mun": 3506102,
    "mae": 0.6501078465992546,
    "rmse": 0.6547017059994584,
    "r2": 0.017252480694836203,
    "n_train": 251,
    "n_test": 12
}