{
    "disease": "TX_hiv_aids_00_23",
    "cod_mun": 3549904,
    "mae": 0.7783047289602965,
    "rmse": 0.9848617556454239,
    "r2": -0.5389573103576475,
    "n_train": 251,
    "n_test": 12
}