{
    "disease": "tuberculose",
    "cod_mun": 3539400,
    "mae": 0.769093249968684,
    "rmse": 1.695074990163392,
    "r2": 0.0748507002851061,
    "n_samples": 300
}