{
    "disease": "sifilis",
    "cod_mun": 3521903,
    "mae": 0.33095755915189246,
    "rmse": 1.16913970246543,
    "r2": 0.042411528043969526,
    "n_samples": 300
}