{
    "disease": "hepatite",
    "cod_mun": 3535705,
    "mae": 0.012064871796664742,
    "rmse": 0.06584183244807103,
    "r2": 0.9979770114892308,
    "n_samples": 300
}