{
    "disease": "TX_tuberculose_00_23",
    "cod_mun": 3550209,
    "mae": 1.0045386324159196,
    "rmse": 1.3976470366283837,
    "r2": -0.07096422467851315,
    "n_train": 251,
    "n_test": 12
}