{
    "disease": "TX_hiv_aids_00_23",
    "cod_mun": 3552809,
    "mae": 0.498150207352396,
    "rmse": 0.7688404640501886,
    "r2": -0.07676059519456468,
    "n_train": 251,
    "n_test": 12
}