{
    "disease": "hiv_aids",
    "cod_mun": 3538303,
    "mae": 0.5459900088165169,
    "rmse": 2.7468843540687824,
    "r2": 2.4220005734765238e-05,
    "n_samples": 300
}