{
    "disease": "TX_hiv_aids_00_23",
    "cod_mun": 3507605,
    "mae": 0.25947687023613875,
    "rmse": 0.3484047515629124,
    "r2": -0.3094808933888409,
    "n_train": 251,
    "n_test": 12
}