{
    "disease": "hanseniase",
    "cod_mun": 3506607,
    "mae": 0.022883259045340297,
    "rmse": 0.15148553124581524,
    "r2": 0.2507006813757833,
    "n_samples": 300
}