{
    "disease": "hepatite",
    "cod_mun": 3515707,
    "mae": 0.11243206170774095,
    "rmse": 0.21868456128661298,
    "r2": 0.44780161667903684,
    "n_samples": 300
}