{
    "disease": "hanseniase",
    "cod_mun": 3544301,
    "mae": 0.6179420401422537,
    "rmse": 1.7555229624090507,
    "r2": 0.07174449499354107,
    "n_samples": 300
}