{
    "disease": "hanseniase",
    "cod_mun": 3503604,
    "mae": 0.1376868261562744,
    "rmse": 0.7778129134238922,
    "r2": 0.010789598467128014,
    "n_samples": 300
}