{
    "disease": "hepatite",
    "cod_mun": 3556909,
    "mae": 1.9098473021456506,
    "rmse": 4.116996335307182,
    "r2": 0.03264942598359477,
    "n_samples": 300
}