{
    "disease": "hiv_aids",
    "cod_mun": 3507704,
    "mae": 0.21937298589123513,
    "rmse": 1.2009848322923544,
    "r2": 0.3027874404954749,
    "n_samples": 300
}