{
    "disease": "sifilis",
    "cod_mun": 3519600,
    "mae": 0.18645541135561386,
    "rmse": 0.4270693662224646,
    "r2": 0.13459663889907725,
    "n_samples": 300
}