{
    "disease": "hanseniase",
    "cod_mun": 3531407,
    "mae": 0.06072664000495845,
    "rmse": 0.3785990694079524,
    "r2": 5.916858445242923e-05,
    "n_samples": 300
}