{
    "disease": "TX_hiv_aids_00_23",
    "cod_mun": 3503901,
    "mae": 0.48197294274965924,
    "rmse": 0.49943992286487393,
    "r2": 0.0,
    "n_train": 251,
    "n_test": 12
}