{
    "disease": "sifilis",
    "cod_mun": 3537602,
    "mae": 0.21094998194506198,
    "rmse": 0.44666305090506886,
    "r2": 0.4004424164497895,
    "n_samples": 300
}