{
    "disease": "TX_sifilis_00_23",
    "cod_mun": 3519071,
    "mae": 0.30163437158412626,
    "rmse": 0.3760304691402706,
    "r2": -0.005443276509635053,
    "n_train": 251,
    "n_test": 12
}