{
    "disease": "TX_hanseniase_00_23",
    "cod_mun": 3515202,
    "mae": 0.40445956587791443,
    "rmse": 0.40445956587791443,
    "r2": 0.0,
    "n_train": 251,
    "n_test": 12
}