{
    "disease": "tuberculose",
    "cod_mun": 3543303,
    "mae": 0.21433283097937883,
    "rmse": 0.3790645273899021,
    "r2": 0.5100907064476541,
    "n_samples": 300
}