{
    "disease": "sifilis",
    "cod_mun": 3508405,
    "mae": 0.07123488883092834,
    "rmse": 0.2503824091923808,
    "r2": 0.08442933025848354,
    "n_samples": 300
}