{
    "disease": "TX_sifilis_00_23",
    "cod_mun": 3535705,
    "mae": 0.2539031207561493,
    "rmse": 0.2539031207561493,
    "r2": 0.0,
    "n_train": 251,
    "n_test": 12
}