{
    "disease": "TX_hanseniase_00_23",
    "cod_mun": 3555604,
    "mae": 0.09680989296369565,
    "rmse": 0.29403121592267817,
    "r2": 0.0,
    "n_train": 251,
    "n_test": 12
}