{
    "disease": "sifilis",
    "cod_mun": 3521309,
    "mae": 0.4828392110370783,
    "rmse": 1.0692110257808205,
    "r2": 0.06664997417340002,
    "n_samples": 300
}