{
    "disease": "TX_sifilis_00_23",
    "cod_mun": 3541653,
    "mae": 0.01848899705025057,
    "rmse": 0.018600258780883946,
    "r2": 0.0,
    "n_train": 251,
    "n_test": 12
}