{
    "disease": "hiv_aids",
    "cod_mun": 3552106,
    "mae": 2.9870316036799736,
    "rmse": 3.988438182729626,
    "r2": -1.8971706584955306,
    "n_samples": 300
}