{
    "disease": "hepatite",
    "cod_mun": 3505609,
    "mae": 0.652944430730722,
    "rmse": 1.6159878572090927,
    "r2": 0.4072670507371985,
    "n_samples": 300
}