{
    "disease": "hanseniase",
    "cod_mun": 3545605,
    "mae": 0.23702974945415922,
    "rmse": 0.8981504277588295,
    "r2": 0.005905487962572065,
    "n_samples": 300
}