{
    "disease": "TX_sifilis_00_23",
    "cod_mun": 3537107,
    "mae": 0.813280349304987,
    "rmse": 1.1522448126566665,
    "r2": -0.10900644860440556,
    "n_train": 251,
    "n_test": 12
}