{
    "disease": "hepatite",
    "cod_mun": 3514957,
    "mae": 15.400739429721568,
    "rmse": 25.197334868851733,
    "r2": 0.2974789475524169,
    "n_samples": 300
}