{
    "disease": "TX_hiv_aids_00_23",
    "cod_mun": 3533007,
    "mae": 1.7057875835528513,
    "rmse": 1.861050025101522,
    "r2": -0.6990527882247355,
    "n_train": 251,
    "n_test": 12
}