{
    "disease": "TX_tuberculose_00_23",
    "cod_mun": 3527801,
    "mae": 0.17376229166984558,
    "rmse": 0.17376229166984558,
    "r2": 0.0,
    "n_train": 251,
    "n_test": 12
}