{
    "disease": "sifilis",
    "cod_mun": 3546256,
    "mae": 1.4427254512801824,
    "rmse": 6.316960547736053,
    "r2": 0.0012076205059682321,
    "n_samples": 300
}