{
    "disease": "TX_hiv_aids_00_23",
    "cod_mun": 3546603,
    "mae": 1.5188648919746293,
    "rmse": 2.2024072484951067,
    "r2": -0.01692556550542701,
    "n_train": 251,
    "n_test": 12
}