{
    "disease": "TX_hiv_aids_00_23",
    "cod_mun": 3540754,
    "mae": 0.614983985821406,
    "rmse": 0.6175216945215608,
    "r2": 0.0,
    "n_train": 251,
    "n_test": 12
}