{
    "disease": "hanseniase",
    "cod_mun": 3526308,
    "mae": 0.18570583346730715,
    "rmse": 1.0815766223942034,
    "r2": 0.15836075320504395,
    "n_samples": 300
}