{
    "disease": "sifilis",
    "cod_mun": 3535002,
    "mae": 0.3305842452071844,
    "rmse": 1.1762731737068204,
    "r2": 0.007060162493620403,
    "n_samples": 300
}