{
    "disease": "TX_tuberculose_00_23",
    "cod_mun": 3545100,
    "mae": 0.1266941266755263,
    "rmse": 0.1854930882694322,
    "r2": 0.0,
    "n_train": 251,
    "n_test": 12
}