{
    "disease": "hiv_aids",
    "cod_mun": 3510807,
    "mae": 1.446608804712829,
    "rmse": 1.9320329553784972,
    "r2": 0.22629886530241772,
    "n_samples": 300
}