{
    "disease": "hepatite",
    "cod_mun": 3555000,
    "mae": 0.4405670924771141,
    "rmse": 0.8786043011075199,
    "r2": 0.4841780106433833,
    "n_samples": 300
}