{
    "disease": "tuberculose",
    "cod_mun": 3500758,
    "mae": 0.16465743025007967,
    "rmse": 1.4142695296659635,
    "r2": 0.0027030087226083133,
    "n_samples": 300
}