{
    "disease": "hanseniase",
    "cod_mun": 3512308,
    "mae": 0.09664824359363282,
    "rmse": 0.5599191519308954,
    "r2": 0.16581233072315327,
    "n_samples": 300
}