{
    "disease": "hanseniase",
    "cod_mun": 3513009,
    "mae": 0.08999573461407868,
    "rmse": 0.1772779869825043,
    "r2": 0.011393347077336302,
    "n_samples": 300
}