{
    "disease": "TX_tuberculose_00_23",
    "cod_mun": 3542107,
    "mae": 0.06848693670084079,
    "rmse": 0.068621524136597,
    "r2": 0.0,
    "n_train": 251,
    "n_test": 12
}