{
    "disease": "TX_hiv_aids_00_23",
    "cod_mun": 3533304,
    "mae": 0.44245611131191254,
    "rmse": 0.4868084780102868,
    "r2": 0.0,
    "n_train": 251,
    "n_test": 12
}