{
    "disease": "TX_hepatite_00_23",
    "cod_mun": 3552700,
    "mae": 0.022834723264774464,
    "rmse": 0.02660037795011414,
    "r2": 0.0,
    "n_train": 251,
    "n_test": 12
}