{
    "disease": "hiv_aids",
    "cod_mun": 3512506,
    "mae": 0.9720472891665759,
    "rmse": 2.653262422426022,
    "r2": 0.10232923488952217,
    "n_samples": 300
}