{
    "disease": "sifilis",
    "cod_mun": 3547502,
    "mae": 0.6899397192130257,
    "rmse": 1.3551488334869644,
    "r2": 0.46140697233349637,
    "n_samples": 300
}