{
    "disease": "TX_tuberculose_00_23",
    "cod_mun": 3555703,
    "mae": 0.4192357088128726,
    "rmse": 0.41923623855851005,
    "r2": 0.0,
    "n_train": 251,
    "n_test": 12
}