{
    "disease": "hanseniase",
    "cod_mun": 3506201,
    "mae": 0.5167409197839876,
    "rmse": 3.097719301729312,
    "r2": 0.004818018099320587,
    "n_samples": 300
}