{
    "disease": "TX_sifilis_00_23",
    "cod_mun": 3500105,
    "mae": 1.5565383364302658,
    "rmse": 2.488794749737265,
    "r2": -0.2534062030791495,
    "n_train": 251,
    "n_test": 12
}