{
    "disease": "hiv_aids",
    "cod_mun": 3507100,
    "mae": 0.4065851688459804,
    "rmse": 0.9643733069022352,
    "r2": 0.051327476633151736,
    "n_samples": 300
}