{
    "disease": "TX_sifilis_00_23",
    "cod_mun": 3552106,
    "mae": 0.6579841333112888,
    "rmse": 1.203796284189813,
    "r2": -0.2566386019738207,
    "n_train": 251,
    "n_test": 12
}