{
    "disease": "TX_hanseniase_00_23",
    "cod_mun": 3528205,
    "mae": 0.30265262722969055,
    "rmse": 0.30265262722969055,
    "r2": 0.0,
    "n_train": 251,
    "n_test": 12
}