{
    "disease": "TX_hiv_aids_00_23",
    "cod_mun": 3515186,
    "mae": 0.1985455577572187,
    "rmse": 0.20589494510625087,
    "r2": 0.0,
    "n_train": 251,
    "n_test": 12
}