{
    "disease": "hiv_aids",
    "cod_mun": 3509254,
    "mae": 0.9218180402066802,
    "rmse": 1.448868979831956,
    "r2": 0.13542614485498117,
    "n_samples": 300
}