{
    "disease": "hepatite",
    "cod_mun": 3528304,
    "mae": 5.585718494695396,
    "rmse": 12.086218198426527,
    "r2": 0.11794075786725056,
    "n_samples": 300
}