{
    "disease": "hanseniase",
    "cod_mun": 3518008,
    "mae": 0.34479058958103365,
    "rmse": 2.9207924336453166,
    "r2": 0.0064689810089216815,
    "n_samples": 300
}