{
    "disease": "TX_hanseniase_00_23",
    "cod_mun": 3511706,
    "mae": 5.898062045162078e-05,
    "rmse": 0.00010250692174135942,
    "r2": 0.0,
    "n_train": 251,
    "n_test": 12
}