{
    "disease": "TX_hepatite_00_23",
    "cod_mun": 3519204,
    "mae": 0.5981017152468363,
    "rmse": 0.6058719221015494,
    "r2": 0.0,
    "n_train": 251,
    "n_test": 12
}