{
    "disease": "TX_tuberculose_00_23",
    "cod_mun": 3548302,
    "mae": 0.04229373411120226,
    "rmse": 0.12731555145168832,
    "r2": 0.0,
    "n_train": 251,
    "n_test": 12
}