{
    "disease": "sifilis",
    "cod_mun": 3502903,
    "mae": 0.19181920171783653,
    "rmse": 0.5699557250915344,
    "r2": 0.031754785612097436,
    "n_samples": 300
}