{
    "disease": "sifilis",
    "cod_mun": 3506102,
    "mae": 0.46920353756999417,
    "rmse": 0.8851201989009287,
    "r2": 0.16601571154791595,
    "n_samples": 300
}