{
    "disease": "hanseniase",
    "cod_mun": 3515657,
    "mae": 1.2011668512264881,
    "rmse": 4.8378257853527655,
    "r2": 0.6572485573448172,
    "n_samples": 300
}