{
    "disease": "hiv_aids",
    "cod_mun": 3551801,
    "mae": 0.8860081844497665,
    "rmse": 1.998738441770991,
    "r2": 0.03161755393631882,
    "n_samples": 300
}