{
    "disease": "TX_sifilis_00_23",
    "cod_mun": 3546702,
    "mae": 0.1976773738861084,
    "rmse": 0.1976773738861084,
    "r2": 0.0,
    "n_train": 251,
    "n_test": 12
}