{
    "disease": "sifilis",
    "cod_mun": 3529500,
    "mae": 0.36906980608726053,
    "rmse": 2.687728062817191,
    "r2": 0.04157019168389131,
    "n_samples": 300
}