{
    "disease": "TX_tuberculose_00_23",
    "cod_mun": 3525201,
    "mae": 0.9714444229524449,
    "rmse": 0.9911910689967603,
    "r2": -1.088996752128391,
    "n_train": 251,
    "n_test": 12
}