{
    "disease": "hanseniase",
    "cod_mun": 3531506,
    "mae": 0.20406760747183417,
    "rmse": 0.7213671008146675,
    "r2": 0.007595623683433805,
    "n_samples": 300
}