{
    "disease": "hiv_aids",
    "cod_mun": 3521150,
    "mae": 3.1357338784459454,
    "rmse": 5.995438678258693,
    "r2": 0.0014776169131481831,
    "n_samples": 300
}