{
    "disease": "TX_tuberculose_00_23",
    "cod_mun": 3502903,
    "mae": 0.8505734507776302,
    "rmse": 1.922721236245396,
    "r2": -0.13135104747813786,
    "n_train": 251,
    "n_test": 12
}