{
    "disease": "hanseniase",
    "cod_mun": 3518701,
    "mae": 0.20456075096763038,
    "rmse": 0.5032254067884092,
    "r2": -0.02871859623650752,
    "n_samples": 300
}