{
    "disease": "sifilis",
    "cod_mun": 3550506,
    "mae": 0.46821710186158383,
    "rmse": 2.0863273012131485,
    "r2": 0.04095741823844634,
    "n_samples": 300
}