{
    "disease": "TX_hanseniase_00_23",
    "cod_mun": 3553856,
    "mae": 0.0750623590623339,
    "rmse": 0.19353392665714717,
    "r2": 0.0,
    "n_train": 251,
    "n_test": 12
}