{
    "disease": "hiv_aids",
    "cod_mun": 3514007,
    "mae": 1.7073468491863908,
    "rmse": 3.4049843297730136,
    "r2": 0.0852592141411862,
    "n_samples": 300
}