{
    "disease": "TX_tuberculose_00_23",
    "cod_mun": 3530003,
    "mae": 0.3125041251381238,
    "rmse": 0.3831677370628471,
    "r2": 0.0,
    "n_train": 251,
    "n_test": 12
}