{
    "disease": "hanseniase",
    "cod_mun": 3523206,
    "mae": 0.23312769978924006,
    "rmse": 0.5115887398497375,
    "r2": 0.06784783660039495,
    "n_samples": 300
}