{
    "disease": "TX_hanseniase_00_23",
    "cod_mun": 3513900,
    "mae": 0.3628379702568054,
    "rmse": 0.3628379702568054,
    "r2": 0.0,
    "n_train": 251,
    "n_test": 12
}