{
    "disease": "hanseniase",
    "cod_mun": 3513900,
    "mae": 0.14171865336324244,
    "rmse": 1.018189708828912,
    "r2": 0.008989517213705778,
    "n_samples": 300
}