{
    "disease": "TX_hanseniase_00_23",
    "cod_mun": 3543402,
    "mae": 0.08552277037233896,
    "rmse": 0.09691568712425609,
    "r2": -2.3397100808053044,
    "n_train": 251,
    "n_test": 12
}