{
    "disease": "tuberculose",
    "cod_mun": 3539301,
    "mae": 0.44044824128228166,
    "rmse": 0.7614315978071808,
    "r2": 0.18028161095507333,
    "n_samples": 300
}