{
    "disease": "TX_tuberculose_00_23",
    "cod_mun": 3517307,
    "mae": 1.8011018129543597,
    "rmse": 5.223111785240387,
    "r2": -0.05649285919644731,
    "n_train": 251,
    "n_test": 12
}