{
    "disease": "hepatite",
    "cod_mun": 3533908,
    "mae": 0.38577051202081125,
    "rmse": 0.8601827406384851,
    "r2": 0.4863807676655957,
    "n_samples": 300
}