{
    "disease": "TX_tuberculose_00_23",
    "cod_mun": 3540804,
    "mae": 1.2918429642452098,
    "rmse": 2.4180019409685043,
    "r2": -0.275777584045507,
    "n_train": 251,
    "n_test": 12
}