{
    "disease": "hiv_aids",
    "cod_mun": 3547502,
    "mae": 1.4323037395383609,
    "rmse": 1.62653225931013,
    "r2": -0.06451498741838058,
    "n_samples": 300
}