{
    "disease": "hiv_aids",
    "cod_mun": 3548609,
    "mae": 0.13040677954602375,
    "rmse": 0.7615972926344977,
    "r2": 0.0070447639218116365,
    "n_samples": 300
}