{
    "disease": "tuberculose",
    "cod_mun": 3505005,
    "mae": 0.8036383043152391,
    "rmse": 4.111723184245471,
    "r2": 0.00893542878628062,
    "n_samples": 300
}