{
    "disease": "hanseniase",
    "cod_mun": 3516002,
    "mae": 0.4963617396647776,
    "rmse": 2.4754438782688646,
    "r2": 0.005802727940980246,
    "n_samples": 300
}