{
    "disease": "hanseniase",
    "cod_mun": 3540200,
    "mae": 0.2641558814270156,
    "rmse": 0.6033969994420579,
    "r2": 0.5144292647568693,
    "n_samples": 300
}