{
    "disease": "TX_hepatite_00_23",
    "cod_mun": 3515657,
    "mae": 0.27300896545542247,
    "rmse": 0.3589503233864541,
    "r2": 0.0,
    "n_train": 251,
    "n_test": 12
}