{
    "disease": "tuberculose",
    "cod_mun": 3534807,
    "mae": 0.43076998276557354,
    "rmse": 1.3651680707338427,
    "r2": 0.17167644215049127,
    "n_samples": 300
}