{
    "disease": "TX_tuberculose_00_23",
    "cod_mun": 3507209,
    "mae": 0.18980727531015873,
    "rmse": 0.22237269231250228,
    "r2": 0.0,
    "n_train": 251,
    "n_test": 12
}