{
    "disease": "TX_tuberculose_00_23",
    "cod_mun": 3540309,
    "mae": 0.010958669474348426,
    "rmse": 0.016755566265298068,
    "r2": 0.0,
    "n_train": 251,
    "n_test": 12
}