{
    "disease": "TX_tuberculose_00_23",
    "cod_mun": 3552205,
    "mae": 0.07518847724446164,
    "rmse": 0.09529202152002304,
    "r2": 0.14165705838705334,
    "n_train": 251,
    "n_test": 12
}