{
    "disease": "sifilis",
    "cod_mun": 3504602,
    "mae": 0.2051864542880169,
    "rmse": 0.8132251062933714,
    "r2": 0.002088473044427719,
    "n_samples": 300
}