{
    "disease": "hanseniase",
    "cod_mun": 3552502,
    "mae": 0.2210358238271257,
    "rmse": 0.8870206740172839,
    "r2": 0.9535265160198932,
    "n_samples": 300
}