{
    "disease": "hiv_aids",
    "cod_mun": 3525904,
    "mae": 0.829390845279361,
    "rmse": 1.116246764950113,
    "r2": 0.7242024785492351,
    "n_samples": 300
}