{
    "disease": "TX_tuberculose_00_23",
    "cod_mun": 3539509,
    "mae": 1.5273670711548542,
    "rmse": 2.624111239113689,
    "r2": -0.054390854504154484,
    "n_train": 251,
    "n_test": 12
}