{
    "disease": "tuberculose",
    "cod_mun": 3543501,
    "mae": 0.9342609314640098,
    "rmse": 2.7310865998670617,
    "r2": 0.593906611817595,
    "n_samples": 300
}