{
    "disease": "TX_sifilis_00_23",
    "cod_mun": 3506102,
    "mae": 1.412826375059911,
    "rmse": 1.691541256705276,
    "r2": -0.3811046605995332,
    "n_train": 251,
    "n_test": 12
}