{
    "disease": "TX_hanseniase_00_23",
    "cod_mun": 3553302,
    "mae": 0.02125892974436283,
    "rmse": 0.02125892974436283,
    "r2": 0.0,
    "n_train": 251,
    "n_test": 12
}