{
    "disease": "hiv_aids",
    "cod_mun": 3517109,
    "mae": 0.14584547232895897,
    "rmse": 1.2038911011334767,
    "r2": 0.006132250074589063,
    "n_samples": 300
}