{
    "disease": "hanseniase",
    "cod_mun": 3516200,
    "mae": 0.06661538402653576,
    "rmse": 0.11428365508266211,
    "r2": 0.31743676066582693,
    "n_samples": 300
}