{
    "disease": "TX_hanseniase_00_23",
    "cod_mun": 3527405,
    "mae": 0.9185077314147189,
    "rmse": 2.041243482711631,
    "r2": -0.2055287462392168,
    "n_train": 251,
    "n_test": 12
}