{
    "disease": "sifilis",
    "cod_mun": 3548906,
    "mae": 0.17030982208347856,
    "rmse": 0.2751938728085435,
    "r2": 0.3220843806643783,
    "n_samples": 300
}