{
    "disease": "hanseniase",
    "cod_mun": 3529708,
    "mae": 1.227386990116241,
    "rmse": 1.7789177583461924,
    "r2": 0.17148505329468577,
    "n_samples": 300
}