{
    "disease": "hanseniase",
    "cod_mun": 3555604,
    "mae": 0.008828442085788901,
    "rmse": 0.0915110015294481,
    "r2": 0.9790389820715325,
    "n_samples": 300
}