{
    "disease": "tuberculose",
    "cod_mun": 3528908,
    "mae": 0.1815687425036897,
    "rmse": 1.267957514106236,
    "r2": 0.6262747536025802,
    "n_samples": 300
}