{
    "disease": "TX_hepatite_00_23",
    "cod_mun": 3547809,
    "mae": 0.008416907920036465,
    "rmse": 0.009963778896352986,
    "r2": 0.0,
    "n_train": 251,
    "n_test": 12
}