{
    "disease": "TX_hiv_aids_00_23",
    "cod_mun": 3551207,
    "mae": 0.07239968455784644,
    "rmse": 0.24171938607396856,
    "r2": 0.0,
    "n_train": 251,
    "n_test": 12
}