{
    "disease": "sifilis",
    "cod_mun": 3526407,
    "mae": 0.12426749189385437,
    "rmse": 0.48680950773268516,
    "r2": 0.0005930029599811037,
    "n_samples": 300
}