{
    "disease": "TX_hanseniase_00_23",
    "cod_mun": 3539509,
    "mae": 0.24493047129362822,
    "rmse": 0.6180325803382248,
    "r2": 0.0,
    "n_train": 251,
    "n_test": 12
}