{
    "disease": "sifilis",
    "cod_mun": 3538204,
    "mae": 0.1819021365655672,
    "rmse": 0.7973714715425338,
    "r2": 0.35360664674594955,
    "n_samples": 300
}