{
    "disease": "sifilis",
    "cod_mun": 3534807,
    "mae": 0.24419307880977945,
    "rmse": 1.1600968714879196,
    "r2": 0.012606092755347964,
    "n_samples": 300
}