{
    "disease": "tuberculose",
    "cod_mun": 3541653,
    "mae": 0.26110920186440184,
    "rmse": 2.045523117742099,
    "r2": 0.006235259236746282,
    "n_samples": 300
}