{
    "disease": "tuberculose",
    "cod_mun": 3515608,
    "mae": 0.45748427859983565,
    "rmse": 1.8939206145058451,
    "r2": 0.11138692596694177,
    "n_samples": 300
}