{
    "disease": "TX_hepatite_00_23",
    "cod_mun": 3526308,
    "mae": 12.529852216486503,
    "rmse": 12.785009433740527,
    "r2": -2.0263686060203825,
    "n_train": 251,
    "n_test": 12
}