{
    "disease": "TX_sifilis_00_23",
    "cod_mun": 3551009,
    "mae": 0.6533566213963081,
    "rmse": 0.8386885138284718,
    "r2": -1.2023766384367929,
    "n_train": 251,
    "n_test": 12
}