{
    "disease": "sifilis",
    "cod_mun": 3554201,
    "mae": 0.034052966658975524,
    "rmse": 0.17070770099689853,
    "r2": 0.9933234365901964,
    "n_samples": 300
}