{
    "disease": "sifilis",
    "cod_mun": 3506607,
    "mae": 0.35349003366697485,
    "rmse": 0.7388405396202514,
    "r2": 0.10048191584735178,
    "n_samples": 300
}