{
    "disease": "hanseniase",
    "cod_mun": 3547908,
    "mae": 0.6491209591535139,
    "rmse": 2.239412110092759,
    "r2": 0.04431444349034597,
    "n_samples": 300
}