{
    "disease": "sifilis",
    "cod_mun": 3523107,
    "mae": 0.6855849486577354,
    "rmse": 0.8027989756018209,
    "r2": -1.190709315875342,
    "n_samples": 300
}