{
    "disease": "tuberculose",
    "cod_mun": 3508504,
    "mae": 0.732870296705692,
    "rmse": 1.1144904563491058,
    "r2": 0.34643250487320676,
    "n_samples": 300
}