{
    "disease": "TX_sifilis_00_23",
    "cod_mun": 3555604,
    "mae": 2.582210794534791,
    "rmse": 6.36861980877361,
    "r2": -0.1606014261073312,
    "n_train": 251,
    "n_test": 12
}