{
    "disease": "TX_tuberculose_00_23",
    "cod_mun": 3554508,
    "mae": 0.602765445957664,
    "rmse": 0.7620758274459822,
    "r2": -0.11732565896780245,
    "n_train": 251,
    "n_test": 12
}