{
    "disease": "TX_sifilis_00_23",
    "cod_mun": 3520400,
    "mae": 0.3760998182108037,
    "rmse": 0.7255737243585353,
    "r2": -0.007734097779319438,
    "n_train": 251,
    "n_test": 12
}