{
    "disease": "TX_hepatite_00_23",
    "cod_mun": 3542503,
    "mae": 0.000658243642343829,
    "rmse": 0.002020353023503477,
    "r2": 0.0,
    "n_train": 251,
    "n_test": 12
}