{
    "disease": "TX_sifilis_00_23",
    "cod_mun": 3544806,
    "mae": 0.6929967204729716,
    "rmse": 0.6929968252422534,
    "r2": 0.0,
    "n_train": 251,
    "n_test": 12
}