{
    "disease": "hanseniase",
    "cod_mun": 3546702,
    "mae": 0.1819773899068051,
    "rmse": 0.6463620704748793,
    "r2": 0.001497753545793179,
    "n_samples": 300
}