{
    "disease": "hepatite",
    "cod_mun": 3538808,
    "mae": 0.4247288719736921,
    "rmse": 1.1712518832514025,
    "r2": 0.4950688626351899,
    "n_samples": 300
}