{
    "disease": "tuberculose",
    "cod_mun": 3522901,
    "mae": 1.0059518833696206,
    "rmse": 2.238694956656152,
    "r2": 0.015044248448236042,
    "n_samples": 300
}