{
    "disease": "TX_hanseniase_00_23",
    "cod_mun": 3545308,
    "mae": 0.04851716011762619,
    "rmse": 0.051353146281721475,
    "r2": 0.0,
    "n_train": 251,
    "n_test": 12
}