{
    "disease": "hanseniase",
    "cod_mun": 3513603,
    "mae": 0.3781417599067298,
    "rmse": 0.9168286762804011,
    "r2": 0.8053265420729745,
    "n_samples": 300
}