{
    "disease": "TX_hepatite_00_23",
    "cod_mun": 3513900,
    "mae": 0.008151203442442542,
    "rmse": 0.013381881193355299,
    "r2": 0.0,
    "n_train": 251,
    "n_test": 12
}