{
    "disease": "TX_hiv_aids_00_23",
    "cod_mun": 3516705,
    "mae": 0.571243405342102,
    "rmse": 0.5859395779358575,
    "r2": 0.0,
    "n_train": 251,
    "n_test": 12
}