{
    "disease": "hiv_aids",
    "cod_mun": 3526902,
    "mae": 2.1316177494294593,
    "rmse": 3.7708606445714654,
    "r2": 0.5451877023419074,
    "n_samples": 300
}