{
    "disease": "hepatite",
    "cod_mun": 3518305,
    "mae": 1.507757931068575,
    "rmse": 2.2519497435875673,
    "r2": 0.206054642447559,
    "n_samples": 300
}