{
    "disease": "tuberculose",
    "cod_mun": 3526605,
    "mae": 0.44710702415177583,
    "rmse": 1.5209999596259383,
    "r2": 0.3885925750536676,
    "n_samples": 300
}