{
    "disease": "TX_hepatite_00_23",
    "cod_mun": 3539608,
    "mae": 9.418111499505253,
    "rmse": 14.767981825013658,
    "r2": -0.08178617354006557,
    "n_train": 251,
    "n_test": 12
}