{
    "disease": "sifilis",
    "cod_mun": 3553104,
    "mae": 0.41358907813970947,
    "rmse": 1.8584089364338352,
    "r2": 0.1686313631329336,
    "n_samples": 300
}