{
    "disease": "hanseniase",
    "cod_mun": 3505708,
    "mae": 0.07722415464339052,
    "rmse": 0.14355073597199527,
    "r2": 0.10541888412639266,
    "n_samples": 300
}