{
    "disease": "TX_sifilis_00_23",
    "cod_mun": 3515400,
    "mae": 0.5648940243651229,
    "rmse": 1.6984211934350946,
    "r2": -0.06352582809080154,
    "n_train": 251,
    "n_test": 12
}