{
    "disease": "TX_sifilis_00_23",
    "cod_mun": 3535101,
    "mae": 0.13954503737234822,
    "rmse": 0.293179930691346,
    "r2": 0.0,
    "n_train": 251,
    "n_test": 12
}