{
    "disease": "TX_hiv_aids_00_23",
    "cod_mun": 3514601,
    "mae": 1.4051940976332158,
    "rmse": 2.9058014781189914,
    "r2": 0.007451375754615852,
    "n_train": 251,
    "n_test": 12
}