{
    "disease": "tuberculose",
    "cod_mun": 3541505,
    "mae": 0.8273253579405349,
    "rmse": 1.3357925662935493,
    "r2": 0.7085466282394253,
    "n_samples": 300
}