{
    "disease": "hiv_aids",
    "cod_mun": 3551009,
    "mae": 1.0400816112732831,
    "rmse": 1.4545691917327166,
    "r2": 0.4900507801965226,
    "n_samples": 300
}