{
    "disease": "TX_tuberculose_00_23",
    "cod_mun": 3513702,
    "mae": 0.937938898911522,
    "rmse": 1.9119028740202662,
    "r2": 0.042534729667620286,
    "n_train": 251,
    "n_test": 12
}