{
    "disease": "sifilis",
    "cod_mun": 3544806,
    "mae": 1.1664909222397288,
    "rmse": 3.2273562307623216,
    "r2": 0.08741605320743917,
    "n_samples": 300
}