{
    "disease": "hiv_aids",
    "cod_mun": 3546900,
    "mae": 1.1436846777191978,
    "rmse": 2.926871718500655,
    "r2": 0.10427954351567037,
    "n_samples": 300
}