{
    "disease": "hiv_aids",
    "cod_mun": 3523305,
    "mae": 0.3599481984640529,
    "rmse": 1.075561931200378,
    "r2": 4.045624227222433e-05,
    "n_samples": 300
}