{
    "disease": "TX_sifilis_00_23",
    "cod_mun": 3508801,
    "mae": 0.6839841799849339,
    "rmse": 1.702494790184149,
    "r2": -0.03026841818116832,
    "n_train": 251,
    "n_test": 12
}