{
    "disease": "TX_hiv_aids_00_23",
    "cod_mun": 3500600,
    "mae": 1.4197917481263478,
    "rmse": 1.4253773498045217,
    "r2": 0.0,
    "n_train": 251,
    "n_test": 12
}