{
    "disease": "TX_hanseniase_00_23",
    "cod_mun": 3548807,
    "mae": 0.06687932933958983,
    "rmse": 0.17904410431016624,
    "r2": -0.16822544415390284,
    "n_train": 251,
    "n_test": 12
}