{
    "disease": "sifilis",
    "cod_mun": 3542107,
    "mae": 0.2343350671981425,
    "rmse": 1.1678092372564137,
    "r2": 0.0009955352701325193,
    "n_samples": 300
}