{
    "disease": "hanseniase",
    "cod_mun": 3551405,
    "mae": 0.16356869205130287,
    "rmse": 0.9246020951003286,
    "r2": 0.4108859594863623,
    "n_samples": 300
}