{
    "disease": "sifilis",
    "cod_mun": 3556800,
    "mae": 0.3713654182794922,
    "rmse": 0.7515543444753924,
    "r2": 0.005552166958069149,
    "n_samples": 300
}