{
    "disease": "hanseniase",
    "cod_mun": 3524204,
    "mae": 0.20729127544546014,
    "rmse": 1.2425495058272493,
    "r2": 0.0021285527302028484,
    "n_samples": 300
}