{
    "disease": "TX_sifilis_00_23",
    "cod_mun": 3515194,
    "mae": 0.0668634360966583,
    "rmse": 0.1510475110048106,
    "r2": 0.0,
    "n_train": 251,
    "n_test": 12
}