{
    "disease": "hanseniase",
    "cod_mun": 3533502,
    "mae": 0.08254043228614014,
    "rmse": 0.4077954211263101,
    "r2": 0.023332021297252536,
    "n_samples": 300
}