{
    "disease": "hiv_aids",
    "cod_mun": 3521200,
    "mae": 0.7770816618946174,
    "rmse": 2.117281632275848,
    "r2": 0.09073513032679226,
    "n_samples": 300
}