{
    "disease": "sifilis",
    "cod_mun": 3540853,
    "mae": 0.20854428815794554,
    "rmse": 1.8303728571990099,
    "r2": 0.32822093724216106,
    "n_samples": 300
}