{
    "disease": "TX_tuberculose_00_23",
    "cod_mun": 3551603,
    "mae": 0.41120804597934085,
    "rmse": 0.412021701627118,
    "r2": 0.0,
    "n_train": 251,
    "n_test": 12
}