{
    "disease": "hiv_aids",
    "cod_mun": 3539202,
    "mae": 2.7359379902304592,
    "rmse": 3.372135628483243,
    "r2": -0.5550773057017153,
    "n_samples": 300
}