{
    "disease": "TX_hanseniase_00_23",
    "cod_mun": 3509007,
    "mae": 0.11154144359097647,
    "rmse": 0.2860858866011024,
    "r2": -0.04163725313632072,
    "n_train": 251,
    "n_test": 12
}