{
    "disease": "TX_hepatite_00_23",
    "cod_mun": 3531704,
    "mae": 0.03359290121200805,
    "rmse": 0.0796008174411656,
    "r2": 0.0,
    "n_train": 251,
    "n_test": 12
}