{
    "disease": "hepatite",
    "cod_mun": 3533403,
    "mae": 0.3555456218004043,
    "rmse": 0.6807213073506087,
    "r2": 0.1305993214106116,
    "n_samples": 300
}