{
    "disease": "TX_tuberculose_00_23",
    "cod_mun": 3514403,
    "mae": 1.0601399345099505,
    "rmse": 1.4564799488984022,
    "r2": -0.11681762968175313,
    "n_train": 251,
    "n_test": 12
}