{
    "disease": "hepatite",
    "cod_mun": 3531209,
    "mae": 1.5499776888635437,
    "rmse": 3.334561478610741,
    "r2": 0.07177925440169475,
    "n_samples": 300
}