{
    "disease": "hiv_aids",
    "cod_mun": 3536604,
    "mae": 3.9798228513282794,
    "rmse": 6.319823028715565,
    "r2": 0.021337896109699606,
    "n_samples": 300
}