{
    "disease": "hiv_aids",
    "cod_mun": 3556909,
    "mae": 0.6661245008234045,
    "rmse": 2.349312479192791,
    "r2": 0.03985685212046208,
    "n_samples": 300
}