{
    "disease": "hepatite",
    "cod_mun": 3519907,
    "mae": 2.3439165220803475,
    "rmse": 4.246314235674852,
    "r2": 0.16332542161241703,
    "n_samples": 300
}