{
    "disease": "TX_hiv_aids_00_23",
    "cod_mun": 3533809,
    "mae": 0.008017977389196554,
    "rmse": 0.01211541590273815,
    "r2": 0.0,
    "n_train": 251,
    "n_test": 12
}