{
    "disease": "hanseniase",
    "cod_mun": 3504305,
    "mae": 0.2774507000816354,
    "rmse": 1.6651148862197611,
    "r2": 0.0007759112491542153,
    "n_samples": 300
}