{
    "disease": "tuberculose",
    "cod_mun": 3529203,
    "mae": 0.2716601517520869,
    "rmse": 0.7295266637822927,
    "r2": 0.05720305327895525,
    "n_samples": 300
}