{
    "disease": "hanseniase",
    "cod_mun": 3507605,
    "mae": 0.051865080320294576,
    "rmse": 0.1373494248582638,
    "r2": 0.5601968175147413,
    "n_samples": 300
}