{
    "disease": "TX_hiv_aids_00_23",
    "cod_mun": 3551405,
    "mae": 5.799060581670563,
    "rmse": 6.477288006959567,
    "r2": -0.2884396077156177,
    "n_train": 251,
    "n_test": 12
}