{
    "disease": "TX_hanseniase_00_23",
    "cod_mun": 3554003,
    "mae": 0.23602343173169726,
    "rmse": 0.37805876404043753,
    "r2": -0.15309214474759414,
    "n_train": 251,
    "n_test": 12
}