{
    "disease": "hanseniase",
    "cod_mun": 3526902,
    "mae": 0.11601791601435354,
    "rmse": 0.2496079880656621,
    "r2": 0.4093373326945974,
    "n_samples": 300
}