{
    "disease": "tuberculose",
    "cod_mun": 3516804,
    "mae": 0.0019034378434833246,
    "rmse": 0.012505782169246835,
    "r2": 0.999917235753539,
    "n_samples": 300
}