{
    "disease": "TX_hanseniase_00_23",
    "cod_mun": 3531506,
    "mae": 0.1515483744442463,
    "rmse": 0.23129539289734127,
    "r2": 0.0,
    "n_train": 251,
    "n_test": 12
}