{
    "disease": "hepatite",
    "cod_mun": 3522158,
    "mae": 11.404223348248074,
    "rmse": 16.635053339912815,
    "r2": 0.10726596085348261,
    "n_samples": 300
}