{
    "disease": "TX_hiv_aids_00_23",
    "cod_mun": 3509007,
    "mae": 0.4499995653631519,
    "rmse": 0.5806676092233427,
    "r2": 0.07444688306189862,
    "n_train": 251,
    "n_test": 12
}