{
    "disease": "tuberculose",
    "cod_mun": 3526902,
    "mae": 0.5363773551099666,
    "rmse": 0.7474226243878678,
    "r2": 0.5002961828094025,
    "n_samples": 300
}