{
    "disease": "hepatite",
    "cod_mun": 3547700,
    "mae": 0.3940115637485324,
    "rmse": 0.9357713643419201,
    "r2": 0.13126625931339453,
    "n_samples": 300
}