{
    "disease": "sifilis",
    "cod_mun": 3514007,
    "mae": 0.22734645247600316,
    "rmse": 1.4112687227466572,
    "r2": 0.0648987743901629,
    "n_samples": 300
}