{
    "disease": "sifilis",
    "cod_mun": 3524303,
    "mae": 0.4042297447397887,
    "rmse": 0.6985749361198034,
    "r2": 0.4012628842271303,
    "n_samples": 300
}