{
    "disease": "TX_tuberculose_00_23",
    "cod_mun": 3517802,
    "mae": 0.1995013232032458,
    "rmse": 0.19950146348924733,
    "r2": 0.0,
    "n_train": 251,
    "n_test": 12
}