{
    "disease": "TX_hepatite_00_23",
    "cod_mun": 3544509,
    "mae": 0.43413466463486355,
    "rmse": 0.4757819359391185,
    "r2": 0.0,
    "n_train": 251,
    "n_test": 12
}