{
    "disease": "hiv_aids",
    "cod_mun": 3508504,
    "mae": 1.1066998146820548,
    "rmse": 1.7842312677516727,
    "r2": 0.38853664265265264,
    "n_samples": 300
}