{
    "disease": "TX_tuberculose_00_23",
    "cod_mun": 3556503,
    "mae": 0.4385076537205208,
    "rmse": 0.4977717272172978,
    "r2": -0.5942266853442555,
    "n_train": 251,
    "n_test": 12
}