{
    "disease": "sifilis",
    "cod_mun": 3510104,
    "mae": 0.16605362946286192,
    "rmse": 1.6755667866899948,
    "r2": 0.28585751419095606,
    "n_samples": 300
}