{
    "disease": "TX_hiv_aids_00_23",
    "cod_mun": 3529906,
    "mae": 0.5963214635848999,
    "rmse": 0.5963214635848999,
    "r2": 0.0,
    "n_train": 251,
    "n_test": 12
}