{
    "disease": "TX_hiv_aids_00_23",
    "cod_mun": 3506300,
    "mae": 0.28322210907936096,
    "rmse": 0.28322210907936096,
    "r2": 0.0,
    "n_train": 251,
    "n_test": 12
}