{
    "disease": "hepatite",
    "cod_mun": 3505005,
    "mae": 0.6318834038554274,
    "rmse": 3.1717072044719434,
    "r2": 0.26760786241534384,
    "n_samples": 300
}