{
    "disease": "hiv_aids",
    "cod_mun": 3507902,
    "mae": 1.1570823181387724,
    "rmse": 1.7903239822970296,
    "r2": 0.17435678511266184,
    "n_samples": 300
}