{
    "disease": "hanseniase",
    "cod_mun": 3551207,
    "mae": 0.15527826237159678,
    "rmse": 1.348582109592342,
    "r2": 0.0028168517439772778,
    "n_samples": 300
}