{
    "disease": "hanseniase",
    "cod_mun": 3522604,
    "mae": 0.08327994672736581,
    "rmse": 0.2496389483515583,
    "r2": 0.11310170708363954,
    "n_samples": 300
}