{
    "disease": "hanseniase",
    "cod_mun": 3521101,
    "mae": 0.1204796017881255,
    "rmse": 1.036245392820106,
    "r2": 0.0029698366785109176,
    "n_samples": 300
}