{
    "disease": "TX_sifilis_00_23",
    "cod_mun": 3527801,
    "mae": 2.5793024244505633,
    "rmse": 7.213136032502771,
    "r2": -0.054647980979497524,
    "n_train": 251,
    "n_test": 12
}