{
    "disease": "TX_hepatite_00_23",
    "cod_mun": 3542909,
    "mae": 0.33668718052407104,
    "rmse": 0.40538244558178965,
    "r2": 0.0,
    "n_train": 251,
    "n_test": 12
}