{
    "disease": "TX_sifilis_00_23",
    "cod_mun": 3504602,
    "mae": 0.10809330393870671,
    "rmse": 0.10934564148088284,
    "r2": 0.0,
    "n_train": 251,
    "n_test": 12
}