{
    "disease": "hanseniase",
    "cod_mun": 3553302,
    "mae": 0.05853232914761051,
    "rmse": 0.35424889455842484,
    "r2": 0.006271698850563001,
    "n_samples": 300
}