{
    "disease": "TX_hepatite_00_23",
    "cod_mun": 3552908,
    "mae": 0.07970739722562332,
    "rmse": 0.20591326473272648,
    "r2": 0.0,
    "n_train": 251,
    "n_test": 12
}