{
    "disease": "TX_hiv_aids_00_23",
    "cod_mun": 3539806,
    "mae": 0.5842326565049856,
    "rmse": 0.6056821875682237,
    "r2": -2.164124996929551,
    "n_train": 251,
    "n_test": 12
}