{
    "disease": "hanseniase",
    "cod_mun": 3548104,
    "mae": 0.11106332000951841,
    "rmse": 0.9487960361945217,
    "r2": 0.003267418497018393,
    "n_samples": 300
}