{
    "disease": "tuberculose",
    "cod_mun": 3536505,
    "mae": 1.0190388462700715,
    "rmse": 1.2581747153331855,
    "r2": 0.6421260889677901,
    "n_samples": 300
}