{
    "disease": "hanseniase",
    "cod_mun": 3524600,
    "mae": 0.037829467412512204,
    "rmse": 0.32154792788116254,
    "r2": 0.0028308969529438066,
    "n_samples": 300
}