{
    "disease": "sifilis",
    "cod_mun": 3513603,
    "mae": 0.08730106638191115,
    "rmse": 0.4828024391084141,
    "r2": 0.1857195031060762,
    "n_samples": 300
}