{
    "disease": "TX_sifilis_00_23",
    "cod_mun": 3513801,
    "mae": 0.5836505682138154,
    "rmse": 0.8586414610554224,
    "r2": -0.10072055958491055,
    "n_train": 251,
    "n_test": 12
}