{
    "disease": "hiv_aids",
    "cod_mun": 3552809,
    "mae": 0.5358850407174847,
    "rmse": 0.7492392551156921,
    "r2": 0.1584151041825037,
    "n_samples": 300
}