{
    "disease": "sifilis",
    "cod_mun": 3501905,
    "mae": 0.13608477648035805,
    "rmse": 0.28422580343442305,
    "r2": 0.06254791248636804,
    "n_samples": 300
}