{
    "disease": "hiv_aids",
    "cod_mun": 3520608,
    "mae": 1.0866926488677862,
    "rmse": 3.2960168790878672,
    "r2": 0.10825285283160657,
    "n_samples": 300
}