{
    "disease": "TX_hepatite_00_23",
    "cod_mun": 3532504,
    "mae": 0.43461428085962933,
    "rmse": 0.4688011806018661,
    "r2": 0.0,
    "n_train": 251,
    "n_test": 12
}