{
    "disease": "TX_sifilis_00_23",
    "cod_mun": 3522158,
    "mae": 1.097602128982544,
    "rmse": 1.097602128982544,
    "r2": 0.0,
    "n_train": 251,
    "n_test": 12
}