{
    "disease": "TX_hiv_aids_00_23",
    "cod_mun": 3515350,
    "mae": 0.2757619346181552,
    "rmse": 0.2761001832429283,
    "r2": 0.0,
    "n_train": 251,
    "n_test": 12
}