{
    "disease": "hepatite",
    "cod_mun": 3540606,
    "mae": 0.8432693917522304,
    "rmse": 1.2799364743908737,
    "r2": 0.11172620428234947,
    "n_samples": 300
}