{
    "disease": "sifilis",
    "cod_mun": 3523107,
    "mae": 0.3260310206685181,
    "rmse": 0.4465776177764808,
    "r2": 0.32210092525838996,
    "n_samples": 300
}