{
    "disease": "tuberculose",
    "cod_mun": 3554102,
    "mae": 0.575829213327293,
    "rmse": 0.8247380094434326,
    "r2": 0.7484958696798196,
    "n_samples": 300
}