{
    "disease": "hepatite",
    "cod_mun": 3519253,
    "mae": 1.1826693325589215,
    "rmse": 4.257089096083939,
    "r2": 0.15335724833336206,
    "n_samples": 300
}