{
    "disease": "hiv_aids",
    "cod_mun": 3504206,
    "mae": 0.22596394300686465,
    "rmse": 0.8899579335110986,
    "r2": 0.0008577972886213425,
    "n_samples": 300
}