{
    "disease": "TX_tuberculose_00_23",
    "cod_mun": 3541307,
    "mae": 0.30253718545039493,
    "rmse": 0.3025447120842436,
    "r2": 0.0,
    "n_train": 251,
    "n_test": 12
}