{
    "disease": "sifilis",
    "cod_mun": 3538303,
    "mae": 0.1845569528206948,
    "rmse": 1.561835837797134,
    "r2": 0.002949688958956753,
    "n_samples": 300
}