{
    "disease": "TX_hiv_aids_00_23",
    "cod_mun": 3505203,
    "mae": 0.23888973146677017,
    "rmse": 0.2390084447648841,
    "r2": 0.0,
    "n_train": 251,
    "n_test": 12
}