{
    "disease": "tuberculose",
    "cod_mun": 3513306,
    "mae": 0.6936818012638755,
    "rmse": 3.904145959766547,
    "r2": 0.010884641542495133,
    "n_samples": 300
}