{
    "disease": "hiv_aids",
    "cod_mun": 3516606,
    "mae": 2.094247118355294,
    "rmse": 4.106678463233645,
    "r2": 0.23542203529415595,
    "n_samples": 300
}