{
    "disease": "sifilis",
    "cod_mun": 3519055,
    "mae": 0.33545336160981437,
    "rmse": 1.0097160719141842,
    "r2": 0.14895858769596615,
    "n_samples": 300
}