{
    "disease": "TX_hepatite_00_23",
    "cod_mun": 3504206,
    "mae": 1.791729854048186,
    "rmse": 2.281064877922133,
    "r2": -0.22892802581082305,
    "n_train": 251,
    "n_test": 12
}