{
    "disease": "hiv_aids",
    "cod_mun": 3527108,
    "mae": 0.46740430571168756,
    "rmse": 0.603018493059162,
    "r2": -0.11130817899598067,
    "n_samples": 300
}