{
    "disease": "hanseniase",
    "cod_mun": 3532603,
    "mae": 0.29873387160061887,
    "rmse": 1.1799683758135768,
    "r2": 0.00029952016406686877,
    "n_samples": 300
}