{
    "disease": "TX_hiv_aids_00_23",
    "cod_mun": 3555901,
    "mae": 0.20920107265313467,
    "rmse": 0.35017488537727554,
    "r2": 0.0,
    "n_train": 251,
    "n_test": 12
}