{
    "disease": "TX_hiv_aids_00_23",
    "cod_mun": 3553955,
    "mae": 0.31161166975895566,
    "rmse": 0.3126589181649558,
    "r2": 0.0,
    "n_train": 251,
    "n_test": 12
}