{
    "disease": "hanseniase",
    "cod_mun": 3507407,
    "mae": 0.048411731923691984,
    "rmse": 0.41855669887852187,
    "r2": 0.0027325537295571634,
    "n_samples": 300
}