{
    "disease": "TX_hiv_aids_00_23",
    "cod_mun": 3502804,
    "mae": 0.36342414185317784,
    "rmse": 0.4334635099845437,
    "r2": -0.006703989259882137,
    "n_train": 251,
    "n_test": 12
}