{
    "disease": "TX_tuberculose_00_23",
    "cod_mun": 3513603,
    "mae": 1.380409340442574,
    "rmse": 1.9598804780132013,
    "r2": -0.002823403254990975,
    "n_train": 251,
    "n_test": 12
}