{
    "disease": "TX_hiv_aids_00_23",
    "cod_mun": 3501004,
    "mae": 1.5078539748986561,
    "rmse": 1.5083789658968774,
    "r2": 0.0,
    "n_train": 251,
    "n_test": 12
}