{
    "disease": "hanseniase",
    "cod_mun": 3531605,
    "mae": 1.0018063116842697,
    "rmse": 3.4898107879139952,
    "r2": 0.004210806624331709,
    "n_samples": 300
}