{
    "disease": "TX_hiv_aids_00_23",
    "cod_mun": 3526001,
    "mae": 0.7524228866595726,
    "rmse": 1.3606698252741034,
    "r2": -0.008144380998206913,
    "n_train": 251,
    "n_test": 12
}