{
    "disease": "TX_hiv_aids_00_23",
    "cod_mun": 3501608,
    "mae": 0.3396192265593195,
    "rmse": 0.437273042919216,
    "r2": -0.36240127189762994,
    "n_train": 251,
    "n_test": 12
}