{
    "disease": "sifilis",
    "cod_mun": 3555109,
    "mae": 0.7202168455063698,
    "rmse": 1.6398066503285562,
    "r2": 0.16505996935979994,
    "n_samples": 300
}