{
    "disease": "TX_hiv_aids_00_23",
    "cod_mun": 3504107,
    "mae": 0.14676536110300953,
    "rmse": 0.20216659390937525,
    "r2": -0.5768396390201598,
    "n_train": 251,
    "n_test": 12
}