{
    "disease": "tuberculose",
    "cod_mun": 3505401,
    "mae": 0.5884895010918167,
    "rmse": 2.05888348860448,
    "r2": 0.05108173713918207,
    "n_samples": 300
}