{
    "disease": "sifilis",
    "cod_mun": 3554102,
    "mae": 0.1304470584334328,
    "rmse": 0.17647733197105733,
    "r2": 0.24393203919012896,
    "n_samples": 300
}