{
    "disease": "TX_tuberculose_00_23",
    "cod_mun": 3544103,
    "mae": 0.8362893135694848,
    "rmse": 1.0163627951248448,
    "r2": -0.12472506132866035,
    "n_train": 251,
    "n_test": 12
}