{
    "disease": "hanseniase",
    "cod_mun": 3526209,
    "mae": 0.1576635477927453,
    "rmse": 0.5856670563207206,
    "r2": 0.00646680618245743,
    "n_samples": 300
}