{
    "disease": "sifilis",
    "cod_mun": 3556305,
    "mae": 0.36841645642493803,
    "rmse": 1.121938267752578,
    "r2": 0.0005125499676619238,
    "n_samples": 300
}