{
    "disease": "TX_hepatite_00_23",
    "cod_mun": 3502101,
    "mae": 0.8913524436943466,
    "rmse": 0.9221015589341928,
    "r2": -1.1647026486429448,
    "n_train": 251,
    "n_test": 12
}