{
    "disease": "hiv_aids",
    "cod_mun": 3542008,
    "mae": 2.209244736687821,
    "rmse": 5.535824082519521,
    "r2": -0.06623853309969707,
    "n_samples": 300
}