{
    "disease": "hanseniase",
    "cod_mun": 3552601,
    "mae": 0.2252917547278095,
    "rmse": 1.1887842954051369,
    "r2": 0.00015310857302774927,
    "n_samples": 300
}