{
    "disease": "tuberculose",
    "cod_mun": 3552700,
    "mae": 1.2033141263485647,
    "rmse": 2.5904354184659413,
    "r2": 0.14052953385435596,
    "n_samples": 300
}