{
    "disease": "TX_tuberculose_00_23",
    "cod_mun": 3550605,
    "mae": 0.553523050678027,
    "rmse": 0.5549017536880473,
    "r2": -0.6338984276427877,
    "n_train": 251,
    "n_test": 12
}