{
    "disease": "hanseniase",
    "cod_mun": 3551108,
    "mae": 0.22105565578316666,
    "rmse": 1.1271225552994308,
    "r2": 0.13403566916970377,
    "n_samples": 300
}