{
    "disease": "sifilis",
    "cod_mun": 3529658,
    "mae": 0.3564516951561342,
    "rmse": 2.988685123351426,
    "r2": 0.002657765963816283,
    "n_samples": 300
}