{
    "disease": "TX_hepatite_00_23",
    "cod_mun": 3527306,
    "mae": 0.0199641296834064,
    "rmse": 0.05482750507959564,
    "r2": 0.0,
    "n_train": 251,
    "n_test": 12
}