{
    "disease": "hepatite",
    "cod_mun": 3506607,
    "mae": 0.3803254798682343,
    "rmse": 0.8312126220794005,
    "r2": 0.0735027003108647,
    "n_samples": 300
}