{
    "disease": "TX_sifilis_00_23",
    "cod_mun": 3537800,
    "mae": 0.5168357543463127,
    "rmse": 0.9399028912941898,
    "r2": -0.2516624751384162,
    "n_train": 251,
    "n_test": 12
}