{
    "disease": "tuberculose",
    "cod_mun": 3524105,
    "mae": 0.5638456946785392,
    "rmse": 1.164321495427284,
    "r2": 0.037986700613122815,
    "n_samples": 300
}