{
    "disease": "TX_hepatite_00_23",
    "cod_mun": 3535507,
    "mae": 0.21407061473776898,
    "rmse": 0.30825760337578606,
    "r2": 0.0,
    "n_train": 251,
    "n_test": 12
}