{
    "disease": "TX_hepatite_00_23",
    "cod_mun": 3556008,
    "mae": 0.886834646264712,
    "rmse": 1.039594125633418,
    "r2": 0.0,
    "n_train": 251,
    "n_test": 12
}