{
    "disease": "TX_sifilis_00_23",
    "cod_mun": 3548807,
    "mae": 0.27383677887491836,
    "rmse": 0.42740396032911104,
    "r2": -0.2411502780776571,
    "n_train": 251,
    "n_test": 12
}