{
    "disease": "TX_hanseniase_00_23",
    "cod_mun": 3534302,
    "mae": 0.055166947500159345,
    "rmse": 0.08258607180699774,
    "r2": 0.0,
    "n_train": 251,
    "n_test": 12
}