{
    "disease": "tuberculose",
    "cod_mun": 3507209,
    "mae": 0.9557323463871167,
    "rmse": 6.340372016226135,
    "r2": 0.15025456647365165,
    "n_samples": 300
}