{
    "disease": "TX_hepatite_00_23",
    "cod_mun": 3510609,
    "mae": 0.16151946611083878,
    "rmse": 0.17478455235019463,
    "r2": -0.2962993405787724,
    "n_train": 251,
    "n_test": 12
}