{
    "disease": "TX_sifilis_00_23",
    "cod_mun": 3529906,
    "mae": 0.23933949197332063,
    "rmse": 0.2418232710522625,
    "r2": 0.0,
    "n_train": 251,
    "n_test": 12
}