{
    "disease": "hanseniase",
    "cod_mun": 3501301,
    "mae": 0.030281017557394645,
    "rmse": 0.24392917431620165,
    "r2": 0.009818289489404552,
    "n_samples": 300
}