{
    "disease": "hiv_aids",
    "cod_mun": 3500204,
    "mae": 3.1635597455859616,
    "rmse": 6.309776455721036,
    "r2": 0.01783801286913167,
    "n_samples": 300
}