{
    "disease": "TX_tuberculose_00_23",
    "cod_mun": 3529005,
    "mae": 0.5884833037103308,
    "rmse": 0.6876309028166564,
    "r2": -0.9095731810295549,
    "n_train": 251,
    "n_test": 12
}