{
    "disease": "hanseniase",
    "cod_mun": 3537107,
    "mae": 0.046670890384034026,
    "rmse": 0.2355965680344861,
    "r2": 0.00012814360660340363,
    "n_samples": 300
}