{
    "disease": "TX_hepatite_00_23",
    "cod_mun": 3552007,
    "mae": 10.770444248370234,
    "rmse": 12.008685125440621,
    "r2": 0.012145549814777001,
    "n_train": 251,
    "n_test": 12
}