{
    "disease": "hanseniase",
    "cod_mun": 3524709,
    "mae": 0.23301754957183107,
    "rmse": 0.5449835410008091,
    "r2": 0.14789181969968013,
    "n_samples": 300
}