{
    "disease": "hanseniase",
    "cod_mun": 3554102,
    "mae": 0.09615228739529795,
    "rmse": 0.1542566598375376,
    "r2": 0.11009666077829283,
    "n_samples": 300
}