{
    "disease": "TX_hanseniase_00_23",
    "cod_mun": 3500204,
    "mae": 0.2864938589433829,
    "rmse": 0.33834973791865003,
    "r2": 0.0,
    "n_train": 251,
    "n_test": 12
}