{
    "disease": "hiv_aids",
    "cod_mun": 3517901,
    "mae": 1.774830534323133,
    "rmse": 3.6558765002877602,
    "r2": 0.04846194486473876,
    "n_samples": 300
}