{
    "disease": "tuberculose",
    "cod_mun": 3540309,
    "mae": 0.0666519003489384,
    "rmse": 0.4140019413383281,
    "r2": 0.9830775803380094,
    "n_samples": 300
}