{
    "disease": "TX_tuberculose_00_23",
    "cod_mun": 3516101,
    "mae": 13.003924360956004,
    "rmse": 24.372375892939132,
    "r2": -0.18007356323352974,
    "n_train": 251,
    "n_test": 12
}