{
    "disease": "sifilis",
    "cod_mun": 3522158,
    "mae": 0.6121532235481413,
    "rmse": 2.969460302818648,
    "r2": 0.008784478568543697,
    "n_samples": 300
}