{
    "disease": "hepatite",
    "cod_mun": 3553807,
    "mae": 0.38308759050856983,
    "rmse": 0.9279552171249619,
    "r2": 0.14327694156216397,
    "n_samples": 300
}