{
    "disease": "TX_hanseniase_00_23",
    "cod_mun": 3523503,
    "mae": 0.03536999225616455,
    "rmse": 0.03536999225616455,
    "r2": 0.0,
    "n_train": 251,
    "n_test": 12
}