{
    "disease": "hiv_aids",
    "cod_mun": 3533007,
    "mae": 1.9905776545838982,
    "rmse": 2.9046683052068305,
    "r2": 0.01799667003082772,
    "n_samples": 300
}