{
    "disease": "TX_hiv_aids_00_23",
    "cod_mun": 3554656,
    "mae": 0.018777152833839256,
    "rmse": 0.023655948916446762,
    "r2": 0.0,
    "n_train": 251,
    "n_test": 12
}