{
    "disease": "sifilis",
    "cod_mun": 3544251,
    "mae": 0.13549139118214573,
    "rmse": 0.49021564931513756,
    "r2": 0.13685261871285148,
    "n_samples": 300
}