{
    "disease": "hepatite",
    "cod_mun": 3536802,
    "mae": 1.774110805531488,
    "rmse": 3.837550561555545,
    "r2": 0.22480665308252046,
    "n_samples": 300
}