{
    "disease": "hiv_aids",
    "cod_mun": 3506003,
    "mae": 1.1433663847218922,
    "rmse": 1.7299927646702038,
    "r2": 0.6163554442491477,
    "n_samples": 300
}