{
    "disease": "hiv_aids",
    "cod_mun": 3511201,
    "mae": 2.7518201963419218,
    "rmse": 5.856183072431039,
    "r2": 0.09190034278757875,
    "n_samples": 300
}