{
    "disease": "hanseniase",
    "cod_mun": 3536901,
    "mae": 0.26126849667104957,
    "rmse": 2.2144309995031177,
    "r2": 0.006036697504967381,
    "n_samples": 300
}