{
    "disease": "hepatite",
    "cod_mun": 3505351,
    "mae": 0.837805709474034,
    "rmse": 2.719297299877973,
    "r2": 0.057846118033026306,
    "n_samples": 300
}