{
    "disease": "hepatite",
    "cod_mun": 3518859,
    "mae": 0.5399872121622065,
    "rmse": 1.8312241391056114,
    "r2": 0.34105456215051155,
    "n_samples": 300
}