{
    "disease": "TX_hanseniase_00_23",
    "cod_mun": 3506201,
    "mae": 0.008194852775583664,
    "rmse": 0.014627390783820523,
    "r2": 0.0,
    "n_train": 251,
    "n_test": 12
}