{
    "disease": "TX_sifilis_00_23",
    "cod_mun": 3524303,
    "mae": 1.3434088551161611,
    "rmse": 1.6175529903252168,
    "r2": -0.39517455375851385,
    "n_train": 251,
    "n_test": 12
}