{
    "disease": "hiv_aids",
    "cod_mun": 3556404,
    "mae": 0.7679425065889027,
    "rmse": 1.1103134280631035,
    "r2": 0.07679997280712403,
    "n_samples": 300
}