{
    "disease": "hanseniase",
    "cod_mun": 3542503,
    "mae": 0.33384013097688237,
    "rmse": 1.6257614819638164,
    "r2": 0.40252170265271436,
    "n_samples": 300
}