{
    "disease": "hiv_aids",
    "cod_mun": 3500600,
    "mae": 3.1725290627597316,
    "rmse": 8.325954120125823,
    "r2": 0.19037803800505337,
    "n_samples": 300
}