{
    "disease": "TX_hepatite_00_23",
    "cod_mun": 3520426,
    "mae": 0.416910320520401,
    "rmse": 0.416910320520401,
    "r2": 0.0,
    "n_train": 251,
    "n_test": 12
}