{
    "disease": "hiv_aids",
    "cod_mun": 3555307,
    "mae": 3.749659351486464,
    "rmse": 8.995259630248244,
    "r2": 0.46328621214625354,
    "n_samples": 300
}