{
    "disease": "hiv_aids",
    "cod_mun": 3540754,
    "mae": 0.8632628337886471,
    "rmse": 1.934061360992459,
    "r2": 0.6726308486028012,
    "n_samples": 300
}