{
    "disease": "hiv_aids",
    "cod_mun": 3501202,
    "mae": 1.8394774377465364,
    "rmse": 4.763654374295826,
    "r2": 0.0567334892667124,
    "n_samples": 300
}