{
    "disease": "tuberculose",
    "cod_mun": 3552304,
    "mae": 0.10231193155343062,
    "rmse": 0.6397450058550875,
    "r2": 0.2623631910013323,
    "n_samples": 300
}