{
    "disease": "hanseniase",
    "cod_mun": 3544400,
    "mae": 0.2302997678684504,
    "rmse": 1.9691200632766062,
    "r2": 0.006910079971223504,
    "n_samples": 300
}