{
    "disease": "TX_sifilis_00_23",
    "cod_mun": 3528403,
    "mae": 1.028774240286222,
    "rmse": 1.3246814577617465,
    "r2": -0.6237489493483714,
    "n_train": 251,
    "n_test": 12
}