{
    "disease": "hanseniase",
    "cod_mun": 3508801,
    "mae": 0.005074633247070674,
    "rmse": 0.03257472465694727,
    "r2": 0.9985125983480578,
    "n_samples": 300
}