{
    "disease": "hanseniase",
    "cod_mun": 3501202,
    "mae": 0.17498512529110527,
    "rmse": 1.4923512370822674,
    "r2": 0.0032471836758017902,
    "n_samples": 300
}