{
    "disease": "TX_hanseniase_00_23",
    "cod_mun": 3517109,
    "mae": 2.0252552364030856,
    "rmse": 6.9841440606567105,
    "r2": -0.09022669147628837,
    "n_train": 251,
    "n_test": 12
}