{
    "disease": "hepatite",
    "cod_mun": 3523909,
    "mae": 0.2835124857858123,
    "rmse": 0.4765575638847606,
    "r2": 0.43876355318977855,
    "n_samples": 300
}