{
    "disease": "sifilis",
    "cod_mun": 3540705,
    "mae": 0.22530104508832163,
    "rmse": 0.7338456182753132,
    "r2": 0.01094462192460488,
    "n_samples": 300
}