{
    "disease": "TX_tuberculose_00_23",
    "cod_mun": 3528205,
    "mae": 8.517191902986572e-05,
    "rmse": 0.00014622413075278127,
    "r2": 0.0,
    "n_train": 251,
    "n_test": 12
}