{
    "disease": "TX_tuberculose_00_23",
    "cod_mun": 3546504,
    "mae": 2.9159627958659264,
    "rmse": 6.55411637375105,
    "r2": -0.15954955095187828,
    "n_train": 251,
    "n_test": 12
}