{
    "disease": "hiv_aids",
    "cod_mun": 3555406,
    "mae": 2.89842361169775,
    "rmse": 3.8112112965040947,
    "r2": -1.7852313516878175,
    "n_samples": 300
}