{
    "disease": "hiv_aids",
    "cod_mun": 3537909,
    "mae": 0.7006127224801076,
    "rmse": 1.1391670064565362,
    "r2": -0.061764929858639794,
    "n_samples": 300
}