{
    "disease": "TX_hepatite_00_23",
    "cod_mun": 3542602,
    "mae": 0.015647486570136,
    "rmse": 0.03245187962639755,
    "r2": 0.0,
    "n_train": 251,
    "n_test": 12
}