{
    "disease": "TX_tuberculose_00_23",
    "cod_mun": 3532504,
    "mae": 0.04239458963274956,
    "rmse": 0.04239458963274956,
    "r2": 0.0,
    "n_train": 251,
    "n_test": 12
}