{
    "disease": "sifilis",
    "cod_mun": 3504503,
    "mae": 0.23070112718745472,
    "rmse": 0.4394868091772225,
    "r2": 0.3221659096009547,
    "n_samples": 300
}