{
    "disease": "hepatite",
    "cod_mun": 3532827,
    "mae": 1.0066000742101953,
    "rmse": 2.6897524671481365,
    "r2": 0.5258192241523364,
    "n_samples": 300
}