{
    "disease": "hanseniase",
    "cod_mun": 3519006,
    "mae": 0.07499493366516435,
    "rmse": 0.6277524263722504,
    "r2": 0.006037642854747394,
    "n_samples": 300
}