{
    "disease": "TX_hepatite_00_23",
    "cod_mun": 3522158,
    "mae": 15.029271105919408,
    "rmse": 16.41422022780901,
    "r2": -0.2509638808916992,
    "n_train": 251,
    "n_test": 12
}