{
    "disease": "TX_hiv_aids_00_23",
    "cod_mun": 3507803,
    "mae": 1.990683604736353,
    "rmse": 2.01719533439364,
    "r2": -2.4187964896663323,
    "n_train": 251,
    "n_test": 12
}