{
    "disease": "sifilis",
    "cod_mun": 3524600,
    "mae": 0.46576441234227606,
    "rmse": 1.3441481431297537,
    "r2": 0.06426822196784487,
    "n_samples": 300
}