{
    "disease": "hiv_aids",
    "cod_mun": 3520707,
    "mae": 0.6914859935786866,
    "rmse": 3.015757050577484,
    "r2": 0.0005347762515350851,
    "n_samples": 300
}