{
    "disease": "hepatite",
    "cod_mun": 3536000,
    "mae": 0.9812919260971616,
    "rmse": 2.0487232392341825,
    "r2": 0.04952650792482982,
    "n_samples": 300
}