{
    "disease": "tuberculose",
    "cod_mun": 3521002,
    "mae": 1.1594584138890367,
    "rmse": 1.8175572689452708,
    "r2": 0.3787218712921038,
    "n_samples": 300
}