{
    "disease": "hanseniase",
    "cod_mun": 3535002,
    "mae": 0.510534591642544,
    "rmse": 2.3536016708345744,
    "r2": -0.048903539243828176,
    "n_samples": 300
}