{
    "disease": "hanseniase",
    "cod_mun": 3501806,
    "mae": 0.11156195585828606,
    "rmse": 0.9690293801157122,
    "r2": 0.0020460410005750385,
    "n_samples": 300
}