{
    "disease": "sifilis",
    "cod_mun": 3505104,
    "mae": 0.29804671559771057,
    "rmse": 1.8975337600612268,
    "r2": 0.008829317206641485,
    "n_samples": 300
}