{
    "disease": "hanseniase",
    "cod_mun": 3547304,
    "mae": 0.0835479356160324,
    "rmse": 0.24033045837774375,
    "r2": 0.000804622808411537,
    "n_samples": 300
}