{
    "disease": "hanseniase",
    "cod_mun": 3543501,
    "mae": 1.2143340735641914,
    "rmse": 2.9604991349376957,
    "r2": 0.11741440483248589,
    "n_samples": 300
}