{
    "disease": "tuberculose",
    "cod_mun": 3520426,
    "mae": 0.6243537649041753,
    "rmse": 1.8821712006050693,
    "r2": 0.46856748642229973,
    "n_samples": 300
}