{
    "disease": "TX_hepatite_00_23",
    "cod_mun": 3503158,
    "mae": 0.23925471305847168,
    "rmse": 0.23925471305847168,
    "r2": 0.0,
    "n_train": 251,
    "n_test": 12
}