{
    "disease": "hanseniase",
    "cod_mun": 3505609,
    "mae": 0.5673915337902823,
    "rmse": 0.9044068056012687,
    "r2": 0.10718330157981426,
    "n_samples": 300
}