{
    "disease": "sifilis",
    "cod_mun": 3516200,
    "mae": 0.14882623339597867,
    "rmse": 0.22231672636244298,
    "r2": 0.5793871511967479,
    "n_samples": 300
}