{
    "disease": "hiv_aids",
    "cod_mun": 3545209,
    "mae": 0.5901215960404601,
    "rmse": 0.7444178538582544,
    "r2": 0.33035802956330784,
    "n_samples": 300
}