{
    "disease": "sifilis",
    "cod_mun": 3544301,
    "mae": 0.664894234704465,
    "rmse": 1.8084083182603747,
    "r2": 0.19689718220611063,
    "n_samples": 300
}