{
    "disease": "sifilis",
    "cod_mun": 3545407,
    "mae": 0.14818731666858817,
    "rmse": 0.8995267392427048,
    "r2": 0.001320944339062824,
    "n_samples": 300
}