{
    "disease": "TX_tuberculose_00_23",
    "cod_mun": 3513108,
    "mae": 0.36868369159817643,
    "rmse": 0.6829068452114565,
    "r2": 0.3249619048975143,
    "n_train": 251,
    "n_test": 12
}