{
    "disease": "sifilis",
    "cod_mun": 3553005,
    "mae": 0.4113161940182075,
    "rmse": 0.9259809491102355,
    "r2": 0.06637846579180584,
    "n_samples": 300
}