{
    "disease": "TX_hiv_aids_00_23",
    "cod_mun": 3556453,
    "mae": 0.3427176410283657,
    "rmse": 0.5209132651468615,
    "r2": -0.027291708723307773,
    "n_train": 251,
    "n_test": 12
}