{
    "disease": "TX_sifilis_00_23",
    "cod_mun": 3526100,
    "mae": 1.0802535157402868,
    "rmse": 1.9933472222152981,
    "r2": -0.0756080035863329,
    "n_train": 251,
    "n_test": 12
}