{
    "disease": "hanseniase",
    "cod_mun": 3513504,
    "mae": 0.16475172516401404,
    "rmse": 0.32881556534572604,
    "r2": 0.12226025322854794,
    "n_samples": 300
}