{
    "disease": "TX_sifilis_00_23",
    "cod_mun": 3539004,
    "mae": 0.20920924097299576,
    "rmse": 0.22115397418770957,
    "r2": 0.0,
    "n_train": 251,
    "n_test": 12
}