{
    "disease": "TX_hiv_aids_00_23",
    "cod_mun": 3520806,
    "mae": 3.232951131085519,
    "rmse": 8.035529455245685,
    "r2": -0.10218317857736281,
    "n_train": 251,
    "n_test": 12
}