{
    "disease": "TX_sifilis_00_23",
    "cod_mun": 3532058,
    "mae": 0.00013016203653630024,
    "rmse": 0.00019126633114699274,
    "r2": 0.0,
    "n_train": 251,
    "n_test": 12
}