{
    "disease": "hanseniase",
    "cod_mun": 3543501,
    "mae": 1.0865829148408388,
    "rmse": 2.997963040812072,
    "r2": 0.0949355491873014,
    "n_samples": 300
}