{
    "disease": "hepatite",
    "cod_mun": 3546306,
    "mae": 0.4891678184920809,
    "rmse": 1.0565903749310779,
    "r2": 0.055796544573987306,
    "n_samples": 300
}