{
    "disease": "sifilis",
    "cod_mun": 3510906,
    "mae": 0.2587181661138109,
    "rmse": 2.208485811297052,
    "r2": 0.002202043198198611,
    "n_samples": 300
}