{
    "disease": "hanseniase",
    "cod_mun": 3527207,
    "mae": 0.2111316749797079,
    "rmse": 0.4820750233393724,
    "r2": 0.42698738937400094,
    "n_samples": 300
}