{
    "disease": "sifilis",
    "cod_mun": 3540507,
    "mae": 0.15628511983788693,
    "rmse": 0.9424596738652876,
    "r2": 0.012822749334201577,
    "n_samples": 300
}