{
    "disease": "hanseniase",
    "cod_mun": 3526100,
    "mae": 0.2520029277921941,
    "rmse": 0.747892774691099,
    "r2": 0.0843654723284426,
    "n_samples": 300
}