{
    "disease": "TX_hepatite_00_23",
    "cod_mun": 3508504,
    "mae": 0.2529230550538193,
    "rmse": 0.3981082162626602,
    "r2": -0.0633087564127286,
    "n_train": 251,
    "n_test": 12
}