{
    "disease": "TX_hiv_aids_00_23",
    "cod_mun": 3508405,
    "mae": 0.6554836714726281,
    "rmse": 0.8047957590995846,
    "r2": 0.015751541354090737,
    "n_train": 251,
    "n_test": 12
}