{
    "disease": "TX_hiv_aids_00_23",
    "cod_mun": 3525508,
    "mae": 0.8018046294688187,
    "rmse": 2.209163472753588,
    "r2": -0.050029655706808285,
    "n_train": 251,
    "n_test": 12
}