{
    "disease": "TX_hiv_aids_00_23",
    "cod_mun": 3531803,
    "mae": 0.5853546113403447,
    "rmse": 0.799744283941671,
    "r2": -0.3616069972958944,
    "n_train": 251,
    "n_test": 12
}