{
    "disease": "sifilis",
    "cod_mun": 3553401,
    "mae": 0.20405759505805113,
    "rmse": 0.6369718209271416,
    "r2": 0.0065819466613104005,
    "n_samples": 300
}