{
    "disease": "sifilis",
    "cod_mun": 3535606,
    "mae": 0.2944717643362053,
    "rmse": 0.9078214753811781,
    "r2": 0.0009687805144206196,
    "n_samples": 300
}