{
    "disease": "TX_hiv_aids_00_23",
    "cod_mun": 3508504,
    "mae": 0.3256898589735573,
    "rmse": 0.3905060529017725,
    "r2": -0.8601585344250045,
    "n_train": 251,
    "n_test": 12
}