{
    "disease": "TX_hiv_aids_00_23",
    "cod_mun": 3543402,
    "mae": 1.1561550374413068,
    "rmse": 1.2452494480940663,
    "r2": -6.552843132115396,
    "n_train": 251,
    "n_test": 12
}