{
    "disease": "TX_hanseniase_00_23",
    "cod_mun": 3518701,
    "mae": 0.20316173340578678,
    "rmse": 0.20806271158178125,
    "r2": -2.0169332236129067,
    "n_train": 251,
    "n_test": 12
}