{
    "disease": "sifilis",
    "cod_mun": 3544202,
    "mae": 0.5567925086590273,
    "rmse": 1.6735247204245722,
    "r2": 0.04987920383673117,
    "n_samples": 300
}