{
    "disease": "TX_hepatite_00_23",
    "cod_mun": 3537156,
    "mae": 10.879825798770147,
    "rmse": 14.924844200788002,
    "r2": -0.2484194191752036,
    "n_train": 251,
    "n_test": 12
}