{
    "disease": "TX_hiv_aids_00_23",
    "cod_mun": 3544103,
    "mae": 1.0662795944922807,
    "rmse": 1.5145518937341325,
    "r2": -0.14295445198031143,
    "n_train": 251,
    "n_test": 12
}