{
    "disease": "hanseniase",
    "cod_mun": 3556305,
    "mae": 0.2096475151751089,
    "rmse": 0.6250883933274061,
    "r2": 0.08037284412659895,
    "n_samples": 300
}