{
    "disease": "TX_hiv_aids_00_23",
    "cod_mun": 3554706,
    "mae": 0.08485397696495056,
    "rmse": 0.11118582784477414,
    "r2": 0.0,
    "n_train": 251,
    "n_test": 12
}