{
    "disease": "sifilis",
    "cod_mun": 3552502,
    "mae": 0.6659528556897376,
    "rmse": 1.674807027698784,
    "r2": 0.8996106659193985,
    "n_samples": 300
}