{
    "disease": "hanseniase",
    "cod_mun": 3541703,
    "mae": 0.029279121957126102,
    "rmse": 0.19579911116075843,
    "r2": 0.9469146164234411,
    "n_samples": 300
}