{
    "disease": "TX_sifilis_00_23",
    "cod_mun": 3537305,
    "mae": 0.23570738328799212,
    "rmse": 0.4510438363970551,
    "r2": -0.02681593108753688,
    "n_train": 251,
    "n_test": 12
}