{
    "disease": "hiv_aids",
    "cod_mun": 3524907,
    "mae": 1.3686906142303394,
    "rmse": 3.2486245036165204,
    "r2": 0.06930017054591786,
    "n_samples": 300
}