{
    "disease": "hepatite",
    "cod_mun": 3550209,
    "mae": 0.3737148796598761,
    "rmse": 0.7991408448777759,
    "r2": 0.07659585539395364,
    "n_samples": 300
}