{
    "disease": "hanseniase",
    "cod_mun": 3533254,
    "mae": 0.2026023510584008,
    "rmse": 1.7382118800355908,
    "r2": 0.0036022541856977064,
    "n_samples": 300
}