{
    "disease": "TX_hiv_aids_00_23",
    "cod_mun": 3514502,
    "mae": 0.010913116624578834,
    "rmse": 0.017357650760131908,
    "r2": 0.0,
    "n_train": 251,
    "n_test": 12
}