{
    "disease": "hanseniase",
    "cod_mun": 3552304,
    "mae": 0.08754907762417417,
    "rmse": 0.744546799861017,
    "r2": 0.0021819769003534883,
    "n_samples": 300
}