{
    "disease": "TX_tuberculose_00_23",
    "cod_mun": 3506607,
    "mae": 0.610230447352976,
    "rmse": 1.0318070738439369,
    "r2": -0.27068199667181414,
    "n_train": 251,
    "n_test": 12
}