{
    "disease": "TX_hiv_aids_00_23",
    "cod_mun": 3532207,
    "mae": 3.826992819819823,
    "rmse": 5.064870070572567,
    "r2": -0.09222765305095892,
    "n_train": 251,
    "n_test": 12
}