{
    "disease": "tuberculose",
    "cod_mun": 3539806,
    "mae": 0.5986630661419005,
    "rmse": 0.8273148805904197,
    "r2": 0.1646408643789805,
    "n_samples": 300
}