{
    "disease": "TX_tuberculose_00_23",
    "cod_mun": 3556602,
    "mae": 1.1354458390142286,
    "rmse": 2.7571201141257737,
    "r2": -0.03411881204884892,
    "n_train": 251,
    "n_test": 12
}