{
    "disease": "TX_sifilis_00_23",
    "cod_mun": 3509809,
    "mae": 2.0422617839210964,
    "rmse": 5.86889335229353,
    "r2": -0.054956171630801576,
    "n_train": 251,
    "n_test": 12
}