{
    "disease": "TX_hiv_aids_00_23",
    "cod_mun": 3533205,
    "mae": 0.6074781572291007,
    "rmse": 1.1305402808777407,
    "r2": 0.0,
    "n_train": 251,
    "n_test": 12
}