{
    "disease": "hepatite",
    "cod_mun": 3520707,
    "mae": 0.9370983164889968,
    "rmse": 3.349766921297864,
    "r2": 0.0969657390725418,
    "n_samples": 300
}