{
    "disease": "hanseniase",
    "cod_mun": 3510807,
    "mae": 0.18238953052038137,
    "rmse": 0.6358606229438003,
    "r2": 0.004311830450340115,
    "n_samples": 300
}