{
    "disease": "TX_hanseniase_00_23",
    "cod_mun": 3519709,
    "mae": 0.030535440271099407,
    "rmse": 0.03898189925762704,
    "r2": 0.0,
    "n_train": 251,
    "n_test": 12
}