{
    "disease": "TX_tuberculose_00_23",
    "cod_mun": 3516309,
    "mae": 0.3689750673376921,
    "rmse": 0.6398659546237544,
    "r2": -0.49511900775617823,
    "n_train": 251,
    "n_test": 12
}