{
    "disease": "TX_tuberculose_00_23",
    "cod_mun": 3554805,
    "mae": 0.781532097261301,
    "rmse": 0.8624999239569769,
    "r2": -0.4199712185857143,
    "n_train": 251,
    "n_test": 12
}