{
    "disease": "TX_hiv_aids_00_23",
    "cod_mun": 3502705,
    "mae": 0.32877544313669205,
    "rmse": 0.3301185655157539,
    "r2": 0.0,
    "n_train": 251,
    "n_test": 12
}