{
    "disease": "hepatite",
    "cod_mun": 3553658,
    "mae": 2.269755757209,
    "rmse": 6.0502877265145045,
    "r2": 0.10324570038876035,
    "n_samples": 300
}