{
    "disease": "hiv_aids",
    "cod_mun": 3500907,
    "mae": 1.0449973982551206,
    "rmse": 3.7748336130104896,
    "r2": 0.0839318196255987,
    "n_samples": 300
}