{
    "disease": "hiv_aids",
    "cod_mun": 3506201,
    "mae": 0.4914360981233549,
    "rmse": 2.990772805285227,
    "r2": 0.0027301625381349615,
    "n_samples": 300
}