{
    "disease": "hanseniase",
    "cod_mun": 3527900,
    "mae": 0.22633543497713812,
    "rmse": 1.8990525429156815,
    "r2": 0.004035566738790242,
    "n_samples": 300
}