{
    "disease": "hanseniase",
    "cod_mun": 3520202,
    "mae": 0.06982589881906923,
    "rmse": 0.6028822061175128,
    "r2": 0.00324569848057521,
    "n_samples": 300
}