{
    "disease": "sifilis",
    "cod_mun": 3550407,
    "mae": 0.2585314353152872,
    "rmse": 0.7958372463996424,
    "r2": 0.0948779576677573,
    "n_samples": 300
}