{
    "disease": "hanseniase",
    "cod_mun": 3556453,
    "mae": 0.0022876876623515994,
    "rmse": 0.015141903835146322,
    "r2": 0.9940919170983153,
    "n_samples": 300
}