{
    "disease": "sifilis",
    "cod_mun": 3513504,
    "mae": 0.5508460455672519,
    "rmse": 0.8340476597104024,
    "r2": 0.15753563378214952,
    "n_samples": 300
}