{
    "disease": "TX_hanseniase_00_23",
    "cod_mun": 3546306,
    "mae": 0.015171385370194912,
    "rmse": 0.015171902956927089,
    "r2": 0.0,
    "n_train": 251,
    "n_test": 12
}