{
    "disease": "TX_hepatite_00_23",
    "cod_mun": 3547304,
    "mae": 0.5750998618027953,
    "rmse": 0.6345650992218063,
    "r2": -0.8418879801166925,
    "n_train": 251,
    "n_test": 12
}