{
    "disease": "TX_tuberculose_00_23",
    "cod_mun": 3547205,
    "mae": 1.7680957615375519,
    "rmse": 1.7680959052268892,
    "r2": 0.0,
    "n_train": 251,
    "n_test": 12
}