{
    "disease": "tuberculose",
    "cod_mun": 3545605,
    "mae": 0.3509603342597394,
    "rmse": 1.0724565282080698,
    "r2": 0.009338575643891622,
    "n_samples": 300
}