{
    "disease": "TX_hepatite_00_23",
    "cod_mun": 3533601,
    "mae": 0.009286331303883344,
    "rmse": 0.01832120215260725,
    "r2": 0.0,
    "n_train": 251,
    "n_test": 12
}