{
    "disease": "sifilis",
    "cod_mun": 3516705,
    "mae": 0.407242161462227,
    "rmse": 0.818355373421648,
    "r2": 0.13922345319109242,
    "n_samples": 300
}