{
    "disease": "TX_hepatite_00_23",
    "cod_mun": 3520202,
    "mae": 2.436011254999658,
    "rmse": 3.1986844956274343,
    "r2": -0.008950168125702929,
    "n_train": 251,
    "n_test": 12
}