{
    "disease": "tuberculose",
    "cod_mun": 3546801,
    "mae": 0.540117837978721,
    "rmse": 0.937692984972572,
    "r2": 0.28947630507799915,
    "n_samples": 300
}