{
    "disease": "TX_hiv_aids_00_23",
    "cod_mun": 3556701,
    "mae": 0.28228664307767,
    "rmse": 0.5052700485749554,
    "r2": -0.23684261565464504,
    "n_train": 251,
    "n_test": 12
}