{
    "disease": "TX_hiv_aids_00_23",
    "cod_mun": 3543204,
    "mae": 0.4411132112145424,
    "rmse": 0.45018725893981676,
    "r2": 0.0,
    "n_train": 251,
    "n_test": 12
}