{
    "disease": "sifilis",
    "cod_mun": 3508801,
    "mae": 0.5585101009078447,
    "rmse": 1.3336800854311102,
    "r2": 0.38292970472138455,
    "n_samples": 300
}