{
    "disease": "hanseniase",
    "cod_mun": 3517901,
    "mae": 0.15004880390967182,
    "rmse": 0.8684493601510898,
    "r2": 0.7114906145114483,
    "n_samples": 300
}