{
    "disease": "TX_sifilis_00_23",
    "cod_mun": 3510500,
    "mae": 0.9480868559915714,
    "rmse": 1.2542105378279844,
    "r2": -0.028500018203575728,
    "n_train": 251,
    "n_test": 12
}