{
    "disease": "TX_hiv_aids_00_23",
    "cod_mun": 3537008,
    "mae": 1.1999543407165982,
    "rmse": 2.1106444581490664,
    "r2": -0.4155814964020921,
    "n_train": 251,
    "n_test": 12
}