{
    "disease": "hepatite",
    "cod_mun": 3555109,
    "mae": 0.6572790245804977,
    "rmse": 1.5641422413522088,
    "r2": 0.4633554491245241,
    "n_samples": 300
}