{
    "disease": "TX_sifilis_00_23",
    "cod_mun": 3553302,
    "mae": 0.13267254829406738,
    "rmse": 0.13267254829406738,
    "r2": 0.0,
    "n_train": 251,
    "n_test": 12
}