{
    "disease": "TX_hepatite_00_23",
    "cod_mun": 3515202,
    "mae": 0.7002238134543101,
    "rmse": 0.703910148306217,
    "r2": 0.0,
    "n_train": 251,
    "n_test": 12
}