{
    "disease": "TX_sifilis_00_23",
    "cod_mun": 3503307,
    "mae": 0.808177708832329,
    "rmse": 1.1936141394985997,
    "r2": -0.2861367858728261,
    "n_train": 251,
    "n_test": 12
}