{
    "disease": "hanseniase",
    "cod_mun": 3500550,
    "mae": 0.11845452852796136,
    "rmse": 1.025034341060949,
    "r2": 0.003944639954876039,
    "n_samples": 300
}