{
    "disease": "sifilis",
    "cod_mun": 3549003,
    "mae": 0.2818404470805168,
    "rmse": 1.843515548223644,
    "r2": 0.18821948152021317,
    "n_samples": 300
}