{
    "disease": "sifilis",
    "cod_mun": 3516408,
    "mae": 0.19543223281001149,
    "rmse": 0.3819027809971974,
    "r2": 0.7608099927781348,
    "n_samples": 300
}