{
    "disease": "sifilis",
    "cod_mun": 3545308,
    "mae": 0.1871068572098789,
    "rmse": 0.4387186284994571,
    "r2": 0.10595035212587545,
    "n_samples": 300
}