{
    "disease": "hepatite",
    "cod_mun": 3512506,
    "mae": 0.14969960104611515,
    "rmse": 1.2343109714496006,
    "r2": 0.004581012329874179,
    "n_samples": 300
}