{
    "disease": "hiv_aids",
    "cod_mun": 3501103,
    "mae": 0.0020044533294329434,
    "rmse": 0.010492893404376816,
    "r2": 0.9999417344879025,
    "n_samples": 300
}