{
    "disease": "hepatite",
    "cod_mun": 3540754,
    "mae": 0.17433507875223045,
    "rmse": 0.6769657576509623,
    "r2": 0.3600185106668672,
    "n_samples": 300
}