{
    "disease": "hepatite",
    "cod_mun": 3524600,
    "mae": 0.8167133328644213,
    "rmse": 1.697925195127523,
    "r2": 0.1661817370558185,
    "n_samples": 300
}