{
    "disease": "TX_hanseniase_00_23",
    "cod_mun": 3540507,
    "mae": 0.002191588864661753,
    "rmse": 0.0023672055136309384,
    "r2": 0.0,
    "n_train": 251,
    "n_test": 12
}