{
    "disease": "TX_tuberculose_00_23",
    "cod_mun": 3550803,
    "mae": 0.8421952347774145,
    "rmse": 2.8740668786353147,
    "r2": -0.08632308157559754,
    "n_train": 251,
    "n_test": 12
}