{
    "disease": "sifilis",
    "cod_mun": 3521804,
    "mae": 0.24625547419784402,
    "rmse": 0.8901896361334047,
    "r2": 0.015454359244216564,
    "n_samples": 300
}