{
    "disease": "hanseniase",
    "cod_mun": 3516903,
    "mae": 0.19655119392959444,
    "rmse": 1.2321538595634067,
    "r2": 0.06505437018563975,
    "n_samples": 300
}