{
    "disease": "TX_sifilis_00_23",
    "cod_mun": 3541703,
    "mae": 0.05100146494805813,
    "rmse": 0.051002097538586845,
    "r2": 0.0,
    "n_train": 251,
    "n_test": 12
}