{
    "disease": "TX_hepatite_00_23",
    "cod_mun": 3521101,
    "mae": 0.07469787805651625,
    "rmse": 0.12411859430064441,
    "r2": 0.0,
    "n_train": 251,
    "n_test": 12
}