{
    "disease": "TX_sifilis_00_23",
    "cod_mun": 3507506,
    "mae": 0.37135039254838914,
    "rmse": 0.4031164994670258,
    "r2": -0.4109753518217627,
    "n_train": 251,
    "n_test": 12
}