{
    "disease": "tuberculose",
    "cod_mun": 3555802,
    "mae": 0.6269735207414535,
    "rmse": 1.8778038476930783,
    "r2": 0.22012971213624632,
    "n_samples": 300
}