{
    "disease": "sifilis",
    "cod_mun": 3503000,
    "mae": 0.24439091361817192,
    "rmse": 1.4568107548833384,
    "r2": 0.006272037060268354,
    "n_samples": 300
}