{
    "disease": "hepatite",
    "cod_mun": 3528403,
    "mae": 0.19875274940131316,
    "rmse": 0.5408261775301167,
    "r2": 0.055892836094432075,
    "n_samples": 300
}