{
    "disease": "hiv_aids",
    "cod_mun": 3548302,
    "mae": 2.392571966907229,
    "rmse": 6.1292391254336716,
    "r2": 0.10607000163644853,
    "n_samples": 300
}