{
    "disease": "hiv_aids",
    "cod_mun": 3527801,
    "mae": 0.7361586944479052,
    "rmse": 3.408670124553154,
    "r2": 0.003955071193405879,
    "n_samples": 300
}