{
    "disease": "sifilis",
    "cod_mun": 3510302,
    "mae": 0.25869601064434455,
    "rmse": 0.880881117254346,
    "r2": 0.1603213198186234,
    "n_samples": 300
}