{
    "disease": "sifilis",
    "cod_mun": 3506201,
    "mae": 0.25501838549281547,
    "rmse": 2.132192477927543,
    "r2": 0.0061023266770257045,
    "n_samples": 300
}