{
    "disease": "hepatite",
    "cod_mun": 3556701,
    "mae": 0.20749499149184716,
    "rmse": 0.5778940385725493,
    "r2": 0.3436522561058859,
    "n_samples": 300
}