{
    "disease": "hiv_aids",
    "cod_mun": 3535606,
    "mae": 0.9727362039821537,
    "rmse": 1.6338735058302676,
    "r2": 0.28146512962100156,
    "n_samples": 300
}