{
    "disease": "tuberculose",
    "cod_mun": 3526308,
    "mae": 0.26018771983428535,
    "rmse": 1.5902179381968817,
    "r2": 0.0011409800406737558,
    "n_samples": 300
}