{
    "disease": "TX_sifilis_00_23",
    "cod_mun": 3545506,
    "mae": 0.4076753258705139,
    "rmse": 0.4211900129012528,
    "r2": 0.0,
    "n_train": 251,
    "n_test": 12
}