{
    "disease": "hanseniase",
    "cod_mun": 3503406,
    "mae": 0.1701863007537219,
    "rmse": 1.0397065467901283,
    "r2": 0.0006108468140419987,
    "n_samples": 300
}