{
    "disease": "sifilis",
    "cod_mun": 3540606,
    "mae": 0.08666082836642865,
    "rmse": 0.34998031829692383,
    "r2": 0.359627074377353,
    "n_samples": 300
}