{
    "disease": "hepatite",
    "cod_mun": 3537404,
    "mae": 0.9122603451965944,
    "rmse": 1.5471463039250166,
    "r2": 0.17530010369818982,
    "n_samples": 300
}