{
    "disease": "hepatite",
    "cod_mun": 3543238,
    "mae": 11.943230199876158,
    "rmse": 19.383492332672333,
    "r2": 0.2227103464107535,
    "n_samples": 300
}