{
    "disease": "hiv_aids",
    "cod_mun": 3515707,
    "mae": 0.8699397187167833,
    "rmse": 1.1411832237286563,
    "r2": -1.6066355257811273,
    "n_samples": 300
}