{
    "disease": "TX_sifilis_00_23",
    "cod_mun": 3513207,
    "mae": 0.9588645617995,
    "rmse": 3.056018838693543,
    "r2": -0.07454452065118722,
    "n_train": 251,
    "n_test": 12
}