{
    "disease": "hanseniase",
    "cod_mun": 3514809,
    "mae": 0.04714141069629007,
    "rmse": 0.39696191795559976,
    "r2": 0.004122816033627852,
    "n_samples": 300
}