{
    "disease": "hiv_aids",
    "cod_mun": 3514304,
    "mae": 1.2588709110690752,
    "rmse": 3.1508798526815793,
    "r2": 0.2757647689442544,
    "n_samples": 300
}