{
    "disease": "hiv_aids",
    "cod_mun": 3536208,
    "mae": 0.8748132586882829,
    "rmse": 1.6007411128677698,
    "r2": 0.07846116930566749,
    "n_samples": 300
}