{
    "disease": "TX_hanseniase_00_23",
    "cod_mun": 3551108,
    "mae": 0.0058379421243444085,
    "rmse": 0.005846320612613408,
    "r2": 0.0,
    "n_train": 251,
    "n_test": 12
}