{
    "disease": "hanseniase",
    "cod_mun": 3546108,
    "mae": 0.7464397269625347,
    "rmse": 4.10880528519236,
    "r2": 0.01226526336161915,
    "n_samples": 300
}