{
    "disease": "TX_hiv_aids_00_23",
    "cod_mun": 3532843,
    "mae": 0.0001230384579381886,
    "rmse": 0.0002406683608278783,
    "r2": 0.0,
    "n_train": 251,
    "n_test": 12
}