{
    "disease": "TX_hanseniase_00_23",
    "cod_mun": 3524204,
    "mae": 0.04144041863037273,
    "rmse": 0.12194953882380556,
    "r2": 0.0,
    "n_train": 251,
    "n_test": 12
}