{
    "disease": "TX_hiv_aids_00_23",
    "cod_mun": 3518701,
    "mae": 0.459363859743887,
    "rmse": 0.5580552040731925,
    "r2": -3.7181710618200814,
    "n_train": 251,
    "n_test": 12
}