{
    "disease": "hepatite",
    "cod_mun": 3541802,
    "mae": 1.297613083869046,
    "rmse": 5.810674662730466,
    "r2": 0.005755566642352439,
    "n_samples": 300
}