{
    "disease": "hiv_aids",
    "cod_mun": 3537503,
    "mae": 0.5462304325320415,
    "rmse": 1.9511655603805302,
    "r2": 0.7447920120554159,
    "n_samples": 300
}