{
    "disease": "TX_sifilis_00_23",
    "cod_mun": 3556503,
    "mae": 0.34183928006179554,
    "rmse": 0.40378512514345255,
    "r2": -0.14738276355255975,
    "n_train": 251,
    "n_test": 12
}