{
    "disease": "TX_sifilis_00_23",
    "cod_mun": 3515301,
    "mae": 3.210066769388803,
    "rmse": 11.119997480539787,
    "r2": -0.09090909090909105,
    "n_train": 251,
    "n_test": 12
}