{
    "disease": "sifilis",
    "cod_mun": 3527306,
    "mae": 0.2580628228410287,
    "rmse": 0.5518055595864569,
    "r2": 0.14585466928965496,
    "n_samples": 300
}