{
    "disease": "TX_hanseniase_00_23",
    "cod_mun": 3523909,
    "mae": 0.10018621113016352,
    "rmse": 0.14967735335206883,
    "r2": 0.08587075852881743,
    "n_train": 251,
    "n_test": 12
}