{
    "disease": "hiv_aids",
    "cod_mun": 3550001,
    "mae": 0.1256650353861067,
    "rmse": 0.7596355600323587,
    "r2": 0.0005047271969513822,
    "n_samples": 300
}