{
    "disease": "hanseniase",
    "cod_mun": 3540507,
    "mae": 0.18475349095960805,
    "rmse": 1.0961240822452414,
    "r2": 0.006826986117733691,
    "n_samples": 300
}