{
    "disease": "TX_sifilis_00_23",
    "cod_mun": 3506805,
    "mae": 0.026169839470336836,
    "rmse": 0.026173562780555007,
    "r2": 0.0,
    "n_train": 251,
    "n_test": 12
}