{
    "disease": "hiv_aids",
    "cod_mun": 3509106,
    "mae": 0.8034690045283532,
    "rmse": 2.6779863610774868,
    "r2": 0.16011033067351554,
    "n_samples": 300
}