{
    "disease": "tuberculose",
    "cod_mun": 3519501,
    "mae": 1.8100144849871538,
    "rmse": 3.6414220333393943,
    "r2": 0.5695214717674245,
    "n_samples": 300
}