{
    "disease": "sifilis",
    "cod_mun": 3502002,
    "mae": 0.44415979635445324,
    "rmse": 2.223542851881447,
    "r2": 0.0004088236184099925,
    "n_samples": 300
}