{
    "disease": "TX_sifilis_00_23",
    "cod_mun": 3526902,
    "mae": 0.5029508801209821,
    "rmse": 0.7027958870413838,
    "r2": -0.2936946515681824,
    "n_train": 251,
    "n_test": 12
}