{
    "disease": "TX_sifilis_00_23",
    "cod_mun": 3541307,
    "mae": 0.5626647403618368,
    "rmse": 1.0209469903267812,
    "r2": -0.14101119767820758,
    "n_train": 251,
    "n_test": 12
}