{
    "disease": "hiv_aids",
    "cod_mun": 3519006,
    "mae": 0.6159006396299445,
    "rmse": 2.3275182721400367,
    "r2": 0.08914020687322433,
    "n_samples": 300
}