{
    "disease": "tuberculose",
    "cod_mun": 3526506,
    "mae": 3.9108766152099617,
    "rmse": 5.788243558304285,
    "r2": 0.32039093721001133,
    "n_samples": 300
}