{
    "disease": "TX_hiv_aids_00_23",
    "cod_mun": 3528403,
    "mae": 0.45290723462420557,
    "rmse": 0.6002511436031596,
    "r2": -0.09111814076708802,
    "n_train": 251,
    "n_test": 12
}