{
    "disease": "hiv_aids",
    "cod_mun": 3524204,
    "mae": 2.493871510103981,
    "rmse": 4.45973618796272,
    "r2": 0.06159161395952584,
    "n_samples": 300
}