{
    "disease": "hepatite",
    "cod_mun": 3501301,
    "mae": 0.47167381249939844,
    "rmse": 0.9203764586994575,
    "r2": 0.30942980790117114,
    "n_samples": 300
}