{
    "disease": "hiv_aids",
    "cod_mun": 3521408,
    "mae": 1.084497212831259,
    "rmse": 3.0674346660094725,
    "r2": 0.8901693335485495,
    "n_samples": 300
}