{
    "disease": "TX_tuberculose_00_23",
    "cod_mun": 3513207,
    "mae": 0.010140171861470057,
    "rmse": 0.014050155758367837,
    "r2": 0.0,
    "n_train": 251,
    "n_test": 12
}