{
    "disease": "TX_sifilis_00_23",
    "cod_mun": 3510906,
    "mae": 0.1315726861357689,
    "rmse": 0.13157690691170282,
    "r2": 0.0,
    "n_train": 251,
    "n_test": 12
}