{
    "disease": "TX_hiv_aids_00_23",
    "cod_mun": 3522604,
    "mae": 2.4842942565471104,
    "rmse": 2.6797500485564214,
    "r2": -1.5273713701966014,
    "n_train": 251,
    "n_test": 12
}