{
    "disease": "sifilis",
    "cod_mun": 3519006,
    "mae": 0.47772057712349675,
    "rmse": 1.8443641161372815,
    "r2": 0.1001392402165645,
    "n_samples": 300
}