{
    "disease": "sifilis",
    "cod_mun": 3556008,
    "mae": 0.1420056866115351,
    "rmse": 0.6464584669666796,
    "r2": 0.24182780289236427,
    "n_samples": 300
}