{
    "disease": "tuberculose",
    "cod_mun": 3537156,
    "mae": 0.005125962976252397,
    "rmse": 0.021075283104122357,
    "r2": 0.9998857711548138,
    "n_samples": 300
}