{
    "disease": "hanseniase",
    "cod_mun": 3524501,
    "mae": 0.5118967749775643,
    "rmse": 2.2330888762430496,
    "r2": 0.233026689483536,
    "n_samples": 300
}