{
    "disease": "sifilis",
    "cod_mun": 3532603,
    "mae": 0.35489790725472714,
    "rmse": 1.2370505214660952,
    "r2": 0.013667102292132416,
    "n_samples": 300
}