{
    "disease": "TX_hanseniase_00_23",
    "cod_mun": 3548054,
    "mae": 0.01602020487189293,
    "rmse": 0.01602020487189293,
    "r2": 0.0,
    "n_train": 251,
    "n_test": 12
}