{
    "disease": "TX_sifilis_00_23",
    "cod_mun": 3519907,
    "mae": 0.2800976037979126,
    "rmse": 0.2800976037979126,
    "r2": 0.0,
    "n_train": 251,
    "n_test": 12
}