{
    "disease": "sifilis",
    "cod_mun": 3556354,
    "mae": 0.33375355601708045,
    "rmse": 1.1982299560088399,
    "r2": 0.1083168143267973,
    "n_samples": 300
}