{
    "disease": "tuberculose",
    "cod_mun": 3520707,
    "mae": 0.0033678377815530586,
    "rmse": 0.024093068584942628,
    "r2": 0.9997369616896481,
    "n_samples": 300
}