{
    "disease": "sifilis",
    "cod_mun": 3516606,
    "mae": 1.559112676159134,
    "rmse": 3.5300099867011423,
    "r2": 0.016970476422892622,
    "n_samples": 300
}