{
    "disease": "sifilis",
    "cod_mun": 3510807,
    "mae": 0.13204473608206668,
    "rmse": 0.46172500302560215,
    "r2": 0.053031642909279975,
    "n_samples": 300
}