{
    "disease": "hanseniase",
    "cod_mun": 3551900,
    "mae": 0.08273946402014176,
    "rmse": 0.5048151870665267,
    "r2": 0.0007752927009665456,
    "n_samples": 300
}