{
    "disease": "tuberculose",
    "cod_mun": 3538006,
    "mae": 0.5218440979044892,
    "rmse": 0.7849137335756657,
    "r2": 0.5579367905803472,
    "n_samples": 300
}