{
    "disease": "TX_sifilis_00_23",
    "cod_mun": 3555505,
    "mae": 3.8398220523583095,
    "rmse": 7.650182629751829,
    "r2": -0.10635459670275127,
    "n_train": 251,
    "n_test": 12
}