{
    "disease": "hepatite",
    "cod_mun": 3551900,
    "mae": 1.499676091023511,
    "rmse": 2.837180715829525,
    "r2": 0.08864903404027746,
    "n_samples": 300
}