{
    "disease": "TX_hanseniase_00_23",
    "cod_mun": 3549508,
    "mae": 0.14065030217170715,
    "rmse": 0.14065030217170715,
    "r2": 0.0,
    "n_train": 251,
    "n_test": 12
}