{
    "disease": "sifilis",
    "cod_mun": 3513009,
    "mae": 0.14589516300158484,
    "rmse": 0.23979345101005364,
    "r2": 0.184939140475056,
    "n_samples": 300
}