{
    "disease": "TX_sifilis_00_23",
    "cod_mun": 3523206,
    "mae": 0.469508905979555,
    "rmse": 0.8735499179860245,
    "r2": -0.08750875637424516,
    "n_train": 251,
    "n_test": 12
}