{
    "disease": "TX_sifilis_00_23",
    "cod_mun": 3523800,
    "mae": 0.024929018691182137,
    "rmse": 0.024929018691182137,
    "r2": 0.0,
    "n_train": 251,
    "n_test": 12
}