{
    "disease": "hanseniase",
    "cod_mun": 3551108,
    "mae": 0.14642880776770806,
    "rmse": 1.142151722709879,
    "r2": 0.11078798831915038,
    "n_samples": 300
}