{
    "disease": "TX_hiv_aids_00_23",
    "cod_mun": 3529807,
    "mae": 0.6061121995250384,
    "rmse": 0.6422056854079601,
    "r2": 0.0,
    "n_train": 251,
    "n_test": 12
}