{
    "disease": "hepatite",
    "cod_mun": 3536307,
    "mae": 1.0499039483420691,
    "rmse": 2.3833191785295806,
    "r2": 0.15787747551020048,
    "n_samples": 300
}