{
    "disease": "TX_tuberculose_00_23",
    "cod_mun": 3552502,
    "mae": 0.33573016968093894,
    "rmse": 0.4214045598944167,
    "r2": -1.2737907562327995,
    "n_train": 251,
    "n_test": 12
}