{
    "disease": "hanseniase",
    "cod_mun": 3521150,
    "mae": 0.31331117504879663,
    "rmse": 1.9496351259390057,
    "r2": 0.0026377263529311357,
    "n_samples": 300
}