{
    "disease": "hiv_aids",
    "cod_mun": 3524303,
    "mae": 1.7991839303384733,
    "rmse": 2.2939142930302827,
    "r2": 0.21724712595906281,
    "n_samples": 300
}