{
    "disease": "sifilis",
    "cod_mun": 3541059,
    "mae": 1.0220067552050123,
    "rmse": 3.039778212927699,
    "r2": 0.11065736617468247,
    "n_samples": 300
}