{
    "disease": "TX_hanseniase_00_23",
    "cod_mun": 3547601,
    "mae": 0.05822855948160092,
    "rmse": 0.06423961216143183,
    "r2": 0.0,
    "n_train": 251,
    "n_test": 12
}