{
    "disease": "hiv_aids",
    "cod_mun": 3502309,
    "mae": 2.412683465360851,
    "rmse": 4.580229492317201,
    "r2": 0.25581369053265535,
    "n_samples": 300
}