{
    "disease": "TX_hanseniase_00_23",
    "cod_mun": 3555109,
    "mae": 0.5301227669036778,
    "rmse": 1.8224024803287469,
    "r2": -0.09072161622557617,
    "n_train": 251,
    "n_test": 12
}