{
    "disease": "hiv_aids",
    "cod_mun": 3554508,
    "mae": 1.303245210768252,
    "rmse": 1.4351662162236047,
    "r2": -0.5618553821932111,
    "n_samples": 300
}