{
    "disease": "tuberculose",
    "cod_mun": 3503109,
    "mae": 1.3784969348711915,
    "rmse": 3.0422135507345844,
    "r2": 0.1358856864146829,
    "n_samples": 300
}