{
    "disease": "sifilis",
    "cod_mun": 3525805,
    "mae": 1.4457595325564,
    "rmse": 3.461061730148365,
    "r2": 0.5755605655504041,
    "n_samples": 300
}