{
    "disease": "sifilis",
    "cod_mun": 3505302,
    "mae": 0.12830764915123694,
    "rmse": 0.4118290822314997,
    "r2": 0.16290416195560187,
    "n_samples": 300
}