{
    "disease": "TX_sifilis_00_23",
    "cod_mun": 3518206,
    "mae": 0.5605942204985873,
    "rmse": 1.3072648852226358,
    "r2": -0.18374802604279505,
    "n_train": 251,
    "n_test": 12
}