{
    "disease": "sifilis",
    "cod_mun": 3522653,
    "mae": 0.5242048014687423,
    "rmse": 2.234953543989702,
    "r2": 0.16129091546997698,
    "n_samples": 300
}