{
    "disease": "tuberculose",
    "cod_mun": 3527306,
    "mae": 0.7603839075110349,
    "rmse": 1.3770612267918187,
    "r2": 0.08325749620916856,
    "n_samples": 300
}