{
    "disease": "TX_hiv_aids_00_23",
    "cod_mun": 3542909,
    "mae": 0.3949298858642578,
    "rmse": 0.3949298858642578,
    "r2": 0.0,
    "n_train": 251,
    "n_test": 12
}