{
    "disease": "TX_tuberculose_00_23",
    "cod_mun": 3548203,
    "mae": 0.00237200401412944,
    "rmse": 0.0023723896625557914,
    "r2": 0.0,
    "n_train": 251,
    "n_test": 12
}