{
    "disease": "TX_hanseniase_00_23",
    "cod_mun": 3556008,
    "mae": 0.0010355222621001303,
    "rmse": 0.0015568666069049858,
    "r2": 0.0,
    "n_train": 251,
    "n_test": 12
}