{
    "disease": "hanseniase",
    "cod_mun": 3544004,
    "mae": 0.07074679700199626,
    "rmse": 0.3557778898946262,
    "r2": 0.001656203291744207,
    "n_samples": 300
}