{
    "disease": "TX_hanseniase_00_23",
    "cod_mun": 3515186,
    "mae": 0.004416670184582472,
    "rmse": 0.004416673972087765,
    "r2": 0.0,
    "n_train": 251,
    "n_test": 12
}