{
    "disease": "TX_tuberculose_00_23",
    "cod_mun": 3543709,
    "mae": 1.9817927766632764,
    "rmse": 3.357496860838811,
    "r2": -0.12493910505208738,
    "n_train": 251,
    "n_test": 12
}