{
    "disease": "TX_tuberculose_00_23",
    "cod_mun": 3524204,
    "mae": 0.4005608558654785,
    "rmse": 0.4005608558654785,
    "r2": 0.0,
    "n_train": 251,
    "n_test": 12
}