{
    "disease": "TX_hiv_aids_00_23",
    "cod_mun": 3520301,
    "mae": 0.6076454676970992,
    "rmse": 0.8909092580887222,
    "r2": 0.06148479052550482,
    "n_train": 251,
    "n_test": 12
}