{
    "disease": "TX_hepatite_00_23",
    "cod_mun": 3548005,
    "mae": 0.07516274477044742,
    "rmse": 0.07516367362241048,
    "r2": 0.0,
    "n_train": 251,
    "n_test": 12
}