{
    "disease": "tuberculose",
    "cod_mun": 3547650,
    "mae": 0.9029475177762365,
    "rmse": 5.12647239204862,
    "r2": 0.009252349410562744,
    "n_samples": 300
}