{
    "disease": "tuberculose",
    "cod_mun": 3520103,
    "mae": 0.49638323088084974,
    "rmse": 1.0810765206215416,
    "r2": 0.11084682954936842,
    "n_samples": 300
}