{
    "disease": "TX_hepatite_00_23",
    "cod_mun": 3539202,
    "mae": 0.541641970247284,
    "rmse": 1.1585414748444325,
    "r2": -0.13146027266170246,
    "n_train": 251,
    "n_test": 12
}