{
    "disease": "hepatite",
    "cod_mun": 3556404,
    "mae": 0.7069618440858642,
    "rmse": 1.1796323238409223,
    "r2": 0.12887338096919143,
    "n_samples": 300
}