{
    "disease": "sifilis",
    "cod_mun": 3513850,
    "mae": 0.40902263486274176,
    "rmse": 3.4001558095691404,
    "r2": 0.007276602961340917,
    "n_samples": 300
}