{
    "disease": "hiv_aids",
    "cod_mun": 3546702,
    "mae": 0.24435829410928353,
    "rmse": 0.7721787351922955,
    "r2": 0.002943206211631577,
    "n_samples": 300
}