{
    "disease": "TX_sifilis_00_23",
    "cod_mun": 3533106,
    "mae": 0.02552444937949379,
    "rmse": 0.02571876300751094,
    "r2": 0.0,
    "n_train": 251,
    "n_test": 12
}