{
    "disease": "hanseniase",
    "cod_mun": 3510203,
    "mae": 0.1271414361601963,
    "rmse": 0.46895471962030205,
    "r2": 0.31835369858837104,
    "n_samples": 300
}