{
    "disease": "TX_hiv_aids_00_23",
    "cod_mun": 3537206,
    "mae": 0.5298872043689092,
    "rmse": 0.5300157727038887,
    "r2": 0.0,
    "n_train": 251,
    "n_test": 12
}