{
    "disease": "TX_hepatite_00_23",
    "cod_mun": 3513405,
    "mae": 0.388388473151746,
    "rmse": 0.5120531965161313,
    "r2": -0.07873391142942987,
    "n_train": 251,
    "n_test": 12
}