{
    "disease": "sifilis",
    "cod_mun": 3520301,
    "mae": 0.8264907969562199,
    "rmse": 1.1765906212317458,
    "r2": -0.3282611344479256,
    "n_samples": 300
}