{
    "disease": "hepatite",
    "cod_mun": 3543709,
    "mae": 1.7643837333876051,
    "rmse": 3.397293836843645,
    "r2": 0.034962686581190394,
    "n_samples": 300
}