{
    "disease": "TX_hanseniase_00_23",
    "cod_mun": 3542008,
    "mae": 0.11406618356704712,
    "rmse": 0.11406618356704712,
    "r2": 0.0,
    "n_train": 251,
    "n_test": 12
}