{
    "disease": "TX_tuberculose_00_23",
    "cod_mun": 3514304,
    "mae": 0.22993243982394537,
    "rmse": 0.24325506076353942,
    "r2": 0.0,
    "n_train": 251,
    "n_test": 12
}