{
    "disease": "TX_tuberculose_00_23",
    "cod_mun": 3548500,
    "mae": 0.5617705237728183,
    "rmse": 0.6997684613709977,
    "r2": -0.5677556230713943,
    "n_train": 251,
    "n_test": 12
}