{
    "disease": "tuberculose",
    "cod_mun": 3511003,
    "mae": 0.5732842527223642,
    "rmse": 1.2948219773583693,
    "r2": 0.10059394629019647,
    "n_samples": 300
}