{
    "disease": "hiv_aids",
    "cod_mun": 3509957,
    "mae": 1.0476865058909328,
    "rmse": 3.2531030199654887,
    "r2": 0.5629812444185425,
    "n_samples": 300
}