{
    "disease": "tuberculose",
    "cod_mun": 3518008,
    "mae": 0.017114862521617695,
    "rmse": 0.05942518727351571,
    "r2": 0.9995887355607528,
    "n_samples": 300
}