{
    "disease": "TX_sifilis_00_23",
    "cod_mun": 3521309,
    "mae": 0.2913396942118804,
    "rmse": 0.3091858898655361,
    "r2": 0.0,
    "n_train": 251,
    "n_test": 12
}