{
    "disease": "tuberculose",
    "cod_mun": 3535606,
    "mae": 0.7115475303464246,
    "rmse": 1.4594739429364942,
    "r2": 0.24509177538967342,
    "n_samples": 300
}