{
    "disease": "TX_hiv_aids_00_23",
    "cod_mun": 3529500,
    "mae": 5.159941219046978,
    "rmse": 5.519788297288185,
    "r2": -0.5183957439133342,
    "n_train": 251,
    "n_test": 12
}