{
    "disease": "TX_sifilis_00_23",
    "cod_mun": 3534302,
    "mae": 0.0050414888028171845,
    "rmse": 0.005606018005617493,
    "r2": 0.0,
    "n_train": 251,
    "n_test": 12
}