{
    "disease": "hiv_aids",
    "cod_mun": 3533254,
    "mae": 3.7209088048529915,
    "rmse": 8.01335729145253,
    "r2": 0.02155850505560497,
    "n_samples": 300
}