{
    "disease": "tuberculose",
    "cod_mun": 3503406,
    "mae": 0.2521834986072289,
    "rmse": 1.230585598493201,
    "r2": 0.004730150355360285,
    "n_samples": 300
}