{
    "disease": "sifilis",
    "cod_mun": 3534005,
    "mae": 0.32075492072365,
    "rmse": 2.0048578916191757,
    "r2": 0.00028631562331449256,
    "n_samples": 300
}