{
    "disease": "hanseniase",
    "cod_mun": 3553203,
    "mae": 0.12353842778098406,
    "rmse": 1.072725685700919,
    "r2": 0.0026444308822090035,
    "n_samples": 300
}