{
    "disease": "hiv_aids",
    "cod_mun": 3515194,
    "mae": 0.7232059705731559,
    "rmse": 2.8164479084138163,
    "r2": 0.0027574689958957954,
    "n_samples": 300
}