{
    "disease": "hepatite",
    "cod_mun": 3504602,
    "mae": 0.22876558081558845,
    "rmse": 0.888210696140857,
    "r2": 0.10619644293425123,
    "n_samples": 300
}