{
    "disease": "hiv_aids",
    "cod_mun": 3535903,
    "mae": 1.0125331628601042,
    "rmse": 3.5796916096718294,
    "r2": 0.11107120777529522,
    "n_samples": 300
}