{
    "disease": "hiv_aids",
    "cod_mun": 3530201,
    "mae": 1.699588550589374,
    "rmse": 2.764155704639294,
    "r2": 0.04145392886507082,
    "n_samples": 300
}