{
    "disease": "hiv_aids",
    "cod_mun": 3519055,
    "mae": 7.077279790412473,
    "rmse": 9.357094645356964,
    "r2": -0.29091627273604526,
    "n_samples": 300
}