{
    "disease": "hiv_aids",
    "cod_mun": 3533601,
    "mae": 1.335333880950748,
    "rmse": 3.417102792406805,
    "r2": 0.08167317041283129,
    "n_samples": 300
}