{
    "disease": "hanseniase",
    "cod_mun": 3548005,
    "mae": 0.19837920511873605,
    "rmse": 0.6324580146424241,
    "r2": 0.08097799925497828,
    "n_samples": 300
}