{
    "disease": "tuberculose",
    "cod_mun": 3515509,
    "mae": 0.3227303886219267,
    "rmse": 0.8018248245903888,
    "r2": 0.435558190844646,
    "n_samples": 300
}