{
    "disease": "hiv_aids",
    "cod_mun": 3511607,
    "mae": 0.18161679103178213,
    "rmse": 0.7915107388024779,
    "r2": 0.005867140897314327,
    "n_samples": 300
}