{
    "disease": "hiv_aids",
    "cod_mun": 3504602,
    "mae": 3.379946899640204,
    "rmse": 4.807478507579599,
    "r2": 0.0020214995433159855,
    "n_samples": 300
}