{
    "disease": "hepatite",
    "cod_mun": 3521150,
    "mae": 0.012992901835991172,
    "rmse": 0.05115503438892213,
    "r2": 0.9993697796573903,
    "n_samples": 300
}