{
    "disease": "TX_hepatite_00_23",
    "cod_mun": 3514809,
    "mae": 0.33851854503154755,
    "rmse": 0.366645638938807,
    "r2": 0.0,
    "n_train": 251,
    "n_test": 12
}