{
    "disease": "TX_tuberculose_00_23",
    "cod_mun": 3502606,
    "mae": 0.08121025934815407,
    "rmse": 0.08121028450666097,
    "r2": 0.0,
    "n_train": 251,
    "n_test": 12
}