{
    "disease": "TX_tuberculose_00_23",
    "cod_mun": 3550902,
    "mae": 0.8336809210486317,
    "rmse": 2.09685832982362,
    "r2": -0.029510127089694915,
    "n_train": 251,
    "n_test": 12
}