{
    "disease": "hepatite",
    "cod_mun": 3500758,
    "mae": 0.39355022147240687,
    "rmse": 2.000941012530021,
    "r2": 0.1408500413682795,
    "n_samples": 300
}