{
    "disease": "sifilis",
    "cod_mun": 3537206,
    "mae": 0.12360435301811326,
    "rmse": 0.7325834077104564,
    "r2": 0.005620792481144443,
    "n_samples": 300
}