{
    "disease": "hepatite",
    "cod_mun": 3540804,
    "mae": 0.44510814926460135,
    "rmse": 1.1660021133330551,
    "r2": 0.10904614359892273,
    "n_samples": 300
}