{
    "disease": "sifilis",
    "cod_mun": 3529658,
    "mae": 0.35178470202525036,
    "rmse": 2.988813062864044,
    "r2": 0.0025723757636406663,
    "n_samples": 300
}