{
    "disease": "TX_hiv_aids_00_23",
    "cod_mun": 3556503,
    "mae": 0.5536202514641909,
    "rmse": 0.6128723175949031,
    "r2": -0.4336583443129036,
    "n_train": 251,
    "n_test": 12
}