{
    "disease": "hanseniase",
    "cod_mun": 3502804,
    "mae": 0.09189893336692406,
    "rmse": 0.18190848872332302,
    "r2": 0.02768606280739938,
    "n_samples": 300
}