{
    "disease": "sifilis",
    "cod_mun": 3515103,
    "mae": 0.26789885813609443,
    "rmse": 0.481965059465693,
    "r2": 0.09419964415972959,
    "n_samples": 300
}