{
    "disease": "hiv_aids",
    "cod_mun": 3530508,
    "mae": 2.465800953978558,
    "rmse": 2.997599062214936,
    "r2": -0.3615018220666235,
    "n_samples": 300
}