{
    "disease": "TX_hepatite_00_23",
    "cod_mun": 3519709,
    "mae": 0.104228675365448,
    "rmse": 0.104228675365448,
    "r2": 0.0,
    "n_train": 251,
    "n_test": 12
}