{
    "disease": "hiv_aids",
    "cod_mun": 3527306,
    "mae": 0.7212820763550498,
    "rmse": 1.2124321354584897,
    "r2": 0.47895524252101185,
    "n_samples": 300
}