{
    "disease": "sifilis",
    "cod_mun": 3520442,
    "mae": 0.12615009292132406,
    "rmse": 0.4918780867677183,
    "r2": 0.0025255267579367136,
    "n_samples": 300
}