{
    "disease": "TX_hepatite_00_23",
    "cod_mun": 3518503,
    "mae": 7.161042331342268,
    "rmse": 11.125145220121821,
    "r2": -0.28992318333720357,
    "n_train": 251,
    "n_test": 12
}