{
    "disease": "TX_hanseniase_00_23",
    "cod_mun": 3552304,
    "mae": 0.0007527098059654236,
    "rmse": 0.0016356840350440127,
    "r2": 0.0,
    "n_train": 251,
    "n_test": 12
}