{
    "disease": "hanseniase",
    "cod_mun": 3548500,
    "mae": 0.04144901273225327,
    "rmse": 0.07372769444716074,
    "r2": 0.1929484786475555,
    "n_samples": 300
}