{
    "disease": "TX_hiv_aids_00_23",
    "cod_mun": 3504909,
    "mae": 0.8396298512816429,
    "rmse": 1.2065159030140604,
    "r2": 0.0,
    "n_train": 251,
    "n_test": 12
}