{
    "disease": "TX_hepatite_00_23",
    "cod_mun": 3532900,
    "mae": 0.30961155891418457,
    "rmse": 0.30961155891418457,
    "r2": 0.0,
    "n_train": 251,
    "n_test": 12
}