{
    "disease": "sifilis",
    "cod_mun": 3555109,
    "mae": 0.7220205306715094,
    "rmse": 1.548041101185813,
    "r2": 0.2558937177426166,
    "n_samples": 300
}