{
    "disease": "TX_hanseniase_00_23",
    "cod_mun": 3540903,
    "mae": 0.007384066054631451,
    "rmse": 0.024022272406933155,
    "r2": 0.0,
    "n_train": 251,
    "n_test": 12
}