{
    "disease": "hanseniase",
    "cod_mun": 3542206,
    "mae": 0.0997053261524753,
    "rmse": 0.5903800382178713,
    "r2": 0.46786520684695077,
    "n_samples": 300
}