{
    "disease": "hiv_aids",
    "cod_mun": 3550902,
    "mae": 3.1894488950469433,
    "rmse": 4.447885817131341,
    "r2": 0.017034425526421648,
    "n_samples": 300
}