{
    "disease": "TX_hiv_aids_00_23",
    "cod_mun": 3510302,
    "mae": 0.5309745694200197,
    "rmse": 0.5805180903045335,
    "r2": 0.0,
    "n_train": 251,
    "n_test": 12
}