{
    "disease": "hanseniase",
    "cod_mun": 3512407,
    "mae": 0.07529485557573258,
    "rmse": 0.4188362486189599,
    "r2": 0.010993696558164845,
    "n_samples": 300
}