{
    "disease": "sifilis",
    "cod_mun": 3537909,
    "mae": 0.3540760335200365,
    "rmse": 0.952650047441922,
    "r2": 0.19605455184341858,
    "n_samples": 300
}