{
    "disease": "hanseniase",
    "cod_mun": 3529401,
    "mae": 0.020413009779668492,
    "rmse": 0.052324747082751755,
    "r2": 0.03561289715094951,
    "n_samples": 300
}