{
    "disease": "sifilis",
    "cod_mun": 3549953,
    "mae": 0.1273671810572255,
    "rmse": 0.6423437435841168,
    "r2": 0.0008471760680777152,
    "n_samples": 300
}