{
    "disease": "TX_sifilis_00_23",
    "cod_mun": 3518800,
    "mae": 0.43369652449564255,
    "rmse": 0.521769576807387,
    "r2": -1.2793304248227515,
    "n_train": 251,
    "n_test": 12
}