{
    "disease": "TX_hiv_aids_00_23",
    "cod_mun": 3520103,
    "mae": 0.7062528819183802,
    "rmse": 1.2910185998663497,
    "r2": 0.19338085017643047,
    "n_train": 251,
    "n_test": 12
}