{
    "disease": "sifilis",
    "cod_mun": 3549250,
    "mae": 0.3692523625034496,
    "rmse": 3.0470748861563144,
    "r2": 0.0069747634680269455,
    "n_samples": 300
}