{
    "disease": "tuberculose",
    "cod_mun": 3536000,
    "mae": 0.5544756815233718,
    "rmse": 1.743161290821363,
    "r2": 0.15908996894954797,
    "n_samples": 300
}