{
    "disease": "TX_tuberculose_00_23",
    "cod_mun": 3554755,
    "mae": 10.18266355097351,
    "rmse": 23.55637587339261,
    "r2": -0.19437150588762875,
    "n_train": 251,
    "n_test": 12
}