{
    "disease": "hanseniase",
    "cod_mun": 3545209,
    "mae": 0.07139755091134245,
    "rmse": 0.19598740392512246,
    "r2": 0.003673312511257354,
    "n_samples": 300
}