{
    "disease": "hiv_aids",
    "cod_mun": 3528106,
    "mae": 0.7437576351082413,
    "rmse": 2.203210331750715,
    "r2": 0.0006711367842067162,
    "n_samples": 300
}