{
    "disease": "TX_sifilis_00_23",
    "cod_mun": 3551900,
    "mae": 0.241190604865551,
    "rmse": 0.2540156459187141,
    "r2": 0.0,
    "n_train": 251,
    "n_test": 12
}