{
    "disease": "tuberculose",
    "cod_mun": 3553203,
    "mae": 1.1760840896519273,
    "rmse": 3.850168519931988,
    "r2": 0.06286989158702705,
    "n_samples": 300
}