{
    "disease": "TX_hiv_aids_00_23",
    "cod_mun": 3555109,
    "mae": 1.5036476678009663,
    "rmse": 2.398755749333112,
    "r2": -0.03934581426372019,
    "n_train": 251,
    "n_test": 12
}