{
    "disease": "hiv_aids",
    "cod_mun": 3510005,
    "mae": 2.0958030848305986,
    "rmse": 2.6509051659723992,
    "r2": -0.237857520282446,
    "n_samples": 300
}