{
    "disease": "sifilis",
    "cod_mun": 3549607,
    "mae": 0.6461317140402919,
    "rmse": 2.732248812783177,
    "r2": 0.0118770436016854,
    "n_samples": 300
}