{
    "disease": "TX_hepatite_00_23",
    "cod_mun": 3537800,
    "mae": 0.9124849129222653,
    "rmse": 1.096446569920278,
    "r2": -0.43717612370798986,
    "n_train": 251,
    "n_test": 12
}