{
    "disease": "TX_hepatite_00_23",
    "cod_mun": 3550506,
    "mae": 19.595654733414804,
    "rmse": 23.583219116113003,
    "r2": -0.6334814955666539,
    "n_train": 251,
    "n_test": 12
}