{
    "disease": "TX_hanseniase_00_23",
    "cod_mun": 3556800,
    "mae": 0.010024877109875282,
    "rmse": 0.011674174311506079,
    "r2": 0.0,
    "n_train": 251,
    "n_test": 12
}