{
    "disease": "sifilis",
    "cod_mun": 3533254,
    "mae": 0.7746753452626,
    "rmse": 2.802571033633477,
    "r2": 0.008357294172182339,
    "n_samples": 300
}