{
    "disease": "hiv_aids",
    "cod_mun": 3506409,
    "mae": 0.5897053052675447,
    "rmse": 2.4257738921736443,
    "r2": 0.0015617649433719016,
    "n_samples": 300
}