{
    "disease": "TX_sifilis_00_23",
    "cod_mun": 3538600,
    "mae": 0.41715621505677963,
    "rmse": 0.9220498853570455,
    "r2": 0.006601397207943394,
    "n_train": 251,
    "n_test": 12
}