{
    "disease": "TX_hanseniase_00_23",
    "cod_mun": 3539608,
    "mae": 0.07446345624824365,
    "rmse": 0.1812149028864907,
    "r2": 0.0,
    "n_train": 251,
    "n_test": 12
}