{
    "disease": "sifilis",
    "cod_mun": 3500907,
    "mae": 0.2240317090463903,
    "rmse": 1.2812482678069372,
    "r2": 0.13416257943342857,
    "n_samples": 300
}