{
    "disease": "sifilis",
    "cod_mun": 3539905,
    "mae": 0.22922586528299022,
    "rmse": 1.4137311872835439,
    "r2": 0.0025454632332615468,
    "n_samples": 300
}