{
    "disease": "TX_hepatite_00_23",
    "cod_mun": 3530805,
    "mae": 0.014244018898655971,
    "rmse": 0.019444669232875387,
    "r2": 0.0,
    "n_train": 251,
    "n_test": 12
}