{
    "disease": "TX_hiv_aids_00_23",
    "cod_mun": 3552007,
    "mae": 0.5570285469293594,
    "rmse": 0.5677510064224455,
    "r2": 0.0,
    "n_train": 251,
    "n_test": 12
}