{
    "disease": "tuberculose",
    "cod_mun": 3554607,
    "mae": 0.0046061965158665725,
    "rmse": 0.03306190663446249,
    "r2": 0.9997603194015097,
    "n_samples": 300
}