{
    "disease": "tuberculose",
    "cod_mun": 3532801,
    "mae": 0.4062669498066318,
    "rmse": 1.7405415264373147,
    "r2": 0.006346024553259388,
    "n_samples": 300
}