{
    "disease": "hepatite",
    "cod_mun": 3533304,
    "mae": 2.438107667085413,
    "rmse": 5.859327539698304,
    "r2": 0.06487509387419388,
    "n_samples": 300
}