{
    "disease": "hiv_aids",
    "cod_mun": 3524709,
    "mae": 2.176176057288932,
    "rmse": 2.953012657418683,
    "r2": 0.3304508192785194,
    "n_samples": 300
}