{
    "disease": "TX_hanseniase_00_23",
    "cod_mun": 3542404,
    "mae": 0.018709047542264063,
    "rmse": 0.036894165760313145,
    "r2": 0.0,
    "n_train": 251,
    "n_test": 12
}