{
    "disease": "hanseniase",
    "cod_mun": 3536703,
    "mae": 0.25169024180306293,
    "rmse": 0.8166222702366853,
    "r2": -0.10003060615592552,
    "n_samples": 300
}