{
    "disease": "sifilis",
    "cod_mun": 3549607,
    "mae": 0.5729207115482107,
    "rmse": 2.4214158384511757,
    "r2": 0.22391506206726164,
    "n_samples": 300
}