{
    "disease": "TX_hepatite_00_23",
    "cod_mun": 3514304,
    "mae": 4.870184006580067,
    "rmse": 4.972354508252439,
    "r2": -1.1938665510813875,
    "n_train": 251,
    "n_test": 12
}