{
    "disease": "hiv_aids",
    "cod_mun": 3533304,
    "mae": 1.0314219751865679,
    "rmse": 3.9848163025782224,
    "r2": 0.003414893571140998,
    "n_samples": 300
}