{
    "disease": "hepatite",
    "cod_mun": 3535101,
    "mae": 1.3263266330782517,
    "rmse": 2.8608670936073586,
    "r2": 0.08567985732184857,
    "n_samples": 300
}