{
    "disease": "TX_sifilis_00_23",
    "cod_mun": 3546009,
    "mae": 0.2759547531604767,
    "rmse": 0.2759547531604767,
    "r2": 0.0,
    "n_train": 251,
    "n_test": 12
}