{
    "disease": "sifilis",
    "cod_mun": 3546306,
    "mae": 0.06300635870838986,
    "rmse": 0.3147072473168596,
    "r2": 0.00027245944777110065,
    "n_samples": 300
}