{
    "disease": "TX_hanseniase_00_23",
    "cod_mun": 3532405,
    "mae": 0.4537180965942327,
    "rmse": 1.355121141379207,
    "r2": -0.08186028352140995,
    "n_train": 251,
    "n_test": 12
}