{
    "disease": "hiv_aids",
    "cod_mun": 3503109,
    "mae": 1.268636279493932,
    "rmse": 4.359579991711429,
    "r2": -0.059085289420247156,
    "n_samples": 300
}