{
    "disease": "hiv_aids",
    "cod_mun": 3538907,
    "mae": 1.9563171947029987,
    "rmse": 2.8512855404056148,
    "r2": 0.22322699919160838,
    "n_samples": 300
}