{
    "disease": "hepatite",
    "cod_mun": 3515202,
    "mae": 1.0876565357332624,
    "rmse": 2.660798778428589,
    "r2": 0.19118849533944404,
    "n_samples": 300
}