{
    "disease": "TX_hepatite_00_23",
    "cod_mun": 3529708,
    "mae": 0.2790220019718011,
    "rmse": 0.359162375337674,
    "r2": 0.0,
    "n_train": 251,
    "n_test": 12
}