{
    "disease": "hepatite",
    "cod_mun": 3543006,
    "mae": 0.23528307820397104,
    "rmse": 0.7642509803386254,
    "r2": 0.8687265895475107,
    "n_samples": 300
}