{
    "disease": "hepatite",
    "cod_mun": 3509205,
    "mae": 0.13858169444214877,
    "rmse": 0.3331596850973407,
    "r2": 0.04011717106128421,
    "n_samples": 300
}