{
    "disease": "hepatite",
    "cod_mun": 3551504,
    "mae": 0.4915883365932654,
    "rmse": 1.0267325205157587,
    "r2": 0.23987895407569837,
    "n_samples": 300
}