{
    "disease": "TX_tuberculose_00_23",
    "cod_mun": 3522406,
    "mae": 0.40627772609392804,
    "rmse": 0.4066864852144939,
    "r2": 0.0,
    "n_train": 251,
    "n_test": 12
}