{
    "disease": "hanseniase",
    "cod_mun": 3511508,
    "mae": 0.05087383249981034,
    "rmse": 0.2547363173427012,
    "r2": 0.0014005999984636475,
    "n_samples": 300
}