{
    "disease": "TX_hiv_aids_00_23",
    "cod_mun": 3505609,
    "mae": 1.1312238151828449,
    "rmse": 1.2351742266638643,
    "r2": 0.0,
    "n_train": 251,
    "n_test": 12
}