{
    "disease": "TX_sifilis_00_23",
    "cod_mun": 3544301,
    "mae": 0.7725348413213435,
    "rmse": 2.676139191571455,
    "r2": -0.09090909090909105,
    "n_train": 251,
    "n_test": 12
}