{
    "disease": "tuberculose",
    "cod_mun": 3538501,
    "mae": 0.5052839939435616,
    "rmse": 1.3200358389192728,
    "r2": 0.2995580498839695,
    "n_samples": 300
}