{
    "disease": "sifilis",
    "cod_mun": 3530706,
    "mae": 0.41121864624742005,
    "rmse": 0.5586671313748957,
    "r2": 0.31438378411330203,
    "n_samples": 300
}