{
    "disease": "hiv_aids",
    "cod_mun": 3518800,
    "mae": 0.2639032313072556,
    "rmse": 0.3300689215828425,
    "r2": 0.6240845429781005,
    "n_samples": 300
}