{
    "disease": "TX_tuberculose_00_23",
    "cod_mun": 3540408,
    "mae": 0.010465454193763435,
    "rmse": 0.010775944238219736,
    "r2": 0.0,
    "n_train": 251,
    "n_test": 12
}