{
    "disease": "TX_hepatite_00_23",
    "cod_mun": 3549953,
    "mae": 0.005474178915998588,
    "rmse": 0.0059263664062307745,
    "r2": 0.0,
    "n_train": 251,
    "n_test": 12
}