{
    "disease": "TX_hiv_aids_00_23",
    "cod_mun": 3534906,
    "mae": 1.7128473860272624,
    "rmse": 2.2674584622283063,
    "r2": -0.08249022792257277,
    "n_train": 251,
    "n_test": 12
}