{
    "disease": "TX_hiv_aids_00_23",
    "cod_mun": 3504008,
    "mae": 0.7917472785030348,
    "rmse": 0.904598485453474,
    "r2": -0.1431804958271503,
    "n_train": 251,
    "n_test": 12
}