{
    "disease": "TX_tuberculose_00_23",
    "cod_mun": 3530409,
    "mae": 0.5509066390028844,
    "rmse": 1.043280601046856,
    "r2": 0.0,
    "n_train": 251,
    "n_test": 12
}