{
    "disease": "hepatite",
    "cod_mun": 3522505,
    "mae": 0.09818707923858425,
    "rmse": 0.19477652626078007,
    "r2": 0.3716592223955021,
    "n_samples": 300
}