{
    "disease": "hiv_aids",
    "cod_mun": 3523800,
    "mae": 0.7274030973429498,
    "rmse": 2.350824227453941,
    "r2": 0.09288561392656902,
    "n_samples": 300
}