{
    "disease": "hanseniase",
    "cod_mun": 3514403,
    "mae": 0.24461173629694527,
    "rmse": 0.6282037666052784,
    "r2": 0.057835073275364746,
    "n_samples": 300
}