{
    "disease": "sifilis",
    "cod_mun": 3528502,
    "mae": 0.24008648396707352,
    "rmse": 0.45562242276740644,
    "r2": 0.24164618308716934,
    "n_samples": 300
}