{
    "disease": "hiv_aids",
    "cod_mun": 3518305,
    "mae": 1.0619096082467414,
    "rmse": 1.7123946712184084,
    "r2": 0.013967505046725615,
    "n_samples": 300
}