{
    "disease": "TX_sifilis_00_23",
    "cod_mun": 3533205,
    "mae": 0.19902172684669495,
    "rmse": 0.19902172684669495,
    "r2": 0.0,
    "n_train": 251,
    "n_test": 12
}