{
    "disease": "hepatite",
    "cod_mun": 3532009,
    "mae": 0.33205333323382447,
    "rmse": 1.1019756435111578,
    "r2": 0.33808318358478806,
    "n_samples": 300
}