{
    "disease": "hanseniase",
    "cod_mun": 3555406,
    "mae": 0.07295696893733773,
    "rmse": 0.21358942523661686,
    "r2": 0.005647989866289671,
    "n_samples": 300
}