{
    "disease": "hepatite",
    "cod_mun": 3509452,
    "mae": 0.463132507832193,
    "rmse": 2.0090969645922203,
    "r2": 0.002586841838568721,
    "n_samples": 300
}