{
    "disease": "sifilis",
    "cod_mun": 3524006,
    "mae": 0.20981877088342665,
    "rmse": 0.48817785355044485,
    "r2": 0.04065058697208079,
    "n_samples": 300
}