{
    "disease": "TX_hepatite_00_23",
    "cod_mun": 3521408,
    "mae": 1.012940176996869,
    "rmse": 1.756957089230986,
    "r2": -0.05315395582317395,
    "n_train": 251,
    "n_test": 12
}