{
    "disease": "TX_hiv_aids_00_23",
    "cod_mun": 3545209,
    "mae": 0.6143773539652045,
    "rmse": 0.6746395507965627,
    "r2": -1.2395324548222115,
    "n_train": 251,
    "n_test": 12
}