{
    "disease": "hanseniase",
    "cod_mun": 3537909,
    "mae": 0.10036488001147346,
    "rmse": 0.4367818101969279,
    "r2": 0.0029022654193470165,
    "n_samples": 300
}