{
    "disease": "sifilis",
    "cod_mun": 3554300,
    "mae": 0.469305864941896,
    "rmse": 1.0557110493622845,
    "r2": 0.130317405783276,
    "n_samples": 300
}