{
    "disease": "hepatite",
    "cod_mun": 3553708,
    "mae": 0.7029858936588208,
    "rmse": 1.3965564250059503,
    "r2": 0.4987444933197436,
    "n_samples": 300
}