{
    "disease": "TX_sifilis_00_23",
    "cod_mun": 3510807,
    "mae": 0.34938572218949765,
    "rmse": 1.010562090654089,
    "r2": -0.05614804435579779,
    "n_train": 251,
    "n_test": 12
}