{
    "disease": "sifilis",
    "cod_mun": 3556107,
    "mae": 0.21521633329761408,
    "rmse": 0.9550177912888261,
    "r2": 0.0030736457257843908,
    "n_samples": 300
}