{
    "disease": "sifilis",
    "cod_mun": 3506508,
    "mae": 0.0925505890205365,
    "rmse": 0.1951239559205296,
    "r2": 0.047518853226102276,
    "n_samples": 300
}