{
    "disease": "TX_hanseniase_00_23",
    "cod_mun": 3531803,
    "mae": 0.161717830086296,
    "rmse": 0.4083192365093985,
    "r2": -0.03253898872362626,
    "n_train": 251,
    "n_test": 12
}