{
    "disease": "sifilis",
    "cod_mun": 3532900,
    "mae": 0.13442750390229283,
    "rmse": 0.8269133386450895,
    "r2": 0.0002894562672736134,
    "n_samples": 300
}