{
    "disease": "TX_tuberculose_00_23",
    "cod_mun": 3540259,
    "mae": 2.0226016669039155,
    "rmse": 6.990753609736537,
    "r2": -0.09070565270805941,
    "n_train": 251,
    "n_test": 12
}