{
    "disease": "tuberculose",
    "cod_mun": 3505302,
    "mae": 0.954962656474785,
    "rmse": 1.5886259174164525,
    "r2": 0.6852844649213614,
    "n_samples": 300
}