{
    "disease": "hepatite",
    "cod_mun": 3541307,
    "mae": 0.971220900777464,
    "rmse": 1.2821923936271125,
    "r2": 0.17321066931005857,
    "n_samples": 300
}