{
    "disease": "tuberculose",
    "cod_mun": 3556354,
    "mae": 0.4853201347138839,
    "rmse": 1.6967614917232314,
    "r2": 0.7559480688644623,
    "n_samples": 300
}