{
    "disease": "TX_hiv_aids_00_23",
    "cod_mun": 3530201,
    "mae": 2.643122954448003,
    "rmse": 3.8094976238095826,
    "r2": 0.017840874216507596,
    "n_train": 251,
    "n_test": 12
}