{
    "disease": "TX_sifilis_00_23",
    "cod_mun": 3546801,
    "mae": 0.027220764304123197,
    "rmse": 0.033194143863000194,
    "r2": 0.0,
    "n_train": 251,
    "n_test": 12
}