{
    "disease": "hanseniase",
    "cod_mun": 3514957,
    "mae": 0.26350232509440435,
    "rmse": 2.268335084908485,
    "r2": 0.0031572011036665737,
    "n_samples": 300
}