{
    "disease": "TX_sifilis_00_23",
    "cod_mun": 3502606,
    "mae": 0.19144737305274853,
    "rmse": 0.5640168770885888,
    "r2": 0.0,
    "n_train": 251,
    "n_test": 12
}