{
    "disease": "hiv_aids",
    "cod_mun": 3528858,
    "mae": 0.7223354033497557,
    "rmse": 3.7057228880632866,
    "r2": 3.062012687382598e-05,
    "n_samples": 300
}