{
    "disease": "TX_hanseniase_00_23",
    "cod_mun": 3503356,
    "mae": 0.1335355043411255,
    "rmse": 0.1335355043411255,
    "r2": 0.0,
    "n_train": 251,
    "n_test": 12
}