{
    "disease": "hanseniase",
    "cod_mun": 3502754,
    "mae": 0.0516959053840015,
    "rmse": 0.44151402349414276,
    "r2": 0.004252666616001433,
    "n_samples": 300
}