{
    "disease": "hiv_aids",
    "cod_mun": 3538105,
    "mae": 3.1657172578045847,
    "rmse": 4.371068594344935,
    "r2": 0.2410968974989357,
    "n_samples": 300
}