{
    "disease": "hiv_aids",
    "cod_mun": 3553203,
    "mae": 1.1249804628763143,
    "rmse": 3.016171196117027,
    "r2": 0.11783506743194028,
    "n_samples": 300
}