{
    "disease": "hepatite",
    "cod_mun": 3537156,
    "mae": 7.257225245377567,
    "rmse": 12.913678798894564,
    "r2": 0.21568940788500213,
    "n_samples": 300
}