{
    "disease": "hepatite",
    "cod_mun": 3556354,
    "mae": 0.6444129780336864,
    "rmse": 1.8568145499272721,
    "r2": 0.11218555889198512,
    "n_samples": 300
}