{
    "disease": "sifilis",
    "cod_mun": 3511003,
    "mae": 0.19045649056840086,
    "rmse": 0.7591870305503725,
    "r2": 0.19326322848396726,
    "n_samples": 300
}