{
    "disease": "TX_hiv_aids_00_23",
    "cod_mun": 3514007,
    "mae": 0.7943112552165985,
    "rmse": 1.1825465287243524,
    "r2": 0.0,
    "n_train": 251,
    "n_test": 12
}