{
    "disease": "TX_hiv_aids_00_23",
    "cod_mun": 3551900,
    "mae": 0.2668101646316548,
    "rmse": 0.36053198641644524,
    "r2": 0.0,
    "n_train": 251,
    "n_test": 12
}