{
    "disease": "hiv_aids",
    "cod_mun": 3531308,
    "mae": 1.3803309911072605,
    "rmse": 1.7154070851420387,
    "r2": 0.40473859743890417,
    "n_samples": 300
}