{
    "disease": "hanseniase",
    "cod_mun": 3544004,
    "mae": 0.0711312138554812,
    "rmse": 0.355790444755899,
    "r2": 0.0015857419765229475,
    "n_samples": 300
}