{
    "disease": "TX_hepatite_00_23",
    "cod_mun": 3535903,
    "mae": 0.0029288083048110516,
    "rmse": 0.003151472461558073,
    "r2": 0.0,
    "n_train": 251,
    "n_test": 12
}