{
    "disease": "hiv_aids",
    "cod_mun": 3554003,
    "mae": 0.9345640995578816,
    "rmse": 1.2825794509578103,
    "r2": 0.5162964573923491,
    "n_samples": 300
}