{
    "disease": "TX_hiv_aids_00_23",
    "cod_mun": 3511003,
    "mae": 0.7126250655178775,
    "rmse": 1.3925599796972057,
    "r2": -0.005520827662581107,
    "n_train": 251,
    "n_test": 12
}