{
    "disease": "hiv_aids",
    "cod_mun": 3504701,
    "mae": 5.693000769186775,
    "rmse": 18.080841949839833,
    "r2": 0.023060915011589245,
    "n_samples": 300
}