{
    "disease": "tuberculose",
    "cod_mun": 3540606,
    "mae": 0.5434176664192898,
    "rmse": 0.8847674358908412,
    "r2": 0.5246595152394684,
    "n_samples": 300
}