{
    "disease": "sifilis",
    "cod_mun": 3528007,
    "mae": 0.20534462082331545,
    "rmse": 1.1039509129729028,
    "r2": 0.01595183116210741,
    "n_samples": 300
}