{
    "disease": "hanseniase",
    "cod_mun": 3554201,
    "mae": 0.1454632072880968,
    "rmse": 1.2308180775654356,
    "r2": 0.0025438933470606218,
    "n_samples": 300
}