{
    "disease": "TX_hiv_aids_00_23",
    "cod_mun": 3501806,
    "mae": 2.5346215186993413,
    "rmse": 4.613785629411425,
    "r2": 0.06579592273912838,
    "n_train": 251,
    "n_test": 12
}