{
    "disease": "hanseniase",
    "cod_mun": 3513108,
    "mae": 0.21806793699962995,
    "rmse": 0.7858769535887615,
    "r2": 0.04623312274268321,
    "n_samples": 300
}