{
    "disease": "hepatite",
    "cod_mun": 3532504,
    "mae": 0.7175094746043801,
    "rmse": 1.9404661846715345,
    "r2": 0.052055857166160235,
    "n_samples": 300
}