{
    "disease": "TX_hanseniase_00_23",
    "cod_mun": 3531704,
    "mae": 0.06162918731570244,
    "rmse": 0.06162918731570244,
    "r2": 0.0,
    "n_train": 251,
    "n_test": 12
}