{
    "disease": "hepatite",
    "cod_mun": 3520608,
    "mae": 0.1794765014754961,
    "rmse": 1.285301686736336,
    "r2": 0.7081222592199135,
    "n_samples": 300
}