{
    "disease": "TX_tuberculose_00_23",
    "cod_mun": 3507803,
    "mae": 1.604995521741012,
    "rmse": 1.9178089422938307,
    "r2": -0.062259747185174685,
    "n_train": 251,
    "n_test": 12
}