{
    "disease": "TX_tuberculose_00_23",
    "cod_mun": 3508405,
    "mae": 0.33235658973419874,
    "rmse": 0.6858732921719035,
    "r2": -0.29974596870589876,
    "n_train": 251,
    "n_test": 12
}