{
    "disease": "sifilis",
    "cod_mun": 3528205,
    "mae": 0.18906496963945726,
    "rmse": 1.5549827367099898,
    "r2": 0.004694787444759041,
    "n_samples": 300
}