{
    "disease": "TX_hiv_aids_00_23",
    "cod_mun": 3542404,
    "mae": 0.6419472272197405,
    "rmse": 0.7023121321082715,
    "r2": 0.0,
    "n_train": 251,
    "n_test": 12
}