{
    "disease": "TX_hanseniase_00_23",
    "cod_mun": 3530508,
    "mae": 0.12728262195984522,
    "rmse": 0.13065206035345117,
    "r2": 0.0,
    "n_train": 251,
    "n_test": 12
}