{
    "disease": "tuberculose",
    "cod_mun": 3545704,
    "mae": 0.9936621658489588,
    "rmse": 2.918360899649144,
    "r2": 0.682311654593766,
    "n_samples": 300
}