{
    "disease": "hanseniase",
    "cod_mun": 3533908,
    "mae": 0.024560187619495907,
    "rmse": 0.15423505391643627,
    "r2": 0.0015650575128495214,
    "n_samples": 300
}