{
    "disease": "hiv_aids",
    "cod_mun": 3515400,
    "mae": 1.4310386160720467,
    "rmse": 2.496611274042794,
    "r2": 0.05666957020807839,
    "n_samples": 300
}