{
    "disease": "hiv_aids",
    "cod_mun": 3553609,
    "mae": 0.3053876788400272,
    "rmse": 1.0851897617989918,
    "r2": 0.0004819925693493321,
    "n_samples": 300
}