{
    "disease": "TX_hanseniase_00_23",
    "cod_mun": 3541604,
    "mae": 4.174835339654237e-06,
    "rmse": 4.174835339654237e-06,
    "r2": 0.0,
    "n_train": 251,
    "n_test": 12
}