{
    "disease": "TX_tuberculose_00_23",
    "cod_mun": 3524600,
    "mae": 0.7626000020789346,
    "rmse": 1.6748721303449896,
    "r2": -0.042636512060915344,
    "n_train": 251,
    "n_test": 12
}