{
    "disease": "hiv_aids",
    "cod_mun": 3550704,
    "mae": 1.40300182876388,
    "rmse": 2.0563432794801906,
    "r2": 0.3846339263963007,
    "n_samples": 300
}