{
    "disease": "hiv_aids",
    "cod_mun": 3557154,
    "mae": 2.5954652425177707,
    "rmse": 7.35994700048247,
    "r2": 0.039259470340130886,
    "n_samples": 300
}