{
    "disease": "sifilis",
    "cod_mun": 3547403,
    "mae": 0.283703976596716,
    "rmse": 2.3017577146202965,
    "r2": 0.004880116371017595,
    "n_samples": 300
}