{
    "disease": "hiv_aids",
    "cod_mun": 3512001,
    "mae": 1.581166324456874,
    "rmse": 2.263391787149966,
    "r2": 0.03325474957183949,
    "n_samples": 300
}