{
    "disease": "sifilis",
    "cod_mun": 3547007,
    "mae": 0.11391041412063557,
    "rmse": 0.9559432777639516,
    "r2": 0.0028216917608424597,
    "n_samples": 300
}