{
    "disease": "sifilis",
    "cod_mun": 3545803,
    "mae": 0.19983407432689734,
    "rmse": 0.35872024194921925,
    "r2": -0.00036885814528386796,
    "n_samples": 300
}