{
    "disease": "sifilis",
    "cod_mun": 3514601,
    "mae": 0.23219407930580752,
    "rmse": 1.1730230803814203,
    "r2": 0.00033340393842595795,
    "n_samples": 300
}