{
    "disease": "sifilis",
    "cod_mun": 3527207,
    "mae": 0.5102527534713536,
    "rmse": 0.7999403541371208,
    "r2": 0.3921403700970536,
    "n_samples": 300
}