{
    "disease": "tuberculose",
    "cod_mun": 3503208,
    "mae": 0.4575165962648134,
    "rmse": 0.6033438718827271,
    "r2": 0.2751474521878191,
    "n_samples": 300
}