{
    "disease": "TX_hanseniase_00_23",
    "cod_mun": 3536901,
    "mae": 0.05196549333049916,
    "rmse": 0.17013623685193593,
    "r2": 0.0,
    "n_train": 251,
    "n_test": 12
}