{
    "disease": "TX_hanseniase_00_23",
    "cod_mun": 3526209,
    "mae": 0.47342997771920636,
    "rmse": 0.7601072088026728,
    "r2": 0.0,
    "n_train": 251,
    "n_test": 12
}