{
    "disease": "hanseniase",
    "cod_mun": 3541653,
    "mae": 0.1878612152974419,
    "rmse": 1.5327436597720008,
    "r2": 0.003981267112509568,
    "n_samples": 300
}