{
    "disease": "TX_tuberculose_00_23",
    "cod_mun": 3536802,
    "mae": 0.12687376141548157,
    "rmse": 0.12687376141548157,
    "r2": 0.0,
    "n_train": 251,
    "n_test": 12
}