{
    "disease": "hepatite",
    "cod_mun": 3507308,
    "mae": 0.6240718836446513,
    "rmse": 2.697852845745299,
    "r2": 0.0015364011690321977,
    "n_samples": 300
}