{
    "disease": "TX_hepatite_00_23",
    "cod_mun": 3503208,
    "mae": 0.09073667755066463,
    "rmse": 0.10890165435814789,
    "r2": 0.02731024546633154,
    "n_train": 251,
    "n_test": 12
}