{
    "disease": "hiv_aids",
    "cod_mun": 3517505,
    "mae": 3.0490719071102634,
    "rmse": 3.7199401098801994,
    "r2": 0.10197294466215845,
    "n_samples": 300
}