{
    "disease": "TX_tuberculose_00_23",
    "cod_mun": 3553203,
    "mae": 1.2642677525679271,
    "rmse": 1.2743786838521405,
    "r2": 0.0,
    "n_train": 251,
    "n_test": 12
}