{
    "disease": "hanseniase",
    "cod_mun": 3520004,
    "mae": 0.11687136862646262,
    "rmse": 0.5650895310687747,
    "r2": 0.10914977957130445,
    "n_samples": 300
}