{
    "disease": "tuberculose",
    "cod_mun": 3550704,
    "mae": 1.722308389071197,
    "rmse": 2.5376881448437345,
    "r2": 0.5920142417176572,
    "n_samples": 300
}