{
    "disease": "TX_hepatite_00_23",
    "cod_mun": 3536406,
    "mae": 0.018273983461161453,
    "rmse": 0.018298502282347414,
    "r2": 0.0,
    "n_train": 251,
    "n_test": 12
}