{
    "disease": "TX_hepatite_00_23",
    "cod_mun": 3514601,
    "mae": 0.38077372502690804,
    "rmse": 1.2929498207399635,
    "r2": 0.0,
    "n_train": 251,
    "n_test": 12
}