{
    "disease": "hanseniase",
    "cod_mun": 3538204,
    "mae": 0.04795722905641544,
    "rmse": 0.40889946916672243,
    "r2": 0.004119131135052023,
    "n_samples": 300
}