{
    "disease": "TX_hiv_aids_00_23",
    "cod_mun": 3557154,
    "mae": 1.2199378907680511,
    "rmse": 1.255338547983053,
    "r2": 0.0,
    "n_train": 251,
    "n_test": 12
}