{
    "disease": "hiv_aids",
    "cod_mun": 3542602,
    "mae": 0.515630730063427,
    "rmse": 0.7569275895838716,
    "r2": 0.03401073053750314,
    "n_samples": 300
}