{
    "disease": "hepatite",
    "cod_mun": 3545159,
    "mae": 1.2926101109804555,
    "rmse": 4.138754942528786,
    "r2": 0.3090780428737625,
    "n_samples": 300
}