{
    "disease": "TX_tuberculose_00_23",
    "cod_mun": 3522109,
    "mae": 1.2865076515671026,
    "rmse": 1.9146975483388216,
    "r2": -0.22985259212534292,
    "n_train": 251,
    "n_test": 12
}