{
    "disease": "hiv_aids",
    "cod_mun": 3550506,
    "mae": 0.9039927421246282,
    "rmse": 2.562645543934095,
    "r2": 0.5616293049761257,
    "n_samples": 300
}