{
    "disease": "tuberculose",
    "cod_mun": 3514908,
    "mae": 0.9846359792086327,
    "rmse": 1.7888894070121997,
    "r2": 0.13539878375073167,
    "n_samples": 300
}