{
    "disease": "TX_hiv_aids_00_23",
    "cod_mun": 3515608,
    "mae": 1.8214674031390758,
    "rmse": 4.699731052888851,
    "r2": -0.015061901589764615,
    "n_train": 251,
    "n_test": 12
}