{
    "disease": "hanseniase",
    "cod_mun": 3532900,
    "mae": 0.14521478976981464,
    "rmse": 0.8960386449195613,
    "r2": 0.002507928140301874,
    "n_samples": 300
}