{
    "disease": "TX_hiv_aids_00_23",
    "cod_mun": 3520202,
    "mae": 1.3581809848546982,
    "rmse": 1.423049481022696,
    "r2": 0.0,
    "n_train": 251,
    "n_test": 12
}