{
    "disease": "hanseniase",
    "cod_mun": 3548708,
    "mae": 0.022123341073335176,
    "rmse": 0.038883947767219054,
    "r2": 0.0493583943221555,
    "n_samples": 300
}