{
    "disease": "sifilis",
    "cod_mun": 3507001,
    "mae": 0.25570334515512827,
    "rmse": 0.48100341202135105,
    "r2": 0.31767255550308815,
    "n_samples": 300
}