{
    "disease": "TX_sifilis_00_23",
    "cod_mun": 3555901,
    "mae": 0.16747382779916128,
    "rmse": 0.1674738689776719,
    "r2": 0.0,
    "n_train": 251,
    "n_test": 12
}