{
    "disease": "sifilis",
    "cod_mun": 3538006,
    "mae": 0.2108538882820554,
    "rmse": 0.33509649710410444,
    "r2": 0.2611501409748139,
    "n_samples": 300
}