{
    "disease": "TX_hiv_aids_00_23",
    "cod_mun": 3505807,
    "mae": 0.639945516983668,
    "rmse": 0.6443680142792776,
    "r2": 0.0,
    "n_train": 251,
    "n_test": 12
}