{
    "disease": "TX_hiv_aids_00_23",
    "cod_mun": 3515707,
    "mae": 0.3652247234222901,
    "rmse": 0.449361986927013,
    "r2": -1.9130281316270095,
    "n_train": 251,
    "n_test": 12
}