{
    "disease": "TX_tuberculose_00_23",
    "cod_mun": 3556800,
    "mae": 0.5623724032237992,
    "rmse": 1.6316270465854186,
    "r2": -0.05671725375876835,
    "n_train": 251,
    "n_test": 12
}