{
    "disease": "sifilis",
    "cod_mun": 3530409,
    "mae": 0.12010596377634655,
    "rmse": 1.0287693305794914,
    "r2": 0.324435830315175,
    "n_samples": 300
}