{
    "disease": "tuberculose",
    "cod_mun": 3522109,
    "mae": 1.0059661112947647,
    "rmse": 1.3190804616024925,
    "r2": 0.23750683283431795,
    "n_samples": 300
}