{
    "disease": "hiv_aids",
    "cod_mun": 3503901,
    "mae": 0.6941775314400479,
    "rmse": 0.8688472917175688,
    "r2": 0.031565346482057,
    "n_samples": 300
}