{
    "disease": "TX_sifilis_00_23",
    "cod_mun": 3554003,
    "mae": 0.980788614788293,
    "rmse": 1.0831363729744106,
    "r2": -0.9507613484729911,
    "n_train": 251,
    "n_test": 12
}