{
    "disease": "hiv_aids",
    "cod_mun": 3554201,
    "mae": 0.9106072660779938,
    "rmse": 2.8073720291278343,
    "r2": 0.2154858055496781,
    "n_samples": 300
}