{
    "disease": "hanseniase",
    "cod_mun": 3532504,
    "mae": 0.3206179884319994,
    "rmse": 1.2370761253855567,
    "r2": 0.07257662763294903,
    "n_samples": 300
}