{
    "disease": "hepatite",
    "cod_mun": 3507902,
    "mae": 0.7250176932531812,
    "rmse": 1.6388483406363699,
    "r2": 0.33243509529780724,
    "n_samples": 300
}