{
    "disease": "hiv_aids",
    "cod_mun": 3538303,
    "mae": 0.5473993680480358,
    "rmse": 2.746856004557825,
    "r2": 4.486061115493989e-05,
    "n_samples": 300
}