{
    "disease": "TX_sifilis_00_23",
    "cod_mun": 3550407,
    "mae": 0.7793738151933217,
    "rmse": 1.5962571267854888,
    "r2": -0.09377190020092097,
    "n_train": 251,
    "n_test": 12
}