{
    "disease": "TX_sifilis_00_23",
    "cod_mun": 3512704,
    "mae": 1.7855867438040143,
    "rmse": 6.18545392318005,
    "r2": -0.0909090909090906,
    "n_train": 251,
    "n_test": 12
}