{
    "disease": "hanseniase",
    "cod_mun": 3506409,
    "mae": 0.14452360941662115,
    "rmse": 0.8219721426889268,
    "r2": 0.3418525611529257,
    "n_samples": 300
}