{
    "disease": "TX_hanseniase_00_23",
    "cod_mun": 3536406,
    "mae": 0.11476588994264603,
    "rmse": 0.11476588994264603,
    "r2": 0.0,
    "n_train": 251,
    "n_test": 12
}