{
    "disease": "TX_hanseniase_00_23",
    "cod_mun": 3518206,
    "mae": 0.019288878771476448,
    "rmse": 0.06199121369438858,
    "r2": 0.0,
    "n_train": 251,
    "n_test": 12
}