{
    "disease": "TX_hepatite_00_23",
    "cod_mun": 3514403,
    "mae": 0.0895442209051301,
    "rmse": 0.12178970308223734,
    "r2": 0.0,
    "n_train": 251,
    "n_test": 12
}