{
    "disease": "hanseniase",
    "cod_mun": 3529302,
    "mae": 0.10506708731532104,
    "rmse": 0.27402007510498766,
    "r2": 0.0007471496711095593,
    "n_samples": 300
}