{
    "disease": "TX_hanseniase_00_23",
    "cod_mun": 3514502,
    "mae": 0.06058787927031517,
    "rmse": 0.06058787927031517,
    "r2": 0.0,
    "n_train": 251,
    "n_test": 12
}