{
    "disease": "TX_sifilis_00_23",
    "cod_mun": 3546405,
    "mae": 0.3336739466259546,
    "rmse": 0.602925757663652,
    "r2": -0.011564396415270517,
    "n_train": 251,
    "n_test": 12
}