{
    "disease": "TX_hepatite_00_23",
    "cod_mun": 3512100,
    "mae": 4.110786321022466,
    "rmse": 7.1738294782975816,
    "r2": -0.21087292648477196,
    "n_train": 251,
    "n_test": 12
}