{
    "disease": "TX_tuberculose_00_23",
    "cod_mun": 3502101,
    "mae": 0.36872147023677826,
    "rmse": 0.3689887239902283,
    "r2": 0.0,
    "n_train": 251,
    "n_test": 12
}