{
    "disease": "tuberculose",
    "cod_mun": 3511706,
    "mae": 0.16834411430255292,
    "rmse": 0.7261547879995641,
    "r2": 0.004013301616249243,
    "n_samples": 300
}