{
    "disease": "hepatite",
    "cod_mun": 3505104,
    "mae": 0.8126058219963752,
    "rmse": 2.422423411072412,
    "r2": 0.16998064252720257,
    "n_samples": 300
}