{
    "disease": "hepatite",
    "cod_mun": 3512001,
    "mae": 0.5463545005149429,
    "rmse": 1.268056497599689,
    "r2": 0.11357689926461612,
    "n_samples": 300
}