{
    "disease": "TX_hiv_aids_00_23",
    "cod_mun": 3524402,
    "mae": 0.29056853591239307,
    "rmse": 0.33498848124008984,
    "r2": -0.7047519348742155,
    "n_train": 251,
    "n_test": 12
}