{
    "disease": "TX_hanseniase_00_23",
    "cod_mun": 3514601,
    "mae": 0.14203029622634253,
    "rmse": 0.14225798988911187,
    "r2": 0.0,
    "n_train": 251,
    "n_test": 12
}