{
    "disease": "TX_tuberculose_00_23",
    "cod_mun": 3545605,
    "mae": 0.3413227740675211,
    "rmse": 0.7181144034278288,
    "r2": 0.0,
    "n_train": 251,
    "n_test": 12
}