{
    "disease": "hanseniase",
    "cod_mun": 3548906,
    "mae": 0.0742234773033483,
    "rmse": 0.13336330611299416,
    "r2": 0.0547463157371616,
    "n_samples": 300
}