{
    "disease": "TX_hiv_aids_00_23",
    "cod_mun": 3505302,
    "mae": 0.16024633005145006,
    "rmse": 0.2182523884713137,
    "r2": 0.0,
    "n_train": 251,
    "n_test": 12
}