{
    "disease": "TX_hanseniase_00_23",
    "cod_mun": 3516903,
    "mae": 0.03327200619969517,
    "rmse": 0.09939422555511838,
    "r2": 0.0,
    "n_train": 251,
    "n_test": 12
}