{
    "disease": "sifilis",
    "cod_mun": 3501400,
    "mae": 0.7354211378175787,
    "rmse": 2.952655414113529,
    "r2": 0.034524007127770595,
    "n_samples": 300
}