{
    "disease": "sifilis",
    "cod_mun": 3551504,
    "mae": 0.3172050178770792,
    "rmse": 0.6666875804486528,
    "r2": 0.2516717365312817,
    "n_samples": 300
}