{
    "disease": "TX_hiv_aids_00_23",
    "cod_mun": 3521309,
    "mae": 0.8842218087638344,
    "rmse": 1.922024169451619,
    "r2": -0.01158939689216587,
    "n_train": 251,
    "n_test": 12
}