{
    "disease": "sifilis",
    "cod_mun": 3522406,
    "mae": 0.5271401284248625,
    "rmse": 0.7652214745442453,
    "r2": 0.13055569154837776,
    "n_samples": 300
}