{
    "disease": "sifilis",
    "cod_mun": 3552403,
    "mae": 0.06077100186648952,
    "rmse": 0.1355429788539889,
    "r2": 0.01948493580982713,
    "n_samples": 300
}