{
    "disease": "TX_hiv_aids_00_23",
    "cod_mun": 3536901,
    "mae": 1.0405275772015254,
    "rmse": 1.0762019498436886,
    "r2": 0.0,
    "n_train": 251,
    "n_test": 12
}