{
    "disease": "tuberculose",
    "cod_mun": 3512308,
    "mae": 1.2004606570904088,
    "rmse": 1.9010236656342683,
    "r2": 0.2577567368977316,
    "n_samples": 300
}