{
    "disease": "TX_tuberculose_00_23",
    "cod_mun": 3554102,
    "mae": 0.6189371170682859,
    "rmse": 0.6916672572191688,
    "r2": -2.1614420993912162,
    "n_train": 251,
    "n_test": 12
}