{
    "disease": "TX_hanseniase_00_23",
    "cod_mun": 3539905,
    "mae": 1.4902241297091081,
    "rmse": 5.162287814642577,
    "r2": -0.09090909090909127,
    "n_train": 251,
    "n_test": 12
}