{
    "disease": "TX_sifilis_00_23",
    "cod_mun": 3524105,
    "mae": 0.2653687822486096,
    "rmse": 0.7482470454953233,
    "r2": -0.02381675110404502,
    "n_train": 251,
    "n_test": 12
}