{
    "disease": "hepatite",
    "cod_mun": 3522109,
    "mae": 0.564887523457625,
    "rmse": 0.7907577876209072,
    "r2": 0.11568329630275298,
    "n_samples": 300
}