{
    "disease": "hiv_aids",
    "cod_mun": 3543907,
    "mae": 0.5504194785679889,
    "rmse": 0.6879999320002171,
    "r2": 0.24108693096695777,
    "n_samples": 300
}