{
    "disease": "sifilis",
    "cod_mun": 3537305,
    "mae": 0.22320050127099794,
    "rmse": 0.47514927517142463,
    "r2": 0.03399082613628135,
    "n_samples": 300
}