{
    "disease": "hanseniase",
    "cod_mun": 3526209,
    "mae": 0.15755932792961308,
    "rmse": 0.5855189562928373,
    "r2": 0.006969220268693621,
    "n_samples": 300
}