{
    "disease": "hanseniase",
    "cod_mun": 3527108,
    "mae": 0.21628219479932687,
    "rmse": 0.4957847639553612,
    "r2": 0.0985490647193763,
    "n_samples": 300
}