{
    "disease": "TX_hanseniase_00_23",
    "cod_mun": 3510906,
    "mae": 0.027287692258444924,
    "rmse": 0.028055153164345245,
    "r2": 0.0,
    "n_train": 251,
    "n_test": 12
}