{
    "disease": "TX_tuberculose_00_23",
    "cod_mun": 3522505,
    "mae": 0.4600241488940025,
    "rmse": 0.5149412600832585,
    "r2": -0.010474015791979374,
    "n_train": 251,
    "n_test": 12
}