{
    "disease": "hanseniase",
    "cod_mun": 3528809,
    "mae": 0.06844092296203201,
    "rmse": 0.5323319547788286,
    "r2": 0.7508468119301326,
    "n_samples": 300
}