{
    "disease": "TX_hepatite_00_23",
    "cod_mun": 3503950,
    "mae": 0.7345516717080803,
    "rmse": 1.7628146223110766,
    "r2": 0.0,
    "n_train": 251,
    "n_test": 12
}