{
    "disease": "hepatite",
    "cod_mun": 3547650,
    "mae": 0.8986149063251647,
    "rmse": 5.502216076733961,
    "r2": 0.0021088228137763343,
    "n_samples": 300
}