{
    "disease": "hiv_aids",
    "cod_mun": 3555000,
    "mae": 1.1190470156194696,
    "rmse": 1.881230585671827,
    "r2": 0.5607317790492973,
    "n_samples": 300
}