{
    "disease": "hepatite",
    "cod_mun": 3511904,
    "mae": 2.3186144581147667,
    "rmse": 4.221590020657515,
    "r2": 0.07061424861414589,
    "n_samples": 300
}