{
    "disease": "TX_hanseniase_00_23",
    "cod_mun": 3530300,
    "mae": 0.4042510090650442,
    "rmse": 0.5849084649806006,
    "r2": 0.00503510980687627,
    "n_train": 251,
    "n_test": 12
}