{
    "disease": "hiv_aids",
    "cod_mun": 3508405,
    "mae": 0.7042255806178375,
    "rmse": 0.9378041397284305,
    "r2": 0.23306217299858045,
    "n_samples": 300
}