{
    "disease": "hiv_aids",
    "cod_mun": 3554755,
    "mae": 0.842601343814214,
    "rmse": 5.225424698221352,
    "r2": 0.00010323419130042755,
    "n_samples": 300
}