{
    "disease": "sifilis",
    "cod_mun": 3554300,
    "mae": 0.4828674153617467,
    "rmse": 1.0914384461446989,
    "r2": 0.07045773821342127,
    "n_samples": 300
}