{
    "disease": "TX_sifilis_00_23",
    "cod_mun": 3527306,
    "mae": 0.5798642429820455,
    "rmse": 0.8442426161230671,
    "r2": -0.08908769013410534,
    "n_train": 251,
    "n_test": 12
}