{
    "disease": "hanseniase",
    "cod_mun": 3514601,
    "mae": 0.14835733818320912,
    "rmse": 0.7897392414425313,
    "r2": 0.8432210711864938,
    "n_samples": 300
}