{
    "disease": "sifilis",
    "cod_mun": 3555505,
    "mae": 3.268500003928713,
    "rmse": 5.508862240472639,
    "r2": 0.1726640012120756,
    "n_samples": 300
}