{
    "disease": "tuberculose",
    "cod_mun": 3504503,
    "mae": 0.5167599005842932,
    "rmse": 0.6968055916167891,
    "r2": 0.14320233726200982,
    "n_samples": 300
}