{
    "disease": "hepatite",
    "cod_mun": 3544103,
    "mae": 0.24600342659275592,
    "rmse": 0.5175734747041607,
    "r2": 0.07384144497118184,
    "n_samples": 300
}