{
    "disease": "sifilis",
    "cod_mun": 3520103,
    "mae": 0.18005547574527378,
    "rmse": 0.5680947397482118,
    "r2": 0.19036009349633842,
    "n_samples": 300
}