{
    "disease": "TX_hanseniase_00_23",
    "cod_mun": 3521705,
    "mae": 0.02940233164311697,
    "rmse": 0.08087796794633985,
    "r2": 0.0,
    "n_train": 251,
    "n_test": 12
}