{
    "disease": "TX_tuberculose_00_23",
    "cod_mun": 3505708,
    "mae": 0.35205075899506566,
    "rmse": 0.3987264853417214,
    "r2": -0.033586881658692835,
    "n_train": 251,
    "n_test": 12
}