{
    "disease": "TX_sifilis_00_23",
    "cod_mun": 3539707,
    "mae": 0.3201620280742645,
    "rmse": 0.3201620280742645,
    "r2": 0.0,
    "n_train": 251,
    "n_test": 12
}