{
    "disease": "TX_sifilis_00_23",
    "cod_mun": 3520426,
    "mae": 0.047976980141053595,
    "rmse": 0.08317113786569895,
    "r2": 0.0,
    "n_train": 251,
    "n_test": 12
}