{
    "disease": "sifilis",
    "cod_mun": 3548500,
    "mae": 0.3034945687218615,
    "rmse": 0.4600283653510092,
    "r2": 0.28060079703661245,
    "n_samples": 300
}