{
    "disease": "hanseniase",
    "cod_mun": 3517208,
    "mae": 0.07922663726498093,
    "rmse": 0.5540189797010865,
    "r2": 0.7016914139285721,
    "n_samples": 300
}