{
    "disease": "sifilis",
    "cod_mun": 3552700,
    "mae": 0.045017949475504755,
    "rmse": 0.3867341975501114,
    "r2": 0.003748899119685012,
    "n_samples": 300
}