{
    "disease": "hiv_aids",
    "cod_mun": 3520202,
    "mae": 0.8194062450109769,
    "rmse": 2.7614717853277884,
    "r2": -0.02398475528499766,
    "n_samples": 300
}