{
    "disease": "TX_sifilis_00_23",
    "cod_mun": 3547700,
    "mae": 0.9213880535110935,
    "rmse": 2.1895590309509805,
    "r2": -0.1029045136528075,
    "n_train": 251,
    "n_test": 12
}