{
    "disease": "TX_tuberculose_00_23",
    "cod_mun": 3554003,
    "mae": 0.6141718547357633,
    "rmse": 0.7791629636318925,
    "r2": -0.2358961555390222,
    "n_train": 251,
    "n_test": 12
}