{
    "disease": "TX_sifilis_00_23",
    "cod_mun": 3520509,
    "mae": 0.7264957940790718,
    "rmse": 1.117883075821056,
    "r2": -0.22622009729190906,
    "n_train": 251,
    "n_test": 12
}