{
    "disease": "hanseniase",
    "cod_mun": 3549508,
    "mae": 0.4159245760211068,
    "rmse": 1.576783903324099,
    "r2": 0.7163577204041545,
    "n_samples": 300
}