{
    "disease": "hepatite",
    "cod_mun": 3555802,
    "mae": 0.7277642473442272,
    "rmse": 1.9671408564234134,
    "r2": 0.044088888261450965,
    "n_samples": 300
}