{
    "disease": "tuberculose",
    "cod_mun": 3511607,
    "mae": 0.5368372722188908,
    "rmse": 1.4528820589087206,
    "r2": 0.05224231542647273,
    "n_samples": 300
}