{
    "disease": "hanseniase",
    "cod_mun": 3557105,
    "mae": 0.33961767051327435,
    "rmse": 0.525603651242252,
    "r2": -0.013974573815027647,
    "n_samples": 300
}