{
    "disease": "sifilis",
    "cod_mun": 3547700,
    "mae": 0.22267215922163985,
    "rmse": 0.7528086918108404,
    "r2": 0.6440689163003626,
    "n_samples": 300
}