{
    "disease": "TX_hanseniase_00_23",
    "cod_mun": 3505807,
    "mae": 0.5588781311410861,
    "rmse": 1.2973061340503664,
    "r2": -0.019947508209286147,
    "n_train": 251,
    "n_test": 12
}