{
    "disease": "sifilis",
    "cod_mun": 3510203,
    "mae": 0.4276641498915516,
    "rmse": 0.7516565942478601,
    "r2": 0.20240777133020937,
    "n_samples": 300
}