{
    "disease": "sifilis",
    "cod_mun": 3555604,
    "mae": 0.3283720743527223,
    "rmse": 1.5627349235090755,
    "r2": 0.17539784804730763,
    "n_samples": 300
}