{
    "disease": "tuberculose",
    "cod_mun": 3515202,
    "mae": 0.1445724358541362,
    "rmse": 0.8851283880494658,
    "r2": 0.0023557470487478582,
    "n_samples": 300
}