{
    "disease": "hiv_aids",
    "cod_mun": 3526605,
    "mae": 2.057220734246866,
    "rmse": 5.101501291763389,
    "r2": 0.1324426529038938,
    "n_samples": 300
}