{
    "disease": "hiv_aids",
    "cod_mun": 3522208,
    "mae": 0.473323470125724,
    "rmse": 0.6058187557767639,
    "r2": 0.08024989806701999,
    "n_samples": 300
}