{
    "disease": "hiv_aids",
    "cod_mun": 3555208,
    "mae": 1.75810527217059,
    "rmse": 6.156049363730926,
    "r2": 0.12841018343762955,
    "n_samples": 300
}