{
    "disease": "hanseniase",
    "cod_mun": 3507902,
    "mae": 0.38776155865967193,
    "rmse": 0.754102440401253,
    "r2": -0.00838336790325056,
    "n_samples": 300
}