{
    "disease": "hanseniase",
    "cod_mun": 3543006,
    "mae": 0.03328232204451726,
    "rmse": 0.2654840830226693,
    "r2": 0.006327929638796137,
    "n_samples": 300
}