{
    "disease": "hanseniase",
    "cod_mun": 3514908,
    "mae": 0.24700905667045409,
    "rmse": 0.6749801022335254,
    "r2": 0.15455840308435553,
    "n_samples": 300
}