{
    "disease": "TX_hiv_aids_00_23",
    "cod_mun": 3544202,
    "mae": 1.929454356431961,
    "rmse": 1.987749319543073,
    "r2": 0.0,
    "n_train": 251,
    "n_test": 12
}