{
    "disease": "hiv_aids",
    "cod_mun": 3524105,
    "mae": 0.6824683768889674,
    "rmse": 1.3048927789362614,
    "r2": 0.4633030102209119,
    "n_samples": 300
}