{
    "disease": "sifilis",
    "cod_mun": 3509106,
    "mae": 1.248738219134232,
    "rmse": 3.290308833768511,
    "r2": 0.36130378872920466,
    "n_samples": 300
}