{
    "disease": "hanseniase",
    "cod_mun": 3529609,
    "mae": 1.120960779417095,
    "rmse": 3.9425059931540787,
    "r2": 0.4251207297170677,
    "n_samples": 300
}