{
    "disease": "hiv_aids",
    "cod_mun": 3507308,
    "mae": 0.012195831214904496,
    "rmse": 0.04470332528973122,
    "r2": 0.9987601684429346,
    "n_samples": 300
}