{
    "disease": "tuberculose",
    "cod_mun": 3552809,
    "mae": 0.45180553645942856,
    "rmse": 0.6196410171722824,
    "r2": 0.47719985476209814,
    "n_samples": 300
}