{
    "disease": "TX_hanseniase_00_23",
    "cod_mun": 3507001,
    "mae": 0.0010775189245274912,
    "rmse": 0.0017647660732534483,
    "r2": 0.0,
    "n_train": 251,
    "n_test": 12
}