{
    "disease": "hanseniase",
    "cod_mun": 3515194,
    "mae": 0.15309181602626404,
    "rmse": 1.2426854906385645,
    "r2": 0.007419558271956395,
    "n_samples": 300
}