{
    "disease": "sifilis",
    "cod_mun": 3536570,
    "mae": 0.3901470023883748,
    "rmse": 3.134333904118196,
    "r2": 0.005372403660662717,
    "n_samples": 300
}