{
    "disease": "sifilis",
    "cod_mun": 3510153,
    "mae": 0.4112121626635185,
    "rmse": 1.9093137370022233,
    "r2": 0.014809594239463486,
    "n_samples": 300
}