{
    "disease": "TX_sifilis_00_23",
    "cod_mun": 3502705,
    "mae": 0.1591889907916387,
    "rmse": 0.15952007779497215,
    "r2": 0.0,
    "n_train": 251,
    "n_test": 12
}