{
    "disease": "tuberculose",
    "cod_mun": 3533601,
    "mae": 0.09954292775245648,
    "rmse": 0.8598251871813142,
    "r2": 0.003142003592817244,
    "n_samples": 300
}