{
    "disease": "hiv_aids",
    "cod_mun": 3520442,
    "mae": 0.27451895281441824,
    "rmse": 0.788380141102318,
    "r2": 0.05437781177251455,
    "n_samples": 300
}