{
    "disease": "TX_sifilis_00_23",
    "cod_mun": 3510104,
    "mae": 2.8666437335167987,
    "rmse": 9.930345187300064,
    "r2": -0.0909090909090906,
    "n_train": 251,
    "n_test": 12
}