{
    "disease": "hepatite",
    "cod_mun": 3533502,
    "mae": 0.3953624278793435,
    "rmse": 0.9407841277435102,
    "r2": 0.2690121564444279,
    "n_samples": 300
}