{
    "disease": "hanseniase",
    "cod_mun": 3522604,
    "mae": 0.130590670036081,
    "rmse": 0.26143203585822444,
    "r2": 0.027327270085578226,
    "n_samples": 300
}