{
    "disease": "hanseniase",
    "cod_mun": 3501152,
    "mae": 0.20967010006345166,
    "rmse": 0.6828049513326467,
    "r2": 0.37014939809318503,
    "n_samples": 300
}