{
    "disease": "hepatite",
    "cod_mun": 3540002,
    "mae": 0.6002034029693968,
    "rmse": 1.2636668878851212,
    "r2": 0.13065569114231546,
    "n_samples": 300
}