{
    "disease": "TX_hanseniase_00_23",
    "cod_mun": 3527207,
    "mae": 0.056796440932278834,
    "rmse": 0.13875776639487716,
    "r2": 0.0,
    "n_train": 251,
    "n_test": 12
}