{
    "disease": "TX_tuberculose_00_23",
    "cod_mun": 3528502,
    "mae": 0.62546875181794,
    "rmse": 0.6599292975041807,
    "r2": -0.44450642878442936,
    "n_train": 251,
    "n_test": 12
}