{
    "disease": "sifilis",
    "cod_mun": 3529609,
    "mae": 0.18022858895442145,
    "rmse": 1.4952029680089476,
    "r2": 0.003581576881443227,
    "n_samples": 300
}