{
    "disease": "hiv_aids",
    "cod_mun": 3504008,
    "mae": 2.0065058469866535,
    "rmse": 2.800760592751737,
    "r2": -1.0001604153440748,
    "n_samples": 300
}