{
    "disease": "hiv_aids",
    "cod_mun": 3535705,
    "mae": 4.48550116971875,
    "rmse": 6.36441485274621,
    "r2": -0.19628488611341233,
    "n_samples": 300
}