{
    "disease": "tuberculose",
    "cod_mun": 3530607,
    "mae": 0.5287402670705088,
    "rmse": 0.772060079955864,
    "r2": 0.3100144411645934,
    "n_samples": 300
}