{
    "disease": "hepatite",
    "cod_mun": 3544509,
    "mae": 1.3450597256362806,
    "rmse": 4.806761086047487,
    "r2": 0.0008086236948272596,
    "n_samples": 300
}