{
    "disease": "hanseniase",
    "cod_mun": 3553203,
    "mae": 0.12275610066864026,
    "rmse": 1.0726733769241992,
    "r2": 0.0027416955948752486,
    "n_samples": 300
}