{
    "disease": "sifilis",
    "cod_mun": 3516200,
    "mae": 0.19596103986711685,
    "rmse": 0.2658775723078248,
    "r2": 0.3984085337901456,
    "n_samples": 300
}