{
    "disease": "sifilis",
    "cod_mun": 3556800,
    "mae": 0.2080677146784261,
    "rmse": 0.7071376700892825,
    "r2": 0.11962201693517915,
    "n_samples": 300
}