{
    "disease": "hiv_aids",
    "cod_mun": 3525409,
    "mae": 1.2095000154182374,
    "rmse": 5.047965209762098,
    "r2": 0.00044941715052049247,
    "n_samples": 300
}