{
    "disease": "hiv_aids",
    "cod_mun": 3546405,
    "mae": 0.7563853242078439,
    "rmse": 1.094502596080907,
    "r2": 0.10209292510549883,
    "n_samples": 300
}