{
    "disease": "hanseniase",
    "cod_mun": 3516606,
    "mae": 0.1955985388777709,
    "rmse": 1.1915203070443368,
    "r2": 0.00028727877561585125,
    "n_samples": 300
}