{
    "disease": "hanseniase",
    "cod_mun": 3517307,
    "mae": 0.5014188524195436,
    "rmse": 2.147074534794371,
    "r2": 0.008912323990783677,
    "n_samples": 300
}