{
    "disease": "TX_hanseniase_00_23",
    "cod_mun": 3520426,
    "mae": 0.031135844066739082,
    "rmse": 0.031135844066739082,
    "r2": 0.0,
    "n_train": 251,
    "n_test": 12
}