{
    "disease": "hanseniase",
    "cod_mun": 3553401,
    "mae": 0.10398174308909149,
    "rmse": 0.482399382095565,
    "r2": 0.47076289674676697,
    "n_samples": 300
}