{
    "disease": "hepatite",
    "cod_mun": 3537602,
    "mae": 0.5076688640717447,
    "rmse": 0.7668955160925714,
    "r2": 0.2317580141895209,
    "n_samples": 300
}