{
    "disease": "hiv_aids",
    "cod_mun": 3539103,
    "mae": 1.038160282816438,
    "rmse": 2.5252328682737297,
    "r2": -0.04079543118961437,
    "n_samples": 300
}