{
    "disease": "TX_hepatite_00_23",
    "cod_mun": 3524709,
    "mae": 0.0028173734075001753,
    "rmse": 0.003059999251576914,
    "r2": 0.0,
    "n_train": 251,
    "n_test": 12
}