{
    "disease": "TX_hepatite_00_23",
    "cod_mun": 3541109,
    "mae": 1.2825348327557247,
    "rmse": 1.544684467633493,
    "r2": 0.0,
    "n_train": 251,
    "n_test": 12
}