{
    "disease": "TX_tuberculose_00_23",
    "cod_mun": 3523404,
    "mae": 0.6316859965679006,
    "rmse": 0.6945273792257797,
    "r2": -0.5917025740893265,
    "n_train": 251,
    "n_test": 12
}