{
    "disease": "TX_hanseniase_00_23",
    "cod_mun": 3533254,
    "mae": 0.004931823583319783,
    "rmse": 0.005007037300555788,
    "r2": 0.0,
    "n_train": 251,
    "n_test": 12
}