{
    "disease": "TX_tuberculose_00_23",
    "cod_mun": 3520301,
    "mae": 0.8927418704400765,
    "rmse": 1.218196543466418,
    "r2": 0.034901176134607415,
    "n_train": 251,
    "n_test": 12
}