{
    "disease": "hepatite",
    "cod_mun": 3546504,
    "mae": 0.3104457450521882,
    "rmse": 1.5314135696916271,
    "r2": 0.5333791309566653,
    "n_samples": 300
}