{
    "disease": "TX_hepatite_00_23",
    "cod_mun": 3527207,
    "mae": 0.1677956866721312,
    "rmse": 0.17203265256923192,
    "r2": 0.0,
    "n_train": 251,
    "n_test": 12
}