{
    "disease": "TX_tuberculose_00_23",
    "cod_mun": 3517505,
    "mae": 0.43335397965639305,
    "rmse": 1.3168358336131838,
    "r2": -0.0653943099211749,
    "n_train": 251,
    "n_test": 12
}