{
    "disease": "hiv_aids",
    "cod_mun": 3502903,
    "mae": 1.732901895741436,
    "rmse": 2.1409631421197006,
    "r2": -0.3600836328754382,
    "n_samples": 300
}