{
    "disease": "TX_sifilis_00_23",
    "cod_mun": 3554409,
    "mae": 1.1360663494125427,
    "rmse": 3.661368417924317,
    "r2": -0.09607591065764964,
    "n_train": 251,
    "n_test": 12
}