{
    "disease": "TX_hiv_aids_00_23",
    "cod_mun": 3553906,
    "mae": 0.6346003959576288,
    "rmse": 0.6347275998527554,
    "r2": 0.0,
    "n_train": 251,
    "n_test": 12
}