{
    "disease": "tuberculose",
    "cod_mun": 3549409,
    "mae": 0.32721333658829044,
    "rmse": 0.6049096311210674,
    "r2": 0.19920436548400977,
    "n_samples": 300
}