{
    "disease": "hiv_aids",
    "cod_mun": 3517802,
    "mae": 1.2523800027389351,
    "rmse": 3.3415129508793884,
    "r2": 0.006818192166905046,
    "n_samples": 300
}