{
    "disease": "sifilis",
    "cod_mun": 3537008,
    "mae": 0.11990936761412502,
    "rmse": 0.5686172569698653,
    "r2": 0.12006063390879862,
    "n_samples": 300
}