{
    "disease": "sifilis",
    "cod_mun": 3538709,
    "mae": 0.18257751302696404,
    "rmse": 0.2691589927484272,
    "r2": 0.39048171599168946,
    "n_samples": 300
}