{
    "disease": "hiv_aids",
    "cod_mun": 3541059,
    "mae": 0.9532729262546408,
    "rmse": 3.1794640179765237,
    "r2": 0.0898918562517611,
    "n_samples": 300
}