{
    "disease": "TX_hepatite_00_23",
    "cod_mun": 3532108,
    "mae": 0.3687056303024292,
    "rmse": 0.5446516600052392,
    "r2": 0.0,
    "n_train": 251,
    "n_test": 12
}