{
    "disease": "tuberculose",
    "cod_mun": 3502101,
    "mae": 0.4552980657204025,
    "rmse": 0.7408254027267842,
    "r2": 0.2188165634431496,
    "n_samples": 300
}