{
    "disease": "TX_sifilis_00_23",
    "cod_mun": 3523305,
    "mae": 0.07943321764469147,
    "rmse": 0.07943321764469147,
    "r2": 0.0,
    "n_train": 251,
    "n_test": 12
}