{
    "disease": "TX_tuberculose_00_23",
    "cod_mun": 3502002,
    "mae": 0.19316297521193823,
    "rmse": 0.4168497821121097,
    "r2": 0.0,
    "n_train": 251,
    "n_test": 12
}