{
    "disease": "TX_sifilis_00_23",
    "cod_mun": 3512506,
    "mae": 0.1237920057028532,
    "rmse": 0.12379221134005108,
    "r2": 0.0,
    "n_train": 251,
    "n_test": 12
}