{
    "disease": "TX_hepatite_00_23",
    "cod_mun": 3551108,
    "mae": 0.01347864264001449,
    "rmse": 0.013489795970895732,
    "r2": 0.0,
    "n_train": 251,
    "n_test": 12
}