{
    "disease": "hiv_aids",
    "cod_mun": 3521606,
    "mae": 1.1154151683076963,
    "rmse": 2.5635035204836365,
    "r2": 0.09160950266934587,
    "n_samples": 300
}