{
    "disease": "TX_hepatite_00_23",
    "cod_mun": 3540804,
    "mae": 0.08381109281132619,
    "rmse": 0.10468964847489576,
    "r2": 0.0,
    "n_train": 251,
    "n_test": 12
}