{
    "disease": "hepatite",
    "cod_mun": 3510708,
    "mae": 1.1217392593557383,
    "rmse": 3.120068391688609,
    "r2": 0.831565224383156,
    "n_samples": 300
}