{
    "disease": "hanseniase",
    "cod_mun": 3502101,
    "mae": 0.13195859747390015,
    "rmse": 0.3754661830632124,
    "r2": 0.29969689721968273,
    "n_samples": 300
}