{
    "disease": "hepatite",
    "cod_mun": 3549706,
    "mae": 1.5144240475499853,
    "rmse": 1.9867496638021904,
    "r2": 0.1836566785850785,
    "n_samples": 300
}