{
    "disease": "TX_hepatite_00_23",
    "cod_mun": 3524808,
    "mae": 0.37766390364697017,
    "rmse": 0.5931105507639367,
    "r2": -0.09515445708931702,
    "n_train": 251,
    "n_test": 12
}