{
    "disease": "sifilis",
    "cod_mun": 3531407,
    "mae": 0.09642412357689352,
    "rmse": 0.4051013418202598,
    "r2": 0.2312056047413351,
    "n_samples": 300
}