{
    "disease": "hiv_aids",
    "cod_mun": 3532108,
    "mae": 0.3106149904880477,
    "rmse": 1.9245651366885121,
    "r2": 0.00117756500443722,
    "n_samples": 300
}