{
    "disease": "hiv_aids",
    "cod_mun": 3537503,
    "mae": 1.1375200351584587,
    "rmse": 3.9921728146842117,
    "r2": -0.06837738374045199,
    "n_samples": 300
}