{
    "disease": "tuberculose",
    "cod_mun": 3528106,
    "mae": 0.09529026355029856,
    "rmse": 0.6442183237292716,
    "r2": 0.16534550852288143,
    "n_samples": 300
}