{
    "disease": "sifilis",
    "cod_mun": 3509700,
    "mae": 0.38959596275287023,
    "rmse": 0.7648023578621052,
    "r2": 0.09814340411350497,
    "n_samples": 300
}