{
    "disease": "hanseniase",
    "cod_mun": 3500501,
    "mae": 0.03757198017686707,
    "rmse": 0.3172317398658982,
    "r2": 0.006734024256254689,
    "n_samples": 300
}