{
    "disease": "hepatite",
    "cod_mun": 3518503,
    "mae": 2.131608394485868,
    "rmse": 3.3944005189660946,
    "r2": 0.25884585245398406,
    "n_samples": 300
}