{
    "disease": "sifilis",
    "cod_mun": 3533908,
    "mae": 0.424765717398245,
    "rmse": 0.8387922848326594,
    "r2": 0.14420754873127029,
    "n_samples": 300
}