{
    "disease": "TX_sifilis_00_23",
    "cod_mun": 3525805,
    "mae": 2.0496374352233353,
    "rmse": 6.765072528278948,
    "r2": -0.08420072192030759,
    "n_train": 251,
    "n_test": 12
}