{
    "disease": "hiv_aids",
    "cod_mun": 3507159,
    "mae": 0.18827407217384484,
    "rmse": 1.5564830755592334,
    "r2": 0.004390545614532559,
    "n_samples": 300
}