{
    "disease": "hepatite",
    "cod_mun": 3511003,
    "mae": 0.650075499636737,
    "rmse": 1.5927096799428362,
    "r2": 0.16858230153323672,
    "n_samples": 300
}