{
    "disease": "hanseniase",
    "cod_mun": 3529807,
    "mae": 0.1078305218548708,
    "rmse": 0.6646589148920558,
    "r2": 0.001258232051566166,
    "n_samples": 300
}