{
    "disease": "hepatite",
    "cod_mun": 3529708,
    "mae": 0.6715840615583283,
    "rmse": 1.8005557706832518,
    "r2": 0.8378338001604282,
    "n_samples": 300
}