{
    "disease": "sifilis",
    "cod_mun": 3507803,
    "mae": 0.19052917452980928,
    "rmse": 0.7049831068722843,
    "r2": 0.13599660771048727,
    "n_samples": 300
}