{
    "disease": "TX_hepatite_00_23",
    "cod_mun": 3546603,
    "mae": 0.28589631120363873,
    "rmse": 0.325805527919965,
    "r2": 0.0,
    "n_train": 251,
    "n_test": 12
}