{
    "disease": "TX_tuberculose_00_23",
    "cod_mun": 3555802,
    "mae": 0.31184402108192444,
    "rmse": 0.3118440561982782,
    "r2": 0.0,
    "n_train": 251,
    "n_test": 12
}