{
    "disease": "hanseniase",
    "cod_mun": 3550506,
    "mae": 0.18191938903687702,
    "rmse": 1.1250670376380685,
    "r2": 0.003960835746407043,
    "n_samples": 300
}