{
    "disease": "TX_tuberculose_00_23",
    "cod_mun": 3508009,
    "mae": 0.6774534965677326,
    "rmse": 1.3830714608728885,
    "r2": -0.005466930419811167,
    "n_train": 251,
    "n_test": 12
}