{
    "disease": "TX_hanseniase_00_23",
    "cod_mun": 3552700,
    "mae": 0.8301949277545723,
    "rmse": 1.9128550438945178,
    "r2": -0.01893573768149781,
    "n_train": 251,
    "n_test": 12
}