{
    "disease": "TX_hanseniase_00_23",
    "cod_mun": 3522505,
    "mae": 0.01585509856280017,
    "rmse": 0.03282758531829848,
    "r2": 0.0,
    "n_train": 251,
    "n_test": 12
}