{
    "disease": "hanseniase",
    "cod_mun": 3548005,
    "mae": 0.17045510920741166,
    "rmse": 0.6296335032825723,
    "r2": 0.08916824025432757,
    "n_samples": 300
}