{
    "disease": "sifilis",
    "cod_mun": 3515202,
    "mae": 0.3902649520546041,
    "rmse": 2.073443949699972,
    "r2": 0.04401146810763501,
    "n_samples": 300
}