{
    "disease": "TX_hepatite_00_23",
    "cod_mun": 3528205,
    "mae": 7.161650697390239,
    "rmse": 7.245399236986627,
    "r2": 0.0,
    "n_train": 251,
    "n_test": 12
}