{
    "disease": "sifilis",
    "cod_mun": 3518206,
    "mae": 0.1269669520872246,
    "rmse": 0.47110677821406044,
    "r2": 0.06142983263206914,
    "n_samples": 300
}