{
    "disease": "hanseniase",
    "cod_mun": 3548609,
    "mae": 0.058985475729297916,
    "rmse": 0.49685618669742987,
    "r2": 0.0032187821067692912,
    "n_samples": 300
}