{
    "disease": "hanseniase",
    "cod_mun": 3510807,
    "mae": 0.1827717415246166,
    "rmse": 0.6358768684660216,
    "r2": 0.004260952379477101,
    "n_samples": 300
}