{
    "disease": "TX_hiv_aids_00_23",
    "cod_mun": 3554805,
    "mae": 0.47285392707891827,
    "rmse": 0.6138230823145497,
    "r2": -0.30763083404581293,
    "n_train": 251,
    "n_test": 12
}