{
    "disease": "TX_hepatite_00_23",
    "cod_mun": 3525706,
    "mae": 0.245707917958498,
    "rmse": 0.263123245197084,
    "r2": 0.0,
    "n_train": 251,
    "n_test": 12
}