{
    "disease": "hiv_aids",
    "cod_mun": 3503604,
    "mae": 0.3999061202638899,
    "rmse": 1.8779492544186516,
    "r2": -0.006017421000054979,
    "n_samples": 300
}