{
    "disease": "TX_tuberculose_00_23",
    "cod_mun": 3501301,
    "mae": 0.0217197776461641,
    "rmse": 0.021723570173273116,
    "r2": 0.0,
    "n_train": 251,
    "n_test": 12
}