{
    "disease": "hanseniase",
    "cod_mun": 3552205,
    "mae": 0.03653534883363916,
    "rmse": 0.05868721966111966,
    "r2": 0.04580595820958222,
    "n_samples": 300
}