{
    "disease": "sifilis",
    "cod_mun": 3552304,
    "mae": 0.7196902750462258,
    "rmse": 2.288525044913423,
    "r2": 0.2249124508789193,
    "n_samples": 300
}