{
    "disease": "TX_hepatite_00_23",
    "cod_mun": 3521705,
    "mae": 0.529993881781896,
    "rmse": 0.560639830681132,
    "r2": 0.0,
    "n_train": 251,
    "n_test": 12
}