{
    "disease": "TX_hiv_aids_00_23",
    "cod_mun": 3535309,
    "mae": 0.8097129925387865,
    "rmse": 1.3984974403358152,
    "r2": 0.020540569813760068,
    "n_train": 251,
    "n_test": 12
}