{
    "disease": "hanseniase",
    "cod_mun": 3534005,
    "mae": 0.0036440950317771117,
    "rmse": 0.015810926307232576,
    "r2": 0.9998793045242571,
    "n_samples": 300
}