{
    "disease": "TX_hiv_aids_00_23",
    "cod_mun": 3531308,
    "mae": 1.3175293458419186,
    "rmse": 1.4611901286765518,
    "r2": -1.1657623779437416,
    "n_train": 251,
    "n_test": 12
}