{
    "disease": "TX_sifilis_00_23",
    "cod_mun": 3532108,
    "mae": 0.07864906638860703,
    "rmse": 0.07864906638860703,
    "r2": 0.0,
    "n_train": 251,
    "n_test": 12
}