{
    "disease": "hepatite",
    "cod_mun": 3522208,
    "mae": 0.2279314376990306,
    "rmse": 0.3371312553349452,
    "r2": 0.23702347741817253,
    "n_samples": 300
}