{
    "disease": "hanseniase",
    "cod_mun": 3509254,
    "mae": 0.14919474963049786,
    "rmse": 0.49781035435919796,
    "r2": 0.010083538750582877,
    "n_samples": 300
}