{
    "disease": "TX_tuberculose_00_23",
    "cod_mun": 3536901,
    "mae": 0.1366154297720641,
    "rmse": 0.3684790124004134,
    "r2": 0.0,
    "n_train": 251,
    "n_test": 12
}