{
    "disease": "hiv_aids",
    "cod_mun": 3534757,
    "mae": 0.5775232535191428,
    "rmse": 2.119521768511964,
    "r2": 0.021479665060657793,
    "n_samples": 300
}