{
    "disease": "TX_hanseniase_00_23",
    "cod_mun": 3535705,
    "mae": 0.0027496678279324747,
    "rmse": 0.007748090965211816,
    "r2": 0.0,
    "n_train": 251,
    "n_test": 12
}