{
    "disease": "sifilis",
    "cod_mun": 3518008,
    "mae": 0.3277873955252265,
    "rmse": 2.8425291378409434,
    "r2": 0.004656609163643521,
    "n_samples": 300
}