{
    "disease": "hepatite",
    "cod_mun": 3523800,
    "mae": 2.162887715820866,
    "rmse": 3.8276560490983162,
    "r2": 0.03576607387121,
    "n_samples": 300
}