{
    "disease": "TX_hepatite_00_23",
    "cod_mun": 3505807,
    "mae": 1.5676789009867307,
    "rmse": 1.6339490409535036,
    "r2": -0.6179678725281945,
    "n_train": 251,
    "n_test": 12
}