{
    "disease": "hiv_aids",
    "cod_mun": 3537305,
    "mae": 0.613671752098555,
    "rmse": 0.8415953400276379,
    "r2": 0.07655939509829657,
    "n_samples": 300
}