{
    "disease": "hiv_aids",
    "cod_mun": 3509205,
    "mae": 1.4958741090041479,
    "rmse": 3.512700622057921,
    "r2": -0.20783254103470283,
    "n_samples": 300
}