{
    "disease": "hanseniase",
    "cod_mun": 3527603,
    "mae": 0.3941335034051894,
    "rmse": 1.2471333900199681,
    "r2": 0.17117328586434166,
    "n_samples": 300
}