{
    "disease": "TX_hanseniase_00_23",
    "cod_mun": 3534401,
    "mae": 0.04526798063717739,
    "rmse": 0.07205619550053353,
    "r2": -0.026001901504830283,
    "n_train": 251,
    "n_test": 12
}