{
    "disease": "TX_sifilis_00_23",
    "cod_mun": 3548054,
    "mae": 0.04896323382854462,
    "rmse": 0.04896323382854462,
    "r2": 0.0,
    "n_train": 251,
    "n_test": 12
}