{
    "disease": "TX_hepatite_00_23",
    "cod_mun": 3515905,
    "mae": 0.9358930573022614,
    "rmse": 1.653214863261716,
    "r2": 0.0,
    "n_train": 251,
    "n_test": 12
}