{
    "disease": "hepatite",
    "cod_mun": 3525508,
    "mae": 1.7165816606284856,
    "rmse": 3.297699207170911,
    "r2": 0.07352797087002294,
    "n_samples": 300
}