{
    "disease": "hiv_aids",
    "cod_mun": 3557105,
    "mae": 1.8683793426797903,
    "rmse": 2.3521525609844725,
    "r2": 0.3079073921476,
    "n_samples": 300
}