{
    "disease": "TX_hanseniase_00_23",
    "cod_mun": 3517505,
    "mae": 0.06460655480623245,
    "rmse": 0.06460655480623245,
    "r2": 0.0,
    "n_train": 251,
    "n_test": 12
}