{
    "disease": "TX_sifilis_00_23",
    "cod_mun": 3503208,
    "mae": 0.29492550521395583,
    "rmse": 0.3624226523009931,
    "r2": 0.0365623164070471,
    "n_train": 251,
    "n_test": 12
}