{
    "disease": "hanseniase",
    "cod_mun": 3548807,
    "mae": 0.022719890688982378,
    "rmse": 0.08682470433009398,
    "r2": 0.0016974447238399248,
    "n_samples": 300
}