{
    "disease": "hiv_aids",
    "cod_mun": 3520806,
    "mae": 11.528244333639213,
    "rmse": 38.03701713308425,
    "r2": 0.28242888369945496,
    "n_samples": 300
}