{
    "disease": "TX_hepatite_00_23",
    "cod_mun": 3516507,
    "mae": 2.071341703335444,
    "rmse": 2.0744744859810726,
    "r2": 0.0,
    "n_train": 251,
    "n_test": 12
}