{
    "disease": "hiv_aids",
    "cod_mun": 3555901,
    "mae": 1.8434516222912787,
    "rmse": 8.722779030648894,
    "r2": 0.0810315098586013,
    "n_samples": 300
}