{
    "disease": "sifilis",
    "cod_mun": 3502804,
    "mae": 0.15218768720031461,
    "rmse": 0.29747863478472564,
    "r2": 0.6084851246232725,
    "n_samples": 300
}