{
    "disease": "sifilis",
    "cod_mun": 3527108,
    "mae": 0.10777828929477733,
    "rmse": 0.26276273615073337,
    "r2": 0.0963925471145104,
    "n_samples": 300
}