{
    "disease": "hepatite",
    "cod_mun": 3502903,
    "mae": 0.2819412151493475,
    "rmse": 0.7198382194289079,
    "r2": 0.0648806532131585,
    "n_samples": 300
}