{
    "disease": "TX_sifilis_00_23",
    "cod_mun": 3539301,
    "mae": 0.44815213033362616,
    "rmse": 0.601676189962949,
    "r2": -0.04121976947562156,
    "n_train": 251,
    "n_test": 12
}