{
    "disease": "hepatite",
    "cod_mun": 3510906,
    "mae": 0.5038695786228218,
    "rmse": 3.0428258675192232,
    "r2": 0.003825141779910002,
    "n_samples": 300
}