{
    "disease": "sifilis",
    "cod_mun": 3519105,
    "mae": 0.14975039299265386,
    "rmse": 0.8700030023795251,
    "r2": 0.12491788402546755,
    "n_samples": 300
}