{
    "disease": "hepatite",
    "cod_mun": 3551009,
    "mae": 0.14905262850736553,
    "rmse": 0.24951263989028263,
    "r2": 0.5778279035427857,
    "n_samples": 300
}