{
    "disease": "sifilis",
    "cod_mun": 3527306,
    "mae": 0.2942421254204863,
    "rmse": 0.5644533784993985,
    "r2": 0.10625056314716164,
    "n_samples": 300
}