{
    "disease": "TX_sifilis_00_23",
    "cod_mun": 3524709,
    "mae": 0.6243213180096164,
    "rmse": 0.7602045692036337,
    "r2": 0.03814596879127785,
    "n_train": 251,
    "n_test": 12
}