{
    "disease": "TX_tuberculose_00_23",
    "cod_mun": 3535408,
    "mae": 0.13137778143088022,
    "rmse": 0.13137779452730455,
    "r2": 0.0,
    "n_train": 251,
    "n_test": 12
}