{
    "disease": "TX_hiv_aids_00_23",
    "cod_mun": 3553302,
    "mae": 0.13193750629822412,
    "rmse": 0.15566643452492185,
    "r2": 0.0,
    "n_train": 251,
    "n_test": 12
}