{
    "disease": "hiv_aids",
    "cod_mun": 3527207,
    "mae": 0.7265894227348723,
    "rmse": 1.2764564256828026,
    "r2": 0.6673044192997248,
    "n_samples": 300
}