{
    "disease": "TX_hanseniase_00_23",
    "cod_mun": 3522406,
    "mae": 0.04200948060800632,
    "rmse": 0.05055329318043664,
    "r2": 0.0,
    "n_train": 251,
    "n_test": 12
}