{
    "disease": "TX_hanseniase_00_23",
    "cod_mun": 3534005,
    "mae": 0.013744254307918405,
    "rmse": 0.04425793208869916,
    "r2": 0.0,
    "n_train": 251,
    "n_test": 12
}