{
    "disease": "TX_hepatite_00_23",
    "cod_mun": 3517208,
    "mae": 0.9872051278750101,
    "rmse": 0.9872194468552161,
    "r2": 0.0,
    "n_train": 251,
    "n_test": 12
}