{
    "disease": "TX_hepatite_00_23",
    "cod_mun": 3556404,
    "mae": 0.4067882423599561,
    "rmse": 0.406989636493656,
    "r2": 0.0,
    "n_train": 251,
    "n_test": 12
}