{
    "disease": "tuberculose",
    "cod_mun": 3513900,
    "mae": 0.45306343619580247,
    "rmse": 1.3905174961110682,
    "r2": 0.0012472426062486441,
    "n_samples": 300
}