{
    "disease": "tuberculose",
    "cod_mun": 3516606,
    "mae": 0.21866724881377866,
    "rmse": 1.1300397118143861,
    "r2": 0.2803320916118742,
    "n_samples": 300
}