{
    "disease": "TX_tuberculose_00_23",
    "cod_mun": 3517406,
    "mae": 0.7860308336189163,
    "rmse": 1.6324471401255787,
    "r2": -0.16515074529378038,
    "n_train": 251,
    "n_test": 12
}