{
    "disease": "hiv_aids",
    "cod_mun": 3530409,
    "mae": 7.841246750842459,
    "rmse": 12.485531140771553,
    "r2": 0.1863935186918847,
    "n_samples": 300
}