{
    "disease": "sifilis",
    "cod_mun": 3547650,
    "mae": 0.8845528162693991,
    "rmse": 5.290694892590772,
    "r2": 0.0054989226291201065,
    "n_samples": 300
}