{
    "disease": "TX_hanseniase_00_23",
    "cod_mun": 3542602,
    "mae": 0.017135013981411856,
    "rmse": 0.020064954637710776,
    "r2": 0.0,
    "n_train": 251,
    "n_test": 12
}