{
    "disease": "TX_hiv_aids_00_23",
    "cod_mun": 3518602,
    "mae": 0.805592299541163,
    "rmse": 0.9618201929361074,
    "r2": 0.08706463566885558,
    "n_train": 251,
    "n_test": 12
}