{
    "disease": "TX_hiv_aids_00_23",
    "cod_mun": 3515657,
    "mae": 0.08227893896400928,
    "rmse": 0.08228530993694907,
    "r2": 0.0,
    "n_train": 251,
    "n_test": 12
}