{
    "disease": "TX_hepatite_00_23",
    "cod_mun": 3541208,
    "mae": 1.3860685129960377,
    "rmse": 1.3883084809321418,
    "r2": 0.0,
    "n_train": 251,
    "n_test": 12
}