{
    "disease": "sifilis",
    "cod_mun": 3530607,
    "mae": 0.46613119002185033,
    "rmse": 0.5766846061399741,
    "r2": -0.5887310534016568,
    "n_samples": 300
}