{
    "disease": "TX_hepatite_00_23",
    "cod_mun": 3552205,
    "mae": 0.037978113096914644,
    "rmse": 0.06590436312890514,
    "r2": 0.22553550789971932,
    "n_train": 251,
    "n_test": 12
}