{
    "disease": "hanseniase",
    "cod_mun": 3519600,
    "mae": 0.1574680371489768,
    "rmse": 0.4433312653661186,
    "r2": 0.192520657176541,
    "n_samples": 300
}