{
    "disease": "hiv_aids",
    "cod_mun": 3541059,
    "mae": 0.9363506242660243,
    "rmse": 3.1537658521437932,
    "r2": 0.10454438392844145,
    "n_samples": 300
}