{
    "disease": "hanseniase",
    "cod_mun": 3554656,
    "mae": 0.25964506577279506,
    "rmse": 2.215039990719321,
    "r2": 0.5689718010651852,
    "n_samples": 300
}