{
    "disease": "tuberculose",
    "cod_mun": 3551108,
    "mae": 0.6726064662178824,
    "rmse": 1.7603800057234813,
    "r2": 0.24834986920175728,
    "n_samples": 300
}