{
    "disease": "hiv_aids",
    "cod_mun": 3546009,
    "mae": 2.284004493439727,
    "rmse": 3.2836223312490143,
    "r2": 0.2615921703198604,
    "n_samples": 300
}