{
    "disease": "TX_hiv_aids_00_23",
    "cod_mun": 3529302,
    "mae": 1.6672138864247408,
    "rmse": 1.7478353844261227,
    "r2": -0.9987241191858689,
    "n_train": 251,
    "n_test": 12
}