{
    "disease": "TX_hiv_aids_00_23",
    "cod_mun": 3501905,
    "mae": 0.3979408214724793,
    "rmse": 0.5463193497570257,
    "r2": -0.9118915088810935,
    "n_train": 251,
    "n_test": 12
}