{
    "disease": "hanseniase",
    "cod_mun": 3522505,
    "mae": 0.07261011780179881,
    "rmse": 0.13362337007087263,
    "r2": -0.004362807975399674,
    "n_samples": 300
}