{
    "disease": "sifilis",
    "cod_mun": 3513306,
    "mae": 0.5165371100888334,
    "rmse": 2.672276034411948,
    "r2": 0.1002016062849902,
    "n_samples": 300
}