{
    "disease": "hiv_aids",
    "cod_mun": 3516309,
    "mae": 0.5147266706184424,
    "rmse": 0.6946744456275356,
    "r2": 0.5298939489493824,
    "n_samples": 300
}