{
    "disease": "TX_hepatite_00_23",
    "cod_mun": 3505401,
    "mae": 0.23426362996300062,
    "rmse": 0.2342636391995239,
    "r2": 0.0,
    "n_train": 251,
    "n_test": 12
}