{
    "disease": "hanseniase",
    "cod_mun": 3546702,
    "mae": 0.17882912046264784,
    "rmse": 0.6465307264260887,
    "r2": 0.0009766050295443307,
    "n_samples": 300
}