{
    "disease": "hiv_aids",
    "cod_mun": 3524006,
    "mae": 1.3043972081886586,
    "rmse": 2.1901542854286564,
    "r2": -0.18780683470317894,
    "n_samples": 300
}