{
    "disease": "TX_tuberculose_00_23",
    "cod_mun": 3557204,
    "mae": 0.03987948518867294,
    "rmse": 0.04005675981962545,
    "r2": 0.0,
    "n_train": 251,
    "n_test": 12
}