{
    "disease": "sifilis",
    "cod_mun": 3552007,
    "mae": 0.12194738142482243,
    "rmse": 1.0243209958788226,
    "r2": 0.003912090300028814,
    "n_samples": 300
}