{
    "disease": "TX_hepatite_00_23",
    "cod_mun": 3545100,
    "mae": 2.798412937695479,
    "rmse": 5.65754194864506,
    "r2": 0.05141937923463258,
    "n_train": 251,
    "n_test": 12
}