{
    "disease": "TX_hepatite_00_23",
    "cod_mun": 3556602,
    "mae": 0.07031781940410535,
    "rmse": 0.10257987845076015,
    "r2": 0.0,
    "n_train": 251,
    "n_test": 12
}