{
    "disease": "TX_sifilis_00_23",
    "cod_mun": 3512803,
    "mae": 0.2530211778859561,
    "rmse": 0.4599243992048253,
    "r2": 0.012562583665464033,
    "n_train": 251,
    "n_test": 12
}