{
    "disease": "TX_hanseniase_00_23",
    "cod_mun": 3513504,
    "mae": 0.20878755948253336,
    "rmse": 0.4299024433244471,
    "r2": -0.0010031981687015357,
    "n_train": 251,
    "n_test": 12
}