{
    "disease": "hepatite",
    "cod_mun": 3542305,
    "mae": 0.22402911048796906,
    "rmse": 1.343006685816905,
    "r2": 0.20485818100918474,
    "n_samples": 300
}