{
    "disease": "hanseniase",
    "cod_mun": 3517406,
    "mae": 0.5049570259465671,
    "rmse": 0.8340678482243954,
    "r2": 0.07700038843465762,
    "n_samples": 300
}