{
    "disease": "tuberculose",
    "cod_mun": 3511508,
    "mae": 0.5279711668868788,
    "rmse": 0.9224426171800044,
    "r2": 0.7152092419934537,
    "n_samples": 300
}