{
    "disease": "hanseniase",
    "cod_mun": 3511409,
    "mae": 0.2925724591964549,
    "rmse": 0.9148951206768198,
    "r2": 0.09686786512705337,
    "n_samples": 300
}