{
    "disease": "hanseniase",
    "cod_mun": 3530904,
    "mae": 0.21075130006761947,
    "rmse": 1.7515825006199208,
    "r2": 0.007683038056353841,
    "n_samples": 300
}