{
    "disease": "tuberculose",
    "cod_mun": 3553708,
    "mae": 0.5601093333725562,
    "rmse": 1.0826975022630314,
    "r2": 0.21504948656603418,
    "n_samples": 300
}