{
    "disease": "TX_sifilis_00_23",
    "cod_mun": 3553401,
    "mae": 0.11408744007349014,
    "rmse": 0.11408749397977708,
    "r2": 0.0,
    "n_train": 251,
    "n_test": 12
}