{
    "disease": "hanseniase",
    "cod_mun": 3508504,
    "mae": 0.039127574988550184,
    "rmse": 0.1437802815847181,
    "r2": 0.15100375785025344,
    "n_samples": 300
}