{
    "disease": "TX_tuberculose_00_23",
    "cod_mun": 3523206,
    "mae": 0.4095110454398201,
    "rmse": 0.6262757672337628,
    "r2": -0.016309145708243156,
    "n_train": 251,
    "n_test": 12
}