{
    "disease": "hiv_aids",
    "cod_mun": 3556206,
    "mae": 0.9255155184125198,
    "rmse": 1.2487317911853302,
    "r2": 0.5377758024288777,
    "n_samples": 300
}