{
    "disease": "TX_hiv_aids_00_23",
    "cod_mun": 3544806,
    "mae": 3.693844188985395,
    "rmse": 5.9739082185143015,
    "r2": -0.07495333340202559,
    "n_train": 251,
    "n_test": 12
}