{
    "disease": "TX_hanseniase_00_23",
    "cod_mun": 3538808,
    "mae": 0.02411935990676284,
    "rmse": 0.02411937010740257,
    "r2": 0.0,
    "n_train": 251,
    "n_test": 12
}