{
    "disease": "sifilis",
    "cod_mun": 3507704,
    "mae": 0.2582791742633477,
    "rmse": 1.5678897338134299,
    "r2": 0.0034446557866032457,
    "n_samples": 300
}