{
    "disease": "hepatite",
    "cod_mun": 3544202,
    "mae": 0.32673182435492,
    "rmse": 1.250175065871484,
    "r2": 0.8078943990704973,
    "n_samples": 300
}