{
    "disease": "sifilis",
    "cod_mun": 3555406,
    "mae": 0.4082255664265754,
    "rmse": 0.7057292208642694,
    "r2": 0.2857082146351848,
    "n_samples": 300
}