{
    "disease": "hiv_aids",
    "cod_mun": 3504800,
    "mae": 3.3184324158066523,
    "rmse": 4.720283400837304,
    "r2": 0.028648582214444884,
    "n_samples": 300
}