{
    "disease": "hiv_aids",
    "cod_mun": 3529500,
    "mae": 4.376122760706929,
    "rmse": 12.160019599890516,
    "r2": -0.13912168807916792,
    "n_samples": 300
}