{
    "disease": "TX_sifilis_00_23",
    "cod_mun": 3505906,
    "mae": 0.3621785199261303,
    "rmse": 0.48240668784843643,
    "r2": -0.07280504070162586,
    "n_train": 251,
    "n_test": 12
}