{
    "disease": "TX_hiv_aids_00_23",
    "cod_mun": 3539004,
    "mae": 2.2725645899772644,
    "rmse": 2.2826064304569376,
    "r2": 0.0,
    "n_train": 251,
    "n_test": 12
}