{
    "disease": "tuberculose",
    "cod_mun": 3545001,
    "mae": 0.45299087754698786,
    "rmse": 1.4273422306274857,
    "r2": 0.16308069227152266,
    "n_samples": 300
}