{
    "disease": "TX_sifilis_00_23",
    "cod_mun": 3538709,
    "mae": 0.35662632499002117,
    "rmse": 0.48000629490344016,
    "r2": -0.5852686727632928,
    "n_train": 251,
    "n_test": 12
}