{
    "disease": "TX_hepatite_00_23",
    "cod_mun": 3549706,
    "mae": 1.6152026703617886,
    "rmse": 2.260593087550317,
    "r2": -0.09748237262615755,
    "n_train": 251,
    "n_test": 12
}