{
    "disease": "TX_sifilis_00_23",
    "cod_mun": 3549953,
    "mae": 0.06617413337032,
    "rmse": 0.06617415669309226,
    "r2": 0.0,
    "n_train": 251,
    "n_test": 12
}