{
    "disease": "hanseniase",
    "cod_mun": 3523107,
    "mae": 0.06742785125468265,
    "rmse": 0.12337440460804866,
    "r2": 0.07562649101292995,
    "n_samples": 300
}