{
    "disease": "TX_hanseniase_00_23",
    "cod_mun": 3517802,
    "mae": 0.1249946312357982,
    "rmse": 0.12499499826632286,
    "r2": 0.0,
    "n_train": 251,
    "n_test": 12
}