{
    "disease": "TX_tuberculose_00_23",
    "cod_mun": 3505302,
    "mae": 0.6605370392402014,
    "rmse": 0.6676257802624388,
    "r2": 0.0,
    "n_train": 251,
    "n_test": 12
}