{
    "disease": "TX_hiv_aids_00_23",
    "cod_mun": 3515301,
    "mae": 4.37347273416071,
    "rmse": 10.786324458698859,
    "r2": -0.02642245174405433,
    "n_train": 251,
    "n_test": 12
}