{
    "disease": "TX_hiv_aids_00_23",
    "cod_mun": 3518107,
    "mae": 1.7377855777740479,
    "rmse": 1.7377855777740479,
    "r2": 0.0,
    "n_train": 251,
    "n_test": 12
}