{
    "disease": "TX_hiv_aids_00_23",
    "cod_mun": 3519709,
    "mae": 0.2881962820187189,
    "rmse": 0.35071025270852524,
    "r2": -0.15841258687704318,
    "n_train": 251,
    "n_test": 12
}