{
    "disease": "sifilis",
    "cod_mun": 3522901,
    "mae": 0.15303955925624654,
    "rmse": 0.7228111391098907,
    "r2": 0.011200926545891887,
    "n_samples": 300
}