{
    "disease": "TX_hepatite_00_23",
    "cod_mun": 3509452,
    "mae": 0.6481798836806169,
    "rmse": 0.7923620630783625,
    "r2": 0.0,
    "n_train": 251,
    "n_test": 12
}