{
    "disease": "hanseniase",
    "cod_mun": 3515186,
    "mae": 0.10853286617245327,
    "rmse": 0.4964971893399205,
    "r2": 0.08156537311999545,
    "n_samples": 300
}