{
    "disease": "hanseniase",
    "cod_mun": 3550308,
    "mae": 0.019355400455301694,
    "rmse": 0.02743381920737481,
    "r2": 0.26216308986485004,
    "n_samples": 300
}