{
    "disease": "TX_sifilis_00_23",
    "cod_mun": 3534005,
    "mae": 1.8263296826184832,
    "rmse": 6.025108299499386,
    "r2": -0.08127529485252794,
    "n_train": 251,
    "n_test": 12
}