{
    "disease": "tuberculose",
    "cod_mun": 3521606,
    "mae": 0.948369998025343,
    "rmse": 2.6280037315581977,
    "r2": 0.11171188226453488,
    "n_samples": 300
}