{
    "disease": "TX_hiv_aids_00_23",
    "cod_mun": 3504800,
    "mae": 2.4446839690208435,
    "rmse": 3.0949456498354904,
    "r2": 0.0,
    "n_train": 251,
    "n_test": 12
}