{
    "disease": "hiv_aids",
    "cod_mun": 3548203,
    "mae": 0.100512353990463,
    "rmse": 0.8470892979946983,
    "r2": 0.003032970445834282,
    "n_samples": 300
}