{
    "disease": "hanseniase",
    "cod_mun": 3547650,
    "mae": 0.4559279232873909,
    "rmse": 3.958504296237384,
    "r2": 0.005586995715619492,
    "n_samples": 300
}