{
    "disease": "hiv_aids",
    "cod_mun": 3513504,
    "mae": 1.318586345637669,
    "rmse": 1.762231273007263,
    "r2": 0.5640525108554237,
    "n_samples": 300
}