{
    "disease": "hepatite",
    "cod_mun": 3503109,
    "mae": 0.1063563945351065,
    "rmse": 0.9415709432322261,
    "r2": 0.8318010906180278,
    "n_samples": 300
}