{
    "disease": "TX_tuberculose_00_23",
    "cod_mun": 3537800,
    "mae": 0.5054970979690552,
    "rmse": 0.5054970979690552,
    "r2": 0.0,
    "n_train": 251,
    "n_test": 12
}