{
    "disease": "sifilis",
    "cod_mun": 3520442,
    "mae": 0.1278829588056382,
    "rmse": 0.49188726743226296,
    "r2": 0.0024882916615298623,
    "n_samples": 300
}