{
    "disease": "TX_tuberculose_00_23",
    "cod_mun": 3545407,
    "mae": 3.241268730618956,
    "rmse": 6.8357571711353975,
    "r2": -0.08083325673660213,
    "n_train": 251,
    "n_test": 12
}