{
    "disease": "TX_hepatite_00_23",
    "cod_mun": 3524907,
    "mae": 1.068596601486206,
    "rmse": 1.068596601486206,
    "r2": 0.0,
    "n_train": 251,
    "n_test": 12
}