{
    "disease": "tuberculose",
    "cod_mun": 3555604,
    "mae": 0.33809051078186914,
    "rmse": 1.4986746011058554,
    "r2": 0.1553566316032502,
    "n_samples": 300
}