{
    "disease": "hiv_aids",
    "cod_mun": 3501707,
    "mae": 1.9709883383270264,
    "rmse": 3.331518670235616,
    "r2": 0.19772115133028978,
    "n_samples": 300
}