{
    "disease": "sifilis",
    "cod_mun": 3504206,
    "mae": 0.3552808058038114,
    "rmse": 1.3964916019105988,
    "r2": 0.06194676984904757,
    "n_samples": 300
}