{
    "disease": "sifilis",
    "cod_mun": 3519204,
    "mae": 0.45090559880432307,
    "rmse": 1.8789040099511631,
    "r2": 0.15390966108398418,
    "n_samples": 300
}