{
    "disease": "hanseniase",
    "cod_mun": 3524402,
    "mae": 0.06916593278249716,
    "rmse": 0.15285839683944158,
    "r2": 0.0009698603449109777,
    "n_samples": 300
}