{
    "disease": "TX_tuberculose_00_23",
    "cod_mun": 3535804,
    "mae": 0.12483236814538638,
    "rmse": 0.12489222246828167,
    "r2": 0.0,
    "n_train": 251,
    "n_test": 12
}