{
    "disease": "sifilis",
    "cod_mun": 3549102,
    "mae": 0.07271064584539012,
    "rmse": 0.2030627840251442,
    "r2": 0.035341132552076826,
    "n_samples": 300
}