{
    "disease": "TX_tuberculose_00_23",
    "cod_mun": 3529658,
    "mae": 4.317789291882556,
    "rmse": 14.957260859834864,
    "r2": -0.0909090909090906,
    "n_train": 251,
    "n_test": 12
}