{
    "disease": "hepatite",
    "cod_mun": 3527009,
    "mae": 3.6646364663879845,
    "rmse": 7.0955839534179255,
    "r2": 0.09447540133873866,
    "n_samples": 300
}