{
    "disease": "TX_hepatite_00_23",
    "cod_mun": 3521002,
    "mae": 0.016015418494741123,
    "rmse": 0.016217094930360536,
    "r2": 0.0,
    "n_train": 251,
    "n_test": 12
}