{
    "disease": "hiv_aids",
    "cod_mun": 3513504,
    "mae": 1.0689448497560756,
    "rmse": 1.555944853851931,
    "r2": 0.6601425663281899,
    "n_samples": 300
}