{
    "disease": "TX_hiv_aids_00_23",
    "cod_mun": 3516606,
    "mae": 1.7218867092495993,
    "rmse": 4.747431236700355,
    "r2": -0.08136424628325067,
    "n_train": 251,
    "n_test": 12
}