{
    "disease": "hiv_aids",
    "cod_mun": 3548708,
    "mae": 0.13984583141909923,
    "rmse": 0.179228398212196,
    "r2": 0.1179867294234882,
    "n_samples": 300
}