{
    "disease": "sifilis",
    "cod_mun": 3514502,
    "mae": 0.20536653769904742,
    "rmse": 0.6586972865284717,
    "r2": 0.8608186828806332,
    "n_samples": 300
}