{
    "disease": "tuberculose",
    "cod_mun": 3528601,
    "mae": 0.25254312610771945,
    "rmse": 1.076232649184565,
    "r2": 0.8416357538967866,
    "n_samples": 300
}