{
    "disease": "sifilis",
    "cod_mun": 3557204,
    "mae": 0.26706422395361734,
    "rmse": 1.0330351936450728,
    "r2": 0.0007991092908794517,
    "n_samples": 300
}