{
    "disease": "hepatite",
    "cod_mun": 3533809,
    "mae": 0.26152278517107114,
    "rmse": 2.2290220266155703,
    "r2": 0.002187698933265869,
    "n_samples": 300
}