{
    "disease": "hanseniase",
    "cod_mun": 3503356,
    "mae": 0.39077482784292916,
    "rmse": 3.2112444443640698,
    "r2": 0.004344207636901132,
    "n_samples": 300
}