{
    "disease": "TX_hiv_aids_00_23",
    "cod_mun": 3543238,
    "mae": 0.10266730872293313,
    "rmse": 0.10276081220247621,
    "r2": 0.0,
    "n_train": 251,
    "n_test": 12
}