{
    "disease": "TX_hepatite_00_23",
    "cod_mun": 3532157,
    "mae": 0.09001482650637627,
    "rmse": 0.11054451772376626,
    "r2": 0.0,
    "n_train": 251,
    "n_test": 12
}