{
    "disease": "sifilis",
    "cod_mun": 3539004,
    "mae": 0.35585568531673595,
    "rmse": 1.2655154255084071,
    "r2": 0.004158120723866565,
    "n_samples": 300
}