{
    "disease": "sifilis",
    "cod_mun": 3501202,
    "mae": 0.34314361545470884,
    "rmse": 2.1174718544137403,
    "r2": 0.002538295207351826,
    "n_samples": 300
}