{
    "disease": "TX_sifilis_00_23",
    "cod_mun": 3515509,
    "mae": 0.8210016792445473,
    "rmse": 1.2412143708762737,
    "r2": -0.06963515276801102,
    "n_train": 251,
    "n_test": 12
}