{
    "disease": "sifilis",
    "cod_mun": 3527207,
    "mae": 0.41952730104717384,
    "rmse": 0.7287967798243864,
    "r2": 0.49545375365768185,
    "n_samples": 300
}