{
    "disease": "hanseniase",
    "cod_mun": 3540200,
    "mae": 0.29644533297438114,
    "rmse": 0.9033028741538478,
    "r2": -0.08821071096667299,
    "n_samples": 300
}