{
    "disease": "hiv_aids",
    "cod_mun": 3535002,
    "mae": 2.7778502095160094,
    "rmse": 4.1612341960530586,
    "r2": 0.04984726303439391,
    "n_samples": 300
}