{
    "disease": "tuberculose",
    "cod_mun": 3529401,
    "mae": 0.20971466757676427,
    "rmse": 0.28747384672312004,
    "r2": 0.17809560706843408,
    "n_samples": 300
}