{
    "disease": "hiv_aids",
    "cod_mun": 3509908,
    "mae": 1.2611825077272583,
    "rmse": 2.381895421296704,
    "r2": 0.07594360366320374,
    "n_samples": 300
}