{
    "disease": "sifilis",
    "cod_mun": 3523602,
    "mae": 0.38044337727373984,
    "rmse": 1.0396225656505962,
    "r2": 0.12723748729607076,
    "n_samples": 300
}