{
    "disease": "hiv_aids",
    "cod_mun": 3515905,
    "mae": 2.5472145411315608,
    "rmse": 6.962257661725513,
    "r2": 0.006671753569019945,
    "n_samples": 300
}