{
    "disease": "TX_tuberculose_00_23",
    "cod_mun": 3527207,
    "mae": 1.253998450239518,
    "rmse": 1.7339284355139835,
    "r2": -0.20272600230654514,
    "n_train": 251,
    "n_test": 12
}