{
    "disease": "hepatite",
    "cod_mun": 3531308,
    "mae": 0.6462965481144719,
    "rmse": 1.1471277213715692,
    "r2": 0.07644080073041803,
    "n_samples": 300
}