{
    "disease": "hanseniase",
    "cod_mun": 3502804,
    "mae": 0.09387015024518029,
    "rmse": 0.18447213049421693,
    "r2": 8.72493604249236e-05,
    "n_samples": 300
}