{
    "disease": "TX_hanseniase_00_23",
    "cod_mun": 3503802,
    "mae": 0.3312857504105812,
    "rmse": 1.0331796890687273,
    "r2": -0.0703558096862642,
    "n_train": 251,
    "n_test": 12
}