{
    "disease": "tuberculose",
    "cod_mun": 3525102,
    "mae": 0.9965131338866269,
    "rmse": 1.4099947491989115,
    "r2": 0.13351981944356572,
    "n_samples": 300
}