{
    "disease": "tuberculose",
    "cod_mun": 3502507,
    "mae": 1.1748874409019634,
    "rmse": 1.8627628405902874,
    "r2": 0.6401184313844113,
    "n_samples": 300
}