{
    "disease": "hanseniase",
    "cod_mun": 3542701,
    "mae": 0.09213698143317041,
    "rmse": 0.7575299626694951,
    "r2": 0.004141232345409529,
    "n_samples": 300
}