{
    "disease": "hepatite",
    "cod_mun": 3515301,
    "mae": 1.675513936411905,
    "rmse": 5.122107423310739,
    "r2": 0.14930748363533952,
    "n_samples": 300
}