{
    "disease": "tuberculose",
    "cod_mun": 3507100,
    "mae": 0.48574186786625234,
    "rmse": 1.3246737589782345,
    "r2": 0.14996803512814427,
    "n_samples": 300
}