{
    "disease": "TX_sifilis_00_23",
    "cod_mun": 3530607,
    "mae": 0.4537041030906052,
    "rmse": 0.5719987617117107,
    "r2": -0.944084691886993,
    "n_train": 251,
    "n_test": 12
}