{
    "disease": "sifilis",
    "cod_mun": 3507803,
    "mae": 0.23466932214133768,
    "rmse": 0.6913074811529921,
    "r2": 0.1691922475361255,
    "n_samples": 300
}