{
    "disease": "sifilis",
    "cod_mun": 3538709,
    "mae": 0.19942348813289934,
    "rmse": 0.2788576739675699,
    "r2": 0.345764433746682,
    "n_samples": 300
}