{
    "disease": "TX_sifilis_00_23",
    "cod_mun": 3502408,
    "mae": 0.04019013842723022,
    "rmse": 0.08901205420046793,
    "r2": 0.0,
    "n_train": 251,
    "n_test": 12
}