{
    "disease": "tuberculose",
    "cod_mun": 3529658,
    "mae": 0.2879600051033802,
    "rmse": 2.513757863016959,
    "r2": 0.2915114706385331,
    "n_samples": 300
}