{
    "disease": "hiv_aids",
    "cod_mun": 3521507,
    "mae": 3.396150713829271,
    "rmse": 6.594531851456567,
    "r2": 0.15755561887908964,
    "n_samples": 300
}