{
    "disease": "TX_sifilis_00_23",
    "cod_mun": 3547304,
    "mae": 0.9420490567917886,
    "rmse": 1.0905418777596705,
    "r2": -0.28358558740954054,
    "n_train": 251,
    "n_test": 12
}