{
    "disease": "tuberculose",
    "cod_mun": 3535804,
    "mae": 0.20340833980581458,
    "rmse": 0.8368623872781212,
    "r2": 0.18805488385011193,
    "n_samples": 300
}