{
    "disease": "hiv_aids",
    "cod_mun": 3549953,
    "mae": 0.8448702738464976,
    "rmse": 1.9234965941398554,
    "r2": 0.064871211047979,
    "n_samples": 300
}