{
    "disease": "tuberculose",
    "cod_mun": 3515707,
    "mae": 0.40463659169018695,
    "rmse": 0.5422416172489054,
    "r2": 0.23965762269004154,
    "n_samples": 300
}