{
    "disease": "tuberculose",
    "cod_mun": 3538808,
    "mae": 0.6990543191555751,
    "rmse": 1.1055488767999881,
    "r2": 0.07791402424734006,
    "n_samples": 300
}