{
    "disease": "hiv_aids",
    "cod_mun": 3545605,
    "mae": 1.545950185244132,
    "rmse": 2.7072237394074294,
    "r2": 0.07909422667752941,
    "n_samples": 300
}