{
    "disease": "hiv_aids",
    "cod_mun": 3551405,
    "mae": 6.52116106002001,
    "rmse": 8.385198296872677,
    "r2": -0.554809242159245,
    "n_samples": 300
}