{
    "disease": "hanseniase",
    "cod_mun": 3520400,
    "mae": 0.25937944477430025,
    "rmse": 0.7525492654866248,
    "r2": 0.0007441824192750968,
    "n_samples": 300
}