{
    "disease": "hanseniase",
    "cod_mun": 3516903,
    "mae": 0.1687075139084195,
    "rmse": 0.7726849562112077,
    "r2": 0.6323272985017665,
    "n_samples": 300
}