{
    "disease": "TX_hepatite_00_23",
    "cod_mun": 3514924,
    "mae": 0.06406769839425881,
    "rmse": 0.06486695547707265,
    "r2": 0.0,
    "n_train": 251,
    "n_test": 12
}