{
    "disease": "TX_hiv_aids_00_23",
    "cod_mun": 3502754,
    "mae": 0.150150370473663,
    "rmse": 0.17947979153770294,
    "r2": 0.0,
    "n_train": 251,
    "n_test": 12
}