{
    "disease": "hepatite",
    "cod_mun": 3517000,
    "mae": 0.5532668917427414,
    "rmse": 1.722771043971601,
    "r2": 0.23909371789541356,
    "n_samples": 300
}