{
    "disease": "sifilis",
    "cod_mun": 3518107,
    "mae": 1.4213630345011727,
    "rmse": 3.1342934422785214,
    "r2": 0.15024047446240674,
    "n_samples": 300
}