{
    "disease": "hiv_aids",
    "cod_mun": 3523602,
    "mae": 0.9776111153444023,
    "rmse": 2.4929136525837285,
    "r2": -0.05460754456058181,
    "n_samples": 300
}