{
    "disease": "sifilis",
    "cod_mun": 3505351,
    "mae": 0.24038173649020428,
    "rmse": 1.4360862500920057,
    "r2": 0.004788768332935622,
    "n_samples": 300
}