{
    "disease": "hiv_aids",
    "cod_mun": 3544251,
    "mae": 0.9459261522338869,
    "rmse": 1.8403737259623023,
    "r2": 0.12089636914142332,
    "n_samples": 300
}