{
    "disease": "TX_hiv_aids_00_23",
    "cod_mun": 3526803,
    "mae": 0.08036522528467079,
    "rmse": 0.10762227808730501,
    "r2": 0.0,
    "n_train": 251,
    "n_test": 12
}