{
    "disease": "hepatite",
    "cod_mun": 3537206,
    "mae": 2.7066864854445187,
    "rmse": 4.176288482533993,
    "r2": 0.1619829463687491,
    "n_samples": 300
}