{
    "disease": "TX_tuberculose_00_23",
    "cod_mun": 3555505,
    "mae": 0.006959490943700075,
    "rmse": 0.010048651453916979,
    "r2": 0.0,
    "n_train": 251,
    "n_test": 12
}