{
    "disease": "TX_hepatite_00_23",
    "cod_mun": 3517109,
    "mae": 0.23367878794670105,
    "rmse": 0.2336793211755828,
    "r2": 0.0,
    "n_train": 251,
    "n_test": 12
}