{
    "disease": "TX_hanseniase_00_23",
    "cod_mun": 3522604,
    "mae": 0.16360707398903077,
    "rmse": 0.3986347511293443,
    "r2": -0.03212940460168934,
    "n_train": 251,
    "n_test": 12
}