{
    "disease": "TX_hanseniase_00_23",
    "cod_mun": 3514908,
    "mae": 0.07220169575884938,
    "rmse": 0.23340663145095417,
    "r2": 0.0,
    "n_train": 251,
    "n_test": 12
}