{
    "disease": "TX_hanseniase_00_23",
    "cod_mun": 3541307,
    "mae": 0.02166532740617792,
    "rmse": 0.03381857795304162,
    "r2": 0.0,
    "n_train": 251,
    "n_test": 12
}