{
    "disease": "hanseniase",
    "cod_mun": 3527108,
    "mae": 0.23607797746623935,
    "rmse": 0.4845791980398971,
    "r2": 0.13883717285040786,
    "n_samples": 300
}