{
    "disease": "TX_sifilis_00_23",
    "cod_mun": 3540705,
    "mae": 0.3179803029992019,
    "rmse": 0.5268567913692368,
    "r2": -0.003498994311284198,
    "n_train": 251,
    "n_test": 12
}