{
    "disease": "TX_tuberculose_00_23",
    "cod_mun": 3553005,
    "mae": 0.7932296636848734,
    "rmse": 2.2499114696332314,
    "r2": -0.05825087745970969,
    "n_train": 251,
    "n_test": 12
}