{
    "disease": "tuberculose",
    "cod_mun": 3509957,
    "mae": 0.7191857595735796,
    "rmse": 2.740886732470318,
    "r2": 0.8132378272428925,
    "n_samples": 300
}