{
    "disease": "hiv_aids",
    "cod_mun": 3506359,
    "mae": 0.9095319697710519,
    "rmse": 2.089707251781334,
    "r2": -0.18009235714263805,
    "n_samples": 300
}