{
    "disease": "TX_sifilis_00_23",
    "cod_mun": 3515186,
    "mae": 0.13308185338974,
    "rmse": 0.13308584775289606,
    "r2": 0.0,
    "n_train": 251,
    "n_test": 12
}