{
    "disease": "hepatite",
    "cod_mun": 3520442,
    "mae": 1.8230763946001813,
    "rmse": 2.8407627752200457,
    "r2": 0.342954104083783,
    "n_samples": 300
}