{
    "disease": "TX_tuberculose_00_23",
    "cod_mun": 3537107,
    "mae": 0.5083595534178555,
    "rmse": 0.9450308128443905,
    "r2": -0.19359356518208304,
    "n_train": 251,
    "n_test": 12
}