{
    "disease": "hiv_aids",
    "cod_mun": 3509957,
    "mae": 4.296568506927662,
    "rmse": 5.3824589140512815,
    "r2": -0.1963710330135151,
    "n_samples": 300
}