{
    "disease": "TX_hiv_aids_00_23",
    "cod_mun": 3516002,
    "mae": 0.3439893958469232,
    "rmse": 0.42905354326517986,
    "r2": 0.0,
    "n_train": 251,
    "n_test": 12
}