{
    "disease": "hanseniase",
    "cod_mun": 3522703,
    "mae": 0.2645015044720291,
    "rmse": 0.5680399639745085,
    "r2": 0.05580229156399641,
    "n_samples": 300
}