{
    "disease": "hepatite",
    "cod_mun": 3522901,
    "mae": 4.088986738288355,
    "rmse": 5.6497664546222035,
    "r2": 0.20374263462736986,
    "n_samples": 300
}