{
    "disease": "TX_sifilis_00_23",
    "cod_mun": 3523602,
    "mae": 0.18761783900360265,
    "rmse": 0.3447008147956067,
    "r2": 0.0,
    "n_train": 251,
    "n_test": 12
}