{
    "disease": "sifilis",
    "cod_mun": 3536604,
    "mae": 0.38606224966326014,
    "rmse": 1.350331104943365,
    "r2": 0.16708222838208464,
    "n_samples": 300
}