{
    "disease": "TX_hiv_aids_00_23",
    "cod_mun": 3538303,
    "mae": 0.5481721920271715,
    "rmse": 1.270007578825111,
    "r2": 0.0,
    "n_train": 251,
    "n_test": 12
}