{
    "disease": "hiv_aids",
    "cod_mun": 3540705,
    "mae": 0.677729387002714,
    "rmse": 1.0496192050969078,
    "r2": 0.16669532366748518,
    "n_samples": 300
}