{
    "disease": "hanseniase",
    "cod_mun": 3545100,
    "mae": 0.007953420818715818,
    "rmse": 0.030886833981803342,
    "r2": 0.9994468419075655,
    "n_samples": 300
}