{
    "disease": "hepatite",
    "cod_mun": 3520509,
    "mae": 0.16203915559296256,
    "rmse": 0.2859144965235131,
    "r2": 0.20636221372561203,
    "n_samples": 300
}