{
    "disease": "hepatite",
    "cod_mun": 3523008,
    "mae": 4.268114884579443,
    "rmse": 7.534454763254184,
    "r2": 0.10895628076919539,
    "n_samples": 300
}