{
    "disease": "TX_hiv_aids_00_23",
    "cod_mun": 3535002,
    "mae": 2.7807156603455696,
    "rmse": 3.684141270853699,
    "r2": -0.23880995028112784,
    "n_train": 251,
    "n_test": 12
}