{
    "disease": "TX_hepatite_00_23",
    "cod_mun": 3543303,
    "mae": 0.00385720112050573,
    "rmse": 0.007551098152162344,
    "r2": 0.0,
    "n_train": 251,
    "n_test": 12
}