{
    "disease": "hiv_aids",
    "cod_mun": 3514809,
    "mae": 0.5958408106808694,
    "rmse": 1.4014984102003523,
    "r2": 0.0019597149180774487,
    "n_samples": 300
}