{
    "disease": "TX_tuberculose_00_23",
    "cod_mun": 3551405,
    "mae": 3.770120234683303,
    "rmse": 4.666138540770545,
    "r2": -0.06564636280346159,
    "n_train": 251,
    "n_test": 12
}