{
    "disease": "hiv_aids",
    "cod_mun": 3513207,
    "mae": 0.7267108337024746,
    "rmse": 2.169845529815115,
    "r2": 0.0006547761277815312,
    "n_samples": 300
}