{
    "disease": "TX_sifilis_00_23",
    "cod_mun": 3545001,
    "mae": 1.1451635280219599,
    "rmse": 2.653256072501178,
    "r2": -0.18481076508440486,
    "n_train": 251,
    "n_test": 12
}