{
    "disease": "hiv_aids",
    "cod_mun": 3529302,
    "mae": 1.1155815962483866,
    "rmse": 1.534240983907683,
    "r2": 0.2476557295969758,
    "n_samples": 300
}