{
    "disease": "TX_hepatite_00_23",
    "cod_mun": 3536604,
    "mae": 0.08045249440086384,
    "rmse": 0.16385349318135278,
    "r2": 0.0,
    "n_train": 251,
    "n_test": 12
}