{
    "disease": "tuberculose",
    "cod_mun": 3536802,
    "mae": 0.22202140090790223,
    "rmse": 1.3626553154932857,
    "r2": 7.183939330535072e-05,
    "n_samples": 300
}