{
    "disease": "TX_hepatite_00_23",
    "cod_mun": 3519303,
    "mae": 0.06248372855285803,
    "rmse": 0.0788400004232867,
    "r2": 0.0,
    "n_train": 251,
    "n_test": 12
}