{
    "disease": "hanseniase",
    "cod_mun": 3532801,
    "mae": 0.7541525696435685,
    "rmse": 2.287533945013731,
    "r2": 0.3946470021262872,
    "n_samples": 300
}