{
    "disease": "sifilis",
    "cod_mun": 3529807,
    "mae": 0.19258937238803883,
    "rmse": 0.8056465025175881,
    "r2": 0.17763023002111888,
    "n_samples": 300
}