{
    "disease": "sifilis",
    "cod_mun": 3528205,
    "mae": 0.19056116718467683,
    "rmse": 1.5548860852388675,
    "r2": 0.004818511935207437,
    "n_samples": 300
}