{
    "disease": "sifilis",
    "cod_mun": 3509007,
    "mae": 0.22135380828218046,
    "rmse": 0.5288729018417758,
    "r2": 0.5910631216578855,
    "n_samples": 300
}