{
    "disease": "hanseniase",
    "cod_mun": 3506706,
    "mae": 0.5375924621363527,
    "rmse": 1.600168644147516,
    "r2": 0.19998558144773715,
    "n_samples": 300
}