{
    "disease": "sifilis",
    "cod_mun": 3510609,
    "mae": 0.39630056974905015,
    "rmse": 0.5294912740496922,
    "r2": 0.536568874587879,
    "n_samples": 300
}