{
    "disease": "sifilis",
    "cod_mun": 3549805,
    "mae": 0.27675196696225823,
    "rmse": 0.3436984417815893,
    "r2": -0.13981933524415635,
    "n_samples": 300
}