{
    "disease": "TX_hiv_aids_00_23",
    "cod_mun": 3555703,
    "mae": 8.333947892200674,
    "rmse": 19.50939859409939,
    "r2": -0.1740168502530821,
    "n_train": 251,
    "n_test": 12
}