{
    "disease": "sifilis",
    "cod_mun": 3534757,
    "mae": 0.20100284158100387,
    "rmse": 0.9929531508098138,
    "r2": 0.0072622177974588364,
    "n_samples": 300
}