{
    "disease": "tuberculose",
    "cod_mun": 3531407,
    "mae": 0.37920995494879317,
    "rmse": 1.1177062135499167,
    "r2": 0.7206541036238465,
    "n_samples": 300
}