{
    "disease": "TX_sifilis_00_23",
    "cod_mun": 3504008,
    "mae": 0.9591177908012808,
    "rmse": 1.3919164904645087,
    "r2": -0.44353787013608303,
    "n_train": 251,
    "n_test": 12
}