{
    "disease": "TX_tuberculose_00_23",
    "cod_mun": 3544400,
    "mae": 0.02300305338576436,
    "rmse": 0.023705831124292823,
    "r2": 0.0,
    "n_train": 251,
    "n_test": 12
}