{
    "disease": "TX_hiv_aids_00_23",
    "cod_mun": 3513900,
    "mae": 0.1659830460945765,
    "rmse": 0.16598595329976798,
    "r2": 0.0,
    "n_train": 251,
    "n_test": 12
}