{
    "disease": "hepatite",
    "cod_mun": 3520400,
    "mae": 0.27682514713405676,
    "rmse": 0.8774283080502487,
    "r2": 0.1445267383198413,
    "n_samples": 300
}