{
    "disease": "sifilis",
    "cod_mun": 3545803,
    "mae": 0.2113008257236856,
    "rmse": 0.3331505113097425,
    "r2": 0.13716180003323541,
    "n_samples": 300
}