{
    "disease": "sifilis",
    "cod_mun": 3517901,
    "mae": 0.3992191511292546,
    "rmse": 1.7385471016367222,
    "r2": 0.12527794894604372,
    "n_samples": 300
}