{
    "disease": "TX_hanseniase_00_23",
    "cod_mun": 3540705,
    "mae": 0.48711940237815216,
    "rmse": 0.9402726385656242,
    "r2": -0.30217182533382236,
    "n_train": 251,
    "n_test": 12
}