{
    "disease": "tuberculose",
    "cod_mun": 3539103,
    "mae": 1.6359152270711703,
    "rmse": 2.657650445011497,
    "r2": 0.1980407768752751,
    "n_samples": 300
}