{
    "disease": "TX_tuberculose_00_23",
    "cod_mun": 3555208,
    "mae": 0.012161379447206855,
    "rmse": 0.012257881535586022,
    "r2": 0.0,
    "n_train": 251,
    "n_test": 12
}