{
    "disease": "sifilis",
    "cod_mun": 3520400,
    "mae": 0.30295281430351934,
    "rmse": 0.7151776020807564,
    "r2": 0.05439332122323204,
    "n_samples": 300
}