{
    "disease": "TX_hiv_aids_00_23",
    "cod_mun": 3523206,
    "mae": 0.07878180593252182,
    "rmse": 0.07878180593252182,
    "r2": 0.0,
    "n_train": 251,
    "n_test": 12
}