{
    "disease": "hanseniase",
    "cod_mun": 3539608,
    "mae": 0.44718289564774266,
    "rmse": 2.9017454111085774,
    "r2": 0.007760350102367641,
    "n_samples": 300
}