{
    "disease": "TX_tuberculose_00_23",
    "cod_mun": 3543402,
    "mae": 0.3244363760799194,
    "rmse": 0.426522283643674,
    "r2": -0.1269176170272841,
    "n_train": 251,
    "n_test": 12
}