{
    "disease": "hiv_aids",
    "cod_mun": 3523008,
    "mae": 0.9259170098847573,
    "rmse": 3.3588422711152237,
    "r2": 0.1370125829023615,
    "n_samples": 300
}