{
    "disease": "hanseniase",
    "cod_mun": 3534757,
    "mae": 0.07869988052604728,
    "rmse": 0.39144669225116163,
    "r2": 0.8301760106543816,
    "n_samples": 300
}