{
    "disease": "tuberculose",
    "cod_mun": 3545803,
    "mae": 0.39947103240257736,
    "rmse": 0.6141257761122444,
    "r2": 0.36809827141830354,
    "n_samples": 300
}