{
    "disease": "tuberculose",
    "cod_mun": 3556107,
    "mae": 0.17418121603595732,
    "rmse": 0.7862780410927395,
    "r2": 0.18305747102178127,
    "n_samples": 300
}