{
    "disease": "hiv_aids",
    "cod_mun": 3501905,
    "mae": 2.321137779339358,
    "rmse": 3.12417011044154,
    "r2": 0.32464399288194135,
    "n_samples": 300
}