{
    "disease": "TX_hiv_aids_00_23",
    "cod_mun": 3554904,
    "mae": 1.5745906121002848,
    "rmse": 4.185809684901142,
    "r2": -0.061211674681120876,
    "n_train": 251,
    "n_test": 12
}