{
    "disease": "hanseniase",
    "cod_mun": 3551702,
    "mae": 0.12272066499126193,
    "rmse": 0.2660885533915911,
    "r2": 0.07740178573538103,
    "n_samples": 300
}