{
    "disease": "hanseniase",
    "cod_mun": 3517901,
    "mae": 0.22427300346305581,
    "rmse": 1.293301530008328,
    "r2": 0.36016126318351815,
    "n_samples": 300
}