{
    "disease": "TX_hiv_aids_00_23",
    "cod_mun": 3502507,
    "mae": 0.056628830886135496,
    "rmse": 0.06668520415262745,
    "r2": 0.0,
    "n_train": 251,
    "n_test": 12
}