{
    "disease": "hiv_aids",
    "cod_mun": 3546801,
    "mae": 0.4875243084428373,
    "rmse": 0.788281794570873,
    "r2": 0.1750099096574439,
    "n_samples": 300
}