{
    "disease": "hepatite",
    "cod_mun": 3524006,
    "mae": 0.25545740610472706,
    "rmse": 0.7864118087626939,
    "r2": 0.1302349480997237,
    "n_samples": 300
}