{
    "disease": "hanseniase",
    "cod_mun": 3538006,
    "mae": 0.057841517138220035,
    "rmse": 0.15051884990328598,
    "r2": 0.08848509307670305,
    "n_samples": 300
}