{
    "disease": "hanseniase",
    "cod_mun": 3527801,
    "mae": 0.4213372893821107,
    "rmse": 2.5068009873852173,
    "r2": 0.07816945727968638,
    "n_samples": 300
}