{
    "disease": "hanseniase",
    "cod_mun": 3529005,
    "mae": 0.04865074493192488,
    "rmse": 0.11285825117603011,
    "r2": 0.009798301404275511,
    "n_samples": 300
}