{
    "disease": "tuberculose",
    "cod_mun": 3539004,
    "mae": 0.23236734627366284,
    "rmse": 1.046644056849628,
    "r2": 0.1603686708620482,
    "n_samples": 300
}