{
    "disease": "TX_hiv_aids_00_23",
    "cod_mun": 3547809,
    "mae": 0.17744663240107403,
    "rmse": 0.23343556205655053,
    "r2": -0.2757398682843273,
    "n_train": 251,
    "n_test": 12
}