{
    "disease": "TX_sifilis_00_23",
    "cod_mun": 3508504,
    "mae": 1.1344924320056873,
    "rmse": 1.4012448372445658,
    "r2": -0.8818591706128305,
    "n_train": 251,
    "n_test": 12
}