{
    "disease": "TX_hepatite_00_23",
    "cod_mun": 3529302,
    "mae": 0.0018441923493810464,
    "rmse": 0.003013768155770536,
    "r2": 0.0,
    "n_train": 251,
    "n_test": 12
}