{
    "disease": "tuberculose",
    "cod_mun": 3510708,
    "mae": 0.6387006234767073,
    "rmse": 1.6399386528685684,
    "r2": 0.0008716230783443191,
    "n_samples": 300
}