{
    "disease": "hanseniase",
    "cod_mun": 3547601,
    "mae": 0.13966450682624332,
    "rmse": 0.6309513358435432,
    "r2": 0.003011784481502633,
    "n_samples": 300
}