{
    "disease": "TX_tuberculose_00_23",
    "cod_mun": 3553807,
    "mae": 2.33008160188461,
    "rmse": 2.501649783810762,
    "r2": -0.6719913081382283,
    "n_train": 251,
    "n_test": 12
}