{
    "disease": "tuberculose",
    "cod_mun": 3501400,
    "mae": 2.777489648592192,
    "rmse": 5.316645462579131,
    "r2": 0.0787888114579538,
    "n_samples": 300
}