{
    "disease": "hiv_aids",
    "cod_mun": 3507902,
    "mae": 0.9663102408128869,
    "rmse": 1.9880847825159116,
    "r2": -0.01811997882668459,
    "n_samples": 300
}