{
    "disease": "TX_tuberculose_00_23",
    "cod_mun": 3552551,
    "mae": 2.6276243726412454,
    "rmse": 2.6277045952928257,
    "r2": 0.0,
    "n_train": 251,
    "n_test": 12
}