{
    "disease": "tuberculose",
    "cod_mun": 3551603,
    "mae": 0.6874953366050152,
    "rmse": 1.363985836769353,
    "r2": 0.23741316280181213,
    "n_samples": 300
}