{
    "disease": "tuberculose",
    "cod_mun": 3530706,
    "mae": 0.5258465019127969,
    "rmse": 0.8373558539609676,
    "r2": 0.11943728099874729,
    "n_samples": 300
}