{
    "disease": "hiv_aids",
    "cod_mun": 3508009,
    "mae": 0.14536529959940836,
    "rmse": 0.6086757904345673,
    "r2": 0.01005612462151928,
    "n_samples": 300
}