{
    "disease": "hiv_aids",
    "cod_mun": 3512100,
    "mae": 3.3630179184818494,
    "rmse": 5.4025513232415365,
    "r2": 0.1230246369706739,
    "n_samples": 300
}