{
    "disease": "hepatite",
    "cod_mun": 3555604,
    "mae": 0.7035465129829971,
    "rmse": 1.8095103467374423,
    "r2": 0.027384403038572258,
    "n_samples": 300
}