{
    "disease": "tuberculose",
    "cod_mun": 3543006,
    "mae": 0.0887301252477161,
    "rmse": 0.49693670444589044,
    "r2": 0.3949190713186349,
    "n_samples": 300
}