{
    "disease": "hanseniase",
    "cod_mun": 3515608,
    "mae": 0.003198993271664817,
    "rmse": 0.0164670681965313,
    "r2": 0.9997541715772581,
    "n_samples": 300
}