{
    "disease": "tuberculose",
    "cod_mun": 3510104,
    "mae": 0.9621651290404781,
    "rmse": 4.176191850074676,
    "r2": 0.0017914050686123062,
    "n_samples": 300
}