{
    "disease": "TX_hepatite_00_23",
    "cod_mun": 3509205,
    "mae": 0.07177681475877762,
    "rmse": 0.0717768358168546,
    "r2": 0.0,
    "n_train": 251,
    "n_test": 12
}