{
    "disease": "hiv_aids",
    "cod_mun": 3507100,
    "mae": 0.37652565637978247,
    "rmse": 0.9490067800444847,
    "r2": 0.08131930412947075,
    "n_samples": 300
}