{
    "disease": "TX_hiv_aids_00_23",
    "cod_mun": 3507407,
    "mae": 0.8831150673297872,
    "rmse": 2.1161596255643826,
    "r2": -0.04729629917131395,
    "n_train": 251,
    "n_test": 12
}