{
    "disease": "hanseniase",
    "cod_mun": 3501202,
    "mae": 0.17445681674120878,
    "rmse": 1.49227282280785,
    "r2": 0.0033519279122908863,
    "n_samples": 300
}