{
    "disease": "TX_tuberculose_00_23",
    "cod_mun": 3541000,
    "mae": 0.539895906673186,
    "rmse": 0.6484083266601978,
    "r2": -0.46621725572082995,
    "n_train": 251,
    "n_test": 12
}