{
    "disease": "TX_hiv_aids_00_23",
    "cod_mun": 3531506,
    "mae": 0.6827836483716965,
    "rmse": 0.6881855885574282,
    "r2": 0.0,
    "n_train": 251,
    "n_test": 12
}