{
    "disease": "sifilis",
    "cod_mun": 3502606,
    "mae": 0.44431038513144233,
    "rmse": 2.0753987421283786,
    "r2": 0.18551141532299276,
    "n_samples": 300
}