{
    "disease": "hiv_aids",
    "cod_mun": 3543808,
    "mae": 0.7029691971923813,
    "rmse": 1.9512710006739964,
    "r2": 0.07282989467858747,
    "n_samples": 300
}