{
    "disease": "TX_tuberculose_00_23",
    "cod_mun": 3530201,
    "mae": 0.18295530105630556,
    "rmse": 0.18766098881092644,
    "r2": 0.0,
    "n_train": 251,
    "n_test": 12
}