{
    "disease": "TX_tuberculose_00_23",
    "cod_mun": 3505401,
    "mae": 0.3018170893192291,
    "rmse": 0.3038299937916378,
    "r2": 0.0,
    "n_train": 251,
    "n_test": 12
}