{
    "disease": "TX_hepatite_00_23",
    "cod_mun": 3556305,
    "mae": 1.2026572755155671,
    "rmse": 1.507477001243065,
    "r2": 0.07514225504342587,
    "n_train": 251,
    "n_test": 12
}