{
    "disease": "hepatite",
    "cod_mun": 3549300,
    "mae": 0.6320481402229581,
    "rmse": 3.8407892539633477,
    "r2": 0.00036577698362372235,
    "n_samples": 300
}