{
    "disease": "sifilis",
    "cod_mun": 3512100,
    "mae": 0.3722629796714897,
    "rmse": 1.8038227192031477,
    "r2": 0.05492360061226553,
    "n_samples": 300
}