{
    "disease": "hiv_aids",
    "cod_mun": 3525201,
    "mae": 1.3470761331198078,
    "rmse": 2.083511103473129,
    "r2": 0.5717462579756473,
    "n_samples": 300
}