{
    "disease": "TX_hiv_aids_00_23",
    "cod_mun": 3546702,
    "mae": 0.13131800293922424,
    "rmse": 0.1313788151492103,
    "r2": 0.0,
    "n_train": 251,
    "n_test": 12
}