{
    "disease": "hiv_aids",
    "cod_mun": 3519600,
    "mae": 1.344969586746122,
    "rmse": 1.7456074967705035,
    "r2": -0.7733952338859169,
    "n_samples": 300
}