{
    "disease": "sifilis",
    "cod_mun": 3556453,
    "mae": 0.1400592672061847,
    "rmse": 0.385247108322129,
    "r2": 0.07794192791835253,
    "n_samples": 300
}