{
    "disease": "sifilis",
    "cod_mun": 3504008,
    "mae": 0.42952079457949127,
    "rmse": 0.7209365156985243,
    "r2": 0.5444404056121294,
    "n_samples": 300
}