{
    "disease": "hiv_aids",
    "cod_mun": 3510401,
    "mae": 2.088204038232938,
    "rmse": 3.583738949857712,
    "r2": -0.1979940694044866,
    "n_samples": 300
}