{
    "disease": "hiv_aids",
    "cod_mun": 3517406,
    "mae": 1.1848290345105716,
    "rmse": 1.6264632275066793,
    "r2": 0.18323011541358913,
    "n_samples": 300
}