{
    "disease": "hanseniase",
    "cod_mun": 3519501,
    "mae": 0.218883187092608,
    "rmse": 1.3515371787028345,
    "r2": 0.0008023524874343213,
    "n_samples": 300
}