{
    "disease": "hiv_aids",
    "cod_mun": 3537107,
    "mae": 2.356491041281654,
    "rmse": 3.3016715674917574,
    "r2": 0.35694800733216103,
    "n_samples": 300
}