{
    "disease": "TX_hiv_aids_00_23",
    "cod_mun": 3514700,
    "mae": 1.8870833159448213,
    "rmse": 4.557634018312195,
    "r2": -0.03082990739008995,
    "n_train": 251,
    "n_test": 12
}