{
    "disease": "TX_tuberculose_00_23",
    "cod_mun": 3551504,
    "mae": 1.8158901532803615,
    "rmse": 2.643951312938783,
    "r2": -0.21520059471521336,
    "n_train": 251,
    "n_test": 12
}