{
    "disease": "hanseniase",
    "cod_mun": 3513405,
    "mae": 0.07167834024190275,
    "rmse": 0.2606529983135344,
    "r2": 0.47903723560958766,
    "n_samples": 300
}