{
    "disease": "hiv_aids",
    "cod_mun": 3539806,
    "mae": 0.6862171597658185,
    "rmse": 0.8843261621236888,
    "r2": 0.3725578823461194,
    "n_samples": 300
}