{
    "disease": "hiv_aids",
    "cod_mun": 3548906,
    "mae": 1.6587402790237826,
    "rmse": 2.332897299701292,
    "r2": -0.5122100525359448,
    "n_samples": 300
}