{
    "disease": "sifilis",
    "cod_mun": 3505203,
    "mae": 0.17053905795737237,
    "rmse": 0.5967495826035841,
    "r2": 0.15695928058507225,
    "n_samples": 300
}