{
    "disease": "hanseniase",
    "cod_mun": 3547601,
    "mae": 0.1400042558781079,
    "rmse": 0.630995270164823,
    "r2": 0.0028729353402393576,
    "n_samples": 300
}