{
    "disease": "TX_hanseniase_00_23",
    "cod_mun": 3514403,
    "mae": 0.00909736532291087,
    "rmse": 0.01449097511488125,
    "r2": 0.0,
    "n_train": 251,
    "n_test": 12
}