{
    "disease": "hepatite",
    "cod_mun": 3521903,
    "mae": 1.4725498298405086,
    "rmse": 2.5276723274703707,
    "r2": 0.08053018746906748,
    "n_samples": 300
}