{
    "disease": "hanseniase",
    "cod_mun": 3522208,
    "mae": 0.04022728668158407,
    "rmse": 0.11312222002651914,
    "r2": 0.00041241631831423486,
    "n_samples": 300
}