{
    "disease": "TX_hepatite_00_23",
    "cod_mun": 3554706,
    "mae": 3.2268942029059318,
    "rmse": 4.913335658942324,
    "r2": -0.11428847478297977,
    "n_train": 251,
    "n_test": 12
}