{
    "disease": "TX_hepatite_00_23",
    "cod_mun": 3518107,
    "mae": 0.6271840172509352,
    "rmse": 0.8641771309586191,
    "r2": 0.0,
    "n_train": 251,
    "n_test": 12
}