{
    "disease": "hanseniase",
    "cod_mun": 3535408,
    "mae": 0.08893179597888813,
    "rmse": 0.5400622047199853,
    "r2": 0.0002738640334062348,
    "n_samples": 300
}