{
    "disease": "hanseniase",
    "cod_mun": 3555000,
    "mae": 0.2565568253186239,
    "rmse": 0.8660664422553815,
    "r2": 0.2775138136480415,
    "n_samples": 300
}