{
    "disease": "TX_hepatite_00_23",
    "cod_mun": 3546702,
    "mae": 0.12796381046064198,
    "rmse": 0.21523659000928935,
    "r2": 0.0,
    "n_train": 251,
    "n_test": 12
}