{
    "disease": "hiv_aids",
    "cod_mun": 3506409,
    "mae": 0.5845406857635042,
    "rmse": 2.4258717436367707,
    "r2": 0.001481212825177658,
    "n_samples": 300
}