{
    "disease": "hanseniase",
    "cod_mun": 3540002,
    "mae": 0.13864362703670277,
    "rmse": 0.5980408035781937,
    "r2": 0.0031017541309839025,
    "n_samples": 300
}