{
    "disease": "tuberculose",
    "cod_mun": 3509403,
    "mae": 0.7725333156911003,
    "rmse": 1.6888519925946488,
    "r2": 0.14214079335030294,
    "n_samples": 300
}