{
    "disease": "TX_hanseniase_00_23",
    "cod_mun": 3520442,
    "mae": 0.06935879867523909,
    "rmse": 0.0701376511384752,
    "r2": 0.0,
    "n_train": 251,
    "n_test": 12
}