{
    "disease": "hepatite",
    "cod_mun": 3536109,
    "mae": 0.227540470568707,
    "rmse": 1.3695405577230741,
    "r2": 0.9029179111354607,
    "n_samples": 300
}