{
    "disease": "hiv_aids",
    "cod_mun": 3529203,
    "mae": 0.9411756722189625,
    "rmse": 1.537667267927616,
    "r2": 0.0760496345990257,
    "n_samples": 300
}