{
    "disease": "TX_sifilis_00_23",
    "cod_mun": 3550605,
    "mae": 0.7945429855313746,
    "rmse": 1.4382961948298987,
    "r2": -0.21968312085386454,
    "n_train": 251,
    "n_test": 12
}