{
    "disease": "TX_hiv_aids_00_23",
    "cod_mun": 3503802,
    "mae": 0.6166654174784814,
    "rmse": 0.8642207498158344,
    "r2": -0.6475875840282928,
    "n_train": 251,
    "n_test": 12
}