{
    "disease": "tuberculose",
    "cod_mun": 3551405,
    "mae": 2.868025884383039,
    "rmse": 4.172685796529201,
    "r2": 0.10289410698633772,
    "n_samples": 300
}