{
    "disease": "hanseniase",
    "cod_mun": 3517703,
    "mae": 1.0180002521834006,
    "rmse": 2.118834221615418,
    "r2": 0.08104765685933257,
    "n_samples": 300
}