{
    "disease": "sifilis",
    "cod_mun": 3556701,
    "mae": 0.1392993850184987,
    "rmse": 0.326764829660571,
    "r2": 0.17589109953822035,
    "n_samples": 300
}