{
    "disease": "hepatite",
    "cod_mun": 3538600,
    "mae": 0.6949267293430119,
    "rmse": 1.3245830606414435,
    "r2": 0.1409260192142463,
    "n_samples": 300
}