{
    "disease": "hiv_aids",
    "cod_mun": 3554904,
    "mae": 1.0674945155179727,
    "rmse": 3.9933151789024435,
    "r2": 0.0956323436465999,
    "n_samples": 300
}