{
    "disease": "TX_hanseniase_00_23",
    "cod_mun": 3556503,
    "mae": 0.13963310420513153,
    "rmse": 0.13963310420513153,
    "r2": 0.0,
    "n_train": 251,
    "n_test": 12
}