{
    "disease": "hepatite",
    "cod_mun": 3540101,
    "mae": 0.5527851767796593,
    "rmse": 2.7691394219282404,
    "r2": 0.0026227348761729274,
    "n_samples": 300
}