{
    "disease": "TX_tuberculose_00_23",
    "cod_mun": 3524501,
    "mae": 0.01240107494716843,
    "rmse": 0.012425452497595517,
    "r2": 0.0,
    "n_train": 251,
    "n_test": 12
}