{
    "disease": "TX_hiv_aids_00_23",
    "cod_mun": 3520442,
    "mae": 0.14989319443702698,
    "rmse": 0.14989319443702698,
    "r2": 0.0,
    "n_train": 251,
    "n_test": 12
}