{
    "disease": "hiv_aids",
    "cod_mun": 3532306,
    "mae": 0.10263277786376461,
    "rmse": 0.8596877615214239,
    "r2": 0.007922411287256015,
    "n_samples": 300
}