{
    "disease": "sifilis",
    "cod_mun": 3515400,
    "mae": 0.18926405487083808,
    "rmse": 0.6941308914182727,
    "r2": 0.23592277367172954,
    "n_samples": 300
}