{
    "disease": "TX_hepatite_00_23",
    "cod_mun": 3553807,
    "mae": 0.15486670037110647,
    "rmse": 0.1782147023938197,
    "r2": 0.0,
    "n_train": 251,
    "n_test": 12
}