{
    "disease": "hanseniase",
    "cod_mun": 3552601,
    "mae": 0.22544467026413617,
    "rmse": 1.188779824355112,
    "r2": 0.00016062946151773616,
    "n_samples": 300
}