{
    "disease": "tuberculose",
    "cod_mun": 3536109,
    "mae": 0.579787637721127,
    "rmse": 2.00502426599061,
    "r2": 0.07072612466750294,
    "n_samples": 300
}