{
    "disease": "TX_sifilis_00_23",
    "cod_mun": 3520608,
    "mae": 0.12578757107257843,
    "rmse": 0.12578757107257843,
    "r2": 0.0,
    "n_train": 251,
    "n_test": 12
}