{
    "disease": "TX_sifilis_00_23",
    "cod_mun": 3556008,
    "mae": 0.640151025155804,
    "rmse": 2.1236563646041047,
    "r2": -0.08236969177144338,
    "n_train": 251,
    "n_test": 12
}