{
    "disease": "hanseniase",
    "cod_mun": 3532504,
    "mae": 0.265462008063475,
    "rmse": 1.2334028710778808,
    "r2": 0.07807605345074253,
    "n_samples": 300
}