{
    "disease": "hiv_aids",
    "cod_mun": 3526803,
    "mae": 0.7782638690217096,
    "rmse": 1.1990761805046348,
    "r2": 0.3403705363852485,
    "n_samples": 300
}