{
    "disease": "sifilis",
    "cod_mun": 3505609,
    "mae": 0.3419810439298967,
    "rmse": 0.9178964013611026,
    "r2": 0.03538010264305025,
    "n_samples": 300
}