{
    "disease": "hanseniase",
    "cod_mun": 3508207,
    "mae": 0.6624052001936894,
    "rmse": 2.5819156281514353,
    "r2": 0.04346470394762125,
    "n_samples": 300
}