{
    "disease": "TX_hepatite_00_23",
    "cod_mun": 3557303,
    "mae": 0.15310694525639215,
    "rmse": 0.153182285602041,
    "r2": 0.0,
    "n_train": 251,
    "n_test": 12
}