{
    "disease": "sifilis",
    "cod_mun": 3514403,
    "mae": 0.551095626463734,
    "rmse": 1.0811660828946053,
    "r2": 0.24316867817894294,
    "n_samples": 300
}