{
    "disease": "TX_hanseniase_00_23",
    "cod_mun": 3544400,
    "mae": 0.03283357946202159,
    "rmse": 0.033068016935549095,
    "r2": 0.0,
    "n_train": 251,
    "n_test": 12
}