{
    "disease": "TX_hiv_aids_00_23",
    "cod_mun": 3507100,
    "mae": 0.5265538952169323,
    "rmse": 1.1465710895807424,
    "r2": -0.021655817583738468,
    "n_train": 251,
    "n_test": 12
}