{
    "disease": "TX_tuberculose_00_23",
    "cod_mun": 3542008,
    "mae": 1.7656030248156094,
    "rmse": 3.953918596817492,
    "r2": -0.01517433899005427,
    "n_train": 251,
    "n_test": 12
}