{
    "disease": "hepatite",
    "cod_mun": 3529906,
    "mae": 0.34773413543677467,
    "rmse": 0.8564705515998485,
    "r2": 0.2116592933062873,
    "n_samples": 300
}