{
    "disease": "TX_hepatite_00_23",
    "cod_mun": 3517505,
    "mae": 0.42786095245950645,
    "rmse": 1.3006941779826868,
    "r2": -0.039435376263695865,
    "n_train": 251,
    "n_test": 12
}