{
    "disease": "hanseniase",
    "cod_mun": 3549805,
    "mae": 0.11149315719492492,
    "rmse": 0.15365986763855982,
    "r2": 0.18990555245310603,
    "n_samples": 300
}