{
    "disease": "tuberculose",
    "cod_mun": 3508603,
    "mae": 1.0056001237091439,
    "rmse": 1.7006103830443,
    "r2": 0.43633101037175104,
    "n_samples": 300
}