{
    "disease": "hepatite",
    "cod_mun": 3540200,
    "mae": 0.3766470713649453,
    "rmse": 0.7950404069788811,
    "r2": 0.4267771578407311,
    "n_samples": 300
}