{
    "disease": "TX_hepatite_00_23",
    "cod_mun": 3534203,
    "mae": 10.827819704230834,
    "rmse": 11.995701583556139,
    "r2": -1.3482553622894158,
    "n_train": 251,
    "n_test": 12
}