{
    "disease": "TX_tuberculose_00_23",
    "cod_mun": 3534500,
    "mae": 0.2529793977737427,
    "rmse": 0.2529793977737427,
    "r2": 0.0,
    "n_train": 251,
    "n_test": 12
}