{
    "disease": "sifilis",
    "cod_mun": 3546702,
    "mae": 0.364110875584435,
    "rmse": 0.861388343973744,
    "r2": 0.03232752554236562,
    "n_samples": 300
}