{
    "disease": "hanseniase",
    "cod_mun": 3514908,
    "mae": 0.1718241448793562,
    "rmse": 0.6559523438106213,
    "r2": 0.20155271689571086,
    "n_samples": 300
}