{
    "disease": "sifilis",
    "cod_mun": 3513702,
    "mae": 0.13310196773838712,
    "rmse": 0.4732636255376121,
    "r2": 0.06636518727656748,
    "n_samples": 300
}