{
    "disease": "TX_hiv_aids_00_23",
    "cod_mun": 3507902,
    "mae": 0.331953273465236,
    "rmse": 0.3492552366723228,
    "r2": 0.0,
    "n_train": 251,
    "n_test": 12
}